STFIPS,AreaName,OccupationCode,OccupationName,BaseYear,Base,ProjYear,Proj,Change,PercentChange,AvgAnnualOpenings
1,Alabama,13-2011,Accountants and Auditors,2012,15970,2022,17670,1700,10.7,640
1,Alabama,15-2011,Actuaries,2012,40,2022,50,10,20.5,0
1,Alabama,51-9191,Adhesive Bonding Machine Operators and Tenders,2012,190,2022,190,0,4.9,10
1,Alabama,23-1021,Administrative Law Judges  Adjudicators  and Hearing Officers,2012,140,2022,130,-10,-4.4,0
1,Alabama,11-Nov,Administrative Services Managers,2012,880,2022,970,90,9.8,20
1,Alabama,25-3011,Adult Basic and Secondary Education and Literacy Teachers and Instructors,2012,810,2022,870,60,7.6,20
1,Alabama,11-Nov,Advertising and Promotions Managers,2012,130,2022,140,10,6.8,10
1,Alabama,41-3011,Advertising Sales Agents,2012,1570,2022,1490,-80,-5,50
1,Alabama,17-3021,Aerospace Engineering and Operations Technicians,2012,230,2022,270,40,17.6,10
1,Alabama,17-2011,Aerospace Engineers,2012,3250,2022,3700,450,13.6,120
1,Alabama,13-1011,Agents and Business Managers of Artists  Performers  and Athletes,2012,110,2022,130,20,19.8,0
1,Alabama,19-4011,Agricultural and Food Science Technicians,2012,180,2022,180,0,1.1,10
1,Alabama,17-2021,Agricultural Engineers,2012,20,2022,10,-10,-6.7,0
1,Alabama,45-2091,Agricultural Equipment Operators,2012,2040,2022,2190,150,7.4,80
1,Alabama,25-1041,Agricultural Sciences Teachers  Postsecondary,2012,190,2022,210,20,6.2,0
1,Alabama,45-2099,Agricultural Workers  All Other,2012,740,2022,780,40,5,30
1,Alabama,53-2021,Air Traffic Controllers,2012,220,2022,220,0,0.5,10
1,Alabama,53-1011,Aircraft Cargo Handling Supervisors,2012,50,2022,40,-10,-4.4,0
1,Alabama,51-2011,Aircraft Structure  Surfaces  Rigging  and Systems Assemblers,2012,1960,2022,2460,500,25.6,80
1,Alabama,53-2022,Airfield Operations Specialists,2012,70,2022,70,0,0,0
1,Alabama,53-2011,Airline Pilots  Copilots  and Flight Engineers,2012,420,2022,390,-30,-6.2,10
1,Alabama,53-3011,Ambulance Drivers and Attendants  Except Emergency Medical Technicians,2012,340,2022,450,110,31.2,20
1,Alabama,39-3091,Amusement and Recreation Attendants,2012,2350,2022,2610,260,11.3,140
1,Alabama,29-1061,Anesthesiologists,2012,680,2022,840,160,23.1,30
1,Alabama,45-2021,Animal Breeders,2012,10,2022,0,-10,-20,0
1,Alabama,19-1011,Animal Scientists,2012,10,2022,10,0,0,0
1,Alabama,39-2011,Animal Trainers,2012,260,2022,310,50,17.6,20
1,Alabama,19-3091,Anthropologists and Archeologists,2012,40,2022,40,0,7.9,0
1,Alabama,13-2021,Appraisers and Assessors of Real Estate,2012,1050,2022,1090,40,4.1,10
1,Alabama,23-1022,Arbitrators  Mediators  and Conciliators,2012,70,2022,70,0,4.5,0
1,Alabama,17-1011,Architects  Except Landscape and Naval,2012,1200,2022,1400,200,16.1,50
1,Alabama,17-3011,Architectural and Civil Drafters,2012,1240,2022,1230,-10,-0.7,20
1,Alabama,Nov-41,Architectural and Engineering Managers,2012,2770,2022,2980,210,7.7,90
1,Alabama,25-4011,Archivists,2012,60,2022,70,10,7.9,0
1,Alabama,27-1011,Art Directors,2012,370,2022,380,10,3.3,10
1,Alabama,25-1121,Art  Drama  and Music Teachers  Postsecondary,2012,780,2022,880,100,13.9,20
1,Alabama,51-2099,Assemblers and Fabricators  All Other,2012,4740,2022,5630,890,18.8,160
1,Alabama,29-9091,Athletic Trainers,2012,260,2022,330,70,26.6,10
1,Alabama,19-2021,Atmospheric and Space Scientists,2012,120,2022,130,10,8.5,0
1,Alabama,25-1051,Atmospheric  Earth  Marine  and Space Sciences Teachers  Postsecondary,2012,70,2022,80,10,10.3,0
1,Alabama,27-4011,Audio and Video Equipment Technicians,2012,350,2022,390,40,11.4,10
1,Alabama,29-1181,Audiologists,2012,140,2022,180,40,33.3,10
1,Alabama,25-9011,Audio-Visual and Multimedia Collections Specialists,2012,50,2022,50,0,4.4,0
1,Alabama,53-6031,Automotive and Watercraft Service Attendants,2012,1710,2022,2120,410,24.1,90
1,Alabama,49-3021,Automotive Body and Related Repairers,2012,2430,2022,2750,320,13.3,80
1,Alabama,49-3022,Automotive Glass Installers and Repairers,2012,300,2022,340,40,14.6,10
1,Alabama,49-3023,Automotive Service Technicians and Mechanics,2012,8940,2022,9700,760,8.5,300
1,Alabama,39-6011,Baggage Porters and Bellhops,2012,180,2022,200,20,10.6,10
1,Alabama,33-3011,Bailiffs,2012,140,2022,140,0,3.6,0
1,Alabama,51-3011,Bakers,2012,1890,2022,1970,80,4.4,50
1,Alabama,39-5011,Barbers,2012,230,2022,260,30,11.2,10
1,Alabama,35-3011,Bartenders,2012,3190,2022,3550,360,11.2,150
1,Alabama,43-3011,Bill and Account Collectors,2012,6200,2022,6860,660,10.6,240
1,Alabama,43-3021,Billing and Posting Clerks,2012,6810,2022,8080,1270,18.7,250
1,Alabama,25-1042,Biological Science Teachers  Postsecondary,2012,1730,2022,2460,730,41.9,100
1,Alabama,47-2011,Boilermakers,2012,320,2022,330,10,3.4,20
1,Alabama,43-3031,Bookkeeping  Accounting  and Auditing Clerks,2012,24120,2022,26830,2710,11.3,490
1,Alabama,47-2021,Brickmasons and Blockmasons,2012,770,2022,1050,280,36.3,40
1,Alabama,53-6011,Bridge and Lock Tenders,2012,80,2022,80,0,-8.3,0
1,Alabama,27-3021,Broadcast News Analysts,2012,190,2022,180,-10,-3.2,10
1,Alabama,27-4012,Broadcast Technicians,2012,380,2022,390,10,2.6,10
1,Alabama,43-4011,Brokerage Clerks,2012,460,2022,480,20,3.7,10
1,Alabama,13-2031,Budget Analysts,2012,1160,2022,1230,70,5.4,50
1,Alabama,49-3031,Bus and Truck Mechanics and Diesel Engine Specialists,2012,4790,2022,5170,380,8,140
1,Alabama,53-3022,Bus Drivers  School or Special Client,2012,7190,2022,7510,320,4.4,160
1,Alabama,53-3021,Bus Drivers  Transit and Intercity,2012,1470,2022,1680,210,14.2,50
1,Alabama,13-1199,Business Operations Specialists  All Other,2012,6320,2022,5990,-330,-5.3,90
1,Alabama,25-1011,Business Teachers  Postsecondary,2012,1240,2022,1410,170,14.2,40
1,Alabama,51-3021,Butchers and Meat Cutters,2012,1540,2022,1580,40,2.6,40
1,Alabama,13-1021,Buyers and Purchasing Agents  Farm Products,2012,300,2022,320,20,7,10
1,Alabama,51-7011,Cabinetmakers and Bench Carpenters,2012,2280,2022,2330,50,2.5,20
1,Alabama,49-9061,Camera and Photographic Equipment Repairers,2012,140,2022,160,20,19.9,10
1,Alabama,27-4031,Camera Operators  Television  Video  and Motion Picture,2012,240,2022,260,20,8,0
1,Alabama,53-5021,Captains  Mates  and Pilots of Water Vessels,2012,510,2022,590,80,14.4,30
1,Alabama,29-2031,Cardiovascular Technologists and Technicians,2012,840,2022,1100,260,30.6,40
1,Alabama,25-2023,Career/Technical Education Teachers  Middle School,2012,340,2022,350,10,4.8,10
1,Alabama,25-2032,Career/Technical Education Teachers  Secondary School,2012,1170,2022,1220,50,4.4,40
1,Alabama,43-5011,Cargo and Freight Agents,2012,640,2022,760,120,20.3,30
1,Alabama,47-2031,Carpenters,2012,11160,2022,13680,2520,22.6,390
1,Alabama,47-2041,Carpet Installers,2012,210,2022,230,20,8.7,10
1,Alabama,41-2011,Cashiers,2012,67320,2022,69050,1730,2.6,3080
1,Alabama,47-2051,Cement Masons and Concrete Finishers,2012,1740,2022,2200,460,26.7,70
1,Alabama,35-1011,Chefs and Head Cooks,2012,580,2022,610,30,5.4,10
1,Alabama,17-2041,Chemical Engineers,2012,530,2022,590,60,11.1,20
1,Alabama,51-9011,Chemical Equipment Operators and Tenders,2012,1570,2022,1500,-70,-4.8,60
1,Alabama,51-8091,Chemical Plant and System Operators,2012,1300,2022,1210,-90,-6.9,50
1,Alabama,19-4031,Chemical Technicians,2012,970,2022,1070,100,10,30
1,Alabama,25-1052,Chemistry Teachers  Postsecondary,2012,260,2022,290,30,13.1,10
1,Alabama,19-2031,Chemists,2012,750,2022,800,50,7.8,30
1,Alabama,11-1011,Chief Executives,2012,1740,2022,1790,50,3.2,40
1,Alabama,21-1021,Child  Family  and School Social Workers,2012,4050,2022,4510,460,11.5,130
1,Alabama,39-9011,Childcare Workers,2012,16510,2022,19290,2780,16.8,760
1,Alabama,29-1011,Chiropractors,2012,550,2022,610,60,10.8,20
1,Alabama,27-2032,Choreographers,2012,180,2022,230,50,27.9,10
1,Alabama,17-3022,Civil Engineering Technicians,2012,600,2022,610,10,1.8,10
1,Alabama,17-2051,Civil Engineers,2012,3850,2022,4390,540,14.3,150
1,Alabama,13-1031,Claims Adjusters  Examiners  and Investigators,2012,3380,2022,3470,90,2.8,90
1,Alabama,53-7061,Cleaners of Vehicles and Equipment,2012,4880,2022,5080,200,4.1,160
1,Alabama,51-9192,Cleaning  Washing  and Metal Pickling Equipment Operators and Tenders,2012,200,2022,190,-10,-7.9,10
1,Alabama,21-2011,Clergy,2012,11410,2022,13040,1630,14.4,400
1,Alabama,19-3031,Clinical  Counseling  and School Psychologists,2012,1020,2022,1170,150,14.7,40
1,Alabama,27-2022,Coaches and Scouts,2012,3050,2022,3530,480,15.8,140
1,Alabama,51-9121,Coating  Painting  and Spraying Machine Setters  Operators  and Tenders,2012,1950,2022,2090,140,7.4,50
1,Alabama,51-2021,Coil Winders  Tapers  and Finishers,2012,80,2022,80,0,1.3,0
1,Alabama,49-9091,Coin  Vending  and Amusement Machine Servicers and Repairers,2012,550,2022,570,20,2.2,10
1,Alabama,35-3021,Combined Food Preparation and Serving Workers  Including Fast Food,2012,40870,2022,46690,5820,14.2,2140
1,Alabama,27-1021,Commercial and Industrial Designers,2012,90,2022,110,20,11.7,0
1,Alabama,53-2012,Commercial Pilots,2012,1180,2022,1390,210,17,50
1,Alabama,43-2099,Communications Equipment Operators  All Other,2012,30,2022,30,0,6.3,0
1,Alabama,25-1122,Communications Teachers  Postsecondary,2012,330,2022,370,40,12,10
1,Alabama,21-1099,Community and Social Service Specialists  All Other,2012,130,2022,150,20,23.2,10
1,Alabama,21-1094,Community Health Workers,2012,460,2022,560,100,22.6,20
1,Alabama,11-Nov,Compensation and Benefits Managers,2012,110,2022,110,0,1.8,0
1,Alabama,13-1141,Compensation  Benefits  and Job Analysis Specialists,2012,480,2022,490,10,3.6,10
1,Alabama,13-1041,Compliance Officers,2012,1650,2022,1690,40,2.1,30
1,Alabama,15-1111,Computer and Information Research Scientists,2012,320,2022,360,40,12.9,10
1,Alabama,21-Nov,Computer and Information Systems Managers,2012,2900,2022,3460,560,19.3,100
1,Alabama,17-2061,Computer Hardware Engineers,2012,1290,2022,1410,120,9.2,40
1,Alabama,15-1143,Computer Network Architects,2012,760,2022,860,100,14.2,20
1,Alabama,15-1152,Computer Network Support Specialists,2012,1530,2022,1770,240,15.8,50
1,Alabama,51-4012,Computer Numerically Controlled Machine Tool Programmers  Metal and Plastic,2012,290,2022,410,120,42.3,20
1,Alabama,15-1199,Computer Occupations  All Other,2012,1790,2022,1690,-100,-6,30
1,Alabama,43-9011,Computer Operators,2012,1060,2022,890,-170,-15.7,10
1,Alabama,15-1131,Computer Programmers,2012,5160,2022,5660,500,9.7,190
1,Alabama,25-1021,Computer Science Teachers  Postsecondary,2012,540,2022,610,70,12,10
1,Alabama,15-1121,Computer Systems Analysts,2012,5840,2022,7380,1540,26.4,250
1,Alabama,15-1151,Computer User Support Specialists,2012,7390,2022,9300,1910,25.8,310
1,Alabama,49-2011,Computer  Automated Teller  and Office Machine Repairers,2012,2130,2022,2200,70,3,50
1,Alabama,51-4011,Computer-Controlled Machine Tool Operators  Metal and Plastic,2012,2060,2022,2720,660,31.9,120
1,Alabama,39-6012,Concierges,2012,90,2022,110,20,20.5,0
1,Alabama,19-1031,Conservation Scientists,2012,110,2022,100,-10,-6.4,0
1,Alabama,47-4011,Construction and Building Inspectors,2012,1390,2022,1540,150,10.8,50
1,Alabama,47-4099,Construction and Related Workers  All Other,2012,390,2022,460,70,16.5,10
1,Alabama,47-2061,Construction Laborers,2012,12060,2022,14710,2650,22,520
1,Alabama,21-Nov,Construction Managers,2012,4720,2022,5450,730,15.6,150
1,Alabama,49-9012,Control and Valve Installers and Repairers  Except Mechanical Door,2012,1270,2022,1320,50,3.8,50
1,Alabama,53-7011,Conveyor Operators and Tenders,2012,540,2022,580,40,7.8,20
1,Alabama,35-2019,Cooks  All Other,2012,230,2022,250,20,10.7,10
1,Alabama,35-2011,Cooks  Fast Food,2012,8400,2022,8290,-110,-1.4,170
1,Alabama,35-2012,Cooks  Institution and Cafeteria,2012,8340,2022,9130,790,9.6,240
1,Alabama,35-2013,Cooks  Private Household,2012,20,2022,20,0,0,0
1,Alabama,35-2014,Cooks  Restaurant,2012,13950,2022,15980,2030,14.5,480
1,Alabama,35-2015,Cooks  Short Order,2012,1050,2022,1040,-10,-1.3,20
1,Alabama,51-9193,Cooling and Freezing Equipment Operators and Tenders,2012,60,2022,50,-10,-10,0
1,Alabama,33-3012,Correctional Officers and Jailers,2012,6010,2022,6230,220,3.7,180
1,Alabama,43-4021,Correspondence Clerks,2012,70,2022,70,0,0,0
1,Alabama,13-1051,Cost Estimators,2012,2590,2022,3220,630,24.5,150
1,Alabama,21-1019,Counselors  All Other,2012,60,2022,70,10,28.6,0
1,Alabama,41-2021,Counter and Rental Clerks,2012,8620,2022,9460,840,9.7,300
1,Alabama,35-3022,Counter Attendants  Cafeteria  Food Concession  and Coffee Shop,2012,3490,2022,3530,40,1.1,220
1,Alabama,43-5021,Couriers and Messengers,2012,1660,2022,1530,-130,-7.8,20
1,Alabama,23-2091,Court Reporters,2012,450,2022,480,30,7,10
1,Alabama,43-4031,Court  Municipal  and License Clerks,2012,3260,2022,3610,350,10.8,90
1,Alabama,27-1012,Craft Artists,2012,310,2022,330,20,4.5,10
1,Alabama,53-7021,Crane and Tower Operators,2012,950,2022,1060,110,11.5,40
1,Alabama,13-2041,Credit Analysts,2012,750,2022,830,80,11,30
1,Alabama,43-4041,Credit Authorizers  Checkers  and Clerks,2012,420,2022,420,0,-0.5,10
1,Alabama,13-2071,Credit Counselors,2012,230,2022,270,40,16.7,10
1,Alabama,25-1111,Criminal Justice and Law Enforcement Teachers  Postsecondary,2012,180,2022,210,30,15.2,10
1,Alabama,33-9091,Crossing Guards,2012,630,2022,610,-20,-2.7,10
1,Alabama,51-9021,Crushing  Grinding  and Polishing Machine Setters  Operators  and Tenders,2012,950,2022,940,-10,-1.5,30
1,Alabama,25-4012,Curators,2012,100,2022,110,10,10,0
1,Alabama,43-4051,Customer Service Representatives,2012,30640,2022,34660,4020,13.1,1240
1,Alabama,51-9031,Cutters and Trimmers  Hand,2012,220,2022,180,-40,-17.5,0
1,Alabama,51-9032,Cutting and Slicing Machine Setters  Operators  and Tenders,2012,900,2022,850,-50,-6.1,20
1,Alabama,51-4031,Cutting  Punching  and Press Machine Setters  Operators  and Tenders  Metal and Plastic,2012,5330,2022,5420,90,1.6,50
1,Alabama,27-2031,Dancers,2012,50,2022,50,0,4.4,0
1,Alabama,43-9021,Data Entry Keyers,2012,2210,2022,1710,-500,-22.5,30
1,Alabama,15-1141,Database Administrators,2012,1850,2022,2140,290,15.4,60
1,Alabama,41-9011,Demonstrators and Product Promoters,2012,490,2022,600,110,20.6,20
1,Alabama,31-9091,Dental Assistants,2012,3060,2022,3720,660,21.5,130
1,Alabama,29-2021,Dental Hygienists,2012,3050,2022,3970,920,30.2,170
1,Alabama,51-9081,Dental Laboratory Technicians,2012,740,2022,760,20,3.1,30
1,Alabama,29-1029,Dentists  All Other Specialists,2012,60,2022,70,10,7.8,0
1,Alabama,29-1021,Dentists  General,2012,1100,2022,1250,150,14.3,40
1,Alabama,47-5011,Derrick Operators  Oil and Gas,2012,150,2022,180,30,21.5,10
1,Alabama,43-9031,Desktop Publishers,2012,160,2022,150,-10,-1.9,0
1,Alabama,33-3021,Detectives and Criminal Investigators,2012,1240,2022,1280,40,3.8,30
1,Alabama,29-2032,Diagnostic Medical Sonographers,2012,1130,2022,1630,500,44.5,70
1,Alabama,29-2051,Dietetic Technicians,2012,160,2022,180,20,9.1,0
1,Alabama,29-1031,Dietitians and Nutritionists,2012,790,2022,940,150,19.3,20
1,Alabama,35-9011,Dining Room and Cafeteria Attendants and Bartender Helpers,2012,1590,2022,1720,130,8.5,80
1,Alabama,21-2021,Directors  Religious Activities and Education,2012,6840,2022,7760,920,13.4,330
1,Alabama,35-9021,Dishwashers,2012,5300,2022,5570,270,5.2,260
1,Alabama,43-5032,Dispatchers  Except Police  Fire  and Ambulance,2012,2170,2022,2420,250,11.6,90
1,Alabama,41-9091,Door-to-Door Sales Workers  News and Street Vendors  and Related Workers,2012,30,2022,20,-10,-17.2,0
1,Alabama,17-3019,Drafters  All Other,2012,300,2022,360,60,20.3,10
1,Alabama,51-4032,Drilling and Boring Machine Tool Setters  Operators  and Tenders  Metal and Plastic,2012,420,2022,380,-40,-11.1,10
1,Alabama,53-3031,Driver/Sales Workers,2012,7940,2022,8660,720,9.1,200
1,Alabama,47-2081,Drywall and Ceiling Tile Installers,2012,730,2022,820,90,12.7,20
1,Alabama,47-5021,Earth Drillers  Except Oil and Gas,2012,260,2022,270,10,1.5,10
1,Alabama,25-1063,Economics Teachers  Postsecondary,2012,150,2022,170,20,11.7,0
1,Alabama,19-3011,Economists,2012,60,2022,60,0,8.9,0
1,Alabama,27-3041,Editors,2012,800,2022,730,-70,-8.3,20
1,Alabama,Nov-39,Education Administrators  All Other,2012,560,2022,570,10,2,20
1,Alabama,Nov-32,Education Administrators  Elementary and Secondary School,2012,3070,2022,3210,140,4.8,100
1,Alabama,Nov-33,Education Administrators  Postsecondary,2012,2100,2022,2380,280,13.4,80
1,Alabama,Nov-31,Education Administrators  Preschool and Childcare Center/Program,2012,320,2022,370,50,14.2,10
1,Alabama,25-1081,Education Teachers  Postsecondary,2012,960,2022,1090,130,13.4,30
1,Alabama,25-9099,Education  Training  and Library Workers  All Other,2012,330,2022,330,0,0,0
1,Alabama,21-1012,Educational  Guidance  School  and Vocational Counselors,2012,2990,2022,3310,320,10.9,100
1,Alabama,49-2092,Electric Motor  Power Tool  and Related Repairers,2012,540,2022,530,-10,-1.3,10
1,Alabama,51-2022,Electrical and Electronic Equipment Assemblers,2012,2830,2022,3080,250,8.6,60
1,Alabama,17-3012,Electrical and Electronics Drafters,2012,480,2022,520,40,7.9,10
1,Alabama,17-3023,Electrical and Electronics Engineering Technicians,2012,1990,2022,2150,160,7.9,60
1,Alabama,49-2093,Electrical and Electronics Installers and Repairers  Transportation Equipment,2012,150,2022,160,10,5.9,0
1,Alabama,49-2094,Electrical and Electronics Repairers  Commercial and Industrial Equipment,2012,1920,2022,1940,20,1.4,40
1,Alabama,49-2095,Electrical and Electronics Repairers  Powerhouse  Substation  and Relay,2012,1160,2022,1200,40,3.9,30
1,Alabama,17-2071,Electrical Engineers,2012,4130,2022,4590,460,11.2,140
1,Alabama,49-9051,Electrical Power-Line Installers and Repairers,2012,3370,2022,3810,440,13,160
1,Alabama,47-2111,Electricians,2012,10070,2022,11830,1760,17.5,370
1,Alabama,51-2023,Electromechanical Equipment Assemblers,2012,350,2022,410,60,16.7,10
1,Alabama,17-3024,Electro-Mechanical Technicians,2012,60,2022,60,0,5.4,0
1,Alabama,49-2097,Electronic Home Entertainment Equipment Installers and Repairers,2012,910,2022,880,-30,-3.1,30
1,Alabama,17-2072,Electronics Engineers  Except Computer,2012,1890,2022,1980,90,4.8,50
1,Alabama,25-2021,Elementary School Teachers  Except Special Education,2012,18240,2022,20360,2120,11.6,610
1,Alabama,43-4061,Eligibility Interviewers  Government Programs,2012,3120,2022,3520,400,12.7,100
1,Alabama,39-4011,Embalmers,2012,180,2022,160,-20,-9.1,0
1,Alabama,29-2041,Emergency Medical Technicians and Paramedics,2012,3300,2022,4220,920,28,180
1,Alabama,51-2031,Engine and Other Machine Assemblers,2012,2150,2022,3430,1280,59.7,160
1,Alabama,25-1032,Engineering Teachers  Postsecondary,2012,560,2022,620,60,10.4,10
1,Alabama,17-3029,Engineering Technicians  Except Drafters  All Other,2012,720,2022,720,0,-1,20
1,Alabama,17-2199,Engineers  All Other,2012,4590,2022,4480,-110,-2.3,80
1,Alabama,25-1123,English Language and Literature Teachers  Postsecondary,2012,1060,2022,1170,110,10.9,30
1,Alabama,27-2099,Entertainers and Performers  Sports and Related Workers  All Other,2012,40,2022,40,0,11.1,0
1,Alabama,17-3025,Environmental Engineering Technicians,2012,730,2022,860,130,17.9,30
1,Alabama,17-2081,Environmental Engineers,2012,910,2022,1020,110,12.2,30
1,Alabama,19-4091,Environmental Science and Protection Technicians  Including Health,2012,600,2022,690,90,16.4,30
1,Alabama,25-1053,Environmental Science Teachers  Postsecondary,2012,30,2022,30,0,11.5,0
1,Alabama,19-2041,Environmental Scientists and Specialists  Including Health,2012,1170,2022,1280,110,9.4,50
1,Alabama,19-1041,Epidemiologists,2012,40,2022,50,10,2.3,0
1,Alabama,51-9194,Etchers and Engravers,2012,60,2022,70,10,11.7,0
1,Alabama,53-7032,Excavating and Loading Machine and Dragline Operators,2012,1090,2022,1120,30,3.1,10
1,Alabama,43-6011,Executive Secretaries and Executive Administrative Assistants,2012,4310,2022,4250,-60,-1.4,50
1,Alabama,29-1128,Exercise Physiologists,2012,70,2022,70,0,1.5,0
1,Alabama,47-5031,Explosives Workers  Ordnance Handling Experts  and Blasters,2012,200,2022,230,30,11.8,10
1,Alabama,51-4021,Extruding and Drawing Machine Setters  Operators  and Tenders  Metal and Plastic,2012,2260,2022,2210,-50,-2.3,40
1,Alabama,51-6091,Extruding and Forming Machine Setters  Operators  and Tenders  Synthetic and Glass Fibers,2012,730,2022,600,-130,-17.4,10
1,Alabama,51-9041,Extruding  Forming  Pressing  and Compacting Machine Setters  Operators  and Tenders,2012,2560,2022,2520,-40,-1.3,70
1,Alabama,51-6092,Fabric and Apparel Patternmakers,2012,30,2022,20,-10,-45.5,0
1,Alabama,29-1062,Family and General Practitioners,2012,650,2022,710,60,10.2,20
1,Alabama,25-9021,Farm and Home Management Advisors,2012,800,2022,870,70,8.1,10
1,Alabama,49-3041,Farm Equipment Mechanics and Service Technicians,2012,550,2022,590,40,8.6,20
1,Alabama,13-Nov,Farmers  Ranchers  and Other Agricultural Managers,2012,31200,2022,25430,-5770,-18.5,500
1,Alabama,45-2092,Farmworkers and Laborers  Crop  Nursery  and Greenhouse,2012,23090,2022,22500,-590,-2.6,700
1,Alabama,45-2093,Farmworkers  Farm  Ranch  and Aquacultural Animals,2012,2740,2022,2840,100,3.9,90
1,Alabama,27-1022,Fashion Designers,2012,60,2022,50,-10,-20.6,0
1,Alabama,47-4031,Fence Erectors,2012,530,2022,700,170,31.9,30
1,Alabama,51-2091,Fiberglass Laminators and Fabricators,2012,640,2022,730,90,14.5,20
1,Alabama,43-4071,File Clerks,2012,1520,2022,1500,-20,-1.6,40
1,Alabama,27-4032,Film and Video Editors,2012,210,2022,220,10,4.7,0
1,Alabama,13-2051,Financial Analysts,2012,760,2022,860,100,13.7,30
1,Alabama,13-2061,Financial Examiners,2012,250,2022,260,10,2.8,10
1,Alabama,Nov-31,Financial Managers,2012,4570,2022,4940,370,8,120
1,Alabama,13-2099,Financial Specialists  All Other,2012,670,2022,630,-40,-5,10
1,Alabama,27-1013,Fine Artists  Including Painters  Sculptors  and Illustrators,2012,140,2022,140,0,2.2,0
1,Alabama,33-2021,Fire Inspectors and Investigators,2012,140,2022,150,10,7.4,10
1,Alabama,33-2011,Firefighters,2012,4910,2022,5220,310,6.4,170
1,Alabama,47-1011,First-Line Supervisors of Construction Trades and Extraction Workers,2012,10790,2022,13180,2390,22.1,350
1,Alabama,33-1011,First-Line Supervisors of Correctional Officers,2012,470,2022,480,10,3,20
1,Alabama,45-1011,First-Line Supervisors of Farming  Fishing  and Forestry Workers,2012,1460,2022,1430,-30,-1.8,30
1,Alabama,33-1021,First-Line Supervisors of Fire Fighting and Prevention Workers,2012,1120,2022,1190,70,6.4,60
1,Alabama,35-1012,First-Line Supervisors of Food Preparation and Serving Workers,2012,15750,2022,17680,1930,12.3,640
1,Alabama,53-1021,First-Line Supervisors of Helpers  Laborers  and Material Movers  Hand,2012,2790,2022,3090,300,10.8,110
1,Alabama,37-1011,First-Line Supervisors of Housekeeping and Janitorial Workers,2012,2900,2022,3290,390,13.7,110
1,Alabama,37-1012,First-Line Supervisors of Landscaping  Lawn Service  and Groundskeeping Workers,2012,3610,2022,4070,460,12.9,90
1,Alabama,49-1011,First-Line Supervisors of Mechanics  Installers  and Repairers,2012,7500,2022,8130,630,8.4,270
1,Alabama,41-1012,First-Line Supervisors of Non-Retail Sales Workers,2012,4990,2022,4950,-40,-0.7,60
1,Alabama,43-1011,First-Line Supervisors of Office and Administrative Support Workers,2012,19350,2022,21650,2300,11.9,690
1,Alabama,39-1021,First-Line Supervisors of Personal Service Workers,2012,4370,2022,4870,500,11.5,130
1,Alabama,33-1012,First-Line Supervisors of Police and Detectives,2012,1100,2022,1170,70,5.9,40
1,Alabama,51-1011,First-Line Supervisors of Production and Operating Workers,2012,13210,2022,13790,580,4.4,240
1,Alabama,33-1099,First-Line Supervisors of Protective Service Workers  All Other,2012,560,2022,600,40,7.7,20
1,Alabama,41-1011,First-Line Supervisors of Retail Sales Workers,2012,34240,2022,35920,1680,4.9,910
1,Alabama,53-1031,First-Line Supervisors of Transportation and Material-Moving Machine and Vehicle Operators,2012,3440,2022,3750,310,9.2,130
1,Alabama,33-3031,Fish and Game Wardens,2012,230,2022,240,10,1.3,10
1,Alabama,39-9031,Fitness Trainers and Aerobics Instructors,2012,2870,2022,3230,360,12.3,70
1,Alabama,47-2042,Floor Layers  Except Carpet  Wood  and Hard Tiles,2012,230,2022,260,30,12.6,10
1,Alabama,47-2043,Floor Sanders and Finishers,2012,30,2022,30,0,10.3,0
1,Alabama,27-1023,Floral Designers,2012,1160,2022,1050,-110,-9.7,30
1,Alabama,51-3091,Food and Tobacco Roasting  Baking  and Drying Machine Operators and Tenders,2012,260,2022,250,-10,-3.1,10
1,Alabama,51-3092,Food Batchmakers,2012,1010,2022,1000,-10,-1.8,30
1,Alabama,51-3093,Food Cooking Machine Operators and Tenders,2012,1450,2022,1310,-140,-9.3,40
1,Alabama,35-9099,Food Preparation and Serving Related Workers  All Other,2012,160,2022,170,10,7,10
1,Alabama,35-2021,Food Preparation Workers,2012,11620,2022,11670,50,0.4,340
1,Alabama,51-3099,Food Processing Workers  All Other,2012,600,2022,640,40,6.2,20
1,Alabama,19-1012,Food Scientists and Technologists,2012,170,2022,170,0,4.2,10
1,Alabama,35-3041,Food Servers  Nonrestaurant,2012,2130,2022,2520,390,18.4,100
1,Alabama,Nov-51,Food Service Managers,2012,3430,2022,3460,30,0.9,60
1,Alabama,25-1124,Foreign Language and Literature Teachers  Postsecondary,2012,240,2022,270,30,13.1,10
1,Alabama,19-4092,Forensic Science Technicians,2012,80,2022,80,0,5,0
1,Alabama,19-4093,Forest and Conservation Technicians,2012,240,2022,240,0,-0.4,10
1,Alabama,33-2022,Forest Fire Inspectors and Prevention Specialists,2012,60,2022,60,0,1.7,0
1,Alabama,19-1032,Foresters,2012,220,2022,230,10,8.3,10
1,Alabama,51-4022,Forging Machine Setters  Operators  and Tenders  Metal and Plastic,2012,230,2022,250,20,6.8,10
1,Alabama,51-4071,Foundry Mold and Coremakers,2012,360,2022,350,-10,-1.7,0
1,Alabama,13-1131,Fundraisers,2012,440,2022,520,80,17,20
1,Alabama,39-4021,Funeral Attendants,2012,950,2022,1040,90,8.7,30
1,Alabama,Nov-61,Funeral Service Managers,2012,430,2022,520,90,21,20
1,Alabama,51-9051,Furnace  Kiln  Oven  Drier  and Kettle Operators and Tenders,2012,890,2022,830,-60,-7.4,20
1,Alabama,51-7021,Furniture Finishers,2012,240,2022,250,10,5.4,10
1,Alabama,39-3012,Gaming and Sports Book Writers and Runners,2012,160,2022,170,10,5.7,0
1,Alabama,53-7071,Gas Compressor and Gas Pumping Station Operators,2012,120,2022,110,-10,-2.6,0
1,Alabama,11-1021,General and Operations Managers,2012,27430,2022,30960,3530,12.8,870
1,Alabama,25-1064,Geography Teachers  Postsecondary,2012,50,2022,60,10,9.6,0
1,Alabama,19-4041,Geological and Petroleum Technicians,2012,50,2022,60,10,28.3,0
1,Alabama,19-2042,Geoscientists  Except Hydrologists and Geographers,2012,310,2022,370,60,19.2,20
1,Alabama,47-2121,Glaziers,2012,570,2022,630,60,10.8,20
1,Alabama,45-2041,Graders and Sorters  Agricultural Products,2012,1810,2022,1690,-120,-6.5,30
1,Alabama,27-1024,Graphic Designers,2012,1960,2022,2080,120,6.1,60
1,Alabama,51-9022,Grinding and Polishing Workers  Hand,2012,690,2022,730,40,5.2,20
1,Alabama,51-4033,Grinding  Lapping  Polishing  and Buffing Machine Tool Setters  Operators  and Tenders  Metal and Plastic,2012,1110,2022,1100,-10,-0.7,30
1,Alabama,39-5012,Hairdressers  Hairstylists  and Cosmetologists,2012,6450,2022,7290,840,12.9,230
1,Alabama,47-4041,Hazardous Materials Removal Workers,2012,410,2022,460,50,11.8,10
1,Alabama,17-2111,Health and Safety Engineers  Except Mining Safety Engineers and Inspectors,2012,430,2022,450,20,6.1,20
1,Alabama,29-1199,Health Diagnosing and Treating Practitioners  All Other,2012,1480,2022,1590,110,7.5,40
1,Alabama,21-1091,Health Educators,2012,360,2022,450,90,25.3,20
1,Alabama,25-1071,Health Specialties Teachers  Postsecondary,2012,2460,2022,3310,850,34.5,120
1,Alabama,29-2099,Health Technologists and Technicians  All Other,2012,590,2022,780,190,33.8,30
1,Alabama,29-9099,Healthcare Practitioners and Technical Workers  All Other,2012,570,2022,700,130,23,30
1,Alabama,21-1022,Healthcare Social Workers,2012,2520,2022,3190,670,26.6,120
1,Alabama,31-9099,Healthcare Support Workers  All Other,2012,1390,2022,1650,260,18.6,50
1,Alabama,29-2092,Hearing Aid Specialists,2012,70,2022,80,10,17.1,0
1,Alabama,51-4191,Heat Treating Equipment Setters  Operators  and Tenders  Metal and Plastic,2012,360,2022,390,30,10.4,10
1,Alabama,49-9021,Heating  Air Conditioning  and Refrigeration Mechanics and Installers,2012,4910,2022,5870,960,19.4,220
1,Alabama,53-3032,Heavy and Tractor-Trailer Truck Drivers,2012,31860,2022,35690,3830,12,890
1,Alabama,47-3019,Helpers  Construction Trades  All Other,2012,180,2022,220,40,19,10
1,Alabama,47-3011,Helpers--Brickmasons  Blockmasons  Stonemasons  and Tile and Marble Setters,2012,340,2022,490,150,42,20
1,Alabama,47-3012,Helpers--Carpenters,2012,830,2022,1050,220,25.9,40
1,Alabama,47-3013,Helpers--Electricians,2012,1860,2022,2490,630,34.2,90
1,Alabama,47-5081,Helpers--Extraction Workers,2012,570,2022,590,20,2.3,20
1,Alabama,49-9098,Helpers--Installation  Maintenance  and Repair Workers,2012,3770,2022,4310,540,14.3,170
1,Alabama,47-3014,Helpers--Painters  Paperhangers  Plasterers  and Stucco Masons,2012,170,2022,190,20,10.5,10
1,Alabama,47-3015,Helpers--Pipelayers  Plumbers  Pipefitters  and Steamfitters,2012,1110,2022,1360,250,22.5,40
1,Alabama,51-9198,Helpers--Production Workers,2012,14630,2022,16340,1710,11.7,420
1,Alabama,47-3016,Helpers--Roofers,2012,250,2022,280,30,14.7,10
1,Alabama,47-4051,Highway Maintenance Workers,2012,3290,2022,3470,180,5.6,70
1,Alabama,19-3093,Historians,2012,60,2022,60,0,0,0
1,Alabama,25-1125,History Teachers  Postsecondary,2012,400,2022,440,40,11.3,10
1,Alabama,53-7041,Hoist and Winch Operators,2012,80,2022,90,10,11,0
1,Alabama,49-9031,Home Appliance Repairers,2012,340,2022,340,0,2.7,10
1,Alabama,25-1192,Home Economics Teachers  Postsecondary,2012,180,2022,190,10,9.7,10
1,Alabama,31-1011,Home Health Aides,2012,8340,2022,11710,3370,40.4,500
1,Alabama,35-9031,Hosts and Hostesses  Restaurant  Lounge  and Coffee Shop,2012,4740,2022,4970,230,4.9,380
1,Alabama,43-4081,Hotel  Motel  and Resort Desk Clerks,2012,3730,2022,4230,500,13.5,230
1,Alabama,43-4161,Human Resources Assistants  Except Payroll and Timekeeping,2012,1860,2022,1820,-40,-2.3,50
1,Alabama,21-Nov,Human Resources Managers,2012,1010,2022,1140,130,13.4,40
1,Alabama,13-1071,Human Resources Specialists,2012,4200,2022,4360,160,3.7,90
1,Alabama,19-2043,Hydrologists,2012,10,2022,10,0,-11.1,0
1,Alabama,17-3026,Industrial Engineering Technicians,2012,890,2022,970,80,8.7,30
1,Alabama,17-2112,Industrial Engineers,2012,3760,2022,4220,460,12.3,160
1,Alabama,49-9041,Industrial Machinery Mechanics,2012,9430,2022,11250,1820,19.3,450
1,Alabama,Nov-51,Industrial Production Managers,2012,2810,2022,2890,80,2.9,60
1,Alabama,53-7051,Industrial Truck and Tractor Operators,2012,9360,2022,9030,-330,-3.6,220
1,Alabama,43-4199,Information and Record Clerks  All Other,2012,1510,2022,1260,-250,-16.4,30
1,Alabama,15-1122,Information Security Analysts,2012,1030,2022,1360,330,31.8,50
1,Alabama,51-9061,Inspectors  Testers  Sorters  Samplers  and Weighers,2012,7310,2022,8250,940,12.9,260
1,Alabama,49-9099,Installation  Maintenance  and Repair Workers  All Other,2012,2460,2022,2560,100,4.3,50
1,Alabama,25-9031,Instructional Coordinators,2012,1110,2022,1190,80,7.7,20
1,Alabama,47-2131,Insulation Workers  Floor  Ceiling  and Wall,2012,470,2022,570,100,22.7,20
1,Alabama,47-2132,Insulation Workers  Mechanical,2012,550,2022,770,220,40.6,30
1,Alabama,13-1032,Insurance Appraisers  Auto Damage,2012,520,2022,560,40,7.7,20
1,Alabama,43-9041,Insurance Claims and Policy Processing Clerks,2012,2960,2022,3180,220,7.5,100
1,Alabama,41-3021,Insurance Sales Agents,2012,7150,2022,7780,630,8.8,230
1,Alabama,13-2053,Insurance Underwriters,2012,780,2022,730,-50,-5.9,20
1,Alabama,27-1025,Interior Designers,2012,480,2022,530,50,12.4,20
1,Alabama,29-1063,Internists  General,2012,390,2022,440,50,12.1,20
1,Alabama,27-3091,Interpreters and Translators,2012,360,2022,490,130,37.2,20
1,Alabama,43-4111,Interviewers  Except Eligibility and Loan,2012,3490,2022,3690,200,5.7,90
1,Alabama,37-2011,Janitors and Cleaners  Except Maids and Housekeeping Cleaners,2012,27930,2022,31490,3560,12.7,880
1,Alabama,51-9071,Jewelers and Precious Stone and Metal Workers,2012,270,2022,260,-10,-5.5,10
1,Alabama,23-1023,Judges  Magistrate Judges  and Magistrates,2012,720,2022,740,20,2.9,10
1,Alabama,23-1012,Judicial Law Clerks,2012,40,2022,40,0,2.6,0
1,Alabama,25-2012,Kindergarten Teachers  Except Special Education,2012,2810,2022,3130,320,11.7,110
1,Alabama,13-1075,Labor Relations Specialists,2012,1040,2022,1040,0,-0.4,20
1,Alabama,53-7062,Laborers and Freight  Stock  and Material Movers  Hand,2012,34790,2022,38910,4120,11.8,1490
1,Alabama,37-3011,Landscaping and Groundskeeping Workers,2012,16050,2022,17950,1900,11.9,590
1,Alabama,51-4034,Lathe and Turning Machine Tool Setters  Operators  and Tenders  Metal and Plastic,2012,320,2022,310,-10,-4.7,10
1,Alabama,51-6011,Laundry and Dry-Cleaning Workers,2012,3100,2022,3410,310,10,120
1,Alabama,25-1112,Law Teachers  Postsecondary,2012,360,2022,420,60,16.4,10
1,Alabama,23-1011,Lawyers,2012,7040,2022,7710,670,9.6,180
1,Alabama,43-6012,Legal Secretaries,2012,4390,2022,4210,-180,-3.9,50
1,Alabama,23-2099,Legal Support Workers  All Other,2012,220,2022,210,-10,-5,0
1,Alabama,11-1031,Legislators,2012,1080,2022,1150,70,7.2,30
1,Alabama,25-4021,Librarians,2012,1780,2022,1880,100,6,50
1,Alabama,43-4121,Library Assistants  Clerical,2012,1390,2022,1600,210,15.2,80
1,Alabama,25-1082,Library Science Teachers  Postsecondary,2012,170,2022,190,20,9.9,10
1,Alabama,25-4031,Library Technicians,2012,1020,2022,1100,80,7.9,60
1,Alabama,29-2061,Licensed Practical and Licensed Vocational Nurses,2012,14550,2022,17950,3400,23.4,700
1,Alabama,19-1099,Life Scientists  All Other,2012,130,2022,130,0,0,0
1,Alabama,19-4099,Life  Physical  and Social Science Technicians  All Other,2012,440,2022,470,30,6.2,20
1,Alabama,33-9092,Lifeguards  Ski Patrol  and Other Recreational Protective Service Workers,2012,1210,2022,1350,140,11.1,100
1,Alabama,53-3033,Light Truck or Delivery Services Drivers,2012,12790,2022,13320,530,4.1,260
1,Alabama,53-7033,Loading Machine Operators  Underground Mining,2012,150,2022,130,-20,-8.9,0
1,Alabama,43-4131,Loan Interviewers and Clerks,2012,3560,2022,3850,290,8.2,50
1,Alabama,13-2072,Loan Officers,2012,3330,2022,3550,220,6.6,80
1,Alabama,49-9094,Locksmiths and Safe Repairers,2012,260,2022,280,20,8,10
1,Alabama,53-4011,Locomotive Engineers,2012,670,2022,680,10,1.2,20
1,Alabama,Nov-81,Lodging Managers,2012,910,2022,920,10,1.3,30
1,Alabama,45-4023,Log Graders and Scalers,2012,60,2022,40,-20,-31.7,0
1,Alabama,45-4022,Logging Equipment Operators,2012,2490,2022,2520,30,1.3,40
1,Alabama,13-1081,Logisticians,2012,3880,2022,4690,810,21,130
1,Alabama,53-7063,Machine Feeders and Offbearers,2012,2570,2022,2660,90,3.5,60
1,Alabama,51-4041,Machinists,2012,6020,2022,7220,1200,19.9,260
1,Alabama,29-2035,Magnetic Resonance Imaging Technologists,2012,480,2022,600,120,24.5,20
1,Alabama,37-2012,Maids and Housekeeping Cleaners,2012,13740,2022,15590,1850,13.5,460
1,Alabama,43-9051,Mail Clerks and Mail Machine Operators  Except Postal Service,2012,750,2022,650,-100,-13.2,20
1,Alabama,49-9071,Maintenance and Repair Workers  General,2012,16720,2022,18320,1600,9.6,480
1,Alabama,49-9043,Maintenance Workers  Machinery,2012,800,2022,910,110,13.6,20
1,Alabama,13-1111,Management Analysts,2012,5780,2022,6900,1120,19.4,200
1,Alabama,Nov-99,Managers  All Other,2012,6280,2022,6630,350,5.5,170
1,Alabama,39-5092,Manicurists and Pedicurists,2012,580,2022,670,90,15.9,10
1,Alabama,49-9095,Manufactured Building and Mobile Home Installers,2012,80,2022,70,-10,-19,0
1,Alabama,17-2121,Marine Engineers and Naval Architects,2012,150,2022,170,20,11.5,10
1,Alabama,13-1161,Market Research Analysts and Marketing Specialists,2012,2350,2022,2970,620,26.6,90
1,Alabama,21-Nov,Marketing Managers,2012,690,2022,740,50,8.2,20
1,Alabama,21-1013,Marriage and Family Therapists,2012,320,2022,410,90,27.2,20
1,Alabama,31-9011,Massage Therapists,2012,650,2022,770,120,18.9,20
1,Alabama,53-7199,Material Moving Workers  All Other,2012,80,2022,80,0,3.8,0
1,Alabama,17-2131,Materials Engineers,2012,420,2022,430,10,2.1,10
1,Alabama,19-2032,Materials Scientists,2012,70,2022,70,0,10.6,0
1,Alabama,25-1022,Mathematical Science Teachers  Postsecondary,2012,750,2022,830,80,10,20
1,Alabama,51-3022,Meat  Poultry  and Fish Cutters and Trimmers,2012,13140,2022,11750,-1390,-10.6,320
1,Alabama,49-9011,Mechanical Door Repairers,2012,170,2022,220,50,28,10
1,Alabama,17-3013,Mechanical Drafters,2012,730,2022,760,30,3.4,10
1,Alabama,17-3027,Mechanical Engineering Technicians,2012,580,2022,680,100,15.8,20
1,Alabama,17-2141,Mechanical Engineers,2012,3250,2022,3630,380,11.5,150
1,Alabama,29-2012,Medical and Clinical Laboratory Technicians,2012,2210,2022,2820,610,27.7,120
1,Alabama,29-2011,Medical and Clinical Laboratory Technologists,2012,2450,2022,2750,300,12.6,100
1,Alabama,11-Nov,Medical and Health Services Managers,2012,2420,2022,2900,480,20,110
1,Alabama,51-9082,Medical Appliance Technicians,2012,70,2022,70,0,2.9,0
1,Alabama,31-9092,Medical Assistants,2012,6920,2022,8800,1880,27.1,320
1,Alabama,31-9093,Medical Equipment Preparers,2012,870,2022,1030,160,18.1,30
1,Alabama,49-9062,Medical Equipment Repairers,2012,660,2022,860,200,31.6,40
1,Alabama,29-2071,Medical Records and Health Information Technicians,2012,2750,2022,3330,580,21.2,130
1,Alabama,19-1042,Medical Scientists  Except Epidemiologists,2012,130,2022,140,10,11.8,10
1,Alabama,43-6013,Medical Secretaries,2012,4450,2022,6010,1560,35,210
1,Alabama,31-9094,Medical Transcriptionists,2012,1470,2022,1530,60,4.4,30
1,Alabama,13-1121,Meeting  Convention  and Event Planners,2012,470,2022,630,160,34.3,20
1,Alabama,21-1023,Mental Health and Substance Abuse Social Workers,2012,1150,2022,1380,230,19.4,50
1,Alabama,21-1014,Mental Health Counselors,2012,840,2022,1030,190,23.6,40
1,Alabama,27-1026,Merchandise Displayers and Window Trimmers,2012,4540,2022,5410,870,19.2,210
1,Alabama,51-4199,Metal Workers and Plastic Workers  All Other,2012,800,2022,880,80,9.3,20
1,Alabama,51-4051,Metal-Refining Furnace Operators and Tenders,2012,480,2022,500,20,4.2,10
1,Alabama,43-5041,Meter Readers  Utilities,2012,770,2022,660,-110,-14.1,20
1,Alabama,19-1022,Microbiologists,2012,190,2022,200,10,5.9,10
1,Alabama,25-2022,Middle School Teachers  Except Special and Career/Technical Education,2012,8790,2022,9840,1050,11.9,300
1,Alabama,51-4035,Milling and Planing Machine Setters  Operators  and Tenders  Metal and Plastic,2012,380,2022,380,0,0.8,10
1,Alabama,49-9044,Millwrights,2012,1420,2022,1610,190,12.9,40
1,Alabama,47-5042,Mine Cutting and Channeling Machine Operators,2012,150,2022,150,0,-2.6,0
1,Alabama,53-7111,Mine Shuttle Car Operators,2012,140,2022,110,-30,-21.3,0
1,Alabama,17-2151,Mining and Geological Engineers  Including Mining Safety Engineers,2012,240,2022,270,30,12.8,10
1,Alabama,47-5049,Mining Machine Operators  All Other,2012,170,2022,170,0,0.6,0
1,Alabama,51-9023,Mixing and Blending Machine Setters  Operators  and Tenders,2012,1870,2022,1880,10,0.4,50
1,Alabama,49-3042,Mobile Heavy Equipment Mechanics  Except Engines,2012,2850,2022,2990,140,5,100
1,Alabama,51-4061,Model Makers  Metal and Plastic,2012,60,2022,60,0,3.3,0
1,Alabama,51-9195,Molders  Shapers  and Casters  Except Metal and Plastic,2012,470,2022,510,40,8.9,20
1,Alabama,51-4072,Molding  Coremaking  and Casting Machine Setters  Operators  and Tenders  Metal and Plastic,2012,1700,2022,1640,-60,-3.4,20
1,Alabama,39-4031,Morticians  Undertakers  and Funeral Directors,2012,160,2022,190,30,19,10
1,Alabama,39-3021,Motion Picture Projectionists,2012,70,2022,50,-20,-18.2,0
1,Alabama,53-3099,Motor Vehicle Operators  All Other,2012,180,2022,180,0,-2.2,10
1,Alabama,49-3051,Motorboat Mechanics and Service Technicians,2012,320,2022,350,30,9.6,10
1,Alabama,49-3052,Motorcycle Mechanics,2012,200,2022,220,20,10.9,10
1,Alabama,27-1014,Multimedia Artists and Animators,2012,140,2022,130,-10,-2.2,0
1,Alabama,51-4081,Multiple Machine Tool Setters  Operators  and Tenders  Metal and Plastic,2012,2720,2022,2670,-50,-1.8,50
1,Alabama,25-4013,Museum Technicians and Conservators,2012,50,2022,50,0,1.9,0
1,Alabama,27-2041,Music Directors and Composers,2012,380,2022,380,0,0,10
1,Alabama,49-9063,Musical Instrument Repairers and Tuners,2012,100,2022,110,10,9.2,0
1,Alabama,27-2042,Musicians and Singers,2012,1780,2022,1820,40,2.3,50
1,Alabama,21-Nov,Natural Sciences Managers,2012,180,2022,190,10,1.1,0
1,Alabama,15-1142,Network and Computer Systems Administrators,2012,4920,2022,5520,600,12.2,140
1,Alabama,43-4141,New Accounts Clerks,2012,610,2022,580,-30,-6,20
1,Alabama,39-2021,Nonfarm Animal Caretakers,2012,2520,2022,2990,470,18.7,80
1,Alabama,29-2033,Nuclear Medicine Technologists,2012,420,2022,510,90,19.9,10
1,Alabama,19-4051,Nuclear Technicians,2012,70,2022,70,0,0,0
1,Alabama,29-1151,Nurse Anesthetists,2012,970,2022,1160,190,20.1,40
1,Alabama,29-1171,Nurse Practitioners,2012,1720,2022,2270,550,32.4,90
1,Alabama,31-1014,Nursing Assistants,2012,20790,2022,23950,3160,15.2,710
1,Alabama,25-1072,Nursing Instructors and Teachers  Postsecondary,2012,1370,2022,1820,450,33.1,70
1,Alabama,29-1064,Obstetricians and Gynecologists,2012,160,2022,180,20,11.8,10
1,Alabama,29-9011,Occupational Health and Safety Specialists,2012,930,2022,1000,70,7,30
1,Alabama,29-1122,Occupational Therapists,2012,1140,2022,1500,360,32.3,50
1,Alabama,31-2012,Occupational Therapy Aides,2012,20,2022,30,10,13.6,0
1,Alabama,31-2011,Occupational Therapy Assistants,2012,360,2022,530,170,49.6,30
1,Alabama,43-9199,Office and Administrative Support Workers  All Other,2012,1590,2022,1730,140,8.6,60
1,Alabama,43-9061,Office Clerks  General,2012,45940,2022,47690,1750,3.8,1140
1,Alabama,43-9071,Office Machine Operators  Except Computer,2012,1220,2022,1090,-130,-10.8,30
1,Alabama,47-2073,Operating Engineers and Other Construction Equipment Operators,2012,6160,2022,7120,960,15.7,230
1,Alabama,15-2031,Operations Research Analysts,2012,740,2022,910,170,23,30
1,Alabama,51-9083,Ophthalmic Laboratory Technicians,2012,220,2022,250,30,13.9,10
1,Alabama,29-2057,Ophthalmic Medical Technicians,2012,350,2022,430,80,23.1,10
1,Alabama,29-2081,Opticians  Dispensing,2012,590,2022,700,110,19,30
1,Alabama,29-1041,Optometrists,2012,380,2022,450,70,18.2,20
1,Alabama,43-4151,Order Clerks,2012,2200,2022,2160,-40,-1.8,60
1,Alabama,31-1015,Orderlies,2012,1580,2022,1830,250,16,60
1,Alabama,29-2091,Orthotists and Prosthetists,2012,180,2022,270,90,53.7,10
1,Alabama,49-3053,Outdoor Power Equipment and Other Small Engine Mechanics,2012,540,2022,570,30,5.8,10
1,Alabama,51-9111,Packaging and Filling Machine Operators and Tenders,2012,3330,2022,3390,60,1.7,80
1,Alabama,53-7064,Packers and Packagers  Hand,2012,9200,2022,9520,320,3.5,270
1,Alabama,47-2141,Painters  Construction and Maintenance,2012,3960,2022,4700,740,18.6,130
1,Alabama,51-9122,Painters  Transportation Equipment,2012,810,2022,930,120,14.1,30
1,Alabama,51-9123,Painting  Coating  and Decorating Workers,2012,520,2022,500,-20,-3.1,10
1,Alabama,51-9196,Paper Goods Machine Setters  Operators  and Tenders,2012,2340,2022,2060,-280,-11.8,20
1,Alabama,23-2011,Paralegals and Legal Assistants,2012,3000,2022,3420,420,13.9,90
1,Alabama,33-3041,Parking Enforcement Workers,2012,70,2022,80,10,5.6,0
1,Alabama,53-6021,Parking Lot Attendants,2012,450,2022,470,20,4.7,20
1,Alabama,51-4062,Patternmakers  Metal and Plastic,2012,160,2022,180,20,11.2,10
1,Alabama,47-2071,Paving  Surfacing  and Tamping Equipment Operators,2012,1300,2022,1510,210,16,40
1,Alabama,43-3051,Payroll and Timekeeping Clerks,2012,2770,2022,3080,310,11.2,90
1,Alabama,29-1065,Pediatricians  General,2012,380,2022,420,40,12.2,10
1,Alabama,39-9021,Personal Care Aides,2012,10730,2022,15650,4920,45.9,570
1,Alabama,39-9099,Personal Care and Service Workers  All Other,2012,370,2022,430,60,15.7,20
1,Alabama,13-2052,Personal Financial Advisors,2012,1120,2022,1420,300,27.1,50
1,Alabama,37-2021,Pest Control Workers,2012,1970,2022,2370,400,20.3,90
1,Alabama,37-3012,Pesticide Handlers  Sprayers  and Applicators  Vegetation,2012,410,2022,470,60,13.7,20
1,Alabama,51-8093,Petroleum Pump System Operators  Refinery Operators  and Gaugers,2012,500,2022,500,0,-1,20
1,Alabama,29-1051,Pharmacists,2012,5160,2022,5890,730,14.1,200
1,Alabama,31-9095,Pharmacy Aides,2012,680,2022,760,80,11.1,20
1,Alabama,29-2052,Pharmacy Technicians,2012,6550,2022,7830,1280,19.6,190
1,Alabama,25-1126,Philosophy and Religion Teachers  Postsecondary,2012,210,2022,250,40,16.5,10
1,Alabama,31-9097,Phlebotomists,2012,1530,2022,1860,330,21.8,60
1,Alabama,27-4021,Photographers,2012,1960,2022,2080,120,6,30
1,Alabama,51-9151,Photographic Process Workers and Processing Machine Operators,2012,530,2022,540,10,2.3,20
1,Alabama,31-2022,Physical Therapist Aides,2012,540,2022,720,180,33.6,30
1,Alabama,31-2021,Physical Therapist Assistants,2012,1870,2022,2680,810,43.4,120
1,Alabama,29-1123,Physical Therapists,2012,2290,2022,3070,780,34.4,130
1,Alabama,29-1071,Physician Assistants,2012,430,2022,580,150,36.1,20
1,Alabama,29-1069,Physicians and Surgeons  All Other,2012,4540,2022,5440,900,19.8,200
1,Alabama,19-2012,Physicists,2012,190,2022,200,10,7,10
1,Alabama,25-1054,Physics Teachers  Postsecondary,2012,180,2022,210,30,12.5,10
1,Alabama,47-2072,Pile-Driver Operators,2012,130,2022,160,30,21.8,10
1,Alabama,47-2151,Pipelayers,2012,2490,2022,2910,420,17.1,70
1,Alabama,51-8099,Plant and System Operators  All Other,2012,170,2022,180,10,1.7,10
1,Alabama,47-2161,Plasterers and Stucco Masons,2012,270,2022,320,50,17.9,10
1,Alabama,51-4193,Plating and Coating Machine Setters  Operators  and Tenders  Metal and Plastic,2012,920,2022,940,20,2.6,20
1,Alabama,47-2152,Plumbers  Pipefitters  and Steamfitters,2012,5470,2022,6350,880,16,160
1,Alabama,29-1081,Podiatrists,2012,100,2022,120,20,13.6,0
1,Alabama,33-3051,Police and Sheriff's Patrol Officers,2012,10890,2022,11620,730,6.7,420
1,Alabama,43-5031,Police  Fire  and Ambulance Dispatchers,2012,2460,2022,2670,210,8.6,90
1,Alabama,25-1065,Political Science Teachers  Postsecondary,2012,210,2022,240,30,13.7,10
1,Alabama,43-5051,Postal Service Clerks,2012,1020,2022,700,-320,-31.9,20
1,Alabama,43-5052,Postal Service Mail Carriers,2012,4910,2022,3600,-1310,-26.8,170
1,Alabama,43-5053,Postal Service Mail Sorters  Processors  and Processing Machine Operators,2012,1320,2022,930,-390,-29.7,10
1,Alabama,Nov-31,Postmasters and Mail Superintendents,2012,440,2022,330,-110,-24.4,10
1,Alabama,25-1199,Postsecondary Teachers  All Other,2012,520,2022,590,70,12.4,10
1,Alabama,51-4052,Pourers and Casters  Metal,2012,450,2022,420,-30,-7.8,10
1,Alabama,51-8012,Power Distributors and Dispatchers,2012,270,2022,280,10,4.8,10
1,Alabama,51-8013,Power Plant Operators,2012,930,2022,850,-80,-8.6,30
1,Alabama,49-9069,Precision Instrument and Equipment Repairers  All Other,2012,350,2022,370,20,4.8,10
1,Alabama,51-5111,Prepress Technicians and Workers,2012,290,2022,250,-40,-12.8,10
1,Alabama,25-2011,Preschool Teachers  Except Special Education,2012,2880,2022,3440,560,19.2,140
1,Alabama,51-6021,Pressers  Textile  Garment  and Related Materials,2012,1540,2022,1530,-10,-0.8,20
1,Alabama,51-5113,Print Binding and Finishing Workers,2012,210,2022,200,-10,-6.5,0
1,Alabama,51-5112,Printing Press Operators,2012,1770,2022,1690,-80,-4.1,30
1,Alabama,33-9021,Private Detectives and Investigators,2012,300,2022,340,40,12,10
1,Alabama,21-1092,Probation Officers and Correctional Treatment Specialists,2012,1180,2022,1200,20,1.8,30
1,Alabama,43-3061,Procurement Clerks,2012,810,2022,810,0,-0.1,30
1,Alabama,27-2012,Producers and Directors,2012,560,2022,590,30,4.3,20
1,Alabama,51-9199,Production Workers  All Other,2012,2370,2022,2590,220,9.3,80
1,Alabama,43-5061,Production  Planning  and Expediting Clerks,2012,2630,2022,2770,140,5.4,80
1,Alabama,43-9081,Proofreaders and Copy Markers,2012,30,2022,30,0,-6.3,0
1,Alabama,Nov-41,Property  Real Estate  and Community Association Managers,2012,910,2022,1010,100,10.9,30
1,Alabama,33-9099,Protective Service Workers  All Other,2012,530,2022,590,60,10.8,40
1,Alabama,31-1013,Psychiatric Aides,2012,1750,2022,1970,220,13.1,60
1,Alabama,29-2053,Psychiatric Technicians,2012,1370,2022,1540,170,12.5,30
1,Alabama,29-1066,Psychiatrists,2012,250,2022,300,50,17.9,10
1,Alabama,19-3039,Psychologists  All Other,2012,130,2022,140,10,6.1,10
1,Alabama,25-1066,Psychology Teachers  Postsecondary,2012,410,2022,460,50,12,10
1,Alabama,Nov-31,Public Relations and Fundraising Managers,2012,500,2022,550,50,11.1,20
1,Alabama,27-3031,Public Relations Specialists,2012,2350,2022,2670,320,13.4,60
1,Alabama,13-1023,Purchasing Agents  Except Wholesale  Retail  and Farm Products,2012,6060,2022,6350,290,4.8,140
1,Alabama,Nov-61,Purchasing Managers,2012,960,2022,1000,40,4.1,30
1,Alabama,29-1124,Radiation Therapists,2012,360,2022,430,70,21.3,20
1,Alabama,27-3011,Radio and Television Announcers,2012,940,2022,940,0,-0.3,20
1,Alabama,49-2021,Radio  Cellular  and Tower Equipment Installers and Repairs,2012,260,2022,280,20,9,10
1,Alabama,29-2034,Radiologic Technologists,2012,3550,2022,4220,670,18.8,120
1,Alabama,49-3043,Rail Car Repairers,2012,360,2022,420,60,14.8,20
1,Alabama,53-4013,Rail Yard Engineers  Dinkey Operators  and Hostlers,2012,210,2022,210,0,0,10
1,Alabama,53-4021,Railroad Brake  Signal  and Switch Operators,2012,500,2022,520,20,4.6,20
1,Alabama,53-4031,Railroad Conductors and Yardmasters,2012,730,2022,740,10,1.1,20
1,Alabama,47-4061,Rail-Track Laying and Maintenance Equipment Operators,2012,90,2022,100,10,10.2,0
1,Alabama,41-9021,Real Estate Brokers,2012,740,2022,820,80,11,20
1,Alabama,41-9022,Real Estate Sales Agents,2012,3140,2022,3460,320,10.2,60
1,Alabama,43-4171,Receptionists and Information Clerks,2012,11640,2022,13320,1680,14.4,480
1,Alabama,25-1193,Recreation and Fitness Studies Teachers  Postsecondary,2012,220,2022,250,30,12.5,10
1,Alabama,39-9032,Recreation Workers,2012,6290,2022,7190,900,14.2,160
1,Alabama,29-1125,Recreational Therapists,2012,130,2022,140,10,8.8,0
1,Alabama,49-3092,Recreational Vehicle Service Technicians,2012,140,2022,160,20,12.9,10
1,Alabama,49-9045,Refractory Materials Repairers  Except Brickmasons,2012,80,2022,80,0,0,0
1,Alabama,53-7081,Refuse and Recyclable Material Collectors,2012,2840,2022,3090,250,8.8,80
1,Alabama,29-1141,Registered Nurses,2012,46040,2022,54670,8630,18.7,1760
1,Alabama,21-1015,Rehabilitation Counselors,2012,940,2022,1130,190,20.5,40
1,Alabama,47-2171,Reinforcing Iron and Rebar Workers,2012,410,2022,490,80,20,20
1,Alabama,21-2099,Religious Workers  All Other,2012,3550,2022,4030,480,13.7,130
1,Alabama,27-3022,Reporters and Correspondents,2012,550,2022,460,-90,-16.5,20
1,Alabama,43-4181,Reservation and Transportation Ticket Agents and Travel Clerks,2012,450,2022,420,-30,-7.4,10
1,Alabama,39-9041,Residential Advisors,2012,1800,2022,2120,320,17.8,110
1,Alabama,29-1126,Respiratory Therapists,2012,2350,2022,2740,390,16.7,70
1,Alabama,29-2054,Respiratory Therapy Technicians,2012,390,2022,450,60,15.1,10
1,Alabama,41-2031,Retail Salespersons,2012,59400,2022,65790,6390,10.8,2670
1,Alabama,49-9096,Riggers,2012,210,2022,270,60,29.9,10
1,Alabama,47-2181,Roofers,2012,1270,2022,1390,120,9.2,40
1,Alabama,47-5012,Rotary Drill Operators  Oil and Gas,2012,230,2022,280,50,23,10
1,Alabama,47-5071,Roustabouts  Oil and Gas,2012,120,2022,150,30,19.4,10
1,Alabama,53-5011,Sailors and Marine Oilers,2012,680,2022,800,120,17.9,40
1,Alabama,41-9099,Sales and Related Workers  All Other,2012,1320,2022,1550,230,17.6,50
1,Alabama,41-9031,Sales Engineers,2012,220,2022,230,10,2.7,10
1,Alabama,22-Nov,Sales Managers,2012,2280,2022,2480,200,8.6,70
1,Alabama,41-3099,Sales Representatives  Services  All Other,2012,5680,2022,6260,580,10.2,210
1,Alabama,51-7041,Sawing Machine Setters  Operators  and Tenders  Wood,2012,2420,2022,2770,350,14.7,100
1,Alabama,25-2031,Secondary School Teachers  Except Special and Career/Technical Education,2012,12930,2022,13550,620,4.8,410
1,Alabama,43-6014,Secretaries and Administrative Assistants  Except Legal  Medical  and Executive,2012,42330,2022,48520,6190,14.6,1130
1,Alabama,41-3031,Securities  Commodities  and Financial Services Sales Agents,2012,2120,2022,2320,200,9.6,70
1,Alabama,49-2098,Security and Fire Alarm Systems Installers,2012,600,2022,680,80,13.1,20
1,Alabama,33-9032,Security Guards,2012,13420,2022,14880,1460,10.9,350
1,Alabama,25-3021,Self-Enrichment Education Teachers,2012,3350,2022,3850,500,14.8,110
1,Alabama,51-9012,Separating  Filtering  Clarifying  Precipitating  and Still Machine Setters  Operators  and Tenders,2012,380,2022,380,0,-1.6,10
1,Alabama,47-4071,Septic Tank Servicers and Sewer Pipe Cleaners,2012,200,2022,270,70,29.9,10
1,Alabama,47-5013,Service Unit Operators  Oil  Gas  and Mining,2012,170,2022,210,40,23.1,10
1,Alabama,27-1027,Set and Exhibit Designers,2012,80,2022,90,10,16.3,0
1,Alabama,51-6051,Sewers  Hand,2012,150,2022,120,-30,-18.5,0
1,Alabama,51-6031,Sewing Machine Operators,2012,3740,2022,2720,-1020,-27.4,20
1,Alabama,47-2211,Sheet Metal Workers,2012,1680,2022,1960,280,16.6,60
1,Alabama,43-5071,Shipping  Receiving  and Traffic Clerks,2012,8610,2022,8920,310,3.6,260
1,Alabama,51-6041,Shoe and Leather Workers and Repairers,2012,80,2022,70,-10,-14.8,0
1,Alabama,49-9097,Signal and Track Switch Repairers,2012,120,2022,120,0,0.8,0
1,Alabama,39-5094,Skincare Specialists,2012,290,2022,400,110,40.3,10
1,Alabama,51-3023,Slaughterers and Meat Packers,2012,700,2022,560,-140,-19.6,20
1,Alabama,Nov-51,Social and Community Service Managers,2012,1010,2022,1220,210,21.4,40
1,Alabama,21-1093,Social and Human Service Assistants,2012,1900,2022,2370,470,24.7,100
1,Alabama,25-1069,Social Sciences Teachers  Postsecondary  All Other,2012,40,2022,40,0,13.5,0
1,Alabama,19-3099,Social Scientists and Related Workers  All Other,2012,200,2022,180,-20,-9.1,0
1,Alabama,25-1113,Social Work Teachers  Postsecondary,2012,100,2022,120,20,12.6,0
1,Alabama,21-1029,Social Workers  All Other,2012,330,2022,350,20,6.7,10
1,Alabama,25-1067,Sociology Teachers  Postsecondary,2012,140,2022,160,20,11.5,0
1,Alabama,15-1132,Software Developers  Applications,2012,3740,2022,4630,890,23.7,140
1,Alabama,15-1133,Software Developers  Systems Software,2012,3430,2022,4180,750,21.7,120
1,Alabama,19-1013,Soil and Plant Scientists,2012,140,2022,150,10,4.9,10
1,Alabama,27-4014,Sound Engineering Technicians,2012,90,2022,90,0,3.3,0
1,Alabama,25-2059,Special Education Teachers  All Other,2012,80,2022,80,0,5,0
1,Alabama,25-2052,Special Education Teachers  Kindergarten and Elementary School,2012,1650,2022,1730,80,4.6,40
1,Alabama,25-2053,Special Education Teachers  Middle School,2012,610,2022,640,30,4.6,10
1,Alabama,25-2051,Special Education Teachers  Preschool,2012,50,2022,70,20,35.3,0
1,Alabama,25-2054,Special Education Teachers  Secondary School,2012,1070,2022,1120,50,3.9,20
1,Alabama,29-1127,Speech-Language Pathologists,2012,1200,2022,1480,280,22.7,50
1,Alabama,51-8021,Stationary Engineers and Boiler Operators,2012,430,2022,410,-20,-4.7,10
1,Alabama,43-9111,Statistical Assistants,2012,190,2022,210,20,11.1,10
1,Alabama,15-2041,Statisticians,2012,240,2022,300,60,25,10
1,Alabama,43-5081,Stock Clerks and Order Fillers,2012,24270,2022,24520,250,1.1,760
1,Alabama,47-2022,Stonemasons,2012,40,2022,40,0,17.1,0
1,Alabama,47-2221,Structural Iron and Steel Workers,2012,1040,2022,1240,200,19.7,50
1,Alabama,51-2041,Structural Metal Fabricators and Fitters,2012,1670,2022,1950,280,16.9,100
1,Alabama,21-1011,Substance Abuse and Behavioral Disorder Counselors,2012,760,2022,980,220,29,40
1,Alabama,29-1067,Surgeons,2012,330,2022,410,80,23,20
1,Alabama,29-2055,Surgical Technologists,2012,1970,2022,2500,530,27.2,70
1,Alabama,17-3031,Surveying and Mapping Technicians,2012,1030,2022,1160,130,11.9,30
1,Alabama,17-1022,Surveyors,2012,580,2022,630,50,8.4,20
1,Alabama,43-2011,Switchboard Operators  Including Answering Service,2012,1730,2022,1490,-240,-14.1,30
1,Alabama,51-6052,Tailors  Dressmakers  and Custom Sewers,2012,980,2022,930,-50,-5.1,10
1,Alabama,53-7121,Tank Car  Truck  and Ship Loaders,2012,500,2022,490,-10,-2.6,10
1,Alabama,13-2081,Tax Examiners and Collectors  and Revenue Agents,2012,1040,2022,1050,10,0.9,40
1,Alabama,13-2082,Tax Preparers,2012,470,2022,490,20,6,10
1,Alabama,53-3041,Taxi Drivers and Chauffeurs,2012,1360,2022,1600,240,17.3,40
1,Alabama,25-9041,Teacher Assistants,2012,9100,2022,9840,740,8,280
1,Alabama,25-3099,Teachers and Instructors  All Other,2012,3060,2022,3430,370,12.2,90
1,Alabama,51-2092,Team Assemblers,2012,29770,2022,36190,6420,21.6,1110
1,Alabama,27-3042,Technical Writers,2012,860,2022,980,120,13.5,40
1,Alabama,49-2022,Telecommunications Equipment Installers and Repairers  Except Line Installers,2012,3950,2022,3890,-60,-1.5,50
1,Alabama,49-9052,Telecommunications Line Installers and Repairers,2012,1690,2022,1740,50,2.8,50
1,Alabama,41-9041,Telemarketers,2012,2560,2022,2530,-30,-1.1,50
1,Alabama,43-2021,Telephone Operators,2012,260,2022,230,-30,-8.6,10
1,Alabama,43-3071,Tellers,2012,10770,2022,10850,80,0.7,510
1,Alabama,51-6061,Textile Bleaching and Dyeing Machine Operators and Tenders,2012,520,2022,320,-200,-39.2,10
1,Alabama,51-6062,Textile Cutting Machine Setters  Operators  and Tenders,2012,290,2022,200,-90,-28.9,10
1,Alabama,51-6063,Textile Knitting and Weaving Machine Setters  Operators  and Tenders,2012,1030,2022,780,-250,-24.4,20
1,Alabama,51-6064,Textile Winding  Twisting  and Drawing Out Machine Setters  Operators  and Tenders,2012,2430,2022,1840,-590,-24.1,40
1,Alabama,51-6099,Textile  Apparel  and Furnishings Workers  All Other,2012,310,2022,240,-70,-23.1,0
1,Alabama,29-1129,Therapists  All Other,2012,40,2022,50,10,29.3,0
1,Alabama,47-2044,Tile and Marble Setters,2012,550,2022,620,70,12.6,20
1,Alabama,51-2093,Timing Device Assemblers and Adjusters,2012,10,2022,10,0,16.7,0
1,Alabama,51-9197,Tire Builders,2012,1960,2022,1900,-60,-2.9,50
1,Alabama,49-3093,Tire Repairers and Changers,2012,2690,2022,2900,210,7.9,120
1,Alabama,23-2093,Title Examiners  Abstractors  and Searchers,2012,360,2022,390,30,8.3,10
1,Alabama,51-4111,Tool and Die Makers,2012,740,2022,860,120,16.7,20
1,Alabama,51-4194,Tool Grinders  Filers  and Sharpeners,2012,300,2022,320,20,8.4,10
1,Alabama,00-0000,Total  All Occupations,2012,2053250,2022,2260050,206800,10.1,70610
1,Alabama,53-6041,Traffic Technicians,2012,20,2022,20,0,4.8,0
1,Alabama,Nov-31,Training and Development Managers,2012,130,2022,140,10,6.2,0
1,Alabama,13-1151,Training and Development Specialists,2012,2340,2022,2750,410,17.3,80
1,Alabama,33-3052,Transit and Railroad Police,2012,50,2022,50,0,10.4,0
1,Alabama,33-9093,Transportation Security Screeners,2012,280,2022,290,10,5.4,10
1,Alabama,53-6099,Transportation Workers  All Other,2012,50,2022,50,0,12.5,0
1,Alabama,Nov-71,Transportation  Storage  and Distribution Managers,2012,930,2022,990,60,7.4,30
1,Alabama,41-3041,Travel Agents,2012,460,2022,430,-30,-6.3,10
1,Alabama,27-2023,Umpires  Referees  and Other Sports Officials,2012,130,2022,140,10,10.9,10
1,Alabama,51-6093,Upholsterers,2012,280,2022,280,0,-0.4,10
1,Alabama,19-3051,Urban and Regional Planners,2012,330,2022,360,30,8.4,20
1,Alabama,39-3031,Ushers  Lobby Attendants  and Ticket Takers,2012,1540,2022,1650,110,7.1,90
1,Alabama,29-1131,Veterinarians,2012,990,2022,1140,150,15.9,50
1,Alabama,31-9096,Veterinary Assistants and Laboratory Animal Caretakers,2012,1420,2022,1620,200,14,50
1,Alabama,29-2056,Veterinary Technologists and Technicians,2012,770,2022,1020,250,33.1,30
1,Alabama,25-1194,Vocational Education Teachers  Postsecondary,2012,2120,2022,2430,310,14.8,60
1,Alabama,35-3031,Waiters and Waitresses,2012,27560,2022,28800,1240,4.5,1450
1,Alabama,51-8031,Water and Wastewater Treatment Plant and System Operators,2012,1740,2022,1850,110,6.9,70
1,Alabama,15-1134,Web Developers,2012,860,2022,1020,160,19.6,30
1,Alabama,43-5111,Weighers  Measurers  Checkers  and Samplers  Recordkeeping,2012,1740,2022,1930,190,11.1,60
1,Alabama,51-4121,Welders  Cutters  Solderers  and Brazers,2012,9000,2022,10240,1240,13.8,350
1,Alabama,51-4122,Welding  Soldering  and Brazing Machine Setters  Operators  and Tenders,2012,1560,2022,2060,500,31.8,90
1,Alabama,13-1022,Wholesale and Retail Buyers  Except Farm Products,2012,660,2022,700,40,6.6,20
1,Alabama,51-7099,Woodworkers  All Other,2012,470,2022,490,20,4.3,20
1,Alabama,51-7042,Woodworking Machine Setters  Operators  and Tenders  Except Sawing,2012,2410,2022,2720,310,12.9,40
1,Alabama,43-9022,Word Processors and Typists,2012,590,2022,450,-140,-23,0
1,Alabama,27-3043,Writers and Authors,2012,760,2022,760,0,0,20
1,Alabama,19-1023,Zoologists and Wildlife Biologists,2012,110,2022,110,0,0.9,0
