STFIPS,AreaName,OccupationCode,OccupationName,BaseYear,Base,ProjYear,Proj,Change,PercentChange,AvgAnnualOpenings
6,California,13-2011,Accountants and Auditors,2012,151900,2022,177500,25600,16.9,7060
6,California,27-2011,Actors,2012,34200,2022,38200,4000,11.7,1500
6,California,15-2011,Actuaries,2012,1800,2022,2400,600,33.3,110
6,California,51-9191,Adhesive Bonding Machine Operators and Tenders,2012,2100,2022,1900,-200,-9.5,50
6,California,23-1021,Administrative Law Judges  Adjudicators  and Hearing Officers,2012,2000,2022,2100,100,5,40
6,California,Nov-11,Administrative Services Managers,2012,36100,2022,41800,5700,15.8,1160
6,California,25-3011,Adult Basic and Secondary Education and Literacy Teachers and Instructors,2012,14300,2022,15500,1200,8.4,360
6,California,Nov-11,Advertising and Promotions Managers,2012,4900,2022,5500,600,12.2,210
6,California,41-3011,Advertising Sales Agents,2012,17800,2022,18800,1000,5.6,650
6,California,17-3021,Aerospace Engineering and Operations Technicians,2012,1800,2022,1700,-100,-5.6,40
6,California,17-2011,Aerospace Engineers,2012,15700,2022,18600,2900,18.5,660
6,California,13-1011,Agents and Business Managers of Artists  Performers  and Athletes,2012,5800,2022,7200,1400,24.1,270
6,California,19-4011,Agricultural and Food Science Technicians,2012,3600,2022,4200,600,16.7,200
6,California,45-2091,Agricultural Equipment Operators,2012,14100,2022,15900,1800,12.8,610
6,California,45-2011,Agricultural Inspectors,2012,2100,2022,2200,100,4.8,80
6,California,45-2099,Agricultural Workers  All Other,2012,2200,2022,2200,0,0,70
6,California,53-2021,Air Traffic Controllers,2012,2500,2022,2500,0,0,110
6,California,49-3011,Aircraft Mechanics and Service Technicians,2012,12000,2022,13300,1300,10.8,450
6,California,51-2011,Aircraft Structure  Surfaces  Rigging  and Systems Assemblers,2012,3000,2022,3300,300,10,80
6,California,53-2011,Airline Pilots  Copilots  and Flight Engineers,2012,6000,2022,6900,900,15,260
6,California,53-3011,Ambulance Drivers and Attendants  Except Emergency Medical Technicians,2012,1600,2022,1900,300,18.8,60
6,California,39-3091,Amusement and Recreation Attendants,2012,34600,2022,39200,4600,13.3,2200
6,California,29-1061,Anesthesiologists,2012,3400,2022,4000,600,17.6,140
6,California,33-9011,Animal Control Workers,2012,1500,2022,1600,100,6.7,50
6,California,39-2011,Animal Trainers,2012,4600,2022,5600,1000,21.7,310
6,California,19-3091,Anthropologists and Archeologists,2012,1800,2022,2600,800,44.4,120
6,California,13-2021,Appraisers and Assessors of Real Estate,2012,7700,2022,8200,500,6.5,120
6,California,17-1011,Architects  Except Landscape and Naval,2012,13300,2022,15000,1700,12.8,480
6,California,17-3011,Architectural and Civil Drafters,2012,12200,2022,12100,-100,-0.8,160
6,California,Nov-41,Architectural and Engineering Managers,2012,32300,2022,35900,3600,11.1,1160
6,California,27-1011,Art Directors,2012,13500,2022,14600,1100,8.1,430
6,California,25-1121,Art  Drama  and Music Teachers  Postsecondary,2012,12300,2022,14300,2000,16.3,390
6,California,51-2099,Assemblers and Fabricators  All Other,2012,22800,2022,24900,2100,9.2,570
6,California,29-9091,Athletic Trainers,2012,1200,2022,1400,200,16.7,50
6,California,19-2021,Atmospheric and Space Scientists,2012,1500,2022,1600,100,6.7,50
6,California,25-1051,Atmospheric  Earth  Marine  and Space Sciences Teachers  Postsecondary,2012,1900,2022,2100,200,10.5,50
6,California,27-4011,Audio and Video Equipment Technicians,2012,10900,2022,12500,1600,14.7,360
6,California,29-1181,Audiologists,2012,1000,2022,1300,300,30,50
6,California,25-9011,Audio-Visual and Multimedia Collections Specialists,2012,1200,2022,1200,0,0,10
6,California,53-6031,Automotive and Watercraft Service Attendants,2012,7900,2022,9700,1800,22.8,400
6,California,49-3021,Automotive Body and Related Repairers,2012,12900,2022,14500,1600,12.4,410
6,California,49-3023,Automotive Service Technicians and Mechanics,2012,64200,2022,73800,9600,15,2590
6,California,49-2091,Avionics Technicians,2012,1700,2022,1800,100,5.9,50
6,California,39-6011,Baggage Porters and Bellhops,2012,4700,2022,5400,700,14.9,190
6,California,51-3011,Bakers,2012,25400,2022,28200,2800,11,890
6,California,39-5011,Barbers,2012,5100,2022,6100,1000,19.6,230
6,California,35-3011,Bartenders,2012,51500,2022,61300,9800,19,2890
6,California,49-3091,Bicycle Repairers,2012,1000,2022,1200,200,20,60
6,California,43-3011,Bill and Account Collectors,2012,39100,2022,46100,7000,17.9,1800
6,California,43-3021,Billing and Posting Clerks,2012,56400,2022,65800,9400,16.7,1980
6,California,19-1021,Biochemists and Biophysicists,2012,6300,2022,8000,1700,27,350
6,California,25-1042,Biological Science Teachers  Postsecondary,2012,4000,2022,4700,700,17.5,130
6,California,19-1029,Biological Scientists  All Other,2012,9000,2022,10100,1100,12.2,380
6,California,19-4021,Biological Technicians,2012,11100,2022,13000,1900,17.1,520
6,California,17-2031,Biomedical Engineers,2012,5400,2022,7700,2300,42.6,360
6,California,43-3031,Bookkeeping  Accounting  and Auditing Clerks,2012,182400,2022,208800,26400,14.5,4310
6,California,47-2021,Brickmasons and Blockmasons,2012,5100,2022,8000,2900,56.9,350
6,California,27-4012,Broadcast Technicians,2012,5300,2022,5400,100,1.9,110
6,California,43-4011,Brokerage Clerks,2012,3700,2022,3700,0,0,100
6,California,13-2031,Budget Analysts,2012,8900,2022,9700,800,9,440
6,California,37-2019,Building Cleaning Workers  All Other,2012,1800,2022,2000,200,11.1,60
6,California,49-3031,Bus and Truck Mechanics and Diesel Engine Specialists,2012,21700,2022,24600,2900,13.4,760
6,California,53-3022,Bus Drivers  School or Special Client,2012,28500,2022,31800,3300,11.6,860
6,California,53-3021,Bus Drivers  Transit and Intercity,2012,23300,2022,26400,3100,13.3,740
6,California,13-1199,Business Operations Specialists  All Other,2012,135700,2022,155000,19300,14.2,3790
6,California,25-1011,Business Teachers  Postsecondary,2012,6900,2022,7800,900,13,200
6,California,51-3021,Butchers and Meat Cutters,2012,21600,2022,24600,3000,13.9,840
6,California,13-1021,Buyers and Purchasing Agents  Farm Products,2012,1800,2022,2100,300,16.7,70
6,California,51-7011,Cabinetmakers and Bench Carpenters,2012,8700,2022,7200,-1500,-17.2,70
6,California,27-4031,Camera Operators  Television  Video  and Motion Picture,2012,3700,2022,4100,400,10.8,70
6,California,53-5021,Captains  Mates  and Pilots of Water Vessels,2012,2800,2022,3200,400,14.3,170
6,California,29-2031,Cardiovascular Technologists and Technicians,2012,3400,2022,4300,900,26.5,140
6,California,25-2032,Career/Technical Education Teachers  Secondary School,2012,3000,2022,3200,200,6.7,100
6,California,43-5011,Cargo and Freight Agents,2012,10100,2022,11900,1800,17.8,460
6,California,47-2031,Carpenters,2012,94700,2022,122700,28000,29.6,3970
6,California,47-2041,Carpet Installers,2012,7200,2022,9400,2200,30.6,350
6,California,17-1021,Cartographers and Photogrammetrists,2012,1400,2022,1900,500,35.7,80
6,California,41-2011,Cashiers,2012,357800,2022,392600,34800,9.7,18950
6,California,47-2051,Cement Masons and Concrete Finishers,2012,15100,2022,20900,5800,38.4,750
6,California,35-1011,Chefs and Head Cooks,2012,15300,2022,17400,2100,13.7,450
6,California,17-2041,Chemical Engineers,2012,2300,2022,2800,500,21.7,100
6,California,51-9011,Chemical Equipment Operators and Tenders,2012,2700,2022,2900,200,7.4,110
6,California,51-8091,Chemical Plant and System Operators,2012,1400,2022,1300,-100,-7.1,50
6,California,19-4031,Chemical Technicians,2012,5000,2022,5800,800,16,200
6,California,25-1052,Chemistry Teachers  Postsecondary,2012,1700,2022,1900,200,11.8,50
6,California,19-2031,Chemists,2012,13600,2022,15700,2100,15.4,560
6,California,11-1011,Chief Executives,2012,37000,2022,39900,2900,7.8,1070
6,California,21-1021,Child  Family  and School Social Workers,2012,28600,2022,32300,3700,12.9,980
6,California,39-9011,Childcare Workers,2012,109600,2022,117200,7600,6.9,3980
6,California,29-1011,Chiropractors,2012,3200,2022,3300,100,3.1,80
6,California,27-2032,Choreographers,2012,2100,2022,2700,600,28.6,120
6,California,17-3022,Civil Engineering Technicians,2012,6300,2022,6500,200,3.2,150
6,California,17-2051,Civil Engineers,2012,39300,2022,46500,7200,18.3,1670
6,California,13-1031,Claims Adjusters  Examiners  and Investigators,2012,31800,2022,34400,2600,8.2,1000
6,California,53-7061,Cleaners of Vehicles and Equipment,2012,46700,2022,53400,6700,14.3,1970
6,California,51-9192,Cleaning  Washing  and Metal Pickling Equipment Operators and Tenders,2012,2300,2022,2400,100,4.3,70
6,California,21-2011,Clergy,2012,11700,2022,12300,600,5.1,300
6,California,19-3031,Clinical  Counseling  and School Psychologists,2012,24900,2022,27300,2400,9.6,910
6,California,27-2022,Coaches and Scouts,2012,26500,2022,30600,4100,15.5,1190
6,California,51-9121,Coating  Painting  and Spraying Machine Setters  Operators  and Tenders,2012,7100,2022,7200,100,1.4,140
6,California,51-2021,Coil Winders  Tapers  and Finishers,2012,1300,2022,1200,-100,-7.7,20
6,California,49-9091,Coin  Vending  and Amusement Machine Servicers and Repairers,2012,2400,2022,2300,-100,-4.2,20
6,California,35-3021,Combined Food Preparation and Serving Workers  Including Fast Food,2012,286000,2022,362400,76400,26.7,18570
6,California,27-1021,Commercial and Industrial Designers,2012,4800,2022,5300,500,10.4,170
6,California,53-2012,Commercial Pilots,2012,3100,2022,3500,400,12.9,130
6,California,25-1122,Communications Teachers  Postsecondary,2012,3200,2022,3500,300,9.4,80
6,California,21-1099,Community and Social Service Specialists  All Other,2012,11300,2022,12700,1400,12.4,430
6,California,21-1094,Community Health Workers,2012,6600,2022,7900,1300,19.7,300
6,California,Nov-11,Compensation and Benefits Managers,2012,1800,2022,2000,200,11.1,60
6,California,13-1141,Compensation  Benefits  and Job Analysis Specialists,2012,12600,2022,13500,900,7.1,320
6,California,13-1041,Compliance Officers,2012,28700,2022,30800,2100,7.3,740
6,California,15-1111,Computer and Information Research Scientists,2012,7300,2022,8800,1500,20.5,270
6,California,Nov-21,Computer and Information Systems Managers,2012,46800,2022,57200,10400,22.2,1690
6,California,17-2061,Computer Hardware Engineers,2012,24400,2022,27900,3500,14.3,880
6,California,15-1143,Computer Network Architects,2012,15700,2022,19400,3700,23.6,620
6,California,15-1152,Computer Network Support Specialists,2012,18200,2022,20100,1900,10.4,470
6,California,51-4012,Computer Numerically Controlled Machine Tool Programmers  Metal and Plastic,2012,2500,2022,3600,1100,44,180
6,California,15-1199,Computer Occupations  All Other,2012,19600,2022,23000,3400,17.3,640
6,California,43-9011,Computer Operators,2012,6500,2022,5800,-700,-10.8,60
6,California,15-1131,Computer Programmers,2012,39900,2022,44700,4800,12,1530
6,California,25-1021,Computer Science Teachers  Postsecondary,2012,3000,2022,3400,400,13.3,80
6,California,15-1121,Computer Systems Analysts,2012,64700,2022,82200,17500,27,2770
6,California,15-1151,Computer User Support Specialists,2012,60800,2022,76100,15300,25.2,2490
6,California,49-2011,Computer  Automated Teller  and Office Machine Repairers,2012,14900,2022,15000,100,0.7,320
6,California,51-4011,Computer-Controlled Machine Tool Operators  Metal and Plastic,2012,8600,2022,10000,1400,16.3,380
6,California,39-6012,Concierges,2012,2300,2022,2900,600,26.1,120
6,California,19-1031,Conservation Scientists,2012,1500,2022,1700,200,13.3,60
6,California,47-4011,Construction and Building Inspectors,2012,9200,2022,10500,1300,14.1,340
6,California,47-4099,Construction and Related Workers  All Other,2012,3000,2022,3800,800,26.7,130
6,California,47-2061,Construction Laborers,2012,108800,2022,140600,31800,29.2,5510
6,California,Nov-21,Construction Managers,2012,52300,2022,61900,9600,18.4,1780
6,California,49-9012,Control and Valve Installers and Repairers  Except Mechanical Door,2012,3500,2022,3900,400,11.4,160
6,California,53-7011,Conveyor Operators and Tenders,2012,3700,2022,4100,400,10.8,140
6,California,35-2019,Cooks  All Other,2012,2800,2022,3300,500,17.9,110
6,California,35-2011,Cooks  Fast Food,2012,106900,2022,120500,13600,12.7,3460
6,California,35-2012,Cooks  Institution and Cafeteria,2012,27100,2022,31500,4400,16.2,970
6,California,35-2014,Cooks  Restaurant,2012,116900,2022,150600,33700,28.8,5680
6,California,35-2015,Cooks  Short Order,2012,16700,2022,18400,1700,10.2,490
6,California,33-3012,Correctional Officers and Jailers,2012,37300,2022,39600,2300,6.2,1220
6,California,43-4021,Correspondence Clerks,2012,1500,2022,1600,100,6.7,50
6,California,13-1051,Cost Estimators,2012,24800,2022,32800,8000,32.3,1590
6,California,39-3092,Costume Attendants,2012,1600,2022,1800,200,12.5,100
6,California,21-1019,Counselors  All Other,2012,4500,2022,5200,700,15.6,170
6,California,41-2021,Counter and Rental Clerks,2012,78900,2022,89200,10300,13.1,3050
6,California,35-3022,Counter Attendants  Cafeteria  Food Concession  and Coffee Shop,2012,57800,2022,63700,5900,10.2,4110
6,California,43-5021,Couriers and Messengers,2012,12300,2022,11300,-1000,-8.1,160
6,California,23-2091,Court Reporters,2012,3100,2022,3400,300,9.7,80
6,California,43-4031,Court  Municipal  and License Clerks,2012,12700,2022,14300,1600,12.6,350
6,California,27-1012,Craft Artists,2012,1500,2022,1600,100,6.7,40
6,California,53-7021,Crane and Tower Operators,2012,3300,2022,4000,700,21.2,180
6,California,13-2041,Credit Analysts,2012,6600,2022,7900,1300,19.7,300
6,California,43-4041,Credit Authorizers  Checkers  and Clerks,2012,3400,2022,3500,100,2.9,50
6,California,13-2071,Credit Counselors,2012,3900,2022,4800,900,23.1,160
6,California,25-1111,Criminal Justice and Law Enforcement Teachers  Postsecondary,2012,1200,2022,1400,200,16.7,30
6,California,33-9091,Crossing Guards,2012,6300,2022,7000,700,11.1,170
6,California,51-9021,Crushing  Grinding  and Polishing Machine Setters  Operators  and Tenders,2012,1900,2022,1900,0,0,50
6,California,25-4012,Curators,2012,1000,2022,1100,100,10,40
6,California,43-4051,Customer Service Representatives,2012,195300,2022,227300,32000,16.4,8520
6,California,51-9031,Cutters and Trimmers  Hand,2012,2900,2022,2500,-400,-13.8,50
6,California,51-9032,Cutting and Slicing Machine Setters  Operators  and Tenders,2012,5500,2022,5100,-400,-7.3,90
6,California,51-4031,Cutting  Punching  and Press Machine Setters  Operators  and Tenders  Metal and Plastic,2012,12300,2022,11300,-1000,-8.1,100
6,California,27-2031,Dancers,2012,2300,2022,2500,200,8.7,90
6,California,43-9021,Data Entry Keyers,2012,23700,2022,18700,-5000,-21.1,280
6,California,15-1141,Database Administrators,2012,10900,2022,13200,2300,21.1,440
6,California,31-9091,Dental Assistants,2012,45200,2022,52200,7000,15.5,1640
6,California,29-2021,Dental Hygienists,2012,21800,2022,26900,5100,23.4,1060
6,California,51-9081,Dental Laboratory Technicians,2012,4500,2022,4900,400,8.9,190
6,California,29-1021,Dentists  General,2012,14400,2022,15600,1200,8.3,470
6,California,27-1029,Designers  All Other,2012,2000,2022,2200,200,10,70
6,California,43-9031,Desktop Publishers,2012,1300,2022,1300,0,0,20
6,California,33-3021,Detectives and Criminal Investigators,2012,12700,2022,12900,200,1.6,300
6,California,29-2032,Diagnostic Medical Sonographers,2012,4700,2022,6700,2000,42.6,260
6,California,29-2051,Dietetic Technicians,2012,3400,2022,4200,800,23.5,120
6,California,29-1031,Dietitians and Nutritionists,2012,7800,2022,9300,1500,19.2,240
6,California,35-9011,Dining Room and Cafeteria Attendants and Bartender Helpers,2012,66300,2022,78400,12100,18.3,4110
6,California,21-2021,Directors  Religious Activities and Education,2012,6500,2022,6700,200,3.1,250
6,California,35-9021,Dishwashers,2012,67000,2022,79100,12100,18.1,4160
6,California,43-5032,Dispatchers  Except Police  Fire  and Ambulance,2012,20900,2022,24300,3400,16.3,950
6,California,41-9091,Door-to-Door Sales Workers  News and Street Vendors  and Related Workers,2012,8700,2022,8100,-600,-6.9,90
6,California,17-3019,Drafters  All Other,2012,1800,2022,2100,300,16.7,60
6,California,51-4032,Drilling and Boring Machine Tool Setters  Operators  and Tenders  Metal and Plastic,2012,1700,2022,1400,-300,-17.6,30
6,California,53-3031,Driver/Sales Workers,2012,39500,2022,46300,6800,17.2,1310
6,California,47-2081,Drywall and Ceiling Tile Installers,2012,20800,2022,28300,7500,36.1,950
6,California,47-5021,Earth Drillers  Except Oil and Gas,2012,1600,2022,1900,300,18.8,70
6,California,19-3011,Economists,2012,3100,2022,5100,2000,64.5,290
6,California,27-3041,Editors,2012,12100,2022,13600,1500,12.4,440
6,California,Nov-39,Education Administrators  All Other,2012,5000,2022,5700,700,14,200
6,California,Nov-32,Education Administrators  Elementary and Secondary School,2012,21400,2022,22800,1400,6.5,710
6,California,Nov-33,Education Administrators  Postsecondary,2012,15800,2022,18300,2500,15.8,680
6,California,Nov-31,Education Administrators  Preschool and Childcare Center/Program,2012,8600,2022,8900,300,3.5,260
6,California,25-1081,Education Teachers  Postsecondary,2012,5100,2022,5900,800,15.7,160
6,California,25-9099,Education  Training  and Library Workers  All Other,2012,31600,2022,32900,1300,4.1,410
6,California,21-1012,Educational  Guidance  School  and Vocational Counselors,2012,32700,2022,36700,4000,12.2,1100
6,California,49-2092,Electric Motor  Power Tool  and Related Repairers,2012,1400,2022,1400,0,0,30
6,California,51-2022,Electrical and Electronic Equipment Assemblers,2012,28600,2022,28800,200,0.7,370
6,California,17-3012,Electrical and Electronics Drafters,2012,4500,2022,5000,500,11.1,120
6,California,17-3023,Electrical and Electronics Engineering Technicians,2012,20700,2022,21100,400,1.9,470
6,California,49-2093,Electrical and Electronics Installers and Repairers  Transportation Equipment,2012,1200,2022,1300,100,8.3,40
6,California,49-2094,Electrical and Electronics Repairers  Commercial and Industrial Equipment,2012,6500,2022,7100,600,9.2,190
6,California,49-2095,Electrical and Electronics Repairers  Powerhouse  Substation  and Relay,2012,1600,2022,1800,200,12.5,50
6,California,17-2071,Electrical Engineers,2012,23800,2022,24900,1100,4.6,620
6,California,49-9051,Electrical Power-Line Installers and Repairers,2012,7100,2022,8200,1100,15.5,360
6,California,47-2111,Electricians,2012,48700,2022,59500,10800,22.2,2000
6,California,51-2023,Electromechanical Equipment Assemblers,2012,6900,2022,6400,-500,-7.2,80
6,California,17-3024,Electro-Mechanical Technicians,2012,2800,2022,3000,200,7.1,70
6,California,49-2096,Electronic Equipment Installers and Repairers  Motor Vehicles,2012,1700,2022,1600,-100,-5.9,20
6,California,49-2097,Electronic Home Entertainment Equipment Installers and Repairers,2012,2400,2022,2500,100,4.2,90
6,California,17-2072,Electronics Engineers  Except Computer,2012,35500,2022,38500,3000,8.5,1080
6,California,25-2021,Elementary School Teachers  Except Special Education,2012,139200,2022,157900,18700,13.4,4940
6,California,47-4021,Elevator Installers and Repairers,2012,1900,2022,2400,500,26.3,80
6,California,43-4061,Eligibility Interviewers  Government Programs,2012,23600,2022,25800,2200,9.3,690
6,California,29-2041,Emergency Medical Technicians and Paramedics,2012,16800,2022,20700,3900,23.2,850
6,California,51-2031,Engine and Other Machine Assemblers,2012,1300,2022,1300,0,0,20
6,California,25-1032,Engineering Teachers  Postsecondary,2012,2700,2022,3000,300,11.1,70
6,California,17-3029,Engineering Technicians  Except Drafters  All Other,2012,8700,2022,9300,600,6.9,240
6,California,17-2199,Engineers  All Other,2012,17600,2022,19900,2300,13.1,550
6,California,25-1123,English Language and Literature Teachers  Postsecondary,2012,7400,2022,8200,800,10.8,190
6,California,27-2099,Entertainers and Performers  Sports and Related Workers  All Other,2012,6300,2022,7400,1100,17.5,190
6,California,39-3099,Entertainment Attendants and Related Workers  All Other,2012,1200,2022,1500,300,25,80
6,California,17-3025,Environmental Engineering Technicians,2012,1800,2022,2300,500,27.8,90
6,California,17-2081,Environmental Engineers,2012,7300,2022,9100,1800,24.7,360
6,California,19-4091,Environmental Science and Protection Technicians  Including Health,2012,3800,2022,4800,1000,26.3,250
6,California,19-2041,Environmental Scientists and Specialists  Including Health,2012,14900,2022,19300,4400,29.5,880
6,California,53-7032,Excavating and Loading Machine and Dragline Operators,2012,1600,2022,1800,200,12.5,30
6,California,43-6011,Executive Secretaries and Executive Administrative Assistants,2012,104600,2022,107700,3100,3,1570
6,California,51-4021,Extruding and Drawing Machine Setters  Operators  and Tenders  Metal and Plastic,2012,4900,2022,4200,-700,-14.3,90
6,California,51-9041,Extruding  Forming  Pressing  and Compacting Machine Setters  Operators  and Tenders,2012,4100,2022,4100,0,0,110
6,California,51-6092,Fabric and Apparel Patternmakers,2012,2000,2022,1700,-300,-15,30
6,California,29-1062,Family and General Practitioners,2012,17400,2022,19500,2100,12.1,640
6,California,49-3041,Farm Equipment Mechanics and Service Technicians,2012,2700,2022,3100,400,14.8,120
6,California,Nov-13,Farmers  Ranchers  and Other Agricultural Managers,2012,129100,2022,106600,-22500,-17.4,2080
6,California,45-2092,Farmworkers and Laborers  Crop  Nursery  and Greenhouse,2012,258100,2022,289200,31100,12,10940
6,California,45-2093,Farmworkers  Farm  Ranch  and Aquacultural Animals,2012,13300,2022,13700,400,3,440
6,California,27-1022,Fashion Designers,2012,7400,2022,8500,1100,14.9,300
6,California,47-4031,Fence Erectors,2012,2900,2022,3900,1000,34.5,170
6,California,51-2091,Fiberglass Laminators and Fabricators,2012,1700,2022,1600,-100,-5.9,30
6,California,43-4071,File Clerks,2012,24500,2022,23500,-1000,-4.1,560
6,California,27-4032,Film and Video Editors,2012,10100,2022,10900,800,7.9,160
6,California,13-2051,Financial Analysts,2012,32100,2022,39500,7400,23.1,1520
6,California,43-3099,Financial Clerks  All Other,2012,6500,2022,7700,1200,18.5,300
6,California,13-2061,Financial Examiners,2012,4300,2022,4700,400,9.3,150
6,California,Nov-31,Financial Managers,2012,74200,2022,84300,10100,13.6,2400
6,California,13-2099,Financial Specialists  All Other,2012,20500,2022,22900,2400,11.7,460
6,California,27-1013,Fine Artists  Including Painters  Sculptors  and Illustrators,2012,6900,2022,7600,700,10.1,240
6,California,33-2021,Fire Inspectors and Investigators,2012,1000,2022,1100,100,10,40
6,California,33-2011,Firefighters,2012,28700,2022,30500,1800,6.3,970
6,California,47-1011,First-Line Supervisors of Construction Trades and Extraction Workers,2012,46800,2022,60100,13300,28.4,1840
6,California,33-1011,First-Line Supervisors of Correctional Officers,2012,4800,2022,5100,300,6.3,190
6,California,45-1011,First-Line Supervisors of Farming  Fishing  and Forestry Workers,2012,10700,2022,11500,800,7.5,310
6,California,33-1021,First-Line Supervisors of Fire Fighting and Prevention Workers,2012,2100,2022,2200,100,4.8,100
6,California,35-1012,First-Line Supervisors of Food Preparation and Serving Workers,2012,84900,2022,105900,21000,24.7,4500
6,California,53-1021,First-Line Supervisors of Helpers  Laborers  and Material Movers  Hand,2012,20300,2022,23400,3100,15.3,870
6,California,37-1011,First-Line Supervisors of Housekeeping and Janitorial Workers,2012,24400,2022,27600,3200,13.1,900
6,California,37-1012,First-Line Supervisors of Landscaping  Lawn Service  and Groundskeeping Workers,2012,20700,2022,23600,2900,14,530
6,California,49-1011,First-Line Supervisors of Mechanics  Installers  and Repairers,2012,38400,2022,43200,4800,12.5,1520
6,California,41-1012,First-Line Supervisors of Non-Retail Sales Workers,2012,42000,2022,43700,1700,4,700
6,California,43-1011,First-Line Supervisors of Office and Administrative Support Workers,2012,167900,2022,192900,25000,14.9,6490
6,California,39-1021,First-Line Supervisors of Personal Service Workers,2012,22100,2022,24200,2100,9.5,620
6,California,51-1011,First-Line Supervisors of Production and Operating Workers,2012,52800,2022,53400,600,1.1,800
6,California,41-1011,First-Line Supervisors of Retail Sales Workers,2012,161800,2022,176000,14200,8.8,4940
6,California,53-1031,First-Line Supervisors of Transportation and Material-Moving Machine and Vehicle Operators,2012,19300,2022,22000,2700,14,800
6,California,39-9031,Fitness Trainers and Aerobics Instructors,2012,28500,2022,31500,3000,10.5,640
6,California,53-2031,Flight Attendants,2012,10600,2022,12200,1600,15.1,340
6,California,47-2042,Floor Layers  Except Carpet  Wood  and Hard Tiles,2012,2100,2022,2800,700,33.3,110
6,California,27-1023,Floral Designers,2012,4200,2022,4100,-100,-2.4,110
6,California,51-3091,Food and Tobacco Roasting  Baking  and Drying Machine Operators and Tenders,2012,1400,2022,1500,100,7.1,50
6,California,51-3092,Food Batchmakers,2012,13700,2022,14400,700,5.1,510
6,California,51-3093,Food Cooking Machine Operators and Tenders,2012,2900,2022,3200,300,10.3,110
6,California,35-9099,Food Preparation and Serving Related Workers  All Other,2012,5700,2022,6700,1000,17.5,410
6,California,35-2021,Food Preparation Workers,2012,112600,2022,128600,16000,14.2,4830
6,California,51-3099,Food Processing Workers  All Other,2012,2500,2022,2500,0,0,70
6,California,19-1012,Food Scientists and Technologists,2012,3000,2022,3600,600,20,160
6,California,35-3041,Food Servers  Nonrestaurant,2012,24700,2022,29600,4900,19.8,1210
6,California,Nov-51,Food Service Managers,2012,50800,2022,56800,6000,11.8,1510
6,California,25-1124,Foreign Language and Literature Teachers  Postsecondary,2012,3700,2022,4300,600,16.2,120
6,California,19-4092,Forensic Science Technicians,2012,2000,2022,2100,100,5,90
6,California,19-4093,Forest and Conservation Technicians,2012,7400,2022,7300,-100,-1.4,290
6,California,45-4011,Forest and Conservation Workers,2012,2000,2022,2200,200,10,60
6,California,19-1032,Foresters,2012,1200,2022,1800,600,50,90
6,California,51-4022,Forging Machine Setters  Operators  and Tenders  Metal and Plastic,2012,2000,2022,1800,-200,-10,40
6,California,13-1131,Fundraisers,2012,5500,2022,6100,600,10.9,170
6,California,39-4021,Funeral Attendants,2012,1800,2022,1900,100,5.6,40
6,California,51-7021,Furniture Finishers,2012,1000,2022,900,-100,-10,20
6,California,39-3012,Gaming and Sports Book Writers and Runners,2012,1000,2022,1100,100,10,30
6,California,43-3041,Gaming Cage Workers,2012,2100,2022,2300,200,9.5,60
6,California,41-2012,Gaming Change Persons and Booth Cashiers,2012,2200,2022,2300,100,4.5,100
6,California,39-3011,Gaming Dealers,2012,15100,2022,16800,1700,11.3,430
6,California,39-3019,Gaming Service Workers  All Other,2012,4600,2022,5600,1000,21.7,180
6,California,39-1011,Gaming Supervisors,2012,3500,2022,3800,300,8.6,100
6,California,51-8092,Gas Plant Operators,2012,1300,2022,1400,100,7.7,60
6,California,11-1021,General and Operations Managers,2012,253800,2022,295700,41900,16.5,8940
6,California,19-4041,Geological and Petroleum Technicians,2012,1700,2022,2000,300,17.6,90
6,California,19-2042,Geoscientists  Except Hydrologists and Geographers,2012,5800,2022,7100,1300,22.4,310
6,California,47-2121,Glaziers,2012,5000,2022,6700,1700,34,280
6,California,45-2041,Graders and Sorters  Agricultural Products,2012,18000,2022,20300,2300,12.8,550
6,California,25-1191,Graduate Teaching Assistants,2012,9000,2022,10200,1200,13.3,250
6,California,27-1024,Graphic Designers,2012,34400,2022,38700,4300,12.5,1340
6,California,51-9022,Grinding and Polishing Workers  Hand,2012,5200,2022,5200,0,0,150
6,California,51-4033,Grinding  Lapping  Polishing  and Buffing Machine Tool Setters  Operators  and Tenders  Metal and Plastic,2012,7800,2022,7000,-800,-10.3,170
6,California,37-3019,Grounds Maintenance Workers  All Other,2012,1400,2022,1600,200,14.3,60
6,California,39-5012,Hairdressers  Hairstylists  and Cosmetologists,2012,40400,2022,48500,8100,20,1750
6,California,47-4041,Hazardous Materials Removal Workers,2012,4500,2022,5200,700,15.6,170
6,California,17-2111,Health and Safety Engineers  Except Mining Safety Engineers and Inspectors,2012,2700,2022,3000,300,11.1,100
6,California,29-1199,Health Diagnosing and Treating Practitioners  All Other,2012,7300,2022,8300,1000,13.7,260
6,California,21-1091,Health Educators,2012,7100,2022,8400,1300,18.3,320
6,California,25-1071,Health Specialties Teachers  Postsecondary,2012,11900,2022,16300,4400,37,620
6,California,29-2099,Health Technologists and Technicians  All Other,2012,15000,2022,18900,3900,26,540
6,California,29-9099,Healthcare Practitioners and Technical Workers  All Other,2012,6100,2022,7000,900,14.8,260
6,California,21-1022,Healthcare Social Workers,2012,13200,2022,16400,3200,24.2,600
6,California,31-9099,Healthcare Support Workers  All Other,2012,12400,2022,14100,1700,13.7,400
6,California,51-4191,Heat Treating Equipment Setters  Operators  and Tenders  Metal and Plastic,2012,1400,2022,1400,0,0,30
6,California,49-9021,Heating  Air Conditioning  and Refrigeration Mechanics and Installers,2012,20000,2022,24600,4600,23,970
6,California,53-3032,Heavy and Tractor-Trailer Truck Drivers,2012,136100,2022,158400,22300,16.4,4410
6,California,47-3019,Helpers  Construction Trades  All Other,2012,1700,2022,2200,500,29.4,80
6,California,47-3011,Helpers--Brickmasons  Blockmasons  Stonemasons  and Tile and Marble Setters,2012,2900,2022,4600,1700,58.6,210
6,California,47-3012,Helpers--Carpenters,2012,2000,2022,2800,800,40,110
6,California,47-3013,Helpers--Electricians,2012,4200,2022,5700,1500,35.7,210
6,California,47-5081,Helpers--Extraction Workers,2012,1000,2022,1200,200,20,50
6,California,49-9098,Helpers--Installation  Maintenance  and Repair Workers,2012,14300,2022,16400,2100,14.7,640
6,California,47-3014,Helpers--Painters  Paperhangers  Plasterers  and Stucco Masons,2012,2600,2022,3200,600,23.1,110
6,California,47-3015,Helpers--Pipelayers  Plumbers  Pipefitters  and Steamfitters,2012,2800,2022,3600,800,28.6,120
6,California,51-9198,Helpers--Production Workers,2012,43600,2022,47600,4000,9.2,1150
6,California,47-4051,Highway Maintenance Workers,2012,5100,2022,5500,400,7.8,120
6,California,25-1125,History Teachers  Postsecondary,2012,1800,2022,2100,300,16.7,50
6,California,49-9031,Home Appliance Repairers,2012,3200,2022,3200,0,0,110
6,California,31-1011,Home Health Aides,2012,44900,2022,62400,17500,39,2610
6,California,35-9031,Hosts and Hostesses  Restaurant  Lounge  and Coffee Shop,2012,40300,2022,47700,7400,18.4,3780
6,California,43-4081,Hotel  Motel  and Resort Desk Clerks,2012,23400,2022,26700,3300,14.1,1440
6,California,43-4161,Human Resources Assistants  Except Payroll and Timekeeping,2012,16400,2022,16700,300,1.8,450
6,California,Nov-21,Human Resources Managers,2012,14000,2022,16800,2800,20,650
6,California,13-1071,Human Resources Specialists,2012,48300,2022,55700,7400,15.3,1620
6,California,17-3026,Industrial Engineering Technicians,2012,4200,2022,4300,100,2.4,90
6,California,17-2112,Industrial Engineers,2012,23100,2022,25000,1900,8.2,860
6,California,49-9041,Industrial Machinery Mechanics,2012,20900,2022,26100,5200,24.9,1120
6,California,Nov-51,Industrial Production Managers,2012,19200,2022,19300,100,0.5,360
6,California,53-7051,Industrial Truck and Tractor Operators,2012,55300,2022,59500,4200,7.6,1690
6,California,43-4199,Information and Record Clerks  All Other,2012,17900,2022,17000,-900,-5,390
6,California,15-1122,Information Security Analysts,2012,8200,2022,11500,3300,40.2,450
6,California,51-9061,Inspectors  Testers  Sorters  Samplers  and Weighers,2012,48200,2022,52200,4000,8.3,1460
6,California,49-9099,Installation  Maintenance  and Repair Workers  All Other,2012,23100,2022,26500,3400,14.7,730
6,California,25-9031,Instructional Coordinators,2012,19900,2022,22600,2700,13.6,450
6,California,47-2131,Insulation Workers  Floor  Ceiling  and Wall,2012,1600,2022,2500,900,56.3,110
6,California,47-2132,Insulation Workers  Mechanical,2012,1100,2022,1700,600,54.5,70
6,California,13-1032,Insurance Appraisers  Auto Damage,2012,1100,2022,1100,0,0,30
6,California,43-9041,Insurance Claims and Policy Processing Clerks,2012,30000,2022,33200,3200,10.7,1120
6,California,41-3021,Insurance Sales Agents,2012,39900,2022,42800,2900,7.3,1240
6,California,13-2053,Insurance Underwriters,2012,8700,2022,8700,0,0,240
6,California,27-1025,Interior Designers,2012,8100,2022,9200,1100,13.6,330
6,California,29-1063,Internists  General,2012,6400,2022,6900,500,7.8,210
6,California,27-3091,Interpreters and Translators,2012,9700,2022,13400,3700,38.1,510
6,California,43-4111,Interviewers  Except Eligibility and Loan,2012,21500,2022,24000,2500,11.6,660
6,California,37-2011,Janitors and Cleaners  Except Maids and Housekeeping Cleaners,2012,228200,2022,261400,33200,14.5,7610
6,California,51-9071,Jewelers and Precious Stone and Metal Workers,2012,3900,2022,3800,-100,-2.6,80
6,California,23-1023,Judges  Magistrate Judges  and Magistrates,2012,2200,2022,2300,100,4.5,50
6,California,23-1012,Judicial Law Clerks,2012,1800,2022,2000,200,11.1,40
6,California,25-2012,Kindergarten Teachers  Except Special Education,2012,20900,2022,23700,2800,13.4,870
6,California,13-1075,Labor Relations Specialists,2012,9500,2022,9200,-300,-3.2,170
6,California,53-7062,Laborers and Freight  Stock  and Material Movers  Hand,2012,270500,2022,322300,51800,19.1,13560
6,California,17-1012,Landscape Architects,2012,3200,2022,3600,400,12.5,120
6,California,37-3011,Landscaping and Groundskeeping Workers,2012,137600,2022,156600,19000,13.8,5360
6,California,51-4034,Lathe and Turning Machine Tool Setters  Operators  and Tenders  Metal and Plastic,2012,4500,2022,4100,-400,-8.9,90
6,California,51-6011,Laundry and Dry-Cleaning Workers,2012,19200,2022,21200,2000,10.4,770
6,California,25-1112,Law Teachers  Postsecondary,2012,1000,2022,1200,200,20,30
6,California,23-1011,Lawyers,2012,87400,2022,97300,9900,11.3,2390
6,California,51-4192,Layout Workers  Metal and Plastic,2012,1600,2022,1500,-100,-6.3,30
6,California,43-6012,Legal Secretaries,2012,30900,2022,29900,-1000,-3.2,370
6,California,23-2099,Legal Support Workers  All Other,2012,7500,2022,8100,600,8,190
6,California,11-1031,Legislators,2012,2800,2022,3100,300,10.7,80
6,California,25-4021,Librarians,2012,9500,2022,10400,900,9.5,310
6,California,43-4121,Library Assistants  Clerical,2012,9100,2022,10500,1400,15.4,540
6,California,25-4031,Library Technicians,2012,10200,2022,11100,900,8.8,640
6,California,29-2061,Licensed Practical and Licensed Vocational Nurses,2012,60700,2022,76300,15600,25.7,3040
6,California,19-1099,Life Scientists  All Other,2012,1400,2022,1700,300,21.4,60
6,California,19-4099,Life  Physical  and Social Science Technicians  All Other,2012,8000,2022,9600,1600,20,470
6,California,33-9092,Lifeguards  Ski Patrol  and Other Recreational Protective Service Workers,2012,13400,2022,14800,1400,10.4,1060
6,California,53-3033,Light Truck or Delivery Services Drivers,2012,87600,2022,96300,8700,9.9,2260
6,California,43-4131,Loan Interviewers and Clerks,2012,18200,2022,22100,3900,21.4,510
6,California,13-2072,Loan Officers,2012,31500,2022,37800,6300,20,1210
6,California,39-3093,Locker Room  Coatroom  and Dressing Room Attendants,2012,3000,2022,3300,300,10,180
6,California,49-9094,Locksmiths and Safe Repairers,2012,3400,2022,3700,300,8.8,150
6,California,Nov-81,Lodging Managers,2012,6500,2022,6600,100,1.5,210
6,California,45-4022,Logging Equipment Operators,2012,1500,2022,1500,0,0,30
6,California,13-1081,Logisticians,2012,13700,2022,18100,4400,32.1,590
6,California,53-7063,Machine Feeders and Offbearers,2012,12500,2022,13500,1000,8,350
6,California,51-4041,Machinists,2012,34000,2022,39200,5200,15.3,1300
6,California,29-2035,Magnetic Resonance Imaging Technologists,2012,2100,2022,2500,400,19,70
6,California,37-2012,Maids and Housekeeping Cleaners,2012,143300,2022,165100,21800,15.2,5020
6,California,43-9051,Mail Clerks and Mail Machine Operators  Except Postal Service,2012,8000,2022,7400,-600,-7.5,180
6,California,49-9071,Maintenance and Repair Workers  General,2012,116600,2022,130700,14100,12.1,3650
6,California,49-9043,Maintenance Workers  Machinery,2012,7000,2022,8000,1000,14.3,190
6,California,39-5091,Makeup Artists  Theatrical and Performance,2012,1200,2022,1300,100,8.3,20
6,California,13-1111,Management Analysts,2012,95200,2022,125300,30100,31.6,4490
6,California,Nov-99,Managers  All Other,2012,88800,2022,101300,12500,14.1,3190
6,California,39-5092,Manicurists and Pedicurists,2012,23000,2022,28500,5500,23.9,740
6,California,13-1161,Market Research Analysts and Marketing Specialists,2012,70900,2022,99400,28500,40.2,3830
6,California,Nov-21,Marketing Managers,2012,30300,2022,36900,6600,21.8,1310
6,California,21-1013,Marriage and Family Therapists,2012,6000,2022,7400,1400,23.3,270
6,California,31-9011,Massage Therapists,2012,17200,2022,20300,3100,18,500
6,California,53-7199,Material Moving Workers  All Other,2012,5500,2022,6800,1300,23.6,270
6,California,17-2131,Materials Engineers,2012,2700,2022,2800,100,3.7,100
6,California,19-2032,Materials Scientists,2012,1300,2022,1500,200,15.4,60
6,California,25-1022,Mathematical Science Teachers  Postsecondary,2012,5800,2022,6300,500,8.6,140
6,California,51-3022,Meat  Poultry  and Fish Cutters and Trimmers,2012,8200,2022,9200,1000,12.2,300
6,California,49-9011,Mechanical Door Repairers,2012,1100,2022,1600,500,45.5,90
6,California,17-3013,Mechanical Drafters,2012,4100,2022,3800,-300,-7.3,50
6,California,17-3027,Mechanical Engineering Technicians,2012,5300,2022,5500,200,3.8,130
6,California,17-2141,Mechanical Engineers,2012,23500,2022,24600,1100,4.7,910
6,California,27-4099,Media and Communication Equipment Workers  All Other,2012,5600,2022,6100,500,8.9,120
6,California,27-3099,Media and Communication Workers  All Other,2012,15500,2022,16900,1400,9,350
6,California,29-2012,Medical and Clinical Laboratory Technicians,2012,16000,2022,20500,4500,28.1,870
6,California,29-2011,Medical and Clinical Laboratory Technologists,2012,10300,2022,11500,1200,11.7,400
6,California,Nov-11,Medical and Health Services Managers,2012,27900,2022,34100,6200,22.2,1290
6,California,51-9082,Medical Appliance Technicians,2012,1200,2022,1300,100,8.3,60
6,California,31-9092,Medical Assistants,2012,81600,2022,100500,18900,23.2,3450
6,California,31-9093,Medical Equipment Preparers,2012,6600,2022,8000,1400,21.2,260
6,California,49-9062,Medical Equipment Repairers,2012,4500,2022,5600,1100,24.4,240
6,California,29-2071,Medical Records and Health Information Technicians,2012,16500,2022,19900,3400,20.6,780
6,California,19-1042,Medical Scientists  Except Epidemiologists,2012,28000,2022,33000,5000,17.9,1100
6,California,43-6013,Medical Secretaries,2012,68500,2022,88400,19900,29.1,2810
6,California,31-9094,Medical Transcriptionists,2012,4600,2022,4800,200,4.3,100
6,California,13-1121,Meeting  Convention  and Event Planners,2012,9800,2022,13000,3200,32.7,450
6,California,21-1023,Mental Health and Substance Abuse Social Workers,2012,11200,2022,12500,1300,11.6,370
6,California,21-1014,Mental Health Counselors,2012,10600,2022,12000,1400,13.2,370
6,California,27-1026,Merchandise Displayers and Window Trimmers,2012,9000,2022,10400,1400,15.6,380
6,California,43-5041,Meter Readers  Utilities,2012,4000,2022,3500,-500,-12.5,100
6,California,19-1022,Microbiologists,2012,4500,2022,5400,900,20,210
6,California,25-2022,Middle School Teachers  Except Special and Career/Technical Education,2012,49100,2022,55700,6600,13.4,1740
6,California,51-4035,Milling and Planing Machine Setters  Operators  and Tenders  Metal and Plastic,2012,2600,2022,2400,-200,-7.7,50
6,California,49-9044,Millwrights,2012,2400,2022,2800,400,16.7,80
6,California,51-9023,Mixing and Blending Machine Setters  Operators  and Tenders,2012,11100,2022,11900,800,7.2,400
6,California,49-3042,Mobile Heavy Equipment Mechanics  Except Engines,2012,10900,2022,12000,1100,10.1,430
6,California,51-9195,Molders  Shapers  and Casters  Except Metal and Plastic,2012,3900,2022,4000,100,2.6,140
6,California,51-4072,Molding  Coremaking  and Casting Machine Setters  Operators  and Tenders  Metal and Plastic,2012,9900,2022,8300,-1600,-16.2,120
6,California,39-4031,Morticians  Undertakers  and Funeral Directors,2012,1500,2022,1700,200,13.3,50
6,California,53-3099,Motor Vehicle Operators  All Other,2012,11100,2022,12900,1800,16.2,490
6,California,49-3052,Motorcycle Mechanics,2012,1500,2022,1900,400,26.7,70
6,California,27-1014,Multimedia Artists and Animators,2012,23200,2022,25800,2600,11.2,810
6,California,51-4081,Multiple Machine Tool Setters  Operators  and Tenders  Metal and Plastic,2012,5200,2022,4500,-700,-13.5,100
6,California,25-4013,Museum Technicians and Conservators,2012,1200,2022,1400,200,16.7,50
6,California,27-2041,Music Directors and Composers,2012,5000,2022,5100,100,2,150
6,California,27-2042,Musicians and Singers,2012,14400,2022,14800,400,2.8,430
6,California,Nov-21,Natural Sciences Managers,2012,9300,2022,11000,1700,18.3,360
6,California,15-1142,Network and Computer Systems Administrators,2012,40700,2022,47600,6900,17,1330
6,California,43-4141,New Accounts Clerks,2012,5700,2022,5300,-400,-7,150
6,California,39-2021,Nonfarm Animal Caretakers,2012,20000,2022,24100,4100,20.5,650
6,California,17-2161,Nuclear Engineers,2012,1500,2022,1800,300,20,70
6,California,29-2033,Nuclear Medicine Technologists,2012,1500,2022,1700,200,13.3,50
6,California,29-1151,Nurse Anesthetists,2012,1000,2022,1200,200,20,40
6,California,29-1171,Nurse Practitioners,2012,9300,2022,11900,2600,28,440
6,California,31-1014,Nursing Assistants,2012,98400,2022,121600,23200,23.6,4180
6,California,25-1072,Nursing Instructors and Teachers  Postsecondary,2012,3900,2022,5300,1400,35.9,200
6,California,29-1064,Obstetricians and Gynecologists,2012,2700,2022,2900,200,7.4,90
6,California,29-9011,Occupational Health and Safety Specialists,2012,7200,2022,8900,1700,23.6,360
6,California,29-1122,Occupational Therapists,2012,9300,2022,11400,2100,22.6,340
6,California,31-2011,Occupational Therapy Assistants,2012,1600,2022,2300,700,43.8,100
6,California,43-9199,Office and Administrative Support Workers  All Other,2012,82400,2022,90100,7700,9.3,3080
6,California,43-9061,Office Clerks  General,2012,329800,2022,360100,30300,9.2,9950
6,California,43-9071,Office Machine Operators  Except Computer,2012,8800,2022,8100,-700,-8,210
6,California,47-2073,Operating Engineers and Other Construction Equipment Operators,2012,22100,2022,27000,4900,22.2,990
6,California,15-2031,Operations Research Analysts,2012,7300,2022,10000,2700,37,440
6,California,51-9083,Ophthalmic Laboratory Technicians,2012,2200,2022,2400,200,9.1,100
6,California,29-2057,Ophthalmic Medical Technicians,2012,4000,2022,4900,900,22.5,130
6,California,29-2081,Opticians  Dispensing,2012,7500,2022,8800,1300,17.3,350
6,California,29-1041,Optometrists,2012,4700,2022,5400,700,14.9,210
6,California,43-4151,Order Clerks,2012,30100,2022,32700,2600,8.6,1050
6,California,31-1015,Orderlies,2012,5000,2022,5700,700,14,170
6,California,29-2091,Orthotists and Prosthetists,2012,1100,2022,1500,400,36.4,50
6,California,49-3053,Outdoor Power Equipment and Other Small Engine Mechanics,2012,1700,2022,1900,200,11.8,60
6,California,51-9111,Packaging and Filling Machine Operators and Tenders,2012,42400,2022,45900,3500,8.3,1350
6,California,53-7064,Packers and Packagers  Hand,2012,93000,2022,103400,10400,11.2,3480
6,California,47-2141,Painters  Construction and Maintenance,2012,44000,2022,60900,16900,38.4,2360
6,California,51-9122,Painters  Transportation Equipment,2012,6400,2022,7200,800,12.5,190
6,California,51-9123,Painting  Coating  and Decorating Workers,2012,1900,2022,1900,0,0,40
6,California,51-9196,Paper Goods Machine Setters  Operators  and Tenders,2012,6400,2022,5700,-700,-10.9,60
6,California,23-2011,Paralegals and Legal Assistants,2012,30000,2022,35300,5300,17.7,1020
6,California,33-3041,Parking Enforcement Workers,2012,1600,2022,1600,0,0,50
6,California,53-6021,Parking Lot Attendants,2012,22700,2022,25400,2700,11.9,1350
6,California,41-2022,Parts Salespersons,2012,21400,2022,25500,4100,19.2,950
6,California,47-2071,Paving  Surfacing  and Tamping Equipment Operators,2012,6700,2022,7200,500,7.5,150
6,California,43-3051,Payroll and Timekeeping Clerks,2012,22400,2022,26200,3800,17,870
6,California,29-1065,Pediatricians  General,2012,5400,2022,5900,500,9.3,190
6,California,39-9021,Personal Care Aides,2012,386900,2022,587200,200300,51.8,22800
6,California,39-9099,Personal Care and Service Workers  All Other,2012,4800,2022,5400,600,12.5,200
6,California,13-2052,Personal Financial Advisors,2012,25600,2022,31100,5500,21.5,970
6,California,37-2021,Pest Control Workers,2012,9500,2022,11700,2200,23.2,490
6,California,37-3012,Pesticide Handlers  Sprayers  and Applicators  Vegetation,2012,3400,2022,4100,700,20.6,150
6,California,17-2171,Petroleum Engineers,2012,2300,2022,2600,300,13,90
6,California,51-8093,Petroleum Pump System Operators  Refinery Operators  and Gaugers,2012,4800,2022,4700,-100,-2.1,180
6,California,29-1051,Pharmacists,2012,26900,2022,31000,4100,15.2,1050
6,California,31-9095,Pharmacy Aides,2012,9000,2022,10000,1000,11.1,270
6,California,29-2052,Pharmacy Technicians,2012,31400,2022,37200,5800,18.5,900
6,California,25-1126,Philosophy and Religion Teachers  Postsecondary,2012,2400,2022,2900,500,20.8,80
6,California,31-9097,Phlebotomists,2012,11000,2022,13200,2200,20,440
6,California,27-4021,Photographers,2012,14100,2022,14400,300,2.1,180
6,California,51-9151,Photographic Process Workers and Processing Machine Operators,2012,4500,2022,4600,100,2.2,140
6,California,19-2099,Physical Scientists  All Other,2012,2800,2022,3200,400,14.3,100
6,California,31-2022,Physical Therapist Aides,2012,5900,2022,7900,2000,33.9,330
6,California,31-2021,Physical Therapist Assistants,2012,4500,2022,6100,1600,35.6,250
6,California,29-1123,Physical Therapists,2012,16400,2022,21100,4700,28.7,870
6,California,29-1071,Physician Assistants,2012,8300,2022,11100,2800,33.7,430
6,California,29-1069,Physicians and Surgeons  All Other,2012,27900,2022,31500,3600,12.9,1050
6,California,19-2012,Physicists,2012,3800,2022,4500,700,18.4,160
6,California,25-1054,Physics Teachers  Postsecondary,2012,1300,2022,1500,200,15.4,40
6,California,47-2151,Pipelayers,2012,3300,2022,4100,800,24.2,120
6,California,51-8099,Plant and System Operators  All Other,2012,1100,2022,1100,0,0,40
6,California,47-2161,Plasterers and Stucco Masons,2012,6500,2022,8200,1700,26.2,210
6,California,51-4193,Plating and Coating Machine Setters  Operators  and Tenders  Metal and Plastic,2012,3400,2022,3100,-300,-8.8,70
6,California,47-2152,Plumbers  Pipefitters  and Steamfitters,2012,34100,2022,42400,8300,24.3,1250
6,California,33-3051,Police and Sheriff's Patrol Officers,2012,67300,2022,71900,4600,6.8,2570
6,California,43-5031,Police  Fire  and Ambulance Dispatchers,2012,6800,2022,7500,700,10.3,260
6,California,25-1065,Political Science Teachers  Postsecondary,2012,1400,2022,1600,200,14.3,40
6,California,43-5051,Postal Service Clerks,2012,7400,2022,5000,-2400,-32.4,110
6,California,43-5052,Postal Service Mail Carriers,2012,32300,2022,23600,-8700,-26.9,1120
6,California,43-5053,Postal Service Mail Sorters  Processors  and Processing Machine Operators,2012,13600,2022,9500,-4100,-30.1,100
6,California,25-1199,Postsecondary Teachers  All Other,2012,40500,2022,47100,6600,16.3,1270
6,California,51-8013,Power Plant Operators,2012,4300,2022,4600,300,7,160
6,California,49-9069,Precision Instrument and Equipment Repairers  All Other,2012,1600,2022,1700,100,6.3,50
6,California,51-5111,Prepress Technicians and Workers,2012,4400,2022,3500,-900,-20.5,110
6,California,25-2011,Preschool Teachers  Except Special Education,2012,55900,2022,58400,2500,4.5,1820
6,California,51-6021,Pressers  Textile  Garment  and Related Materials,2012,7600,2022,7800,200,2.6,100
6,California,51-5113,Print Binding and Finishing Workers,2012,4700,2022,4000,-700,-14.9,80
6,California,51-5112,Printing Press Operators,2012,15200,2022,13100,-2100,-13.8,270
6,California,33-9021,Private Detectives and Investigators,2012,4000,2022,4800,800,20,190
6,California,21-1092,Probation Officers and Correctional Treatment Specialists,2012,12900,2022,13200,300,2.3,360
6,California,43-3061,Procurement Clerks,2012,7700,2022,8200,500,6.5,330
6,California,27-2012,Producers and Directors,2012,29100,2022,32000,2900,10,1270
6,California,51-9199,Production Workers  All Other,2012,19000,2022,22100,3100,16.3,800
6,California,43-5061,Production  Planning  and Expediting Clerks,2012,38900,2022,42600,3700,9.5,1350
6,California,43-9081,Proofreaders and Copy Markers,2012,1000,2022,1100,100,10,30
6,California,Nov-41,Property  Real Estate  and Community Association Managers,2012,45500,2022,51200,5700,12.5,1600
6,California,33-9099,Protective Service Workers  All Other,2012,15700,2022,17300,1600,10.2,1230
6,California,31-1013,Psychiatric Aides,2012,2500,2022,2700,200,8,70
6,California,29-2053,Psychiatric Technicians,2012,8400,2022,8500,100,1.2,100
6,California,29-1066,Psychiatrists,2012,5200,2022,5800,600,11.5,190
6,California,19-3039,Psychologists  All Other,2012,1300,2022,1400,100,7.7,50
6,California,25-1066,Psychology Teachers  Postsecondary,2012,5400,2022,6300,900,16.7,160
6,California,27-3012,Public Address System and Other Announcers,2012,1700,2022,1900,200,11.8,60
6,California,Nov-31,Public Relations and Fundraising Managers,2012,6600,2022,7700,1100,16.7,250
6,California,27-3031,Public Relations Specialists,2012,22800,2022,25800,3000,13.2,610
6,California,13-1023,Purchasing Agents  Except Wholesale  Retail  and Farm Products,2012,33400,2022,35800,2400,7.2,840
6,California,Nov-61,Purchasing Managers,2012,7800,2022,8500,700,9,250
6,California,29-1124,Radiation Therapists,2012,1100,2022,1300,200,18.2,40
6,California,27-3011,Radio and Television Announcers,2012,3600,2022,3700,100,2.8,80
6,California,49-2021,Radio  Cellular  and Tower Equipment Installers and Repairs,2012,1500,2022,1600,100,6.7,30
6,California,29-2034,Radiologic Technologists,2012,15000,2022,17600,2600,17.3,470
6,California,49-3043,Rail Car Repairers,2012,1100,2022,1200,100,9.1,50
6,California,53-4031,Railroad Conductors and Yardmasters,2012,1500,2022,1600,100,6.7,50
6,California,41-9021,Real Estate Brokers,2012,10400,2022,12300,1900,18.3,300
6,California,41-9022,Real Estate Sales Agents,2012,26100,2022,30400,4300,16.5,680
6,California,43-4171,Receptionists and Information Clerks,2012,98900,2022,110000,11100,11.2,3770
6,California,25-1193,Recreation and Fitness Studies Teachers  Postsecondary,2012,2600,2022,2800,200,7.7,60
6,California,39-9032,Recreation Workers,2012,41300,2022,46500,5200,12.6,1010
6,California,29-1125,Recreational Therapists,2012,1400,2022,1600,200,14.3,50
6,California,49-3092,Recreational Vehicle Service Technicians,2012,1200,2022,1500,300,25,70
6,California,53-7081,Refuse and Recyclable Material Collectors,2012,15400,2022,18000,2600,16.9,580
6,California,29-1141,Registered Nurses,2012,254500,2022,297400,42900,16.9,9230
6,California,21-1015,Rehabilitation Counselors,2012,13900,2022,16400,2500,18,550
6,California,47-2171,Reinforcing Iron and Rebar Workers,2012,2400,2022,3300,900,37.5,130
6,California,21-2099,Religious Workers  All Other,2012,4500,2022,4700,200,4.4,120
6,California,27-3022,Reporters and Correspondents,2012,5200,2022,5500,300,5.8,210
6,California,43-4181,Reservation and Transportation Ticket Agents and Travel Clerks,2012,15900,2022,15900,0,0,210
6,California,39-9041,Residential Advisors,2012,3800,2022,4200,400,10.5,210
6,California,29-1126,Respiratory Therapists,2012,14100,2022,16600,2500,17.7,450
6,California,41-2031,Retail Salespersons,2012,468400,2022,528100,59700,12.7,22000
6,California,51-4023,Rolling Machine Setters  Operators  and Tenders  Metal and Plastic,2012,1900,2022,1900,0,0,40
6,California,47-2181,Roofers,2012,16400,2022,20600,4200,25.6,770
6,California,47-5012,Rotary Drill Operators  Oil and Gas,2012,1400,2022,1600,200,14.3,80
6,California,47-5071,Roustabouts  Oil and Gas,2012,3800,2022,4600,800,21.1,180
6,California,53-5011,Sailors and Marine Oilers,2012,2400,2022,2800,400,16.7,140
6,California,41-9099,Sales and Related Workers  All Other,2012,15900,2022,18900,3000,18.9,610
6,California,41-9031,Sales Engineers,2012,12800,2022,15300,2500,19.5,470
6,California,Nov-22,Sales Managers,2012,58500,2022,67600,9100,15.6,2170
6,California,41-3099,Sales Representatives  Services  All Other,2012,105700,2022,129300,23600,22.3,5250
6,California,41-4012,Sales Representatives  Wholesale and Manufacturing  Except Technical and Scientific Products,2012,138700,2022,158900,20200,14.6,4730
6,California,41-4011,Sales Representatives  Wholesale and Manufacturing  Technical and Scientific Products,2012,49700,2022,57300,7600,15.3,1730
6,California,51-7041,Sawing Machine Setters  Operators  and Tenders  Wood,2012,2700,2022,2500,-200,-7.4,80
6,California,25-2031,Secondary School Teachers  Except Special and Career/Technical Education,2012,88900,2022,94700,5800,6.5,3000
6,California,43-6014,Secretaries and Administrative Assistants  Except Legal  Medical  and Executive,2012,212800,2022,250100,37300,17.5,6290
6,California,41-3031,Securities  Commodities  and Financial Services Sales Agents,2012,45400,2022,49000,3600,7.9,1430
6,California,49-2098,Security and Fire Alarm Systems Installers,2012,7600,2022,9100,1500,19.7,310
6,California,33-9032,Security Guards,2012,139000,2022,161200,22200,16,4350
6,California,25-3021,Self-Enrichment Education Teachers,2012,30700,2022,34800,4100,13.4,940
6,California,51-9141,Semiconductor Processors,2012,5800,2022,4500,-1300,-22.4,140
6,California,51-9012,Separating  Filtering  Clarifying  Precipitating  and Still Machine Setters  Operators  and Tenders,2012,6400,2022,7700,1300,20.3,350
6,California,47-4071,Septic Tank Servicers and Sewer Pipe Cleaners,2012,1400,2022,1700,300,21.4,60
6,California,47-5013,Service Unit Operators  Oil  Gas  and Mining,2012,2000,2022,2400,400,20,120
6,California,27-1027,Set and Exhibit Designers,2012,3000,2022,3400,400,13.3,120
6,California,51-6051,Sewers  Hand,2012,1700,2022,1900,200,11.8,40
6,California,51-6031,Sewing Machine Operators,2012,37700,2022,31300,-6400,-17,180
6,California,39-5093,Shampooers,2012,2300,2022,2400,100,4.3,30
6,California,47-2211,Sheet Metal Workers,2012,13000,2022,15400,2400,18.5,480
6,California,53-5031,Ship Engineers,2012,1000,2022,1100,100,10,50
6,California,43-5071,Shipping  Receiving  and Traffic Clerks,2012,87500,2022,94800,7300,8.3,3030
6,California,39-5094,Skincare Specialists,2012,5100,2022,7200,2100,41.2,250
6,California,51-3023,Slaughterers and Meat Packers,2012,5700,2022,5600,-100,-1.8,140
6,California,39-1012,Slot Supervisors,2012,1400,2022,1500,100,7.1,40
6,California,Nov-51,Social and Community Service Managers,2012,14200,2022,16400,2200,15.5,510
6,California,21-1093,Social and Human Service Assistants,2012,39900,2022,46800,6900,17.3,1730
6,California,19-4061,Social Science Research Assistants,2012,2700,2022,3400,700,25.9,180
6,California,25-1069,Social Sciences Teachers  Postsecondary  All Other,2012,2100,2022,2400,300,14.3,60
6,California,19-3099,Social Scientists and Related Workers  All Other,2012,4200,2022,5100,900,21.4,160
6,California,21-1029,Social Workers  All Other,2012,14000,2022,15100,1100,7.9,400
6,California,25-1067,Sociology Teachers  Postsecondary,2012,1000,2022,1200,200,20,30
6,California,15-1132,Software Developers  Applications,2012,95100,2022,123100,28000,29.4,4020
6,California,15-1133,Software Developers  Systems Software,2012,79300,2022,98300,19000,24,2920
6,California,19-1013,Soil and Plant Scientists,2012,2000,2022,2700,700,35,140
6,California,47-2231,Solar Photovoltaic Installers,2012,1400,2022,1800,400,28.6,60
6,California,27-4014,Sound Engineering Technicians,2012,4400,2022,4600,200,4.5,100
6,California,25-2059,Special Education Teachers  All Other,2012,10900,2022,11800,900,8.3,280
6,California,25-2052,Special Education Teachers  Kindergarten and Elementary School,2012,14600,2022,15600,1000,6.8,350
6,California,25-2053,Special Education Teachers  Middle School,2012,5300,2022,5600,300,5.7,120
6,California,25-2051,Special Education Teachers  Preschool,2012,2300,2022,2500,200,8.7,60
6,California,25-2054,Special Education Teachers  Secondary School,2012,9500,2022,10000,500,5.3,220
6,California,29-1127,Speech-Language Pathologists,2012,11200,2022,12800,1600,14.3,330
6,California,51-8021,Stationary Engineers and Boiler Operators,2012,3800,2022,4100,300,7.9,150
6,California,43-9111,Statistical Assistants,2012,1100,2022,1300,200,18.2,50
6,California,15-2041,Statisticians,2012,2700,2022,3800,1100,40.7,190
6,California,43-5081,Stock Clerks and Order Fillers,2012,200800,2022,213700,12900,6.4,7350
6,California,47-2022,Stonemasons,2012,1100,2022,1700,600,54.5,70
6,California,47-2221,Structural Iron and Steel Workers,2012,4700,2022,6200,1500,31.9,300
6,California,51-2041,Structural Metal Fabricators and Fitters,2012,6000,2022,6500,500,8.3,290
6,California,21-1011,Substance Abuse and Behavioral Disorder Counselors,2012,9600,2022,11400,1800,18.8,380
6,California,53-4041,Subway and Streetcar Operators,2012,1500,2022,1600,100,6.7,60
6,California,29-1067,Surgeons,2012,5800,2022,6700,900,15.5,230
6,California,29-2055,Surgical Technologists,2012,9400,2022,11800,2400,25.5,330
6,California,19-3022,Survey Researchers,2012,1500,2022,1700,200,13.3,50
6,California,17-3031,Surveying and Mapping Technicians,2012,3200,2022,3700,500,15.6,100
6,California,17-1022,Surveyors,2012,4000,2022,4300,300,7.5,120
6,California,43-2011,Switchboard Operators  Including Answering Service,2012,14000,2022,12300,-1700,-12.1,260
6,California,51-6052,Tailors  Dressmakers  and Custom Sewers,2012,6800,2022,6900,100,1.5,80
6,California,47-2082,Tapers,2012,5600,2022,7700,2100,37.5,260
6,California,13-2081,Tax Examiners and Collectors  and Revenue Agents,2012,9200,2022,8900,-300,-3.3,320
6,California,13-2082,Tax Preparers,2012,10200,2022,11200,1000,9.8,300
6,California,53-3041,Taxi Drivers and Chauffeurs,2012,17700,2022,21400,3700,20.9,580
6,California,25-9041,Teacher Assistants,2012,144400,2022,156300,11900,8.2,4470
6,California,25-3099,Teachers and Instructors  All Other,2012,142200,2022,154100,11900,8.4,3620
6,California,51-2092,Team Assemblers,2012,78700,2022,81800,3100,3.9,1550
6,California,27-3042,Technical Writers,2012,6900,2022,8300,1400,20.3,360
6,California,49-2022,Telecommunications Equipment Installers and Repairers  Except Line Installers,2012,27700,2022,33700,6000,21.7,980
6,California,49-9052,Telecommunications Line Installers and Repairers,2012,15800,2022,19300,3500,22.2,730
6,California,41-9041,Telemarketers,2012,14000,2022,15700,1700,12.1,460
6,California,43-2021,Telephone Operators,2012,1900,2022,1900,0,0,50
6,California,43-3071,Tellers,2012,52900,2022,54000,1100,2.1,2570
6,California,47-2053,Terrazzo Workers and Finishers,2012,1100,2022,1600,500,45.5,60
6,California,51-6061,Textile Bleaching and Dyeing Machine Operators and Tenders,2012,2500,2022,2200,-300,-12,40
6,California,51-6062,Textile Cutting Machine Setters  Operators  and Tenders,2012,2900,2022,2400,-500,-17.2,50
6,California,51-6063,Textile Knitting and Weaving Machine Setters  Operators  and Tenders,2012,1700,2022,1200,-500,-29.4,30
6,California,51-6099,Textile  Apparel  and Furnishings Workers  All Other,2012,1800,2022,1700,-100,-5.6,10
6,California,29-1129,Therapists  All Other,2012,3800,2022,5000,1200,31.6,160
6,California,47-2044,Tile and Marble Setters,2012,8500,2022,11700,3200,37.6,480
6,California,49-3093,Tire Repairers and Changers,2012,10200,2022,12200,2000,19.6,560
6,California,23-2093,Title Examiners  Abstractors  and Searchers,2012,7800,2022,8900,1100,14.1,240
6,California,51-4111,Tool and Die Makers,2012,3200,2022,3300,100,3.1,30
6,California,51-4194,Tool Grinders  Filers  and Sharpeners,2012,1000,2022,1000,0,0,20
6,California,00-0000,Total  All Occupations,2012,16281000,2022,18708600,2427600,14.9,628900
6,California,39-7011,Tour Guides and Escorts,2012,3800,2022,4300,500,13.2,230
6,California,Nov-31,Training and Development Managers,2012,2700,2022,3200,500,18.5,120
6,California,13-1151,Training and Development Specialists,2012,21100,2022,26100,5000,23.7,890
6,California,53-6061,Transportation Attendants  Except Flight Attendants,2012,2500,2022,2900,400,16,80
6,California,53-6051,Transportation Inspectors,2012,2100,2022,2400,300,14.3,100
6,California,33-9093,Transportation Security Screeners,2012,5600,2022,6000,400,7.1,160
6,California,53-6099,Transportation Workers  All Other,2012,6300,2022,7500,1200,19,370
6,California,Nov-71,Transportation  Storage  and Distribution Managers,2012,12700,2022,14300,1600,12.6,460
6,California,41-3041,Travel Agents,2012,9300,2022,7300,-2000,-21.5,140
6,California,39-7012,Travel Guides,2012,1000,2022,1000,0,0,50
6,California,37-3013,Tree Trimmers and Pruners,2012,7200,2022,8700,1500,20.8,340
6,California,27-2023,Umpires  Referees  and Other Sports Officials,2012,2200,2022,2400,200,9.1,90
6,California,51-6093,Upholsterers,2012,4700,2022,4200,-500,-10.6,130
6,California,19-3051,Urban and Regional Planners,2012,7100,2022,8400,1300,18.3,450
6,California,39-3031,Ushers  Lobby Attendants  and Ticket Takers,2012,14400,2022,15400,1000,6.9,860
6,California,29-1131,Veterinarians,2012,6900,2022,7300,400,5.8,260
6,California,31-9096,Veterinary Assistants and Laboratory Animal Caretakers,2012,9200,2022,9600,400,4.3,210
6,California,29-2056,Veterinary Technologists and Technicians,2012,8600,2022,10400,1800,20.9,270
6,California,25-1194,Vocational Education Teachers  Postsecondary,2012,14000,2022,15500,1500,10.7,360
6,California,35-3031,Waiters and Waitresses,2012,246100,2022,290300,44200,18,16260
6,California,51-8031,Water and Wastewater Treatment Plant and System Operators,2012,10200,2022,10900,700,6.9,420
6,California,15-1134,Web Developers,2012,21500,2022,28300,6800,31.6,1020
6,California,43-5111,Weighers  Measurers  Checkers  and Samplers  Recordkeeping,2012,14600,2022,16700,2100,14.4,530
6,California,51-4121,Welders  Cutters  Solderers  and Brazers,2012,24700,2022,26300,1600,6.5,770
6,California,51-4122,Welding  Soldering  and Brazing Machine Setters  Operators  and Tenders,2012,3600,2022,4300,700,19.4,160
6,California,13-1022,Wholesale and Retail Buyers  Except Farm Products,2012,17600,2022,20400,2800,15.9,720
6,California,51-7099,Woodworkers  All Other,2012,2400,2022,2400,0,0,80
6,California,51-7042,Woodworking Machine Setters  Operators  and Tenders  Except Sawing,2012,3700,2022,3300,-400,-10.8,20
6,California,43-9022,Word Processors and Typists,2012,26800,2022,20400,-6400,-23.9,100
6,California,27-3043,Writers and Authors,2012,21700,2022,23700,2000,9.2,670
6,California,19-1023,Zoologists and Wildlife Biologists,2012,3100,2022,3700,600,19.4,150
