STFIPS,AreaName,OccupationCode,OccupationName,BaseYear,Base,ProjYear,Proj,Change,PercentChange,AvgAnnualOpenings
8,Colorado,13-2011,Accountants and Auditors,2012,33870,2022,43490,9620,28.4,1960
8,Colorado,15-2011,Actuaries,2012,440,2022,600,160,35.9,30
8,Colorado,23-1021,Administrative Law Judges  Adjudicators  and Hearing Officers,2012,200,2022,210,10,5,0
8,Colorado,Nov-11,Administrative Services Managers,2012,2440,2022,2960,520,21.4,90
8,Colorado,25-3011,Adult Basic and Secondary Education and Literacy Teachers and Instructors,2012,820,2022,950,130,16.1,30
8,Colorado,Nov-11,Advertising and Promotions Managers,2012,330,2022,380,50,14.9,20
8,Colorado,41-3011,Advertising Sales Agents,2012,2370,2022,2470,100,4.1,80
8,Colorado,17-3021,Aerospace Engineering and Operations Technicians,2012,280,2022,340,60,22,10
8,Colorado,17-2011,Aerospace Engineers,2012,2450,2022,3000,550,22.3,110
8,Colorado,13-1011,Agents and Business Managers of Artists  Performers  and Athletes,2012,150,2022,190,40,25.7,10
8,Colorado,19-4011,Agricultural and Food Science Technicians,2012,80,2022,90,10,4.8,0
8,Colorado,45-2091,Agricultural Equipment Operators,2012,700,2022,720,20,3.4,20
8,Colorado,25-1041,Agricultural Sciences Teachers  Postsecondary,2012,140,2022,160,20,16.1,0
8,Colorado,45-2099,Agricultural Workers  All Other,2012,130,2022,140,10,3,0
8,Colorado,53-1011,Aircraft Cargo Handling Supervisors,2012,90,2022,120,30,27.7,10
8,Colorado,49-3011,Aircraft Mechanics and Service Technicians,2012,1860,2022,2170,310,16.6,80
8,Colorado,53-2011,Airline Pilots  Copilots  and Flight Engineers,2012,2610,2022,3460,850,32.3,160
8,Colorado,53-3011,Ambulance Drivers and Attendants  Except Emergency Medical Technicians,2012,210,2022,240,30,18,10
8,Colorado,39-3091,Amusement and Recreation Attendants,2012,5750,2022,6450,700,12.2,360
8,Colorado,33-9011,Animal Control Workers,2012,460,2022,510,50,10.4,20
8,Colorado,39-2011,Animal Trainers,2012,730,2022,900,170,23.5,50
8,Colorado,19-3091,Anthropologists and Archeologists,2012,300,2022,390,90,28.5,10
8,Colorado,25-1061,Anthropology and Archeology Teachers  Postsecondary,2012,170,2022,200,30,20.4,10
8,Colorado,13-2021,Appraisers and Assessors of Real Estate,2012,2010,2022,2220,210,10.4,40
8,Colorado,23-1022,Arbitrators  Mediators  and Conciliators,2012,140,2022,180,40,23.1,10
8,Colorado,17-1011,Architects  Except Landscape and Naval,2012,3260,2022,4260,1000,30.6,180
8,Colorado,17-3011,Architectural and Civil Drafters,2012,1450,2022,1630,180,12,40
8,Colorado,Nov-41,Architectural and Engineering Managers,2012,2980,2022,3810,830,27.9,160
8,Colorado,25-1031,Architecture Teachers  Postsecondary,2012,240,2022,290,50,22.6,10
8,Colorado,25-4011,Archivists,2012,80,2022,80,0,12,0
8,Colorado,25-1062,Area  Ethnic  and Cultural Studies Teachers  Postsecondary,2012,170,2022,210,40,24,10
8,Colorado,27-1011,Art Directors,2012,1520,2022,1660,140,9.3,50
8,Colorado,25-1121,Art  Drama  and Music Teachers  Postsecondary,2012,1570,2022,1940,370,24.1,60
8,Colorado,27-1019,Artists and Related Workers  All Other,2012,240,2022,250,10,2.5,10
8,Colorado,51-2099,Assemblers and Fabricators  All Other,2012,2930,2022,3670,740,25.6,120
8,Colorado,27-2021,Athletes and Sports Competitors,2012,280,2022,320,40,15,10
8,Colorado,29-9091,Athletic Trainers,2012,260,2022,310,50,21.5,10
8,Colorado,19-2021,Atmospheric and Space Scientists,2012,1630,2022,2110,480,29.1,90
8,Colorado,25-1051,Atmospheric  Earth  Marine  and Space Sciences Teachers  Postsecondary,2012,350,2022,420,70,19.5,10
8,Colorado,27-4011,Audio and Video Equipment Technicians,2012,1350,2022,1690,340,25.5,60
8,Colorado,29-1181,Audiologists,2012,490,2022,640,150,31.4,30
8,Colorado,25-9011,Audio-Visual and Multimedia Collections Specialists,2012,40,2022,40,0,5.1,0
8,Colorado,53-6031,Automotive and Watercraft Service Attendants,2012,2060,2022,2630,570,27.2,120
8,Colorado,49-3021,Automotive Body and Related Repairers,2012,2580,2022,3080,500,19.4,100
8,Colorado,49-3023,Automotive Service Technicians and Mechanics,2012,13600,2022,16310,2710,20,620
8,Colorado,49-2091,Avionics Technicians,2012,290,2022,330,40,15.4,10
8,Colorado,39-6011,Baggage Porters and Bellhops,2012,880,2022,970,90,10.6,30
8,Colorado,33-3011,Bailiffs,2012,50,2022,50,0,12.8,0
8,Colorado,51-3011,Bakers,2012,2960,2022,3510,550,18.5,130
8,Colorado,39-5011,Barbers,2012,1040,2022,1260,220,21.1,50
8,Colorado,35-3011,Bartenders,2012,10090,2022,12250,2160,21.4,590
8,Colorado,49-3091,Bicycle Repairers,2012,750,2022,950,200,26.1,50
8,Colorado,43-3011,Bill and Account Collectors,2012,5400,2022,6950,1550,28.7,310
8,Colorado,43-3021,Billing and Posting Clerks,2012,6680,2022,8420,1740,26.1,300
8,Colorado,19-1021,Biochemists and Biophysicists,2012,370,2022,500,130,35.6,20
8,Colorado,25-1042,Biological Science Teachers  Postsecondary,2012,880,2022,1110,230,27,40
8,Colorado,19-1029,Biological Scientists  All Other,2012,1010,2022,1090,80,7.9,40
8,Colorado,19-4021,Biological Technicians,2012,2450,2022,2860,410,16.7,110
8,Colorado,17-2031,Biomedical Engineers,2012,110,2022,160,50,44.1,10
8,Colorado,47-2011,Boilermakers,2012,130,2022,130,0,7.2,10
8,Colorado,43-3031,Bookkeeping  Accounting  and Auditing Clerks,2012,35770,2022,44180,8410,23.5,1170
8,Colorado,47-2021,Brickmasons and Blockmasons,2012,1480,2022,2280,800,54.2,100
8,Colorado,27-4012,Broadcast Technicians,2012,600,2022,680,80,12.1,20
8,Colorado,43-4011,Brokerage Clerks,2012,1030,2022,980,-50,-4.6,30
8,Colorado,13-2031,Budget Analysts,2012,1170,2022,1370,200,17.5,70
8,Colorado,49-3031,Bus and Truck Mechanics and Diesel Engine Specialists,2012,4960,2022,5740,780,15.6,180
8,Colorado,53-3022,Bus Drivers  School or Special Client,2012,5240,2022,5650,410,8,140
8,Colorado,53-3021,Bus Drivers  Transit and Intercity,2012,3990,2022,4520,530,13.3,130
8,Colorado,13-1199,Business Operations Specialists  All Other,2012,42990,2022,51450,8460,19.7,1440
8,Colorado,25-1011,Business Teachers  Postsecondary,2012,1330,2022,1640,310,22.7,50
8,Colorado,51-3021,Butchers and Meat Cutters,2012,3170,2022,3880,710,22.5,150
8,Colorado,13-1021,Buyers and Purchasing Agents  Farm Products,2012,90,2022,100,10,14.1,0
8,Colorado,51-7011,Cabinetmakers and Bench Carpenters,2012,1820,2022,1950,130,7,30
8,Colorado,49-9061,Camera and Photographic Equipment Repairers,2012,60,2022,80,20,33.3,0
8,Colorado,27-4031,Camera Operators  Television  Video  and Motion Picture,2012,330,2022,430,100,30.9,10
8,Colorado,29-2031,Cardiovascular Technologists and Technicians,2012,470,2022,650,180,37.9,30
8,Colorado,25-2023,Career/Technical Education Teachers  Middle School,2012,180,2022,200,20,12.6,10
8,Colorado,25-2032,Career/Technical Education Teachers  Secondary School,2012,770,2022,860,90,12.4,30
8,Colorado,43-5011,Cargo and Freight Agents,2012,500,2022,640,140,27.7,30
8,Colorado,47-2031,Carpenters,2012,17410,2022,22430,5020,28.8,720
8,Colorado,47-2041,Carpet Installers,2012,460,2022,570,110,22.7,20
8,Colorado,17-1021,Cartographers and Photogrammetrists,2012,770,2022,960,190,24.6,40
8,Colorado,41-2011,Cashiers,2012,51260,2022,58710,7450,14.5,2960
8,Colorado,47-2051,Cement Masons and Concrete Finishers,2012,4480,2022,6350,1870,41.8,240
8,Colorado,35-1011,Chefs and Head Cooks,2012,2270,2022,2560,290,13,70
8,Colorado,17-2041,Chemical Engineers,2012,460,2022,580,120,24.6,20
8,Colorado,51-9011,Chemical Equipment Operators and Tenders,2012,360,2022,340,-20,-6.3,10
8,Colorado,19-4031,Chemical Technicians,2012,860,2022,1130,270,31.6,50
8,Colorado,25-1052,Chemistry Teachers  Postsecondary,2012,470,2022,570,100,21.7,20
8,Colorado,19-2031,Chemists,2012,1670,2022,1940,270,16.1,70
8,Colorado,11-1011,Chief Executives,2012,1470,2022,1780,310,20.8,60
8,Colorado,21-1021,Child  Family  and School Social Workers,2012,5650,2022,6760,1110,19.8,230
8,Colorado,39-9011,Childcare Workers,2012,13230,2022,16120,2890,21.9,680
8,Colorado,29-1011,Chiropractors,2012,1260,2022,1400,140,10.9,40
8,Colorado,17-3022,Civil Engineering Technicians,2012,970,2022,1080,110,11.7,30
8,Colorado,17-2051,Civil Engineers,2012,7240,2022,9360,2120,29.3,390
8,Colorado,13-1031,Claims Adjusters  Examiners  and Investigators,2012,5320,2022,6080,760,14.4,200
8,Colorado,53-7061,Cleaners of Vehicles and Equipment,2012,4610,2022,5570,960,20.9,220
8,Colorado,51-9192,Cleaning  Washing  and Metal Pickling Equipment Operators and Tenders,2012,100,2022,110,10,5.8,0
8,Colorado,21-2011,Clergy,2012,860,2022,990,130,15.6,30
8,Colorado,19-3031,Clinical  Counseling  and School Psychologists,2012,3250,2022,3770,520,16,140
8,Colorado,27-2022,Coaches and Scouts,2012,7090,2022,8210,1120,15.8,320
8,Colorado,51-9121,Coating  Painting  and Spraying Machine Setters  Operators  and Tenders,2012,1080,2022,1150,70,6.8,30
8,Colorado,51-2021,Coil Winders  Tapers  and Finishers,2012,60,2022,70,10,25.4,0
8,Colorado,49-9091,Coin  Vending  and Amusement Machine Servicers and Repairers,2012,630,2022,680,50,7,10
8,Colorado,35-3021,Combined Food Preparation and Serving Workers  Including Fast Food,2012,60670,2022,77380,16710,27.5,3990
8,Colorado,27-1021,Commercial and Industrial Designers,2012,460,2022,570,110,23.1,20
8,Colorado,53-2012,Commercial Pilots,2012,740,2022,1010,270,37.8,50
8,Colorado,25-1122,Communications Teachers  Postsecondary,2012,620,2022,740,120,20.7,20
8,Colorado,21-1099,Community and Social Service Specialists  All Other,2012,2940,2022,3520,580,19.7,140
8,Colorado,21-1094,Community Health Workers,2012,430,2022,550,120,27.1,20
8,Colorado,Nov-11,Compensation and Benefits Managers,2012,160,2022,190,30,19.7,10
8,Colorado,13-1141,Compensation  Benefits  and Job Analysis Specialists,2012,1300,2022,1540,240,19,50
8,Colorado,13-1041,Compliance Officers,2012,4110,2022,4850,740,18.1,150
8,Colorado,15-1111,Computer and Information Research Scientists,2012,220,2022,260,40,15.3,10
8,Colorado,Nov-21,Computer and Information Systems Managers,2012,5780,2022,7340,1560,27.1,240
8,Colorado,17-2061,Computer Hardware Engineers,2012,3230,2022,4170,940,28.9,160
8,Colorado,15-1143,Computer Network Architects,2012,3510,2022,4160,650,18.7,120
8,Colorado,15-1152,Computer Network Support Specialists,2012,5230,2022,5980,750,14.3,160
8,Colorado,51-4012,Computer Numerically Controlled Machine Tool Programmers  Metal and Plastic,2012,160,2022,240,80,52.3,10
8,Colorado,15-1199,Computer Occupations  All Other,2012,6310,2022,7090,780,12.5,180
8,Colorado,43-9011,Computer Operators,2012,560,2022,520,-40,-7.3,10
8,Colorado,15-1131,Computer Programmers,2012,4460,2022,5420,960,21.4,210
8,Colorado,25-1021,Computer Science Teachers  Postsecondary,2012,500,2022,600,100,20.7,20
8,Colorado,15-1121,Computer Systems Analysts,2012,11410,2022,15570,4160,36.5,600
8,Colorado,15-1151,Computer User Support Specialists,2012,13430,2022,17680,4250,31.6,640
8,Colorado,49-2011,Computer  Automated Teller  and Office Machine Repairers,2012,2080,2022,2330,250,12.1,70
8,Colorado,51-4011,Computer-Controlled Machine Tool Operators  Metal and Plastic,2012,1140,2022,1460,320,27.8,60
8,Colorado,39-6012,Concierges,2012,930,2022,1140,210,23.1,50
8,Colorado,19-1031,Conservation Scientists,2012,1460,2022,1620,160,10.5,60
8,Colorado,47-4011,Construction and Building Inspectors,2012,1870,2022,2370,500,26.6,90
8,Colorado,47-4099,Construction and Related Workers  All Other,2012,800,2022,1020,220,26.8,40
8,Colorado,47-2061,Construction Laborers,2012,19860,2022,26240,6380,32.1,1060
8,Colorado,Nov-21,Construction Managers,2012,6890,2022,8200,1310,19,240
8,Colorado,47-5041,Continuous Mining Machine Operators,2012,880,2022,740,-140,-15.4,20
8,Colorado,49-9012,Control and Valve Installers and Repairers  Except Mechanical Door,2012,960,2022,1030,70,7.1,40
8,Colorado,53-7011,Conveyor Operators and Tenders,2012,290,2022,330,40,14.5,10
8,Colorado,35-2019,Cooks  All Other,2012,240,2022,270,30,11.9,10
8,Colorado,35-2011,Cooks  Fast Food,2012,5110,2022,5640,530,10.3,150
8,Colorado,35-2012,Cooks  Institution and Cafeteria,2012,5610,2022,6620,1010,18,210
8,Colorado,35-2013,Cooks  Private Household,2012,20,2022,30,10,16.7,0
8,Colorado,35-2014,Cooks  Restaurant,2012,23560,2022,29710,6150,26.1,1080
8,Colorado,35-2015,Cooks  Short Order,2012,2060,2022,2270,210,10,60
8,Colorado,51-9193,Cooling and Freezing Equipment Operators and Tenders,2012,250,2022,280,30,11.8,10
8,Colorado,33-3012,Correctional Officers and Jailers,2012,8540,2022,9920,1380,16.2,370
8,Colorado,43-4021,Correspondence Clerks,2012,100,2022,120,20,15.5,10
8,Colorado,13-1051,Cost Estimators,2012,4870,2022,6670,1800,36.9,340
8,Colorado,21-1019,Counselors  All Other,2012,140,2022,180,40,28.6,10
8,Colorado,41-2021,Counter and Rental Clerks,2012,10520,2022,12280,1760,16.7,450
8,Colorado,35-3022,Counter Attendants  Cafeteria  Food Concession  and Coffee Shop,2012,6350,2022,7160,810,12.7,470
8,Colorado,43-5021,Couriers and Messengers,2012,1510,2022,1470,-40,-2.6,20
8,Colorado,23-2091,Court Reporters,2012,250,2022,310,60,24.4,10
8,Colorado,43-4031,Court  Municipal  and License Clerks,2012,4520,2022,5210,690,15.3,140
8,Colorado,27-1012,Craft Artists,2012,190,2022,210,20,8.9,10
8,Colorado,53-7021,Crane and Tower Operators,2012,710,2022,1060,350,50.1,60
8,Colorado,13-2041,Credit Analysts,2012,980,2022,1320,340,34.5,60
8,Colorado,43-4041,Credit Authorizers  Checkers  and Clerks,2012,450,2022,430,-20,-4.7,10
8,Colorado,13-2071,Credit Counselors,2012,320,2022,420,100,30.2,20
8,Colorado,25-1111,Criminal Justice and Law Enforcement Teachers  Postsecondary,2012,200,2022,240,40,20.9,10
8,Colorado,51-9021,Crushing  Grinding  and Polishing Machine Setters  Operators  and Tenders,2012,510,2022,470,-40,-6.3,10
8,Colorado,25-4012,Curators,2012,260,2022,310,50,19.9,10
8,Colorado,43-4051,Customer Service Representatives,2012,45990,2022,59210,13220,28.8,2570
8,Colorado,51-9031,Cutters and Trimmers  Hand,2012,70,2022,60,-10,-15.2,0
8,Colorado,51-9032,Cutting and Slicing Machine Setters  Operators  and Tenders,2012,300,2022,270,-30,-11.9,10
8,Colorado,51-4031,Cutting  Punching  and Press Machine Setters  Operators  and Tenders  Metal and Plastic,2012,1060,2022,1110,50,4.9,10
8,Colorado,27-2031,Dancers,2012,550,2022,640,90,17.6,30
8,Colorado,43-9021,Data Entry Keyers,2012,3010,2022,2540,-470,-15.5,40
8,Colorado,15-1141,Database Administrators,2012,2340,2022,2950,610,26.5,110
8,Colorado,41-9011,Demonstrators and Product Promoters,2012,820,2022,1020,200,24.5,40
8,Colorado,31-9091,Dental Assistants,2012,6040,2022,7350,1310,21.6,260
8,Colorado,29-2021,Dental Hygienists,2012,3880,2022,5010,1130,29.1,210
8,Colorado,51-9081,Dental Laboratory Technicians,2012,680,2022,830,150,22.8,40
8,Colorado,29-1029,Dentists  All Other Specialists,2012,60,2022,50,-10,-10.9,0
8,Colorado,29-1021,Dentists  General,2012,2590,2022,2920,330,12.8,100
8,Colorado,47-5011,Derrick Operators  Oil and Gas,2012,630,2022,1110,480,76,70
8,Colorado,27-1029,Designers  All Other,2012,300,2022,400,100,30.3,20
8,Colorado,43-9031,Desktop Publishers,2012,630,2022,600,-30,-5.2,10
8,Colorado,33-3021,Detectives and Criminal Investigators,2012,1760,2022,1900,140,7.8,50
8,Colorado,29-2032,Diagnostic Medical Sonographers,2012,800,2022,1210,410,51.3,50
8,Colorado,29-2051,Dietetic Technicians,2012,520,2022,600,80,16.6,10
8,Colorado,29-1031,Dietitians and Nutritionists,2012,1090,2022,1400,310,28.2,40
8,Colorado,35-9011,Dining Room and Cafeteria Attendants and Bartender Helpers,2012,8050,2022,9440,1390,17.2,490
8,Colorado,21-2021,Directors  Religious Activities and Education,2012,250,2022,270,20,10.2,10
8,Colorado,35-9021,Dishwashers,2012,8630,2022,10010,1380,15.9,520
8,Colorado,43-5032,Dispatchers  Except Police  Fire  and Ambulance,2012,2670,2022,3240,570,21,130
8,Colorado,17-3019,Drafters  All Other,2012,230,2022,290,60,28.6,10
8,Colorado,51-4032,Drilling and Boring Machine Tool Setters  Operators  and Tenders  Metal and Plastic,2012,250,2022,210,-40,-15.9,10
8,Colorado,53-3031,Driver/Sales Workers,2012,7550,2022,9040,1490,19.8,270
8,Colorado,47-2081,Drywall and Ceiling Tile Installers,2012,2890,2022,3640,750,26.1,100
8,Colorado,47-5021,Earth Drillers  Except Oil and Gas,2012,520,2022,700,180,35.7,30
8,Colorado,25-1063,Economics Teachers  Postsecondary,2012,340,2022,420,80,22.4,10
8,Colorado,19-3011,Economists,2012,250,2022,340,90,32.3,20
8,Colorado,27-3041,Editors,2012,1960,2022,1960,0,-0.4,50
8,Colorado,Nov-39,Education Administrators  All Other,2012,550,2022,550,0,0.2,10
8,Colorado,Nov-32,Education Administrators  Elementary and Secondary School,2012,4050,2022,4580,530,12.9,160
8,Colorado,Nov-33,Education Administrators  Postsecondary,2012,2270,2022,2800,530,23.1,110
8,Colorado,Nov-31,Education Administrators  Preschool and Childcare Center/Program,2012,820,2022,1040,220,27.4,40
8,Colorado,25-1081,Education Teachers  Postsecondary,2012,1050,2022,1280,230,22.7,40
8,Colorado,25-9099,Education  Training  and Library Workers  All Other,2012,1380,2022,1690,310,22.4,40
8,Colorado,21-1012,Educational  Guidance  School  and Vocational Counselors,2012,4350,2022,5160,810,18.7,170
8,Colorado,49-2092,Electric Motor  Power Tool  and Related Repairers,2012,340,2022,360,20,5.6,10
8,Colorado,51-2022,Electrical and Electronic Equipment Assemblers,2012,3580,2022,4230,650,18,110
8,Colorado,17-3012,Electrical and Electronics Drafters,2012,730,2022,990,260,35.6,40
8,Colorado,17-3023,Electrical and Electronics Engineering Technicians,2012,2090,2022,2350,260,12.2,70
8,Colorado,49-2093,Electrical and Electronics Installers and Repairers  Transportation Equipment,2012,390,2022,400,10,1.8,10
8,Colorado,49-2094,Electrical and Electronics Repairers  Commercial and Industrial Equipment,2012,1340,2022,1530,190,14.2,50
8,Colorado,49-2095,Electrical and Electronics Repairers  Powerhouse  Substation  and Relay,2012,310,2022,330,20,5.1,10
8,Colorado,17-2071,Electrical Engineers,2012,4170,2022,5240,1070,25.6,200
8,Colorado,49-9051,Electrical Power-Line Installers and Repairers,2012,2320,2022,2640,320,13.9,110
8,Colorado,47-2111,Electricians,2012,13270,2022,18130,4860,36.7,740
8,Colorado,51-2023,Electromechanical Equipment Assemblers,2012,1930,2022,2270,340,17.8,60
8,Colorado,17-3024,Electro-Mechanical Technicians,2012,340,2022,440,100,27.9,20
8,Colorado,49-2096,Electronic Equipment Installers and Repairers  Motor Vehicles,2012,300,2022,300,0,0.7,0
8,Colorado,49-2097,Electronic Home Entertainment Equipment Installers and Repairers,2012,670,2022,880,210,31,50
8,Colorado,17-2072,Electronics Engineers  Except Computer,2012,4580,2022,5190,610,13.4,160
8,Colorado,25-2021,Elementary School Teachers  Except Special Education,2012,23190,2022,27880,4690,20.2,980
8,Colorado,47-4021,Elevator Installers and Repairers,2012,220,2022,310,90,41.5,10
8,Colorado,43-4061,Eligibility Interviewers  Government Programs,2012,2720,2022,3100,380,13.7,90
8,Colorado,Nov-61,Emergency Management Directors,2012,130,2022,160,30,26.4,10
8,Colorado,29-2041,Emergency Medical Technicians and Paramedics,2012,3300,2022,4090,790,23.9,170
8,Colorado,51-2031,Engine and Other Machine Assemblers,2012,1070,2022,1200,130,11.4,30
8,Colorado,25-1032,Engineering Teachers  Postsecondary,2012,820,2022,990,170,19.7,30
8,Colorado,17-3029,Engineering Technicians  Except Drafters  All Other,2012,1600,2022,1870,270,17.1,60
8,Colorado,17-2199,Engineers  All Other,2012,1650,2022,1860,210,12.3,50
8,Colorado,25-1123,English Language and Literature Teachers  Postsecondary,2012,1320,2022,1580,260,20.1,50
8,Colorado,27-2099,Entertainers and Performers  Sports and Related Workers  All Other,2012,950,2022,1140,190,20.8,30
8,Colorado,39-3099,Entertainment Attendants and Related Workers  All Other,2012,30,2022,30,0,7.1,0
8,Colorado,17-3025,Environmental Engineering Technicians,2012,400,2022,540,140,35,20
8,Colorado,17-2081,Environmental Engineers,2012,1750,2022,2390,640,36.9,110
8,Colorado,19-4091,Environmental Science and Protection Technicians  Including Health,2012,1000,2022,1380,380,37.7,80
8,Colorado,25-1053,Environmental Science Teachers  Postsecondary,2012,160,2022,190,30,20.9,10
8,Colorado,19-2041,Environmental Scientists and Specialists  Including Health,2012,2960,2022,3850,890,30.1,180
8,Colorado,51-9194,Etchers and Engravers,2012,220,2022,170,-50,-19.9,10
8,Colorado,53-7032,Excavating and Loading Machine and Dragline Operators,2012,1330,2022,1640,310,23.1,40
8,Colorado,43-6011,Executive Secretaries and Executive Administrative Assistants,2012,16540,2022,17760,1220,7.4,320
8,Colorado,29-1128,Exercise Physiologists,2012,140,2022,160,20,14.5,0
8,Colorado,47-5099,Extraction Workers  All Other,2012,110,2022,160,50,45,10
8,Colorado,51-4021,Extruding and Drawing Machine Setters  Operators  and Tenders  Metal and Plastic,2012,310,2022,330,20,7.1,10
8,Colorado,51-6091,Extruding and Forming Machine Setters  Operators  and Tenders  Synthetic and Glass Fibers,2012,50,2022,40,-10,-22.9,0
8,Colorado,51-9041,Extruding  Forming  Pressing  and Compacting Machine Setters  Operators  and Tenders,2012,680,2022,680,0,0.6,20
8,Colorado,29-1062,Family and General Practitioners,2012,3080,2022,3490,410,13.4,120
8,Colorado,25-9021,Farm and Home Management Advisors,2012,140,2022,170,30,18.3,0
8,Colorado,49-3041,Farm Equipment Mechanics and Service Technicians,2012,400,2022,500,100,25.5,20
8,Colorado,45-2092,Farmworkers and Laborers  Crop  Nursery  and Greenhouse,2012,7610,2022,7410,-200,-2.6,230
8,Colorado,45-2093,Farmworkers  Farm  Ranch  and Aquacultural Animals,2012,1410,2022,1510,100,7.1,50
8,Colorado,27-1022,Fashion Designers,2012,90,2022,110,20,19.3,0
8,Colorado,51-2091,Fiberglass Laminators and Fabricators,2012,30,2022,20,-10,-16,0
8,Colorado,43-4071,File Clerks,2012,2440,2022,2530,90,3.8,70
8,Colorado,27-4032,Film and Video Editors,2012,450,2022,560,110,24.3,10
8,Colorado,13-2051,Financial Analysts,2012,3710,2022,4760,1050,28.2,200
8,Colorado,43-3099,Financial Clerks  All Other,2012,640,2022,800,160,25,30
8,Colorado,13-2061,Financial Examiners,2012,480,2022,530,50,10.6,20
8,Colorado,Nov-31,Financial Managers,2012,5520,2022,6910,1390,25.2,240
8,Colorado,13-2099,Financial Specialists  All Other,2012,2670,2022,3040,370,14,70
8,Colorado,27-1013,Fine Artists  Including Painters  Sculptors  and Illustrators,2012,250,2022,300,50,19.5,10
8,Colorado,33-2021,Fire Inspectors and Investigators,2012,150,2022,160,10,7.3,10
8,Colorado,33-2011,Firefighters,2012,4640,2022,5030,390,8.4,170
8,Colorado,47-1011,First-Line Supervisors of Construction Trades and Extraction Workers,2012,12300,2022,16540,4240,34.4,560
8,Colorado,33-1011,First-Line Supervisors of Correctional Officers,2012,760,2022,880,120,15.3,40
8,Colorado,45-1011,First-Line Supervisors of Farming  Fishing  and Forestry Workers,2012,440,2022,430,-10,-1.4,10
8,Colorado,33-1021,First-Line Supervisors of Fire Fighting and Prevention Workers,2012,860,2022,930,70,8.1,40
8,Colorado,35-1012,First-Line Supervisors of Food Preparation and Serving Workers,2012,15050,2022,18720,3670,24.4,790
8,Colorado,53-1021,First-Line Supervisors of Helpers  Laborers  and Material Movers  Hand,2012,1850,2022,2210,360,19.3,90
8,Colorado,37-1011,First-Line Supervisors of Housekeeping and Janitorial Workers,2012,3640,2022,4360,720,19.9,160
8,Colorado,37-1012,First-Line Supervisors of Landscaping  Lawn Service  and Groundskeeping Workers,2012,3930,2022,4900,970,24.6,140
8,Colorado,49-1011,First-Line Supervisors of Mechanics  Installers  and Repairers,2012,6790,2022,7900,1110,16.4,300
8,Colorado,41-1012,First-Line Supervisors of Non-Retail Sales Workers,2012,6420,2022,6790,370,5.8,120
8,Colorado,43-1011,First-Line Supervisors of Office and Administrative Support Workers,2012,19140,2022,23380,4240,22.1,880
8,Colorado,39-1021,First-Line Supervisors of Personal Service Workers,2012,4320,2022,4860,540,12.7,130
8,Colorado,33-1012,First-Line Supervisors of Police and Detectives,2012,1410,2022,1530,120,8.1,50
8,Colorado,51-1011,First-Line Supervisors of Production and Operating Workers,2012,5900,2022,6290,390,6.6,120
8,Colorado,33-1099,First-Line Supervisors of Protective Service Workers  All Other,2012,980,2022,1150,170,17.1,40
8,Colorado,41-1011,First-Line Supervisors of Retail Sales Workers,2012,23670,2022,27020,3350,14.2,850
8,Colorado,53-1031,First-Line Supervisors of Transportation and Material-Moving Machine and Vehicle Operators,2012,2910,2022,3450,540,18.7,130
8,Colorado,45-3011,Fishers and Related Fishing Workers,2012,10,2022,10,0,9.1,0
8,Colorado,39-9031,Fitness Trainers and Aerobics Instructors,2012,7810,2022,8820,1010,12.9,190
8,Colorado,53-2031,Flight Attendants,2012,2440,2022,3250,810,33.4,120
8,Colorado,47-2042,Floor Layers  Except Carpet  Wood  and Hard Tiles,2012,290,2022,370,80,25.4,10
8,Colorado,47-2043,Floor Sanders and Finishers,2012,100,2022,130,30,27.6,10
8,Colorado,27-1023,Floral Designers,2012,1180,2022,1280,100,8.7,40
8,Colorado,51-3092,Food Batchmakers,2012,1860,2022,1980,120,6.3,70
8,Colorado,51-3093,Food Cooking Machine Operators and Tenders,2012,200,2022,220,20,11.2,10
8,Colorado,35-9099,Food Preparation and Serving Related Workers  All Other,2012,380,2022,460,80,20.4,30
8,Colorado,35-2021,Food Preparation Workers,2012,10450,2022,11600,1150,11,420
8,Colorado,51-3099,Food Processing Workers  All Other,2012,1140,2022,1290,150,12.7,40
8,Colorado,19-1012,Food Scientists and Technologists,2012,90,2022,110,20,19.6,10
8,Colorado,35-3041,Food Servers  Nonrestaurant,2012,5510,2022,6460,950,17.3,260
8,Colorado,Nov-51,Food Service Managers,2012,3960,2022,4650,690,17.2,140
8,Colorado,25-1124,Foreign Language and Literature Teachers  Postsecondary,2012,620,2022,770,150,23.3,20
8,Colorado,19-4092,Forensic Science Technicians,2012,270,2022,290,20,9,10
8,Colorado,19-4093,Forest and Conservation Technicians,2012,1280,2022,1240,-40,-2.9,50
8,Colorado,33-2022,Forest Fire Inspectors and Prevention Specialists,2012,30,2022,30,0,8,0
8,Colorado,19-1032,Foresters,2012,230,2022,250,20,7.9,10
8,Colorado,25-1043,Forestry and Conservation Science Teachers  Postsecondary,2012,60,2022,70,10,17.5,0
8,Colorado,51-4022,Forging Machine Setters  Operators  and Tenders  Metal and Plastic,2012,320,2022,280,-40,-12.3,10
8,Colorado,51-4071,Foundry Mold and Coremakers,2012,50,2022,60,10,23.1,0
8,Colorado,13-1131,Fundraisers,2012,2040,2022,2380,340,16.3,70
8,Colorado,39-4021,Funeral Attendants,2012,320,2022,350,30,10.7,10
8,Colorado,Nov-61,Funeral Service Managers,2012,110,2022,140,30,23,10
8,Colorado,51-9051,Furnace  Kiln  Oven  Drier  and Kettle Operators and Tenders,2012,170,2022,140,-30,-20.2,0
8,Colorado,51-7021,Furniture Finishers,2012,390,2022,420,30,8.8,10
8,Colorado,43-3041,Gaming Cage Workers,2012,380,2022,420,40,8.6,10
8,Colorado,41-2012,Gaming Change Persons and Booth Cashiers,2012,590,2022,580,-10,-1.2,30
8,Colorado,39-3011,Gaming Dealers,2012,1490,2022,1680,190,12.9,50
8,Colorado,39-3019,Gaming Service Workers  All Other,2012,150,2022,160,10,6.6,0
8,Colorado,39-1011,Gaming Supervisors,2012,430,2022,460,30,7.7,10
8,Colorado,51-8092,Gas Plant Operators,2012,530,2022,640,110,18.9,30
8,Colorado,11-1021,General and Operations Managers,2012,42170,2022,52340,10170,24.1,1810
8,Colorado,29-9092,Genetic Counselors,2012,30,2022,40,10,44,0
8,Colorado,19-3092,Geographers,2012,70,2022,80,10,27.3,0
8,Colorado,25-1064,Geography Teachers  Postsecondary,2012,160,2022,190,30,18.2,10
8,Colorado,19-4041,Geological and Petroleum Technicians,2012,490,2022,720,230,48.5,40
8,Colorado,19-2042,Geoscientists  Except Hydrologists and Geographers,2012,2330,2022,3190,860,36.6,150
8,Colorado,47-2121,Glaziers,2012,1210,2022,1590,380,31.8,70
8,Colorado,25-1191,Graduate Teaching Assistants,2012,2230,2022,2630,400,18.1,70
8,Colorado,27-1024,Graphic Designers,2012,5620,2022,6440,820,14.7,230
8,Colorado,51-9022,Grinding and Polishing Workers  Hand,2012,330,2022,360,30,10.4,10
8,Colorado,51-4033,Grinding  Lapping  Polishing  and Buffing Machine Tool Setters  Operators  and Tenders  Metal and Plastic,2012,550,2022,540,-10,-2.9,10
8,Colorado,37-3019,Grounds Maintenance Workers  All Other,2012,240,2022,290,50,18.2,10
8,Colorado,39-5012,Hairdressers  Hairstylists  and Cosmetologists,2012,10740,2022,13160,2420,22.5,490
8,Colorado,47-4041,Hazardous Materials Removal Workers,2012,720,2022,660,-60,-8.2,20
8,Colorado,17-2111,Health and Safety Engineers  Except Mining Safety Engineers and Inspectors,2012,480,2022,610,130,27.6,30
8,Colorado,29-1199,Health Diagnosing and Treating Practitioners  All Other,2012,640,2022,770,130,18.9,30
8,Colorado,21-1091,Health Educators,2012,690,2022,880,190,27.3,40
8,Colorado,25-1071,Health Specialties Teachers  Postsecondary,2012,3690,2022,5380,1690,45.8,220
8,Colorado,29-2099,Health Technologists and Technicians  All Other,2012,1980,2022,2530,550,27.9,80
8,Colorado,29-9099,Healthcare Practitioners and Technical Workers  All Other,2012,280,2022,330,50,17.9,10
8,Colorado,21-1022,Healthcare Social Workers,2012,2050,2022,2640,590,28.8,100
8,Colorado,31-9099,Healthcare Support Workers  All Other,2012,1910,2022,2180,270,14.1,60
8,Colorado,29-2092,Hearing Aid Specialists,2012,30,2022,30,0,25.9,0
8,Colorado,51-4191,Heat Treating Equipment Setters  Operators  and Tenders  Metal and Plastic,2012,120,2022,120,0,1.7,0
8,Colorado,49-9021,Heating  Air Conditioning  and Refrigeration Mechanics and Installers,2012,4020,2022,5430,1410,35.2,240
8,Colorado,53-3032,Heavy and Tractor-Trailer Truck Drivers,2012,24180,2022,30170,5990,24.8,990
8,Colorado,47-3019,Helpers  Construction Trades  All Other,2012,110,2022,140,30,27.4,10
8,Colorado,47-3011,Helpers--Brickmasons  Blockmasons  Stonemasons  and Tile and Marble Setters,2012,200,2022,320,120,61.3,20
8,Colorado,47-3012,Helpers--Carpenters,2012,220,2022,290,70,31.1,10
8,Colorado,47-3013,Helpers--Electricians,2012,570,2022,870,300,53.7,40
8,Colorado,47-5081,Helpers--Extraction Workers,2012,600,2022,930,330,53.8,50
8,Colorado,49-9098,Helpers--Installation  Maintenance  and Repair Workers,2012,830,2022,1020,190,23,40
8,Colorado,47-3014,Helpers--Painters  Paperhangers  Plasterers  and Stucco Masons,2012,260,2022,310,50,21.2,10
8,Colorado,47-3015,Helpers--Pipelayers  Plumbers  Pipefitters  and Steamfitters,2012,430,2022,600,170,40.6,20
8,Colorado,51-9198,Helpers--Production Workers,2012,4350,2022,5220,870,19.9,160
8,Colorado,47-3016,Helpers--Roofers,2012,310,2022,400,90,30,10
8,Colorado,47-4051,Highway Maintenance Workers,2012,2600,2022,2870,270,10.4,70
8,Colorado,19-3093,Historians,2012,50,2022,50,0,2.2,0
8,Colorado,25-1125,History Teachers  Postsecondary,2012,470,2022,580,110,21.5,20
8,Colorado,49-9031,Home Appliance Repairers,2012,700,2022,730,30,3.8,30
8,Colorado,31-1011,Home Health Aides,2012,14310,2022,21210,6900,48.2,960
8,Colorado,35-9031,Hosts and Hostesses  Restaurant  Lounge  and Coffee Shop,2012,8140,2022,9580,1440,17.6,760
8,Colorado,43-4081,Hotel  Motel  and Resort Desk Clerks,2012,5390,2022,6080,690,12.8,320
8,Colorado,43-4161,Human Resources Assistants  Except Payroll and Timekeeping,2012,2250,2022,2440,190,8.4,80
8,Colorado,Nov-21,Human Resources Managers,2012,1210,2022,1620,410,34.4,70
8,Colorado,13-1071,Human Resources Specialists,2012,8180,2022,9800,1620,19.8,310
8,Colorado,19-2043,Hydrologists,2012,370,2022,430,60,15.7,20
8,Colorado,17-3026,Industrial Engineering Technicians,2012,610,2022,690,80,13.4,20
8,Colorado,17-2112,Industrial Engineers,2012,2980,2022,3720,740,24.8,160
8,Colorado,49-9041,Industrial Machinery Mechanics,2012,4880,2022,6640,1760,36,320
8,Colorado,Nov-51,Industrial Production Managers,2012,1250,2022,1380,130,10.8,40
8,Colorado,53-7051,Industrial Truck and Tractor Operators,2012,5270,2022,5580,310,5.9,150
8,Colorado,43-4199,Information and Record Clerks  All Other,2012,6600,2022,6830,230,3.4,170
8,Colorado,15-1122,Information Security Analysts,2012,1240,2022,1960,720,57.8,90
8,Colorado,51-9061,Inspectors  Testers  Sorters  Samplers  and Weighers,2012,4840,2022,5630,790,16.2,180
8,Colorado,49-9099,Installation  Maintenance  and Repair Workers  All Other,2012,2780,2022,3290,510,18.3,100
8,Colorado,25-9031,Instructional Coordinators,2012,2990,2022,3570,580,19.5,80
8,Colorado,47-2131,Insulation Workers  Floor  Ceiling  and Wall,2012,660,2022,920,260,40.5,40
8,Colorado,47-2132,Insulation Workers  Mechanical,2012,420,2022,680,260,61.2,30
8,Colorado,13-1032,Insurance Appraisers  Auto Damage,2012,190,2022,200,10,3.1,10
8,Colorado,43-9041,Insurance Claims and Policy Processing Clerks,2012,2370,2022,2820,450,19,110
8,Colorado,41-3021,Insurance Sales Agents,2012,10380,2022,12570,2190,21.1,460
8,Colorado,13-2053,Insurance Underwriters,2012,1240,2022,1280,40,3.7,40
8,Colorado,27-1025,Interior Designers,2012,1350,2022,1690,340,25.6,70
8,Colorado,29-1063,Internists  General,2012,640,2022,730,90,12.6,20
8,Colorado,27-3091,Interpreters and Translators,2012,1510,2022,2550,1040,68.5,130
8,Colorado,43-4111,Interviewers  Except Eligibility and Loan,2012,3690,2022,4530,840,22.8,150
8,Colorado,37-2011,Janitors and Cleaners  Except Maids and Housekeeping Cleaners,2012,36300,2022,45470,9170,25.3,1600
8,Colorado,51-9071,Jewelers and Precious Stone and Metal Workers,2012,330,2022,300,-30,-8.5,10
8,Colorado,23-1023,Judges  Magistrate Judges  and Magistrates,2012,580,2022,640,60,10.5,20
8,Colorado,23-1012,Judicial Law Clerks,2012,190,2022,210,20,10.7,10
8,Colorado,25-2012,Kindergarten Teachers  Except Special Education,2012,3710,2022,4510,800,21.6,180
8,Colorado,13-1075,Labor Relations Specialists,2012,1310,2022,1320,10,1.3,30
8,Colorado,53-7062,Laborers and Freight  Stock  and Material Movers  Hand,2012,23280,2022,28080,4800,20.7,1200
8,Colorado,17-1012,Landscape Architects,2012,620,2022,770,150,23.7,30
8,Colorado,37-3011,Landscaping and Groundskeeping Workers,2012,27480,2022,34230,6750,24.6,1370
8,Colorado,51-4034,Lathe and Turning Machine Tool Setters  Operators  and Tenders  Metal and Plastic,2012,260,2022,220,-40,-14.8,10
8,Colorado,51-6011,Laundry and Dry-Cleaning Workers,2012,3730,2022,4270,540,14.6,160
8,Colorado,25-1112,Law Teachers  Postsecondary,2012,300,2022,380,80,25.8,10
8,Colorado,23-1011,Lawyers,2012,15800,2022,19280,3480,22,600
8,Colorado,43-6012,Legal Secretaries,2012,3150,2022,3440,290,9.1,70
8,Colorado,23-2099,Legal Support Workers  All Other,2012,1070,2022,1280,210,19.4,40
8,Colorado,11-1031,Legislators,2012,650,2022,710,60,9.2,20
8,Colorado,25-4021,Librarians,2012,2630,2022,2960,330,12.6,90
8,Colorado,43-4121,Library Assistants  Clerical,2012,1190,2022,1440,250,20.9,80
8,Colorado,25-1082,Library Science Teachers  Postsecondary,2012,130,2022,150,20,18.9,0
8,Colorado,25-4031,Library Technicians,2012,2650,2022,3010,360,13.5,180
8,Colorado,29-2061,Licensed Practical and Licensed Vocational Nurses,2012,6170,2022,7660,1490,24.2,300
8,Colorado,19-1099,Life Scientists  All Other,2012,30,2022,30,0,20,0
8,Colorado,19-4099,Life  Physical  and Social Science Technicians  All Other,2012,1030,2022,1190,160,15.5,60
8,Colorado,33-9092,Lifeguards  Ski Patrol  and Other Recreational Protective Service Workers,2012,5380,2022,6060,680,12.5,440
8,Colorado,53-3033,Light Truck or Delivery Services Drivers,2012,16260,2022,18850,2590,16,520
8,Colorado,43-4131,Loan Interviewers and Clerks,2012,2750,2022,3420,670,24.4,90
8,Colorado,13-2072,Loan Officers,2012,5790,2022,7250,1460,25.2,250
8,Colorado,39-3093,Locker Room  Coatroom  and Dressing Room Attendants,2012,1180,2022,1410,230,19.5,80
8,Colorado,49-9094,Locksmiths and Safe Repairers,2012,390,2022,480,90,23.2,20
8,Colorado,53-4011,Locomotive Engineers,2012,410,2022,370,-40,-8.8,10
8,Colorado,Nov-81,Lodging Managers,2012,940,2022,940,0,0,30
8,Colorado,45-4022,Logging Equipment Operators,2012,130,2022,120,-10,-10,0
8,Colorado,13-1081,Logisticians,2012,2590,2022,3790,1200,46,150
8,Colorado,53-7063,Machine Feeders and Offbearers,2012,870,2022,910,40,4.5,20
8,Colorado,51-4041,Machinists,2012,4230,2022,4760,530,12.5,150
8,Colorado,29-2035,Magnetic Resonance Imaging Technologists,2012,290,2022,370,80,27.7,10
8,Colorado,37-2012,Maids and Housekeeping Cleaners,2012,20720,2022,24240,3520,17,760
8,Colorado,43-9051,Mail Clerks and Mail Machine Operators  Except Postal Service,2012,1340,2022,1270,-70,-5.1,30
8,Colorado,49-9071,Maintenance and Repair Workers  General,2012,21670,2022,25080,3410,15.8,760
8,Colorado,49-9043,Maintenance Workers  Machinery,2012,580,2022,670,90,14.8,20
8,Colorado,13-1111,Management Analysts,2012,10790,2022,14340,3550,32.8,520
8,Colorado,Nov-99,Managers  All Other,2012,16080,2022,18550,2470,15.4,600
8,Colorado,13-1161,Market Research Analysts and Marketing Specialists,2012,9840,2022,14550,4710,47.8,610
8,Colorado,Nov-21,Marketing Managers,2012,2370,2022,3000,630,26.6,110
8,Colorado,21-1013,Marriage and Family Therapists,2012,560,2022,760,200,35.9,30
8,Colorado,31-9011,Massage Therapists,2012,5540,2022,7030,1490,26.9,210
8,Colorado,17-2131,Materials Engineers,2012,360,2022,530,170,45.2,30
8,Colorado,25-1022,Mathematical Science Teachers  Postsecondary,2012,1060,2022,1260,200,19.3,40
8,Colorado,15-2021,Mathematicians,2012,40,2022,50,10,26.3,0
8,Colorado,49-9011,Mechanical Door Repairers,2012,110,2022,150,40,43,10
8,Colorado,17-3013,Mechanical Drafters,2012,1000,2022,1130,130,13.1,30
8,Colorado,17-3027,Mechanical Engineering Technicians,2012,530,2022,650,120,23,20
8,Colorado,17-2141,Mechanical Engineers,2012,5000,2022,6200,1200,23.9,290
8,Colorado,27-4099,Media and Communication Equipment Workers  All Other,2012,570,2022,610,40,7.6,10
8,Colorado,27-3099,Media and Communication Workers  All Other,2012,500,2022,610,110,21.1,20
8,Colorado,29-2012,Medical and Clinical Laboratory Technicians,2012,1720,2022,2320,600,34.3,100
8,Colorado,29-2011,Medical and Clinical Laboratory Technologists,2012,2780,2022,3400,620,22.3,140
8,Colorado,Nov-11,Medical and Health Services Managers,2012,3760,2022,4760,1000,26.5,190
8,Colorado,51-9082,Medical Appliance Technicians,2012,420,2022,530,110,24.8,20
8,Colorado,31-9092,Medical Assistants,2012,8310,2022,10590,2280,27.4,390
8,Colorado,31-9093,Medical Equipment Preparers,2012,600,2022,760,160,26.2,30
8,Colorado,49-9062,Medical Equipment Repairers,2012,900,2022,1310,410,45.1,70
8,Colorado,29-2071,Medical Records and Health Information Technicians,2012,2720,2022,3450,730,27,150
8,Colorado,19-1042,Medical Scientists  Except Epidemiologists,2012,1090,2022,1310,220,20.4,50
8,Colorado,43-6013,Medical Secretaries,2012,7680,2022,10530,2850,37,380
8,Colorado,31-9094,Medical Transcriptionists,2012,1430,2022,1750,320,22.6,60
8,Colorado,13-1121,Meeting  Convention  and Event Planners,2012,2770,2022,3780,1010,36.3,140
8,Colorado,21-1023,Mental Health and Substance Abuse Social Workers,2012,1790,2022,2210,420,23.4,80
8,Colorado,21-1014,Mental Health Counselors,2012,3710,2022,4720,1010,27,180
8,Colorado,27-1026,Merchandise Displayers and Window Trimmers,2012,1420,2022,1660,240,16.6,60
8,Colorado,51-4199,Metal Workers and Plastic Workers  All Other,2012,210,2022,240,30,12.6,10
8,Colorado,51-4051,Metal-Refining Furnace Operators and Tenders,2012,40,2022,60,20,36.4,0
8,Colorado,43-5041,Meter Readers  Utilities,2012,420,2022,350,-70,-17.1,10
8,Colorado,19-1022,Microbiologists,2012,480,2022,570,90,17.7,20
8,Colorado,25-2022,Middle School Teachers  Except Special and Career/Technical Education,2012,12710,2022,15270,2560,20.2,540
8,Colorado,51-4035,Milling and Planing Machine Setters  Operators  and Tenders  Metal and Plastic,2012,310,2022,260,-50,-15.6,10
8,Colorado,49-9044,Millwrights,2012,250,2022,310,60,24.7,10
8,Colorado,47-5042,Mine Cutting and Channeling Machine Operators,2012,360,2022,340,-20,-3.1,10
8,Colorado,53-7111,Mine Shuttle Car Operators,2012,30,2022,30,0,-16.7,0
8,Colorado,17-2151,Mining and Geological Engineers  Including Mining Safety Engineers,2012,560,2022,770,210,37.6,40
8,Colorado,51-9023,Mixing and Blending Machine Setters  Operators  and Tenders,2012,760,2022,760,0,0.4,20
8,Colorado,49-3042,Mobile Heavy Equipment Mechanics  Except Engines,2012,2750,2022,3270,520,19,130
8,Colorado,51-9195,Molders  Shapers  and Casters  Except Metal and Plastic,2012,520,2022,490,-30,-4.9,20
8,Colorado,51-4072,Molding  Coremaking  and Casting Machine Setters  Operators  and Tenders  Metal and Plastic,2012,1140,2022,1040,-100,-8.5,10
8,Colorado,39-3021,Motion Picture Projectionists,2012,90,2022,100,10,7.5,10
8,Colorado,53-3099,Motor Vehicle Operators  All Other,2012,1620,2022,1980,360,22.1,80
8,Colorado,49-3051,Motorboat Mechanics and Service Technicians,2012,260,2022,290,30,11.3,10
8,Colorado,49-3052,Motorcycle Mechanics,2012,380,2022,460,80,23.1,20
8,Colorado,27-1014,Multimedia Artists and Animators,2012,770,2022,930,160,22.1,40
8,Colorado,51-4081,Multiple Machine Tool Setters  Operators  and Tenders  Metal and Plastic,2012,900,2022,860,-40,-4.2,20
8,Colorado,25-4013,Museum Technicians and Conservators,2012,170,2022,190,20,15.1,10
8,Colorado,27-2041,Music Directors and Composers,2012,190,2022,220,30,15.8,10
8,Colorado,27-2042,Musicians and Singers,2012,1070,2022,1200,130,12.6,40
8,Colorado,Nov-21,Natural Sciences Managers,2012,1160,2022,1260,100,9,30
8,Colorado,15-1142,Network and Computer Systems Administrators,2012,9600,2022,12070,2470,25.7,400
8,Colorado,43-4141,New Accounts Clerks,2012,1000,2022,1090,90,8.6,40
8,Colorado,39-2021,Nonfarm Animal Caretakers,2012,4250,2022,5350,1100,25.8,160
8,Colorado,29-2033,Nuclear Medicine Technologists,2012,250,2022,320,70,25.2,10
8,Colorado,29-1151,Nurse Anesthetists,2012,90,2022,110,20,20.9,0
8,Colorado,29-1161,Nurse Midwives,2012,160,2022,210,50,34.2,10
8,Colorado,29-1171,Nurse Practitioners,2012,1900,2022,2550,650,34,100
8,Colorado,31-1014,Nursing Assistants,2012,17210,2022,20950,3740,21.7,700
8,Colorado,25-1072,Nursing Instructors and Teachers  Postsecondary,2012,830,2022,1200,370,44.9,50
8,Colorado,29-1064,Obstetricians and Gynecologists,2012,460,2022,520,60,13,20
8,Colorado,29-9011,Occupational Health and Safety Specialists,2012,1200,2022,1440,240,20.4,60
8,Colorado,29-9012,Occupational Health and Safety Technicians,2012,190,2022,260,70,37.7,10
8,Colorado,29-1122,Occupational Therapists,2012,2710,2022,3570,860,31.5,120
8,Colorado,31-2012,Occupational Therapy Aides,2012,30,2022,40,10,25.8,0
8,Colorado,31-2011,Occupational Therapy Assistants,2012,480,2022,660,180,38.6,30
8,Colorado,43-9199,Office and Administrative Support Workers  All Other,2012,1710,2022,1910,200,12,70
8,Colorado,43-9061,Office Clerks  General,2012,27830,2022,32020,4190,15.1,1000
8,Colorado,43-9071,Office Machine Operators  Except Computer,2012,1160,2022,1200,40,3.2,30
8,Colorado,47-2073,Operating Engineers and Other Construction Equipment Operators,2012,6970,2022,8620,1650,23.7,320
8,Colorado,15-2031,Operations Research Analysts,2012,1310,2022,1870,560,42.2,90
8,Colorado,51-9083,Ophthalmic Laboratory Technicians,2012,720,2022,890,170,23.2,40
8,Colorado,29-2057,Ophthalmic Medical Technicians,2012,570,2022,720,150,26.5,20
8,Colorado,29-2081,Opticians  Dispensing,2012,1340,2022,1670,330,25.3,70
8,Colorado,29-1041,Optometrists,2012,670,2022,830,160,22.7,40
8,Colorado,43-4151,Order Clerks,2012,3430,2022,3770,340,10,120
8,Colorado,31-1015,Orderlies,2012,440,2022,550,110,24.1,20
8,Colorado,29-2091,Orthotists and Prosthetists,2012,110,2022,170,60,54.5,10
8,Colorado,49-3053,Outdoor Power Equipment and Other Small Engine Mechanics,2012,580,2022,680,100,16.4,20
8,Colorado,51-9111,Packaging and Filling Machine Operators and Tenders,2012,3860,2022,4110,250,6.4,120
8,Colorado,53-7064,Packers and Packagers  Hand,2012,4940,2022,5660,720,14.7,200
8,Colorado,47-2141,Painters  Construction and Maintenance,2012,5130,2022,6750,1620,31.5,240
8,Colorado,51-9122,Painters  Transportation Equipment,2012,600,2022,740,140,22.4,30
8,Colorado,51-9123,Painting  Coating  and Decorating Workers,2012,240,2022,260,20,8.4,10
8,Colorado,51-9196,Paper Goods Machine Setters  Operators  and Tenders,2012,810,2022,680,-130,-16,10
8,Colorado,23-2011,Paralegals and Legal Assistants,2012,5930,2022,7700,1770,29.9,270
8,Colorado,33-3041,Parking Enforcement Workers,2012,110,2022,110,0,-2.8,0
8,Colorado,53-6021,Parking Lot Attendants,2012,2430,2022,2770,340,14,150
8,Colorado,41-2022,Parts Salespersons,2012,3470,2022,4320,850,24.3,170
8,Colorado,51-4062,Patternmakers  Metal and Plastic,2012,20,2022,30,10,40,0
8,Colorado,47-2071,Paving  Surfacing  and Tamping Equipment Operators,2012,1340,2022,1650,310,22.5,50
8,Colorado,43-3051,Payroll and Timekeeping Clerks,2012,2380,2022,2970,590,25.2,110
8,Colorado,29-1065,Pediatricians  General,2012,370,2022,420,50,14.4,10
8,Colorado,39-9021,Personal Care Aides,2012,16940,2022,26210,9270,54.7,1050
8,Colorado,39-9099,Personal Care and Service Workers  All Other,2012,1080,2022,1360,280,25.9,60
8,Colorado,13-2052,Personal Financial Advisors,2012,4350,2022,5440,1090,25.1,180
8,Colorado,37-3012,Pesticide Handlers  Sprayers  and Applicators  Vegetation,2012,210,2022,240,30,15.5,10
8,Colorado,17-2171,Petroleum Engineers,2012,1500,2022,2500,1000,66.9,140
8,Colorado,51-8093,Petroleum Pump System Operators  Refinery Operators  and Gaugers,2012,440,2022,450,10,3.9,20
8,Colorado,29-1051,Pharmacists,2012,4180,2022,5280,1100,26.4,210
8,Colorado,31-9095,Pharmacy Aides,2012,70,2022,100,30,33.3,0
8,Colorado,29-2052,Pharmacy Technicians,2012,4140,2022,5390,1250,30,170
8,Colorado,25-1126,Philosophy and Religion Teachers  Postsecondary,2012,330,2022,430,100,27.9,10
8,Colorado,31-9097,Phlebotomists,2012,1340,2022,1790,450,33.6,70
8,Colorado,27-4021,Photographers,2012,2800,2022,3290,490,17.4,80
8,Colorado,51-9151,Photographic Process Workers and Processing Machine Operators,2012,540,2022,580,40,8,20
8,Colorado,19-2099,Physical Scientists  All Other,2012,650,2022,670,20,3.1,20
8,Colorado,31-2022,Physical Therapist Aides,2012,590,2022,800,210,37.2,40
8,Colorado,31-2021,Physical Therapist Assistants,2012,720,2022,970,250,35.8,40
8,Colorado,29-1123,Physical Therapists,2012,4260,2022,5820,1560,36.7,260
8,Colorado,29-1071,Physician Assistants,2012,2020,2022,2830,810,40.4,120
8,Colorado,29-1069,Physicians and Surgeons  All Other,2012,3510,2022,4200,690,19.4,160
8,Colorado,19-2012,Physicists,2012,560,2022,660,100,17.6,20
8,Colorado,25-1054,Physics Teachers  Postsecondary,2012,340,2022,410,70,21.8,10
8,Colorado,47-2072,Pile-Driver Operators,2012,20,2022,30,10,26.1,0
8,Colorado,47-2151,Pipelayers,2012,1350,2022,1780,430,31.6,60
8,Colorado,51-8099,Plant and System Operators  All Other,2012,320,2022,330,10,3.1,10
8,Colorado,47-2161,Plasterers and Stucco Masons,2012,380,2022,480,100,27.1,10
8,Colorado,51-4193,Plating and Coating Machine Setters  Operators  and Tenders  Metal and Plastic,2012,200,2022,190,-10,-1,0
8,Colorado,47-2152,Plumbers  Pipefitters  and Steamfitters,2012,7600,2022,10190,2590,34.1,350
8,Colorado,29-1081,Podiatrists,2012,120,2022,130,10,15.5,0
8,Colorado,33-3051,Police and Sheriff's Patrol Officers,2012,9380,2022,10230,850,9.1,380
8,Colorado,43-5031,Police  Fire  and Ambulance Dispatchers,2012,1940,2022,2230,290,15.2,90
8,Colorado,25-1065,Political Science Teachers  Postsecondary,2012,310,2022,380,70,22.8,10
8,Colorado,19-3094,Political Scientists,2012,30,2022,40,10,25,0
8,Colorado,43-5051,Postal Service Clerks,2012,1120,2022,870,-250,-22.5,20
8,Colorado,43-5052,Postal Service Mail Carriers,2012,4530,2022,3770,-760,-16.8,160
8,Colorado,43-5053,Postal Service Mail Sorters  Processors  and Processing Machine Operators,2012,2620,2022,2090,-530,-20.1,20
8,Colorado,Nov-31,Postmasters and Mail Superintendents,2012,360,2022,310,-50,-13.9,10
8,Colorado,25-1199,Postsecondary Teachers  All Other,2012,1330,2022,1610,280,20.9,50
8,Colorado,51-4052,Pourers and Casters  Metal,2012,70,2022,90,20,22.2,0
8,Colorado,51-8013,Power Plant Operators,2012,740,2022,710,-30,-3.3,20
8,Colorado,49-9069,Precision Instrument and Equipment Repairers  All Other,2012,100,2022,110,10,4,0
8,Colorado,51-5111,Prepress Technicians and Workers,2012,640,2022,420,-220,-34.6,20
8,Colorado,25-2011,Preschool Teachers  Except Special Education,2012,6260,2022,7710,1450,23.2,320
8,Colorado,51-6021,Pressers  Textile  Garment  and Related Materials,2012,810,2022,930,120,14.5,20
8,Colorado,51-5113,Print Binding and Finishing Workers,2012,1280,2022,1050,-230,-18.3,20
8,Colorado,51-5112,Printing Press Operators,2012,2120,2022,1820,-300,-14.1,40
8,Colorado,33-9021,Private Detectives and Investigators,2012,410,2022,530,120,29.4,20
8,Colorado,21-1092,Probation Officers and Correctional Treatment Specialists,2012,2320,2022,2510,190,8.2,80
8,Colorado,43-3061,Procurement Clerks,2012,840,2022,930,90,11,40
8,Colorado,27-2012,Producers and Directors,2012,1220,2022,1500,280,22.8,70
8,Colorado,51-9199,Production Workers  All Other,2012,2320,2022,2980,660,28.1,130
8,Colorado,43-5061,Production  Planning  and Expediting Clerks,2012,2830,2022,3210,380,13.5,110
8,Colorado,43-9081,Proofreaders and Copy Markers,2012,80,2022,60,-20,-20,0
8,Colorado,Nov-41,Property  Real Estate  and Community Association Managers,2012,2190,2022,2660,470,21.7,100
8,Colorado,33-9099,Protective Service Workers  All Other,2012,3800,2022,4280,480,12.7,310
8,Colorado,31-1013,Psychiatric Aides,2012,120,2022,150,30,23.7,10
8,Colorado,29-2053,Psychiatric Technicians,2012,450,2022,510,60,12.9,10
8,Colorado,29-1066,Psychiatrists,2012,430,2022,530,100,22.6,20
8,Colorado,19-3039,Psychologists  All Other,2012,250,2022,290,40,15,10
8,Colorado,25-1066,Psychology Teachers  Postsecondary,2012,630,2022,770,140,22.3,20
8,Colorado,Nov-31,Public Relations and Fundraising Managers,2012,670,2022,820,150,21.6,30
8,Colorado,27-3031,Public Relations Specialists,2012,7330,2022,8680,1350,18.4,240
8,Colorado,53-7072,Pump Operators  Except Wellhead Pumpers,2012,700,2022,1160,460,64.9,70
8,Colorado,13-1023,Purchasing Agents  Except Wholesale  Retail  and Farm Products,2012,5890,2022,6930,1040,17.6,210
8,Colorado,Nov-61,Purchasing Managers,2012,630,2022,780,150,23.4,30
8,Colorado,29-1124,Radiation Therapists,2012,240,2022,310,70,28.2,10
8,Colorado,27-3011,Radio and Television Announcers,2012,770,2022,920,150,19.4,30
8,Colorado,49-2021,Radio  Cellular  and Tower Equipment Installers and Repairs,2012,330,2022,340,10,3.9,10
8,Colorado,29-2034,Radiologic Technologists,2012,3310,2022,4170,860,25.9,130
8,Colorado,49-3043,Rail Car Repairers,2012,440,2022,460,20,3.8,20
8,Colorado,53-4013,Rail Yard Engineers  Dinkey Operators  and Hostlers,2012,40,2022,40,0,-10,0
8,Colorado,53-4021,Railroad Brake  Signal  and Switch Operators,2012,400,2022,360,-40,-10.1,10
8,Colorado,53-4031,Railroad Conductors and Yardmasters,2012,390,2022,370,-20,-5.6,10
8,Colorado,47-4061,Rail-Track Laying and Maintenance Equipment Operators,2012,140,2022,140,0,-2.2,0
8,Colorado,41-9021,Real Estate Brokers,2012,3500,2022,4160,660,18.9,100
8,Colorado,41-9022,Real Estate Sales Agents,2012,6820,2022,7850,1030,15,170
8,Colorado,43-4171,Receptionists and Information Clerks,2012,20320,2022,23850,3530,17.4,900
8,Colorado,25-1193,Recreation and Fitness Studies Teachers  Postsecondary,2012,220,2022,260,40,20.3,10
8,Colorado,39-9032,Recreation Workers,2012,6400,2022,7170,770,12,150
8,Colorado,29-1125,Recreational Therapists,2012,300,2022,360,60,22.6,10
8,Colorado,53-7081,Refuse and Recyclable Material Collectors,2012,2200,2022,2150,-50,-2.3,50
8,Colorado,29-1141,Registered Nurses,2012,42200,2022,53270,11070,26.2,1930
8,Colorado,21-1015,Rehabilitation Counselors,2012,2010,2022,2520,510,25.7,100
8,Colorado,21-2099,Religious Workers  All Other,2012,170,2022,200,30,14.5,10
8,Colorado,27-3022,Reporters and Correspondents,2012,760,2022,600,-160,-20.8,30
8,Colorado,43-4181,Reservation and Transportation Ticket Agents and Travel Clerks,2012,3190,2022,3540,350,10.8,80
8,Colorado,39-9041,Residential Advisors,2012,190,2022,240,50,25.9,10
8,Colorado,29-1126,Respiratory Therapists,2012,1570,2022,1990,420,26.3,60
8,Colorado,29-2054,Respiratory Therapy Technicians,2012,90,2022,110,20,25.9,0
8,Colorado,41-2031,Retail Salespersons,2012,79300,2022,94000,14700,18.5,4180
8,Colorado,47-5051,Rock Splitters  Quarry,2012,110,2022,110,0,2.8,0
8,Colorado,51-4023,Rolling Machine Setters  Operators  and Tenders  Metal and Plastic,2012,110,2022,150,40,32.4,10
8,Colorado,47-5061,Roof Bolters  Mining,2012,140,2022,120,-20,-17.6,0
8,Colorado,47-2181,Roofers,2012,3510,2022,4340,830,23.4,160
8,Colorado,47-5012,Rotary Drill Operators  Oil and Gas,2012,1280,2022,2200,920,71.5,140
8,Colorado,47-5071,Roustabouts  Oil and Gas,2012,2770,2022,4710,1940,70.2,270
8,Colorado,41-9099,Sales and Related Workers  All Other,2012,2850,2022,3490,640,22.6,120
8,Colorado,41-9031,Sales Engineers,2012,1150,2022,1390,240,20.9,40
8,Colorado,Nov-22,Sales Managers,2012,4190,2022,5100,910,21.7,180
8,Colorado,41-3099,Sales Representatives  Services  All Other,2012,15760,2022,20030,4270,27.1,860
8,Colorado,41-4012,Sales Representatives  Wholesale and Manufacturing  Except Technical and Scientific Products,2012,33960,2022,39430,5470,16.1,1210
8,Colorado,41-4011,Sales Representatives  Wholesale and Manufacturing  Technical and Scientific Products,2012,5600,2022,6490,890,16,200
8,Colorado,51-7041,Sawing Machine Setters  Operators  and Tenders  Wood,2012,220,2022,260,40,15.2,10
8,Colorado,25-2031,Secondary School Teachers  Except Special and Career/Technical Education,2012,15710,2022,17730,2020,12.9,630
8,Colorado,43-6014,Secretaries and Administrative Assistants  Except Legal  Medical  and Executive,2012,63150,2022,77880,14730,23.3,2230
8,Colorado,41-3031,Securities  Commodities  and Financial Services Sales Agents,2012,8370,2022,9370,1000,11.9,300
8,Colorado,49-2098,Security and Fire Alarm Systems Installers,2012,650,2022,850,200,30.5,30
8,Colorado,33-9032,Security Guards,2012,15810,2022,19970,4160,26.3,660
8,Colorado,25-3021,Self-Enrichment Education Teachers,2012,4230,2022,5170,940,22.1,170
8,Colorado,51-9012,Separating  Filtering  Clarifying  Precipitating  and Still Machine Setters  Operators  and Tenders,2012,720,2022,810,90,12.4,30
8,Colorado,47-4071,Septic Tank Servicers and Sewer Pipe Cleaners,2012,580,2022,620,40,7,20
8,Colorado,47-5013,Service Unit Operators  Oil  Gas  and Mining,2012,3520,2022,6290,2770,78.4,420
8,Colorado,27-1027,Set and Exhibit Designers,2012,50,2022,60,10,18.5,0
8,Colorado,51-6031,Sewing Machine Operators,2012,1650,2022,1720,70,4.2,20
8,Colorado,47-2211,Sheet Metal Workers,2012,2210,2022,2870,660,29.9,110
8,Colorado,43-5071,Shipping  Receiving  and Traffic Clerks,2012,9540,2022,10590,1050,11,360
8,Colorado,51-6041,Shoe and Leather Workers and Repairers,2012,60,2022,70,10,14.3,0
8,Colorado,49-9097,Signal and Track Switch Repairers,2012,100,2022,90,-10,-6.3,0
8,Colorado,39-5094,Skincare Specialists,2012,890,2022,1300,410,45.9,50
8,Colorado,51-3023,Slaughterers and Meat Packers,2012,1000,2022,1070,70,6.9,30
8,Colorado,39-1012,Slot Supervisors,2012,290,2022,300,10,2.8,10
8,Colorado,Nov-51,Social and Community Service Managers,2012,1470,2022,1790,320,21.9,60
8,Colorado,21-1093,Social and Human Service Assistants,2012,4310,2022,5200,890,20.6,200
8,Colorado,19-3099,Social Scientists and Related Workers  All Other,2012,780,2022,830,50,6,20
8,Colorado,25-1113,Social Work Teachers  Postsecondary,2012,180,2022,220,40,21.2,10
8,Colorado,21-1029,Social Workers  All Other,2012,940,2022,1070,130,13.9,30
8,Colorado,25-1067,Sociology Teachers  Postsecondary,2012,290,2022,350,60,20.7,10
8,Colorado,15-1132,Software Developers  Applications,2012,21470,2022,29730,8260,38.4,1100
8,Colorado,15-1133,Software Developers  Systems Software,2012,11760,2022,16240,4480,38.1,600
8,Colorado,19-1013,Soil and Plant Scientists,2012,320,2022,360,40,15.2,20
8,Colorado,47-2231,Solar Photovoltaic Installers,2012,130,2022,170,40,35.7,10
8,Colorado,27-4014,Sound Engineering Technicians,2012,290,2022,370,80,28.6,10
8,Colorado,25-2059,Special Education Teachers  All Other,2012,240,2022,320,80,31.3,10
8,Colorado,25-2052,Special Education Teachers  Kindergarten and Elementary School,2012,4060,2022,4580,520,12.7,120
8,Colorado,25-2053,Special Education Teachers  Middle School,2012,1650,2022,1860,210,12.5,50
8,Colorado,25-2051,Special Education Teachers  Preschool,2012,790,2022,910,120,14.8,30
8,Colorado,25-2054,Special Education Teachers  Secondary School,2012,2150,2022,2400,250,11.8,60
8,Colorado,29-1127,Speech-Language Pathologists,2012,2970,2022,3500,530,18.1,100
8,Colorado,51-8021,Stationary Engineers and Boiler Operators,2012,690,2022,830,140,20.9,40
8,Colorado,43-9111,Statistical Assistants,2012,250,2022,290,40,15.2,10
8,Colorado,15-2041,Statisticians,2012,340,2022,470,130,35.6,20
8,Colorado,43-5081,Stock Clerks and Order Fillers,2012,30240,2022,33380,3140,10.4,1230
8,Colorado,47-2022,Stonemasons,2012,190,2022,280,90,46.6,10
8,Colorado,47-2221,Structural Iron and Steel Workers,2012,1000,2022,1320,320,32,60
8,Colorado,51-2041,Structural Metal Fabricators and Fitters,2012,1010,2022,1200,190,18.8,60
8,Colorado,21-1011,Substance Abuse and Behavioral Disorder Counselors,2012,1560,2022,2010,450,28.5,80
8,Colorado,29-1067,Surgeons,2012,880,2022,1080,200,22.6,40
8,Colorado,29-2055,Surgical Technologists,2012,1700,2022,2310,610,36.3,80
8,Colorado,19-3022,Survey Researchers,2012,180,2022,200,20,13.3,0
8,Colorado,17-3031,Surveying and Mapping Technicians,2012,1830,2022,2350,520,28.3,90
8,Colorado,17-1022,Surveyors,2012,1070,2022,1310,240,22.5,50
8,Colorado,43-2011,Switchboard Operators  Including Answering Service,2012,1990,2022,1950,-40,-2.3,40
8,Colorado,51-6052,Tailors  Dressmakers  and Custom Sewers,2012,1420,2022,1580,160,11.2,30
8,Colorado,53-7121,Tank Car  Truck  and Ship Loaders,2012,80,2022,90,10,18.2,0
8,Colorado,47-2082,Tapers,2012,600,2022,760,160,26,20
8,Colorado,13-2081,Tax Examiners and Collectors  and Revenue Agents,2012,840,2022,870,30,3.6,30
8,Colorado,13-2082,Tax Preparers,2012,1760,2022,2160,400,22.7,80
8,Colorado,53-3041,Taxi Drivers and Chauffeurs,2012,2700,2022,3150,450,16.6,80
8,Colorado,25-9041,Teacher Assistants,2012,17470,2022,20210,2740,15.7,670
8,Colorado,25-3099,Teachers and Instructors  All Other,2012,3030,2022,3510,480,15.9,100
8,Colorado,51-2092,Team Assemblers,2012,5700,2022,6230,530,9.3,140
8,Colorado,27-3042,Technical Writers,2012,1470,2022,1850,380,25.9,80
8,Colorado,49-2022,Telecommunications Equipment Installers and Repairers  Except Line Installers,2012,4860,2022,4720,-140,-2.8,70
8,Colorado,49-9052,Telecommunications Line Installers and Repairers,2012,1420,2022,1760,340,23.9,70
8,Colorado,41-9041,Telemarketers,2012,6560,2022,7590,1030,15.7,240
8,Colorado,43-3071,Tellers,2012,8210,2022,9560,1350,16.5,520
8,Colorado,51-6062,Textile Cutting Machine Setters  Operators  and Tenders,2012,190,2022,180,-10,-6.9,0
8,Colorado,51-6099,Textile  Apparel  and Furnishings Workers  All Other,2012,60,2022,60,0,0,0
8,Colorado,29-1129,Therapists  All Other,2012,1280,2022,1600,320,25.1,50
8,Colorado,47-2044,Tile and Marble Setters,2012,900,2022,1100,200,22.2,40
8,Colorado,49-3093,Tire Repairers and Changers,2012,2490,2022,3120,630,25.2,150
8,Colorado,23-2093,Title Examiners  Abstractors  and Searchers,2012,1760,2022,2080,320,18,60
8,Colorado,51-4111,Tool and Die Makers,2012,290,2022,300,10,3.1,0
8,Colorado,00-0000,Total  All Occupations,2012,2472220,2022,2992400,520180,21,110640
8,Colorado,53-6041,Traffic Technicians,2012,90,2022,100,10,9,10
8,Colorado,Nov-31,Training and Development Managers,2012,370,2022,470,100,25.3,20
8,Colorado,13-1151,Training and Development Specialists,2012,4860,2022,6140,1280,26.4,220
8,Colorado,53-6051,Transportation Inspectors,2012,410,2022,470,60,15.6,20
8,Colorado,33-9093,Transportation Security Screeners,2012,1140,2022,1250,110,9.6,40
8,Colorado,Nov-71,Transportation  Storage  and Distribution Managers,2012,1230,2022,1420,190,15,50
8,Colorado,41-3041,Travel Agents,2012,1180,2022,1190,10,0.7,20
8,Colorado,37-3013,Tree Trimmers and Pruners,2012,200,2022,250,50,26.1,10
8,Colorado,27-2023,Umpires  Referees  and Other Sports Officials,2012,1280,2022,1410,130,10.4,50
8,Colorado,51-6093,Upholsterers,2012,330,2022,340,10,4.6,10
8,Colorado,19-3051,Urban and Regional Planners,2012,800,2022,900,100,12.3,50
8,Colorado,39-3031,Ushers  Lobby Attendants  and Ticket Takers,2012,3200,2022,4120,920,28.7,260
8,Colorado,29-1131,Veterinarians,2012,2110,2022,2620,510,24.1,120
8,Colorado,31-9096,Veterinary Assistants and Laboratory Animal Caretakers,2012,900,2022,1090,190,21.2,40
8,Colorado,29-2056,Veterinary Technologists and Technicians,2012,2830,2022,4050,1220,43.2,150
8,Colorado,25-1194,Vocational Education Teachers  Postsecondary,2012,2750,2022,3280,530,19.2,90
8,Colorado,35-3031,Waiters and Waitresses,2012,48360,2022,56020,7660,15.8,3090
8,Colorado,51-8031,Water and Wastewater Treatment Plant and System Operators,2012,2300,2022,2560,260,11,110
8,Colorado,15-1134,Web Developers,2012,3630,2022,4980,1350,37,190
8,Colorado,43-5111,Weighers  Measurers  Checkers  and Samplers  Recordkeeping,2012,600,2022,700,100,16.3,20
8,Colorado,51-4121,Welders  Cutters  Solderers  and Brazers,2012,4000,2022,4610,610,15.3,160
8,Colorado,51-4122,Welding  Soldering  and Brazing Machine Setters  Operators  and Tenders,2012,390,2022,520,130,32.7,20
8,Colorado,53-7073,Wellhead Pumpers,2012,620,2022,890,270,43.9,50
8,Colorado,13-1022,Wholesale and Retail Buyers  Except Farm Products,2012,1600,2022,1930,330,20.9,70
8,Colorado,49-9081,Wind Turbine Service Technicians,2012,300,2022,350,50,15.7,10
8,Colorado,51-7042,Woodworking Machine Setters  Operators  and Tenders  Except Sawing,2012,590,2022,650,60,10.4,10
8,Colorado,43-9022,Word Processors and Typists,2012,640,2022,510,-130,-20.7,0
8,Colorado,27-3043,Writers and Authors,2012,1960,2022,2210,250,12.7,70
8,Colorado,19-1023,Zoologists and Wildlife Biologists,2012,470,2022,510,40,7.4,20
