STFIPS,AreaName,OccupationCode,OccupationName,BaseYear,Base,ProjYear,Proj,Change,PercentChange,AvgAnnualOpenings
9,Connecticut,13-2011,Accountants and Auditors,2012,16190,2022,18020,1830,11.4,660
9,Connecticut,27-2011,Actors,2012,560,2022,630,70,12.1,30
9,Connecticut,15-2011,Actuaries,2012,1430,2022,1670,240,16.8,70
9,Connecticut,51-9191,Adhesive Bonding Machine Operators and Tenders,2012,90,2022,90,0,-2.2,0
9,Connecticut,23-1021,Administrative Law Judges  Adjudicators  and Hearing Officers,2012,150,2022,160,10,4.7,0
9,Connecticut,Nov-11,Administrative Services Managers,2012,4340,2022,4730,390,9.1,110
9,Connecticut,25-3011,Adult Basic and Secondary Education and Literacy Teachers and Instructors,2012,940,2022,1020,80,8.4,20
9,Connecticut,Nov-11,Advertising and Promotions Managers,2012,560,2022,580,20,3,20
9,Connecticut,41-3011,Advertising Sales Agents,2012,1760,2022,1750,-10,-0.6,50
9,Connecticut,17-3021,Aerospace Engineering and Operations Technicians,2012,160,2022,150,-10,-2.5,0
9,Connecticut,17-2011,Aerospace Engineers,2012,2990,2022,3200,210,7.3,90
9,Connecticut,13-1011,Agents and Business Managers of Artists  Performers  and Athletes,2012,170,2022,180,10,10.2,10
9,Connecticut,45-2091,Agricultural Equipment Operators,2012,190,2022,230,40,19.3,10
9,Connecticut,45-2011,Agricultural Inspectors,2012,30,2022,30,0,10.7,0
9,Connecticut,45-2099,Agricultural Workers  All Other,2012,50,2022,50,0,11.1,0
9,Connecticut,53-2021,Air Traffic Controllers,2012,150,2022,160,10,7.4,10
9,Connecticut,53-1011,Aircraft Cargo Handling Supervisors,2012,50,2022,50,0,4.2,0
9,Connecticut,49-3011,Aircraft Mechanics and Service Technicians,2012,1730,2022,1710,-20,-1,50
9,Connecticut,51-2011,Aircraft Structure  Surfaces  Rigging  and Systems Assemblers,2012,2190,2022,2490,300,13.8,70
9,Connecticut,53-2022,Airfield Operations Specialists,2012,60,2022,70,10,7.9,0
9,Connecticut,53-2011,Airline Pilots  Copilots  and Flight Engineers,2012,40,2022,40,0,0,0
9,Connecticut,39-3091,Amusement and Recreation Attendants,2012,1810,2022,2070,260,14.1,120
9,Connecticut,29-1061,Anesthesiologists,2012,460,2022,550,90,21.5,20
9,Connecticut,45-2021,Animal Breeders,2012,0,2022,0,0,0,0
9,Connecticut,33-9011,Animal Control Workers,2012,250,2022,260,10,3.2,10
9,Connecticut,19-1011,Animal Scientists,2012,10,2022,10,0,12.5,0
9,Connecticut,39-2011,Animal Trainers,2012,120,2022,150,30,17.9,10
9,Connecticut,19-3091,Anthropologists and Archeologists,2012,10,2022,10,0,0,0
9,Connecticut,25-1061,Anthropology and Archeology Teachers  Postsecondary,2012,160,2022,180,20,12.7,0
9,Connecticut,13-2021,Appraisers and Assessors of Real Estate,2012,750,2022,760,10,0.4,10
9,Connecticut,23-1022,Arbitrators  Mediators  and Conciliators,2012,110,2022,110,0,2.7,0
9,Connecticut,17-1011,Architects  Except Landscape and Naval,2012,1230,2022,1390,160,13.1,50
9,Connecticut,17-3011,Architectural and Civil Drafters,2012,720,2022,690,-30,-3.5,10
9,Connecticut,Nov-41,Architectural and Engineering Managers,2012,3490,2022,3800,310,8.9,120
9,Connecticut,25-4011,Archivists,2012,90,2022,100,10,13.2,0
9,Connecticut,27-1011,Art Directors,2012,1590,2022,1630,40,2.5,40
9,Connecticut,25-1121,Art  Drama  and Music Teachers  Postsecondary,2012,910,2022,1050,140,15.3,30
9,Connecticut,27-1019,Artists and Related Workers  All Other,2012,80,2022,90,10,7.5,0
9,Connecticut,51-2099,Assemblers and Fabricators  All Other,2012,2530,2022,2830,300,11.7,70
9,Connecticut,27-2021,Athletes and Sports Competitors,2012,250,2022,270,20,5.1,10
9,Connecticut,29-9091,Athletic Trainers,2012,610,2022,780,170,26.6,30
9,Connecticut,19-2021,Atmospheric and Space Scientists,2012,60,2022,80,20,36.4,0
9,Connecticut,27-4011,Audio and Video Equipment Technicians,2012,1120,2022,1300,180,15.9,40
9,Connecticut,29-1181,Audiologists,2012,130,2022,170,40,30,10
9,Connecticut,25-9011,Audio-Visual and Multimedia Collections Specialists,2012,180,2022,180,0,-2.2,0
9,Connecticut,53-6031,Automotive and Watercraft Service Attendants,2012,1050,2022,1220,170,15.7,50
9,Connecticut,49-3021,Automotive Body and Related Repairers,2012,1960,2022,2130,170,8.6,60
9,Connecticut,49-3022,Automotive Glass Installers and Repairers,2012,210,2022,230,20,8,10
9,Connecticut,49-3023,Automotive Service Technicians and Mechanics,2012,9240,2022,9630,390,4.3,270
9,Connecticut,49-2091,Avionics Technicians,2012,770,2022,750,-20,-3,20
9,Connecticut,39-6011,Baggage Porters and Bellhops,2012,270,2022,280,10,1.5,10
9,Connecticut,51-3011,Bakers,2012,1550,2022,1640,90,6.1,50
9,Connecticut,39-5011,Barbers,2012,1240,2022,1320,80,6.5,40
9,Connecticut,35-3011,Bartenders,2012,7220,2022,8100,880,12.2,360
9,Connecticut,49-3091,Bicycle Repairers,2012,70,2022,100,30,28.4,10
9,Connecticut,43-3011,Bill and Account Collectors,2012,3710,2022,4100,390,10.7,140
9,Connecticut,43-3021,Billing and Posting Clerks,2012,6330,2022,7280,950,15,210
9,Connecticut,19-1021,Biochemists and Biophysicists,2012,350,2022,420,70,22.3,20
9,Connecticut,25-1042,Biological Science Teachers  Postsecondary,2012,1010,2022,1200,190,18.9,30
9,Connecticut,19-1029,Biological Scientists  All Other,2012,60,2022,60,0,1.6,0
9,Connecticut,19-4021,Biological Technicians,2012,860,2022,960,100,12.2,40
9,Connecticut,17-2031,Biomedical Engineers,2012,70,2022,90,20,26.9,0
9,Connecticut,47-2011,Boilermakers,2012,130,2022,150,20,21.3,10
9,Connecticut,43-3031,Bookkeeping  Accounting  and Auditing Clerks,2012,21290,2022,23380,2090,9.8,410
9,Connecticut,47-2021,Brickmasons and Blockmasons,2012,680,2022,830,150,21.5,20
9,Connecticut,27-3021,Broadcast News Analysts,2012,90,2022,90,0,0,0
9,Connecticut,27-4012,Broadcast Technicians,2012,450,2022,510,60,13.2,10
9,Connecticut,43-4011,Brokerage Clerks,2012,1400,2022,1470,70,5.3,40
9,Connecticut,13-2031,Budget Analysts,2012,1010,2022,1090,80,7.8,50
9,Connecticut,37-2019,Building Cleaning Workers  All Other,2012,60,2022,80,20,27.4,0
9,Connecticut,49-3031,Bus and Truck Mechanics and Diesel Engine Specialists,2012,2460,2022,2650,190,7.7,70
9,Connecticut,53-3022,Bus Drivers  School or Special Client,2012,8800,2022,9790,990,11.3,260
9,Connecticut,53-3021,Bus Drivers  Transit and Intercity,2012,1520,2022,1720,200,13.5,50
9,Connecticut,13-1199,Business Operations Specialists  All Other,2012,7320,2022,7410,90,1.3,110
9,Connecticut,25-1011,Business Teachers  Postsecondary,2012,2020,2022,2320,300,14.9,60
9,Connecticut,51-3021,Butchers and Meat Cutters,2012,740,2022,800,60,7.9,20
9,Connecticut,13-1021,Buyers and Purchasing Agents  Farm Products,2012,140,2022,150,10,7.8,0
9,Connecticut,51-7011,Cabinetmakers and Bench Carpenters,2012,930,2022,1000,70,7.9,10
9,Connecticut,49-9061,Camera and Photographic Equipment Repairers,2012,170,2022,150,-20,-8.4,10
9,Connecticut,27-4031,Camera Operators  Television  Video  and Motion Picture,2012,430,2022,510,80,17.2,10
9,Connecticut,53-5021,Captains  Mates  and Pilots of Water Vessels,2012,320,2022,330,10,4.1,20
9,Connecticut,29-2031,Cardiovascular Technologists and Technicians,2012,610,2022,790,180,30.1,30
9,Connecticut,25-2023,Career/Technical Education Teachers  Middle School,2012,220,2022,240,20,7.3,10
9,Connecticut,25-2032,Career/Technical Education Teachers  Secondary School,2012,1950,2022,2090,140,7.3,70
9,Connecticut,43-5011,Cargo and Freight Agents,2012,590,2022,650,60,10.9,20
9,Connecticut,47-2031,Carpenters,2012,9350,2022,10880,1530,16.3,270
9,Connecticut,47-2041,Carpet Installers,2012,410,2022,430,20,4.9,10
9,Connecticut,17-1021,Cartographers and Photogrammetrists,2012,50,2022,50,0,11.1,0
9,Connecticut,41-2011,Cashiers,2012,38510,2022,39410,900,2.3,1760
9,Connecticut,47-2051,Cement Masons and Concrete Finishers,2012,610,2022,710,100,17.2,20
9,Connecticut,35-1011,Chefs and Head Cooks,2012,2370,2022,2470,100,4.6,50
9,Connecticut,17-2041,Chemical Engineers,2012,350,2022,400,50,13.8,10
9,Connecticut,51-9011,Chemical Equipment Operators and Tenders,2012,530,2022,600,70,13.7,30
9,Connecticut,19-4031,Chemical Technicians,2012,920,2022,1090,170,19,40
9,Connecticut,25-1052,Chemistry Teachers  Postsecondary,2012,250,2022,280,30,14.2,10
9,Connecticut,19-2031,Chemists,2012,1470,2022,1680,210,14,60
9,Connecticut,11-1011,Chief Executives,2012,2300,2022,2380,80,3.7,60
9,Connecticut,21-1021,Child  Family  and School Social Workers,2012,5230,2022,5930,700,13.4,180
9,Connecticut,39-9011,Childcare Workers,2012,18300,2022,21170,2870,15.7,830
9,Connecticut,29-1011,Chiropractors,2012,240,2022,270,30,14.8,10
9,Connecticut,27-2032,Choreographers,2012,200,2022,230,30,15.1,10
9,Connecticut,17-3022,Civil Engineering Technicians,2012,420,2022,420,0,1.2,10
9,Connecticut,17-2051,Civil Engineers,2012,3170,2022,3780,610,19.2,140
9,Connecticut,13-1031,Claims Adjusters  Examiners  and Investigators,2012,4660,2022,4500,-160,-3.4,110
9,Connecticut,53-7061,Cleaners of Vehicles and Equipment,2012,3210,2022,3480,270,8.5,120
9,Connecticut,51-9192,Cleaning  Washing  and Metal Pickling Equipment Operators and Tenders,2012,120,2022,120,0,5.2,0
9,Connecticut,21-2011,Clergy,2012,1460,2022,1600,140,10.2,50
9,Connecticut,19-3031,Clinical  Counseling  and School Psychologists,2012,2240,2022,2420,180,7.9,80
9,Connecticut,27-2022,Coaches and Scouts,2012,5010,2022,5580,570,11.4,210
9,Connecticut,51-9121,Coating  Painting  and Spraying Machine Setters  Operators  and Tenders,2012,820,2022,830,10,1.2,20
9,Connecticut,51-2021,Coil Winders  Tapers  and Finishers,2012,180,2022,180,0,-0.6,0
9,Connecticut,49-9091,Coin  Vending  and Amusement Machine Servicers and Repairers,2012,360,2022,340,-20,-5.9,0
9,Connecticut,35-3021,Combined Food Preparation and Serving Workers  Including Fast Food,2012,26730,2022,30740,4010,15,1420
9,Connecticut,27-1021,Commercial and Industrial Designers,2012,420,2022,450,30,9.1,20
9,Connecticut,49-9092,Commercial Divers,2012,90,2022,110,20,28.1,0
9,Connecticut,53-2012,Commercial Pilots,2012,530,2022,520,-10,-3,20
9,Connecticut,25-1122,Communications Teachers  Postsecondary,2012,380,2022,430,50,13.2,10
9,Connecticut,21-1099,Community and Social Service Specialists  All Other,2012,700,2022,820,120,17.6,30
9,Connecticut,21-1094,Community Health Workers,2012,630,2022,780,150,23.6,30
9,Connecticut,Nov-11,Compensation and Benefits Managers,2012,360,2022,360,0,-0.8,10
9,Connecticut,13-1141,Compensation  Benefits  and Job Analysis Specialists,2012,1470,2022,1500,30,2.2,30
9,Connecticut,13-1041,Compliance Officers,2012,3180,2022,3340,160,5,80
9,Connecticut,15-1111,Computer and Information Research Scientists,2012,400,2022,410,10,2.3,10
9,Connecticut,Nov-21,Computer and Information Systems Managers,2012,7150,2022,8300,1150,16.1,210
9,Connecticut,17-2061,Computer Hardware Engineers,2012,490,2022,480,-10,-1.2,10
9,Connecticut,15-1143,Computer Network Architects,2012,1190,2022,1240,50,4.2,20
9,Connecticut,15-1152,Computer Network Support Specialists,2012,1160,2022,1250,90,7.8,30
9,Connecticut,51-4012,Computer Numerically Controlled Machine Tool Programmers  Metal and Plastic,2012,710,2022,930,220,31.5,40
9,Connecticut,15-1199,Computer Occupations  All Other,2012,1560,2022,1690,130,7.9,40
9,Connecticut,43-9011,Computer Operators,2012,630,2022,500,-130,-20.3,10
9,Connecticut,15-1131,Computer Programmers,2012,3920,2022,4210,290,7.5,130
9,Connecticut,25-1021,Computer Science Teachers  Postsecondary,2012,420,2022,480,60,13,10
9,Connecticut,15-1121,Computer Systems Analysts,2012,8580,2022,10590,2010,23.5,340
9,Connecticut,15-1151,Computer User Support Specialists,2012,8080,2022,9640,1560,19.4,280
9,Connecticut,49-2011,Computer  Automated Teller  and Office Machine Repairers,2012,1450,2022,1510,60,3.9,40
9,Connecticut,51-4011,Computer-Controlled Machine Tool Operators  Metal and Plastic,2012,2560,2022,2980,420,16.6,110
9,Connecticut,39-6012,Concierges,2012,150,2022,180,30,22.6,10
9,Connecticut,19-1031,Conservation Scientists,2012,70,2022,70,0,7.4,0
9,Connecticut,47-4011,Construction and Building Inspectors,2012,910,2022,980,70,7.8,30
9,Connecticut,47-4099,Construction and Related Workers  All Other,2012,240,2022,250,10,5.4,10
9,Connecticut,47-2061,Construction Laborers,2012,7470,2022,8850,1380,18.5,300
9,Connecticut,Nov-21,Construction Managers,2012,5030,2022,5700,670,13.2,150
9,Connecticut,47-5041,Continuous Mining Machine Operators,2012,10,2022,10,0,40,0
9,Connecticut,49-9012,Control and Valve Installers and Repairers  Except Mechanical Door,2012,440,2022,550,110,25,30
9,Connecticut,53-7011,Conveyor Operators and Tenders,2012,190,2022,190,0,3.2,10
9,Connecticut,35-2019,Cooks  All Other,2012,300,2022,350,50,17,10
9,Connecticut,35-2011,Cooks  Fast Food,2012,5910,2022,5910,0,0,120
9,Connecticut,35-2012,Cooks  Institution and Cafeteria,2012,3850,2022,4200,350,9.1,110
9,Connecticut,35-2013,Cooks  Private Household,2012,100,2022,120,20,15.4,0
9,Connecticut,35-2014,Cooks  Restaurant,2012,9570,2022,11010,1440,15,330
9,Connecticut,35-2015,Cooks  Short Order,2012,2730,2022,2730,0,0,50
9,Connecticut,51-9193,Cooling and Freezing Equipment Operators and Tenders,2012,30,2022,30,0,3,0
9,Connecticut,33-3012,Correctional Officers and Jailers,2012,3000,2022,3230,230,7.7,100
9,Connecticut,43-4021,Correspondence Clerks,2012,120,2022,120,0,1.7,0
9,Connecticut,13-1051,Cost Estimators,2012,2150,2022,2560,410,19.2,110
9,Connecticut,21-1019,Counselors  All Other,2012,260,2022,320,60,20.5,10
9,Connecticut,41-2021,Counter and Rental Clerks,2012,4540,2022,4920,380,8.2,150
9,Connecticut,35-3022,Counter Attendants  Cafeteria  Food Concession  and Coffee Shop,2012,6840,2022,6700,-140,-2,420
9,Connecticut,43-5021,Couriers and Messengers,2012,760,2022,670,-90,-11.9,10
9,Connecticut,23-2091,Court Reporters,2012,190,2022,210,20,8.9,10
9,Connecticut,43-4031,Court  Municipal  and License Clerks,2012,1110,2022,1220,110,10.1,30
9,Connecticut,27-1012,Craft Artists,2012,160,2022,160,0,3.2,0
9,Connecticut,53-7021,Crane and Tower Operators,2012,310,2022,340,30,10.7,10
9,Connecticut,13-2041,Credit Analysts,2012,1290,2022,1390,100,8.1,40
9,Connecticut,43-4041,Credit Authorizers  Checkers  and Clerks,2012,290,2022,280,-10,-4.2,0
9,Connecticut,13-2071,Credit Counselors,2012,120,2022,130,10,7.5,0
9,Connecticut,25-1111,Criminal Justice and Law Enforcement Teachers  Postsecondary,2012,130,2022,150,20,14.4,0
9,Connecticut,33-9091,Crossing Guards,2012,1220,2022,1280,60,4.7,30
9,Connecticut,51-9021,Crushing  Grinding  and Polishing Machine Setters  Operators  and Tenders,2012,230,2022,240,10,5.6,10
9,Connecticut,25-4012,Curators,2012,170,2022,190,20,8,10
9,Connecticut,43-4051,Customer Service Representatives,2012,28890,2022,31060,2170,7.5,1000
9,Connecticut,51-9031,Cutters and Trimmers  Hand,2012,80,2022,80,0,1.2,0
9,Connecticut,51-9032,Cutting and Slicing Machine Setters  Operators  and Tenders,2012,740,2022,660,-80,-11,10
9,Connecticut,51-4031,Cutting  Punching  and Press Machine Setters  Operators  and Tenders  Metal and Plastic,2012,2110,2022,1990,-120,-5.7,20
9,Connecticut,27-2031,Dancers,2012,120,2022,120,0,-2.5,0
9,Connecticut,43-9021,Data Entry Keyers,2012,1770,2022,1300,-470,-26.8,20
9,Connecticut,15-1141,Database Administrators,2012,1550,2022,1690,140,9.5,40
9,Connecticut,41-9011,Demonstrators and Product Promoters,2012,1270,2022,1510,240,19.1,60
9,Connecticut,31-9091,Dental Assistants,2012,4180,2022,4530,350,8.4,120
9,Connecticut,29-2021,Dental Hygienists,2012,3830,2022,4410,580,15.3,160
9,Connecticut,51-9081,Dental Laboratory Technicians,2012,370,2022,380,10,1.1,10
9,Connecticut,29-1029,Dentists  All Other Specialists,2012,50,2022,50,0,0,0
9,Connecticut,29-1021,Dentists  General,2012,1610,2022,1680,70,4.5,50
9,Connecticut,27-1029,Designers  All Other,2012,120,2022,130,10,5.8,0
9,Connecticut,43-9031,Desktop Publishers,2012,110,2022,100,-10,-12.6,0
9,Connecticut,33-3021,Detectives and Criminal Investigators,2012,790,2022,820,30,4.1,20
9,Connecticut,29-2032,Diagnostic Medical Sonographers,2012,1000,2022,1380,380,38.3,50
9,Connecticut,29-2051,Dietetic Technicians,2012,320,2022,340,20,6.6,10
9,Connecticut,29-1031,Dietitians and Nutritionists,2012,820,2022,950,130,17.1,20
9,Connecticut,35-9011,Dining Room and Cafeteria Attendants and Bartender Helpers,2012,4280,2022,4470,190,4.4,210
9,Connecticut,21-2021,Directors  Religious Activities and Education,2012,630,2022,690,60,9.6,30
9,Connecticut,35-9021,Dishwashers,2012,6060,2022,6380,320,5.3,300
9,Connecticut,43-5032,Dispatchers  Except Police  Fire  and Ambulance,2012,1890,2022,2050,160,8,70
9,Connecticut,41-9091,Door-to-Door Sales Workers  News and Street Vendors  and Related Workers,2012,190,2022,160,-30,-14.7,0
9,Connecticut,17-3019,Drafters  All Other,2012,100,2022,110,10,7.8,0
9,Connecticut,53-7031,Dredge Operators,2012,10,2022,10,0,16.7,0
9,Connecticut,51-4032,Drilling and Boring Machine Tool Setters  Operators  and Tenders  Metal and Plastic,2012,360,2022,290,-70,-21.1,10
9,Connecticut,53-3031,Driver/Sales Workers,2012,3960,2022,4330,370,9.4,100
9,Connecticut,47-2081,Drywall and Ceiling Tile Installers,2012,560,2022,580,20,4.3,10
9,Connecticut,47-5021,Earth Drillers  Except Oil and Gas,2012,230,2022,310,80,32.3,10
9,Connecticut,25-1063,Economics Teachers  Postsecondary,2012,260,2022,300,40,13.8,10
9,Connecticut,19-3011,Economists,2012,210,2022,220,10,5.8,10
9,Connecticut,27-3041,Editors,2012,1280,2022,1210,-70,-5.5,30
9,Connecticut,Nov-39,Education Administrators  All Other,2012,300,2022,330,30,9.3,10
9,Connecticut,Nov-32,Education Administrators  Elementary and Secondary School,2012,2770,2022,2990,220,7.7,100
9,Connecticut,Nov-33,Education Administrators  Postsecondary,2012,2050,2022,2330,280,13.8,80
9,Connecticut,Nov-31,Education Administrators  Preschool and Childcare Center/Program,2012,1180,2022,1330,150,13.2,50
9,Connecticut,25-1081,Education Teachers  Postsecondary,2012,840,2022,960,120,13.8,30
9,Connecticut,25-9099,Education  Training  and Library Workers  All Other,2012,660,2022,710,50,7.9,10
9,Connecticut,21-1012,Educational  Guidance  School  and Vocational Counselors,2012,3850,2022,4360,510,13.2,130
9,Connecticut,49-2092,Electric Motor  Power Tool  and Related Repairers,2012,200,2022,190,-10,-8.9,0
9,Connecticut,51-2022,Electrical and Electronic Equipment Assemblers,2012,3530,2022,3640,110,3,50
9,Connecticut,17-3012,Electrical and Electronics Drafters,2012,410,2022,450,40,8.5,10
9,Connecticut,17-3023,Electrical and Electronics Engineering Technicians,2012,1730,2022,1760,30,1.7,40
9,Connecticut,49-2093,Electrical and Electronics Installers and Repairers  Transportation Equipment,2012,100,2022,100,0,-1.9,0
9,Connecticut,49-2094,Electrical and Electronics Repairers  Commercial and Industrial Equipment,2012,670,2022,730,60,9.3,20
9,Connecticut,49-2095,Electrical and Electronics Repairers  Powerhouse  Substation  and Relay,2012,80,2022,90,10,16,0
9,Connecticut,17-2071,Electrical Engineers,2012,2090,2022,2210,120,5.7,60
9,Connecticut,49-9051,Electrical Power-Line Installers and Repairers,2012,970,2022,1260,290,30.5,60
9,Connecticut,47-2111,Electricians,2012,6000,2022,7280,1280,21.2,240
9,Connecticut,51-2023,Electromechanical Equipment Assemblers,2012,1010,2022,960,-50,-4.7,10
9,Connecticut,17-3024,Electro-Mechanical Technicians,2012,220,2022,210,-10,-2.3,0
9,Connecticut,49-2096,Electronic Equipment Installers and Repairers  Motor Vehicles,2012,330,2022,300,-30,-10.6,0
9,Connecticut,49-2097,Electronic Home Entertainment Equipment Installers and Repairers,2012,340,2022,320,-20,-8.1,10
9,Connecticut,17-2072,Electronics Engineers  Except Computer,2012,790,2022,760,-30,-3.9,20
9,Connecticut,25-2021,Elementary School Teachers  Except Special Education,2012,14740,2022,16920,2180,14.8,540
9,Connecticut,47-4021,Elevator Installers and Repairers,2012,240,2022,300,60,24.5,10
9,Connecticut,43-4061,Eligibility Interviewers  Government Programs,2012,850,2022,1040,190,21.7,40
9,Connecticut,39-4011,Embalmers,2012,50,2022,40,-10,-13,0
9,Connecticut,Nov-61,Emergency Management Directors,2012,140,2022,150,10,4.3,0
9,Connecticut,29-2041,Emergency Medical Technicians and Paramedics,2012,3190,2022,4170,980,30.7,190
9,Connecticut,51-2031,Engine and Other Machine Assemblers,2012,400,2022,390,-10,-1.5,10
9,Connecticut,25-1032,Engineering Teachers  Postsecondary,2012,460,2022,510,50,10.8,10
9,Connecticut,17-3029,Engineering Technicians  Except Drafters  All Other,2012,460,2022,490,30,6.1,10
9,Connecticut,17-2199,Engineers  All Other,2012,1330,2022,1430,100,7.8,30
9,Connecticut,25-1123,English Language and Literature Teachers  Postsecondary,2012,970,2022,1100,130,13,30
9,Connecticut,27-2099,Entertainers and Performers  Sports and Related Workers  All Other,2012,30,2022,40,10,8.8,0
9,Connecticut,17-3025,Environmental Engineering Technicians,2012,130,2022,150,20,18.5,10
9,Connecticut,17-2081,Environmental Engineers,2012,470,2022,540,70,15.1,20
9,Connecticut,19-4091,Environmental Science and Protection Technicians  Including Health,2012,350,2022,400,50,15.8,20
9,Connecticut,25-1053,Environmental Science Teachers  Postsecondary,2012,120,2022,130,10,12.9,0
9,Connecticut,19-2041,Environmental Scientists and Specialists  Including Health,2012,740,2022,850,110,16.2,30
9,Connecticut,19-1041,Epidemiologists,2012,100,2022,110,10,7.8,0
9,Connecticut,51-9194,Etchers and Engravers,2012,150,2022,130,-20,-17.8,0
9,Connecticut,53-7032,Excavating and Loading Machine and Dragline Operators,2012,270,2022,330,60,19.9,10
9,Connecticut,43-6011,Executive Secretaries and Executive Administrative Assistants,2012,10460,2022,10080,-380,-3.7,130
9,Connecticut,29-1128,Exercise Physiologists,2012,100,2022,110,10,16.7,0
9,Connecticut,47-5099,Extraction Workers  All Other,2012,0,2022,0,0,0,0
9,Connecticut,51-4021,Extruding and Drawing Machine Setters  Operators  and Tenders  Metal and Plastic,2012,1030,2022,890,-140,-13.5,20
9,Connecticut,51-6091,Extruding and Forming Machine Setters  Operators  and Tenders  Synthetic and Glass Fibers,2012,10,2022,10,0,9.1,0
9,Connecticut,51-9041,Extruding  Forming  Pressing  and Compacting Machine Setters  Operators  and Tenders,2012,460,2022,510,50,11.4,20
9,Connecticut,51-6092,Fabric and Apparel Patternmakers,2012,20,2022,10,-10,-20,0
9,Connecticut,49-9093,Fabric Menders  Except Garment,2012,40,2022,40,0,8.1,0
9,Connecticut,45-4021,Fallers,2012,0,2022,0,0,0,0
9,Connecticut,29-1062,Family and General Practitioners,2012,1390,2022,1560,170,12.1,50
9,Connecticut,25-9021,Farm and Home Management Advisors,2012,20,2022,20,0,6.3,0
9,Connecticut,49-3041,Farm Equipment Mechanics and Service Technicians,2012,40,2022,40,0,10.3,0
9,Connecticut,Nov-13,Farmers  Ranchers  and Other Agricultural Managers,2012,3330,2022,2780,-550,-16.5,50
9,Connecticut,45-2092,Farmworkers and Laborers  Crop  Nursery  and Greenhouse,2012,2720,2022,2910,190,7.3,100
9,Connecticut,45-2093,Farmworkers  Farm  Ranch  and Aquacultural Animals,2012,360,2022,400,40,11.3,20
9,Connecticut,27-1022,Fashion Designers,2012,100,2022,110,10,7.1,0
9,Connecticut,47-4031,Fence Erectors,2012,480,2022,550,70,14.3,20
9,Connecticut,51-2091,Fiberglass Laminators and Fabricators,2012,20,2022,20,0,4.5,0
9,Connecticut,43-4071,File Clerks,2012,2180,2022,2100,-80,-3.9,50
9,Connecticut,27-4032,Film and Video Editors,2012,220,2022,250,30,16.7,10
9,Connecticut,13-2051,Financial Analysts,2012,6390,2022,7510,1120,17.6,270
9,Connecticut,13-2061,Financial Examiners,2012,380,2022,390,10,1,10
9,Connecticut,Nov-31,Financial Managers,2012,13950,2022,14800,850,6.1,350
9,Connecticut,13-2099,Financial Specialists  All Other,2012,1500,2022,1550,50,2.8,20
9,Connecticut,27-1013,Fine Artists  Including Painters  Sculptors  and Illustrators,2012,560,2022,600,40,7.4,20
9,Connecticut,33-2011,Firefighters,2012,2900,2022,2990,90,3.1,90
9,Connecticut,47-1011,First-Line Supervisors of Construction Trades and Extraction Workers,2012,4860,2022,5870,1010,20.7,150
9,Connecticut,33-1011,First-Line Supervisors of Correctional Officers,2012,410,2022,450,40,8,20
9,Connecticut,45-1011,First-Line Supervisors of Farming  Fishing  and Forestry Workers,2012,180,2022,190,10,4.4,10
9,Connecticut,33-1021,First-Line Supervisors of Fire Fighting and Prevention Workers,2012,1030,2022,1060,30,3.3,50
9,Connecticut,35-1012,First-Line Supervisors of Food Preparation and Serving Workers,2012,8480,2022,9580,1100,13,350
9,Connecticut,53-1021,First-Line Supervisors of Helpers  Laborers  and Material Movers  Hand,2012,2110,2022,2230,120,5.3,70
9,Connecticut,37-1011,First-Line Supervisors of Housekeeping and Janitorial Workers,2012,3200,2022,3480,280,8.8,100
9,Connecticut,37-1012,First-Line Supervisors of Landscaping  Lawn Service  and Groundskeeping Workers,2012,3940,2022,4340,400,10.3,90
9,Connecticut,49-1011,First-Line Supervisors of Mechanics  Installers  and Repairers,2012,5070,2022,5520,450,8.9,180
9,Connecticut,41-1012,First-Line Supervisors of Non-Retail Sales Workers,2012,4840,2022,4610,-230,-4.6,60
9,Connecticut,43-1011,First-Line Supervisors of Office and Administrative Support Workers,2012,26360,2022,28900,2540,9.6,880
9,Connecticut,39-1021,First-Line Supervisors of Personal Service Workers,2012,5370,2022,5800,430,7.9,140
9,Connecticut,33-1012,First-Line Supervisors of Police and Detectives,2012,1600,2022,1660,60,4.1,50
9,Connecticut,51-1011,First-Line Supervisors of Production and Operating Workers,2012,8250,2022,8200,-50,-0.5,120
9,Connecticut,33-1099,First-Line Supervisors of Protective Service Workers  All Other,2012,550,2022,570,20,3.6,20
9,Connecticut,41-1011,First-Line Supervisors of Retail Sales Workers,2012,21220,2022,21690,470,2.2,510
9,Connecticut,53-1031,First-Line Supervisors of Transportation and Material-Moving Machine and Vehicle Operators,2012,2070,2022,2250,180,8.4,70
9,Connecticut,33-3031,Fish and Game Wardens,2012,110,2022,120,10,6.2,0
9,Connecticut,45-3011,Fishers and Related Fishing Workers,2012,90,2022,80,-10,-11.8,0
9,Connecticut,39-9031,Fitness Trainers and Aerobics Instructors,2012,4450,2022,5100,650,14.5,120
9,Connecticut,53-2031,Flight Attendants,2012,10,2022,10,0,-15.4,0
9,Connecticut,47-2042,Floor Layers  Except Carpet  Wood  and Hard Tiles,2012,280,2022,300,20,6.1,10
9,Connecticut,47-2043,Floor Sanders and Finishers,2012,70,2022,70,0,4.6,0
9,Connecticut,27-1023,Floral Designers,2012,890,2022,840,-50,-5.8,20
9,Connecticut,51-3091,Food and Tobacco Roasting  Baking  and Drying Machine Operators and Tenders,2012,70,2022,70,0,6.2,0
9,Connecticut,51-3092,Food Batchmakers,2012,570,2022,580,10,2.1,20
9,Connecticut,51-3093,Food Cooking Machine Operators and Tenders,2012,310,2022,340,30,10.7,10
9,Connecticut,35-9099,Food Preparation and Serving Related Workers  All Other,2012,360,2022,330,-30,-8.6,20
9,Connecticut,35-2021,Food Preparation Workers,2012,13540,2022,13870,330,2.4,420
9,Connecticut,51-3099,Food Processing Workers  All Other,2012,60,2022,70,10,19.6,0
9,Connecticut,19-1012,Food Scientists and Technologists,2012,30,2022,30,0,3,0
9,Connecticut,35-3041,Food Servers  Nonrestaurant,2012,3700,2022,4210,510,13.9,160
9,Connecticut,Nov-51,Food Service Managers,2012,3260,2022,3310,50,1.5,60
9,Connecticut,25-1124,Foreign Language and Literature Teachers  Postsecondary,2012,390,2022,450,60,12.9,10
9,Connecticut,19-4092,Forensic Science Technicians,2012,80,2022,90,10,10.7,0
9,Connecticut,19-4093,Forest and Conservation Technicians,2012,30,2022,30,0,11.1,0
9,Connecticut,45-4011,Forest and Conservation Workers,2012,30,2022,30,0,0,0
9,Connecticut,19-1032,Foresters,2012,70,2022,80,10,11,0
9,Connecticut,51-4022,Forging Machine Setters  Operators  and Tenders  Metal and Plastic,2012,370,2022,310,-60,-16.9,10
9,Connecticut,13-1131,Fundraisers,2012,1320,2022,1480,160,11.6,40
9,Connecticut,39-4021,Funeral Attendants,2012,470,2022,480,10,1.7,10
9,Connecticut,Nov-61,Funeral Service Managers,2012,80,2022,90,10,13.3,0
9,Connecticut,51-9051,Furnace  Kiln  Oven  Drier  and Kettle Operators and Tenders,2012,70,2022,80,10,2.7,0
9,Connecticut,51-7021,Furniture Finishers,2012,130,2022,130,0,3.2,0
9,Connecticut,39-3012,Gaming and Sports Book Writers and Runners,2012,170,2022,140,-30,-20.9,0
9,Connecticut,41-2012,Gaming Change Persons and Booth Cashiers,2012,700,2022,470,-230,-32.6,30
9,Connecticut,39-3011,Gaming Dealers,2012,3370,2022,2790,-580,-17.2,60
9,Connecticut,Nov-71,Gaming Managers,2012,60,2022,50,-10,-19,0
9,Connecticut,39-3019,Gaming Service Workers  All Other,2012,240,2022,190,-50,-21.3,0
9,Connecticut,39-1011,Gaming Supervisors,2012,1610,2022,1420,-190,-11.7,30
9,Connecticut,33-9031,Gaming Surveillance Officers and Gaming Investigators,2012,120,2022,110,-10,-1.7,0
9,Connecticut,53-7071,Gas Compressor and Gas Pumping Station Operators,2012,20,2022,20,0,0,0
9,Connecticut,11-1021,General and Operations Managers,2012,31160,2022,34420,3260,10.5,910
9,Connecticut,29-9092,Genetic Counselors,2012,10,2022,10,0,42.9,0
9,Connecticut,19-4041,Geological and Petroleum Technicians,2012,30,2022,40,10,19.4,0
9,Connecticut,19-2042,Geoscientists  Except Hydrologists and Geographers,2012,140,2022,160,20,18.4,10
9,Connecticut,47-2121,Glaziers,2012,650,2022,700,50,7.4,20
9,Connecticut,45-2041,Graders and Sorters  Agricultural Products,2012,120,2022,120,0,3.4,0
9,Connecticut,25-1191,Graduate Teaching Assistants,2012,16310,2022,17750,1440,8.9,390
9,Connecticut,27-1024,Graphic Designers,2012,3290,2022,3450,160,4.8,100
9,Connecticut,51-9022,Grinding and Polishing Workers  Hand,2012,490,2022,490,0,0,10
9,Connecticut,51-4033,Grinding  Lapping  Polishing  and Buffing Machine Tool Setters  Operators  and Tenders  Metal and Plastic,2012,1830,2022,1690,-140,-7.9,40
9,Connecticut,37-3019,Grounds Maintenance Workers  All Other,2012,90,2022,100,10,11.2,0
9,Connecticut,39-5012,Hairdressers  Hairstylists  and Cosmetologists,2012,10030,2022,10570,540,5.4,290
9,Connecticut,47-4041,Hazardous Materials Removal Workers,2012,720,2022,890,170,24.4,30
9,Connecticut,17-2111,Health and Safety Engineers  Except Mining Safety Engineers and Inspectors,2012,160,2022,170,10,8.8,10
9,Connecticut,29-1199,Health Diagnosing and Treating Practitioners  All Other,2012,390,2022,420,30,6.6,10
9,Connecticut,21-1091,Health Educators,2012,670,2022,820,150,22.4,30
9,Connecticut,25-1071,Health Specialties Teachers  Postsecondary,2012,2810,2022,3770,960,34.3,140
9,Connecticut,29-2099,Health Technologists and Technicians  All Other,2012,1020,2022,1270,250,24.7,40
9,Connecticut,29-9099,Healthcare Practitioners and Technical Workers  All Other,2012,330,2022,380,50,15.3,10
9,Connecticut,21-1022,Healthcare Social Workers,2012,2250,2022,2600,350,15.4,80
9,Connecticut,31-9099,Healthcare Support Workers  All Other,2012,780,2022,860,80,10.8,20
9,Connecticut,29-2092,Hearing Aid Specialists,2012,30,2022,40,10,18.8,0
9,Connecticut,51-4191,Heat Treating Equipment Setters  Operators  and Tenders  Metal and Plastic,2012,290,2022,300,10,3.8,10
9,Connecticut,49-9021,Heating  Air Conditioning  and Refrigeration Mechanics and Installers,2012,3340,2022,3780,440,13.2,130
9,Connecticut,53-3032,Heavy and Tractor-Trailer Truck Drivers,2012,13030,2022,14370,1340,10.3,340
9,Connecticut,47-3019,Helpers  Construction Trades  All Other,2012,160,2022,180,20,14.8,0
9,Connecticut,47-3011,Helpers--Brickmasons  Blockmasons  Stonemasons  and Tile and Marble Setters,2012,200,2022,260,60,29.4,10
9,Connecticut,47-3012,Helpers--Carpenters,2012,330,2022,390,60,18.5,10
9,Connecticut,47-3013,Helpers--Electricians,2012,270,2022,380,110,39.4,20
9,Connecticut,49-9098,Helpers--Installation  Maintenance  and Repair Workers,2012,990,2022,1100,110,10.7,40
9,Connecticut,47-3014,Helpers--Painters  Paperhangers  Plasterers  and Stucco Masons,2012,10,2022,10,0,-11.1,0
9,Connecticut,47-3015,Helpers--Pipelayers  Plumbers  Pipefitters  and Steamfitters,2012,220,2022,280,60,30.7,10
9,Connecticut,51-9198,Helpers--Production Workers,2012,4010,2022,4290,280,7.1,100
9,Connecticut,47-3016,Helpers--Roofers,2012,30,2022,30,0,3.1,0
9,Connecticut,47-4051,Highway Maintenance Workers,2012,2460,2022,2570,110,4.8,50
9,Connecticut,19-3093,Historians,2012,0,2022,0,0,0,0
9,Connecticut,25-1125,History Teachers  Postsecondary,2012,340,2022,380,40,13.9,10
9,Connecticut,53-7041,Hoist and Winch Operators,2012,80,2022,90,10,14.7,0
9,Connecticut,49-9031,Home Appliance Repairers,2012,250,2022,250,0,0,10
9,Connecticut,31-1011,Home Health Aides,2012,8250,2022,11450,3200,38.7,480
9,Connecticut,35-9031,Hosts and Hostesses  Restaurant  Lounge  and Coffee Shop,2012,3610,2022,3830,220,6.1,290
9,Connecticut,43-4081,Hotel  Motel  and Resort Desk Clerks,2012,1620,2022,1800,180,11.4,100
9,Connecticut,43-4161,Human Resources Assistants  Except Payroll and Timekeeping,2012,1330,2022,1280,-50,-3.8,30
9,Connecticut,Nov-21,Human Resources Managers,2012,2050,2022,2290,240,11.3,80
9,Connecticut,13-1071,Human Resources Specialists,2012,5210,2022,5730,520,9.9,150
9,Connecticut,19-2043,Hydrologists,2012,100,2022,120,20,23.2,10
9,Connecticut,17-3026,Industrial Engineering Technicians,2012,910,2022,910,0,0.3,20
9,Connecticut,17-2112,Industrial Engineers,2012,3700,2022,3890,190,5.1,130
9,Connecticut,49-9041,Industrial Machinery Mechanics,2012,2020,2022,2470,450,22.7,100
9,Connecticut,Nov-51,Industrial Production Managers,2012,3160,2022,3150,-10,-0.2,60
9,Connecticut,53-7051,Industrial Truck and Tractor Operators,2012,3350,2022,3330,-20,-0.6,80
9,Connecticut,19-3032,Industrial-Organizational Psychologists,2012,20,2022,30,10,45,0
9,Connecticut,43-4199,Information and Record Clerks  All Other,2012,910,2022,880,-30,-4.2,20
9,Connecticut,15-1122,Information Security Analysts,2012,730,2022,870,140,18.6,30
9,Connecticut,51-9061,Inspectors  Testers  Sorters  Samplers  and Weighers,2012,7840,2022,8550,710,9.1,240
9,Connecticut,49-9099,Installation  Maintenance  and Repair Workers  All Other,2012,2400,2022,2600,200,8.5,60
9,Connecticut,25-9031,Instructional Coordinators,2012,1030,2022,1150,120,10.9,20
9,Connecticut,47-2131,Insulation Workers  Floor  Ceiling  and Wall,2012,130,2022,160,30,24,10
9,Connecticut,47-2132,Insulation Workers  Mechanical,2012,210,2022,350,140,65.6,20
9,Connecticut,13-1032,Insurance Appraisers  Auto Damage,2012,150,2022,130,-20,-15.3,0
9,Connecticut,43-9041,Insurance Claims and Policy Processing Clerks,2012,4130,2022,4040,-90,-2.2,110
9,Connecticut,41-3021,Insurance Sales Agents,2012,6210,2022,6260,50,0.9,150
9,Connecticut,13-2053,Insurance Underwriters,2012,4210,2022,3610,-600,-14.3,110
9,Connecticut,27-1025,Interior Designers,2012,1280,2022,1390,110,8.7,50
9,Connecticut,29-1063,Internists  General,2012,1200,2022,1340,140,11.5,40
9,Connecticut,27-3091,Interpreters and Translators,2012,460,2022,650,190,43.1,30
9,Connecticut,43-4111,Interviewers  Except Eligibility and Loan,2012,2040,2022,2060,20,1,40
9,Connecticut,37-2011,Janitors and Cleaners  Except Maids and Housekeeping Cleaners,2012,28850,2022,31220,2370,8.2,780
9,Connecticut,51-9071,Jewelers and Precious Stone and Metal Workers,2012,240,2022,230,-10,-4.9,10
9,Connecticut,23-1023,Judges  Magistrate Judges  and Magistrates,2012,180,2022,190,10,8,0
9,Connecticut,23-1012,Judicial Law Clerks,2012,160,2022,180,20,7.3,0
9,Connecticut,25-2012,Kindergarten Teachers  Except Special Education,2012,1850,2022,2130,280,14.8,80
9,Connecticut,13-1075,Labor Relations Specialists,2012,740,2022,690,-50,-6.4,10
9,Connecticut,53-7062,Laborers and Freight  Stock  and Material Movers  Hand,2012,21470,2022,23300,1830,8.5,850
9,Connecticut,17-1012,Landscape Architects,2012,260,2022,290,30,11.7,10
9,Connecticut,37-3011,Landscaping and Groundskeeping Workers,2012,17520,2022,19300,1780,10.2,620
9,Connecticut,51-4034,Lathe and Turning Machine Tool Setters  Operators  and Tenders  Metal and Plastic,2012,900,2022,790,-110,-12,20
9,Connecticut,51-6011,Laundry and Dry-Cleaning Workers,2012,1900,2022,2030,130,7.1,70
9,Connecticut,23-1011,Lawyers,2012,9390,2022,10080,690,7.4,220
9,Connecticut,43-6012,Legal Secretaries,2012,2390,2022,2250,-140,-5.9,30
9,Connecticut,23-2099,Legal Support Workers  All Other,2012,210,2022,210,0,3.4,0
9,Connecticut,11-1031,Legislators,2012,380,2022,400,20,5,10
9,Connecticut,25-4021,Librarians,2012,2440,2022,2530,90,3.9,70
9,Connecticut,43-4121,Library Assistants  Clerical,2012,1510,2022,1640,130,8.8,80
9,Connecticut,25-4031,Library Technicians,2012,1840,2022,1900,60,3.7,110
9,Connecticut,29-2061,Licensed Practical and Licensed Vocational Nurses,2012,8850,2022,10420,1570,17.8,370
9,Connecticut,19-1099,Life Scientists  All Other,2012,160,2022,180,20,10.1,10
9,Connecticut,19-4099,Life  Physical  and Social Science Technicians  All Other,2012,330,2022,400,70,19.5,20
9,Connecticut,33-9092,Lifeguards  Ski Patrol  and Other Recreational Protective Service Workers,2012,1820,2022,2030,210,11.3,140
9,Connecticut,53-3033,Light Truck or Delivery Services Drivers,2012,11480,2022,11730,250,2.2,210
9,Connecticut,43-4131,Loan Interviewers and Clerks,2012,1500,2022,1530,30,1.8,10
9,Connecticut,13-2072,Loan Officers,2012,2190,2022,2190,0,0,40
9,Connecticut,39-3093,Locker Room  Coatroom  and Dressing Room Attendants,2012,170,2022,180,10,7,10
9,Connecticut,49-9094,Locksmiths and Safe Repairers,2012,180,2022,190,10,4.4,10
9,Connecticut,53-4011,Locomotive Engineers,2012,620,2022,650,30,5.3,20
9,Connecticut,Nov-81,Lodging Managers,2012,400,2022,400,0,-1.7,10
9,Connecticut,45-4023,Log Graders and Scalers,2012,0,2022,0,0,0,0
9,Connecticut,45-4022,Logging Equipment Operators,2012,10,2022,10,0,16.7,0
9,Connecticut,45-4029,Logging Workers  All Other,2012,0,2022,0,0,0,0
9,Connecticut,13-1081,Logisticians,2012,1060,2022,1310,250,22.9,40
9,Connecticut,53-7063,Machine Feeders and Offbearers,2012,910,2022,860,-50,-5.8,20
9,Connecticut,51-4041,Machinists,2012,8900,2022,9760,860,9.7,290
9,Connecticut,29-2035,Magnetic Resonance Imaging Technologists,2012,300,2022,350,50,16.6,10
9,Connecticut,37-2012,Maids and Housekeeping Cleaners,2012,17800,2022,20560,2760,15.5,630
9,Connecticut,43-9051,Mail Clerks and Mail Machine Operators  Except Postal Service,2012,1480,2022,1250,-230,-15.6,30
9,Connecticut,49-9071,Maintenance and Repair Workers  General,2012,11110,2022,11950,840,7.6,300
9,Connecticut,49-9043,Maintenance Workers  Machinery,2012,820,2022,910,90,11.5,20
9,Connecticut,39-5091,Makeup Artists  Theatrical and Performance,2012,0,2022,0,0,0,0
9,Connecticut,13-1111,Management Analysts,2012,11550,2022,12950,1400,12.1,320
9,Connecticut,Nov-99,Managers  All Other,2012,13160,2022,13710,550,4.1,340
9,Connecticut,39-5092,Manicurists and Pedicurists,2012,2300,2022,2460,160,6.7,30
9,Connecticut,49-9095,Manufactured Building and Mobile Home Installers,2012,20,2022,20,0,-22.7,0
9,Connecticut,17-2121,Marine Engineers and Naval Architects,2012,210,2022,240,30,15,10
9,Connecticut,13-1161,Market Research Analysts and Marketing Specialists,2012,6590,2022,8440,1850,28.1,280
9,Connecticut,Nov-21,Marketing Managers,2012,5600,2022,6360,760,13.5,200
9,Connecticut,21-1013,Marriage and Family Therapists,2012,390,2022,490,100,27,20
9,Connecticut,31-9011,Massage Therapists,2012,1510,2022,1790,280,18.2,40
9,Connecticut,53-7199,Material Moving Workers  All Other,2012,490,2022,580,90,18.6,20
9,Connecticut,17-2131,Materials Engineers,2012,680,2022,720,40,6.4,30
9,Connecticut,19-2032,Materials Scientists,2012,90,2022,90,0,8.2,0
9,Connecticut,25-1022,Mathematical Science Teachers  Postsecondary,2012,800,2022,900,100,13,20
9,Connecticut,51-3022,Meat  Poultry  and Fish Cutters and Trimmers,2012,150,2022,160,10,5.2,10
9,Connecticut,49-9011,Mechanical Door Repairers,2012,250,2022,300,50,19,10
9,Connecticut,17-3013,Mechanical Drafters,2012,1890,2022,1890,0,0.3,30
9,Connecticut,17-3027,Mechanical Engineering Technicians,2012,970,2022,1040,70,7,30
9,Connecticut,17-2141,Mechanical Engineers,2012,6070,2022,6420,350,5.7,240
9,Connecticut,27-4099,Media and Communication Equipment Workers  All Other,2012,130,2022,150,20,13.1,0
9,Connecticut,27-3099,Media and Communication Workers  All Other,2012,240,2022,270,30,9,10
9,Connecticut,29-2012,Medical and Clinical Laboratory Technicians,2012,1500,2022,1840,340,22.3,70
9,Connecticut,29-2011,Medical and Clinical Laboratory Technologists,2012,2360,2022,2500,140,5.9,80
9,Connecticut,Nov-11,Medical and Health Services Managers,2012,5000,2022,5970,970,19.4,220
9,Connecticut,51-9082,Medical Appliance Technicians,2012,230,2022,240,10,5.7,10
9,Connecticut,31-9092,Medical Assistants,2012,7310,2022,9320,2010,27.4,340
9,Connecticut,31-9093,Medical Equipment Preparers,2012,550,2022,660,110,19.9,20
9,Connecticut,49-9062,Medical Equipment Repairers,2012,290,2022,370,80,24.5,20
9,Connecticut,29-2071,Medical Records and Health Information Technicians,2012,1400,2022,1650,250,18.1,60
9,Connecticut,19-1042,Medical Scientists  Except Epidemiologists,2012,2230,2022,2750,520,23.2,100
9,Connecticut,43-6013,Medical Secretaries,2012,4380,2022,5730,1350,30.8,190
9,Connecticut,31-9094,Medical Transcriptionists,2012,840,2022,850,10,1.2,20
9,Connecticut,13-1121,Meeting  Convention  and Event Planners,2012,800,2022,1040,240,29.5,40
9,Connecticut,21-1023,Mental Health and Substance Abuse Social Workers,2012,2180,2022,2600,420,19.3,90
9,Connecticut,21-1014,Mental Health Counselors,2012,1850,2022,2360,510,27.6,90
9,Connecticut,27-1026,Merchandise Displayers and Window Trimmers,2012,850,2022,890,40,5.1,30
9,Connecticut,51-4199,Metal Workers and Plastic Workers  All Other,2012,320,2022,320,0,2.2,0
9,Connecticut,51-4051,Metal-Refining Furnace Operators and Tenders,2012,30,2022,30,0,11.5,0
9,Connecticut,43-5041,Meter Readers  Utilities,2012,150,2022,150,0,-1.3,0
9,Connecticut,19-1022,Microbiologists,2012,100,2022,100,0,9.5,0
9,Connecticut,25-2022,Middle School Teachers  Except Special and Career/Technical Education,2012,9150,2022,10500,1350,14.7,340
9,Connecticut,51-4035,Milling and Planing Machine Setters  Operators  and Tenders  Metal and Plastic,2012,350,2022,320,-30,-9.9,10
9,Connecticut,49-9044,Millwrights,2012,310,2022,360,50,17.7,10
9,Connecticut,51-9023,Mixing and Blending Machine Setters  Operators  and Tenders,2012,830,2022,860,30,4.2,30
9,Connecticut,49-3042,Mobile Heavy Equipment Mechanics  Except Engines,2012,610,2022,700,90,14.5,30
9,Connecticut,51-4061,Model Makers  Metal and Plastic,2012,200,2022,200,0,1,0
9,Connecticut,51-9195,Molders  Shapers  and Casters  Except Metal and Plastic,2012,210,2022,230,20,10.5,10
9,Connecticut,51-4072,Molding  Coremaking  and Casting Machine Setters  Operators  and Tenders  Metal and Plastic,2012,1220,2022,950,-270,-22.5,20
9,Connecticut,39-4031,Morticians  Undertakers  and Funeral Directors,2012,250,2022,280,30,13.3,10
9,Connecticut,39-3021,Motion Picture Projectionists,2012,100,2022,90,-10,-5.2,0
9,Connecticut,49-3051,Motorboat Mechanics and Service Technicians,2012,450,2022,470,20,6.5,10
9,Connecticut,49-3052,Motorcycle Mechanics,2012,120,2022,110,-10,-9.2,0
9,Connecticut,27-1014,Multimedia Artists and Animators,2012,2880,2022,3260,380,12.9,110
9,Connecticut,51-4081,Multiple Machine Tool Setters  Operators  and Tenders  Metal and Plastic,2012,1770,2022,1610,-160,-8.8,30
9,Connecticut,25-4013,Museum Technicians and Conservators,2012,240,2022,260,20,10.9,10
9,Connecticut,27-2041,Music Directors and Composers,2012,850,2022,890,40,4.5,30
9,Connecticut,49-9063,Musical Instrument Repairers and Tuners,2012,100,2022,100,0,1,0
9,Connecticut,27-2042,Musicians and Singers,2012,3620,2022,3790,170,4.6,120
9,Connecticut,Nov-21,Natural Sciences Managers,2012,1360,2022,1540,180,12.9,50
9,Connecticut,15-1142,Network and Computer Systems Administrators,2012,3670,2022,4000,330,9,90
9,Connecticut,43-4141,New Accounts Clerks,2012,160,2022,140,-20,-12.9,0
9,Connecticut,39-2021,Nonfarm Animal Caretakers,2012,2670,2022,3020,350,12.8,70
9,Connecticut,29-2033,Nuclear Medicine Technologists,2012,370,2022,430,60,16.7,10
9,Connecticut,29-1151,Nurse Anesthetists,2012,410,2022,500,90,23.1,20
9,Connecticut,29-1161,Nurse Midwives,2012,120,2022,150,30,22.3,10
9,Connecticut,29-1171,Nurse Practitioners,2012,2660,2022,3430,770,28.9,130
9,Connecticut,31-1014,Nursing Assistants,2012,22780,2022,23920,1140,5,550
9,Connecticut,25-1072,Nursing Instructors and Teachers  Postsecondary,2012,700,2022,940,240,34,30
9,Connecticut,29-1064,Obstetricians and Gynecologists,2012,430,2022,490,60,14.6,20
9,Connecticut,29-9011,Occupational Health and Safety Specialists,2012,570,2022,600,30,5.1,20
9,Connecticut,29-9012,Occupational Health and Safety Technicians,2012,170,2022,180,10,7.1,10
9,Connecticut,29-1122,Occupational Therapists,2012,1820,2022,2190,370,20.1,60
9,Connecticut,31-2012,Occupational Therapy Aides,2012,70,2022,100,30,36.1,10
9,Connecticut,31-2011,Occupational Therapy Assistants,2012,490,2022,670,180,35.4,30
9,Connecticut,43-9199,Office and Administrative Support Workers  All Other,2012,6290,2022,6740,450,7.2,220
9,Connecticut,43-9061,Office Clerks  General,2012,28990,2022,29930,940,3.3,700
9,Connecticut,43-9071,Office Machine Operators  Except Computer,2012,660,2022,520,-140,-20.7,20
9,Connecticut,47-2073,Operating Engineers and Other Construction Equipment Operators,2012,2600,2022,3080,480,18.4,110
9,Connecticut,15-2031,Operations Research Analysts,2012,1050,2022,1250,200,19.1,40
9,Connecticut,51-9083,Ophthalmic Laboratory Technicians,2012,370,2022,420,50,13.6,20
9,Connecticut,29-2057,Ophthalmic Medical Technicians,2012,680,2022,830,150,20.9,20
9,Connecticut,29-2081,Opticians  Dispensing,2012,760,2022,910,150,19.8,40
9,Connecticut,29-1041,Optometrists,2012,350,2022,440,90,24.4,20
9,Connecticut,29-1022,Oral and Maxillofacial Surgeons,2012,100,2022,100,0,4.1,0
9,Connecticut,43-4151,Order Clerks,2012,1970,2022,1880,-90,-4.6,50
9,Connecticut,31-1015,Orderlies,2012,590,2022,670,80,12.3,20
9,Connecticut,29-1023,Orthodontists,2012,50,2022,60,10,1.9,0
9,Connecticut,29-2091,Orthotists and Prosthetists,2012,80,2022,110,30,36.1,0
9,Connecticut,49-3053,Outdoor Power Equipment and Other Small Engine Mechanics,2012,380,2022,410,30,7.7,10
9,Connecticut,51-9111,Packaging and Filling Machine Operators and Tenders,2012,2050,2022,2060,10,0.7,50
9,Connecticut,53-7064,Packers and Packagers  Hand,2012,7410,2022,8120,710,9.6,270
9,Connecticut,47-2141,Painters  Construction and Maintenance,2012,2590,2022,2890,300,11.4,70
9,Connecticut,51-9122,Painters  Transportation Equipment,2012,620,2022,680,60,10,20
9,Connecticut,51-9123,Painting  Coating  and Decorating Workers,2012,140,2022,150,10,7.4,0
9,Connecticut,51-9196,Paper Goods Machine Setters  Operators  and Tenders,2012,1000,2022,970,-30,-3.6,10
9,Connecticut,23-2011,Paralegals and Legal Assistants,2012,4750,2022,5480,730,15.4,150
9,Connecticut,33-3041,Parking Enforcement Workers,2012,120,2022,110,-10,-7.6,0
9,Connecticut,53-6021,Parking Lot Attendants,2012,1410,2022,1370,-40,-2.6,70
9,Connecticut,41-2022,Parts Salespersons,2012,1980,2022,2050,70,3.6,60
9,Connecticut,51-4062,Patternmakers  Metal and Plastic,2012,30,2022,30,0,-6.1,0
9,Connecticut,47-2071,Paving  Surfacing  and Tamping Equipment Operators,2012,470,2022,520,50,8.9,10
9,Connecticut,43-3051,Payroll and Timekeeping Clerks,2012,2110,2022,2310,200,9.5,70
9,Connecticut,29-1065,Pediatricians  General,2012,520,2022,580,60,12.8,20
9,Connecticut,39-9021,Personal Care Aides,2012,23240,2022,32090,8850,38.1,1050
9,Connecticut,39-9099,Personal Care and Service Workers  All Other,2012,810,2022,880,70,8.6,30
9,Connecticut,13-2052,Personal Financial Advisors,2012,4920,2022,6240,1320,26.8,210
9,Connecticut,37-2021,Pest Control Workers,2012,420,2022,480,60,15.4,20
9,Connecticut,37-3012,Pesticide Handlers  Sprayers  and Applicators  Vegetation,2012,100,2022,110,10,12.2,0
9,Connecticut,17-2171,Petroleum Engineers,2012,10,2022,10,0,27.3,0
9,Connecticut,29-1051,Pharmacists,2012,3030,2022,3330,300,10.1,100
9,Connecticut,31-9095,Pharmacy Aides,2012,320,2022,350,30,8.7,10
9,Connecticut,29-2052,Pharmacy Technicians,2012,3460,2022,4000,540,15.8,90
9,Connecticut,25-1126,Philosophy and Religion Teachers  Postsecondary,2012,330,2022,390,60,18.9,10
9,Connecticut,31-9097,Phlebotomists,2012,1640,2022,1860,220,13.3,50
9,Connecticut,27-4021,Photographers,2012,1340,2022,1360,20,1.7,20
9,Connecticut,51-9151,Photographic Process Workers and Processing Machine Operators,2012,540,2022,500,-40,-6.7,20
9,Connecticut,19-2099,Physical Scientists  All Other,2012,110,2022,110,0,6.6,0
9,Connecticut,31-2022,Physical Therapist Aides,2012,620,2022,830,210,33.9,40
9,Connecticut,31-2021,Physical Therapist Assistants,2012,540,2022,740,200,37.4,30
9,Connecticut,29-1123,Physical Therapists,2012,3920,2022,5090,1170,30,210
9,Connecticut,29-1071,Physician Assistants,2012,1720,2022,2270,550,32.3,90
9,Connecticut,29-1069,Physicians and Surgeons  All Other,2012,3610,2022,4180,570,15.8,150
9,Connecticut,19-2012,Physicists,2012,200,2022,210,10,5.5,10
9,Connecticut,25-1054,Physics Teachers  Postsecondary,2012,210,2022,230,20,13,10
9,Connecticut,47-2151,Pipelayers,2012,220,2022,300,80,36.6,10
9,Connecticut,47-2161,Plasterers and Stucco Masons,2012,40,2022,40,0,14.3,0
9,Connecticut,51-4193,Plating and Coating Machine Setters  Operators  and Tenders  Metal and Plastic,2012,730,2022,690,-40,-5.3,10
9,Connecticut,47-2152,Plumbers  Pipefitters  and Steamfitters,2012,3900,2022,4910,1010,25.8,150
9,Connecticut,29-1081,Podiatrists,2012,120,2022,150,30,24.4,10
9,Connecticut,33-3051,Police and Sheriff's Patrol Officers,2012,6590,2022,6890,300,4.5,240
9,Connecticut,43-5031,Police  Fire  and Ambulance Dispatchers,2012,1370,2022,1480,110,7.4,50
9,Connecticut,25-1065,Political Science Teachers  Postsecondary,2012,240,2022,270,30,14,10
9,Connecticut,43-5051,Postal Service Clerks,2012,960,2022,730,-230,-24.1,10
9,Connecticut,43-5052,Postal Service Mail Carriers,2012,4160,2022,3390,-770,-18.5,150
9,Connecticut,43-5053,Postal Service Mail Sorters  Processors  and Processing Machine Operators,2012,1520,2022,1190,-330,-21.8,10
9,Connecticut,Nov-31,Postmasters and Mail Superintendents,2012,190,2022,160,-30,-15.5,0
9,Connecticut,25-1199,Postsecondary Teachers  All Other,2012,1640,2022,1850,210,12.8,50
9,Connecticut,51-4052,Pourers and Casters  Metal,2012,70,2022,60,-10,-7.7,0
9,Connecticut,51-8013,Power Plant Operators,2012,210,2022,210,0,4.4,10
9,Connecticut,49-9069,Precision Instrument and Equipment Repairers  All Other,2012,90,2022,100,10,13.6,0
9,Connecticut,51-5111,Prepress Technicians and Workers,2012,360,2022,260,-100,-27.8,10
9,Connecticut,25-2011,Preschool Teachers  Except Special Education,2012,6850,2022,7820,970,14.3,290
9,Connecticut,51-6021,Pressers  Textile  Garment  and Related Materials,2012,890,2022,950,60,6.5,20
9,Connecticut,51-5113,Print Binding and Finishing Workers,2012,650,2022,460,-190,-29.3,10
9,Connecticut,51-5112,Printing Press Operators,2012,2220,2022,1690,-530,-23.9,40
9,Connecticut,33-9021,Private Detectives and Investigators,2012,280,2022,290,10,6.1,10
9,Connecticut,21-1092,Probation Officers and Correctional Treatment Specialists,2012,1130,2022,1160,30,3.4,30
9,Connecticut,43-3061,Procurement Clerks,2012,920,2022,960,40,4.6,40
9,Connecticut,27-2012,Producers and Directors,2012,1970,2022,2280,310,15.5,100
9,Connecticut,51-9199,Production Workers  All Other,2012,1650,2022,1710,60,3.6,50
9,Connecticut,43-5061,Production  Planning  and Expediting Clerks,2012,3860,2022,4070,210,5.4,120
9,Connecticut,43-9081,Proofreaders and Copy Markers,2012,150,2022,140,-10,-6,0
9,Connecticut,Nov-41,Property  Real Estate  and Community Association Managers,2012,3830,2022,4130,300,7.9,120
9,Connecticut,33-9099,Protective Service Workers  All Other,2012,940,2022,1020,80,8.9,70
9,Connecticut,31-1013,Psychiatric Aides,2012,850,2022,970,120,14.5,30
9,Connecticut,29-2053,Psychiatric Technicians,2012,1170,2022,1220,50,4.5,20
9,Connecticut,29-1066,Psychiatrists,2012,980,2022,1120,140,13.7,40
9,Connecticut,19-3039,Psychologists  All Other,2012,100,2022,110,10,10,0
9,Connecticut,25-1066,Psychology Teachers  Postsecondary,2012,560,2022,630,70,13.9,20
9,Connecticut,27-3012,Public Address System and Other Announcers,2012,30,2022,30,0,3,0
9,Connecticut,Nov-31,Public Relations and Fundraising Managers,2012,1090,2022,1190,100,8.9,30
9,Connecticut,27-3031,Public Relations Specialists,2012,1600,2022,1750,150,9.3,40
9,Connecticut,53-7072,Pump Operators  Except Wellhead Pumpers,2012,20,2022,30,10,13,0
9,Connecticut,13-1023,Purchasing Agents  Except Wholesale  Retail  and Farm Products,2012,3770,2022,3830,60,1.7,70
9,Connecticut,Nov-61,Purchasing Managers,2012,1470,2022,1510,40,2.8,40
9,Connecticut,29-1124,Radiation Therapists,2012,320,2022,370,50,14.8,10
9,Connecticut,27-3011,Radio and Television Announcers,2012,410,2022,420,10,2.9,10
9,Connecticut,49-2021,Radio  Cellular  and Tower Equipment Installers and Repairs,2012,20,2022,20,0,4.5,0
9,Connecticut,29-2034,Radiologic Technologists,2012,2560,2022,2990,430,16.6,80
9,Connecticut,49-3043,Rail Car Repairers,2012,40,2022,30,-10,-15.8,0
9,Connecticut,53-4099,Rail Transportation Workers  All Other,2012,50,2022,50,0,2.1,0
9,Connecticut,53-4013,Rail Yard Engineers  Dinkey Operators  and Hostlers,2012,10,2022,0,-10,-42.9,0
9,Connecticut,53-4021,Railroad Brake  Signal  and Switch Operators,2012,50,2022,50,0,-1.9,0
9,Connecticut,53-4031,Railroad Conductors and Yardmasters,2012,900,2022,940,40,5,30
9,Connecticut,47-4061,Rail-Track Laying and Maintenance Equipment Operators,2012,320,2022,350,30,8.1,10
9,Connecticut,41-9021,Real Estate Brokers,2012,560,2022,610,50,7.8,10
9,Connecticut,41-9022,Real Estate Sales Agents,2012,1680,2022,1810,130,7.4,30
9,Connecticut,43-4171,Receptionists and Information Clerks,2012,12810,2022,14150,1340,10.5,480
9,Connecticut,25-1193,Recreation and Fitness Studies Teachers  Postsecondary,2012,330,2022,380,50,12.9,10
9,Connecticut,39-9032,Recreation Workers,2012,5910,2022,6530,620,10.4,130
9,Connecticut,29-1125,Recreational Therapists,2012,500,2022,510,10,1,10
9,Connecticut,49-3092,Recreational Vehicle Service Technicians,2012,140,2022,140,0,-3.5,10
9,Connecticut,53-7081,Refuse and Recyclable Material Collectors,2012,1020,2022,1230,210,19.7,40
9,Connecticut,29-1141,Registered Nurses,2012,35990,2022,41230,5240,14.6,1220
9,Connecticut,21-1015,Rehabilitation Counselors,2012,2710,2022,3280,570,21,120
9,Connecticut,21-2099,Religious Workers  All Other,2012,650,2022,710,60,9.2,20
9,Connecticut,27-3022,Reporters and Correspondents,2012,500,2022,400,-100,-20.4,20
9,Connecticut,43-4181,Reservation and Transportation Ticket Agents and Travel Clerks,2012,860,2022,730,-130,-15.2,10
9,Connecticut,39-9041,Residential Advisors,2012,2190,2022,2590,400,18.1,140
9,Connecticut,29-1126,Respiratory Therapists,2012,1240,2022,1410,170,14.4,40
9,Connecticut,29-2054,Respiratory Therapy Technicians,2012,100,2022,110,10,9.8,0
9,Connecticut,41-2031,Retail Salespersons,2012,53800,2022,57270,3470,6.4,2190
9,Connecticut,49-9096,Riggers,2012,180,2022,240,60,30.6,10
9,Connecticut,47-5051,Rock Splitters  Quarry,2012,0,2022,0,0,0,0
9,Connecticut,51-4023,Rolling Machine Setters  Operators  and Tenders  Metal and Plastic,2012,410,2022,380,-30,-6.9,10
9,Connecticut,47-2181,Roofers,2012,1190,2022,1210,20,2.2,30
9,Connecticut,47-5012,Rotary Drill Operators  Oil and Gas,2012,0,2022,10,10,50,0
9,Connecticut,53-5011,Sailors and Marine Oilers,2012,440,2022,480,40,9.3,20
9,Connecticut,41-9099,Sales and Related Workers  All Other,2012,960,2022,1000,40,4,20
9,Connecticut,41-9031,Sales Engineers,2012,1110,2022,1130,20,2,20
9,Connecticut,Nov-22,Sales Managers,2012,7510,2022,8070,560,7.4,220
9,Connecticut,41-3099,Sales Representatives  Services  All Other,2012,8730,2022,9490,760,8.7,310
9,Connecticut,41-4012,Sales Representatives  Wholesale and Manufacturing  Except Technical and Scientific Products,2012,14740,2022,15960,1220,8.3,410
9,Connecticut,41-4011,Sales Representatives  Wholesale and Manufacturing  Technical and Scientific Products,2012,6260,2022,7070,810,13,200
9,Connecticut,51-7041,Sawing Machine Setters  Operators  and Tenders  Wood,2012,170,2022,180,10,6.4,10
9,Connecticut,25-2031,Secondary School Teachers  Except Special and Career/Technical Education,2012,13230,2022,14250,1020,7.7,460
9,Connecticut,43-6014,Secretaries and Administrative Assistants  Except Legal  Medical  and Executive,2012,34530,2022,38640,4110,11.9,830
9,Connecticut,41-3031,Securities  Commodities  and Financial Services Sales Agents,2012,6760,2022,7520,760,11.3,230
9,Connecticut,49-2098,Security and Fire Alarm Systems Installers,2012,840,2022,960,120,13.8,30
9,Connecticut,33-9032,Security Guards,2012,11800,2022,12610,810,6.8,260
9,Connecticut,25-3021,Self-Enrichment Education Teachers,2012,3160,2022,3440,280,9,80
9,Connecticut,51-9012,Separating  Filtering  Clarifying  Precipitating  and Still Machine Setters  Operators  and Tenders,2012,70,2022,80,10,4.1,0
9,Connecticut,47-4071,Septic Tank Servicers and Sewer Pipe Cleaners,2012,190,2022,260,70,38.4,10
9,Connecticut,27-1027,Set and Exhibit Designers,2012,60,2022,70,10,6.3,0
9,Connecticut,51-6051,Sewers  Hand,2012,10,2022,10,0,-7.7,0
9,Connecticut,51-6031,Sewing Machine Operators,2012,820,2022,820,0,0,0
9,Connecticut,39-5093,Shampooers,2012,180,2022,160,-20,-9.7,0
9,Connecticut,47-2211,Sheet Metal Workers,2012,1750,2022,1950,200,11.9,50
9,Connecticut,43-5071,Shipping  Receiving  and Traffic Clerks,2012,7920,2022,8070,150,1.9,220
9,Connecticut,51-6041,Shoe and Leather Workers and Repairers,2012,70,2022,70,0,-5.4,0
9,Connecticut,49-9097,Signal and Track Switch Repairers,2012,150,2022,160,10,4,10
9,Connecticut,39-5094,Skincare Specialists,2012,760,2022,1000,240,30.2,30
9,Connecticut,51-3023,Slaughterers and Meat Packers,2012,130,2022,110,-20,-14.2,0
9,Connecticut,39-1012,Slot Supervisors,2012,180,2022,150,-30,-16.8,0
9,Connecticut,Nov-51,Social and Community Service Managers,2012,3740,2022,4380,640,17,140
9,Connecticut,21-1093,Social and Human Service Assistants,2012,9050,2022,10840,1790,19.8,420
9,Connecticut,19-4061,Social Science Research Assistants,2012,60,2022,70,10,15.6,0
9,Connecticut,19-3099,Social Scientists and Related Workers  All Other,2012,220,2022,240,20,6.7,10
9,Connecticut,25-1113,Social Work Teachers  Postsecondary,2012,350,2022,390,40,12.1,10
9,Connecticut,21-1029,Social Workers  All Other,2012,360,2022,420,60,18.3,10
9,Connecticut,25-1067,Sociology Teachers  Postsecondary,2012,300,2022,340,40,13.2,10
9,Connecticut,15-1132,Software Developers  Applications,2012,7670,2022,9240,1570,20.5,260
9,Connecticut,15-1133,Software Developers  Systems Software,2012,4060,2022,5120,1060,26.3,160
9,Connecticut,19-1013,Soil and Plant Scientists,2012,120,2022,130,10,9.4,10
9,Connecticut,27-4014,Sound Engineering Technicians,2012,330,2022,370,40,11.8,10
9,Connecticut,25-2059,Special Education Teachers  All Other,2012,400,2022,490,90,22.6,20
9,Connecticut,25-2052,Special Education Teachers  Kindergarten and Elementary School,2012,2520,2022,2720,200,7.9,60
9,Connecticut,25-2053,Special Education Teachers  Middle School,2012,1270,2022,1370,100,7.3,30
9,Connecticut,25-2051,Special Education Teachers  Preschool,2012,170,2022,200,30,17.5,10
9,Connecticut,25-2054,Special Education Teachers  Secondary School,2012,2000,2022,2150,150,7.5,50
9,Connecticut,29-1127,Speech-Language Pathologists,2012,1760,2022,2030,270,15.2,50
9,Connecticut,51-8021,Stationary Engineers and Boiler Operators,2012,310,2022,320,10,3.9,10
9,Connecticut,43-9111,Statistical Assistants,2012,130,2022,140,10,3,0
9,Connecticut,15-2041,Statisticians,2012,420,2022,550,130,31.2,30
9,Connecticut,43-5081,Stock Clerks and Order Fillers,2012,18750,2022,18350,-400,-2.1,570
9,Connecticut,47-2022,Stonemasons,2012,220,2022,260,40,18.4,10
9,Connecticut,47-2221,Structural Iron and Steel Workers,2012,560,2022,580,20,4.9,20
9,Connecticut,51-2041,Structural Metal Fabricators and Fitters,2012,1570,2022,1580,10,1.1,70
9,Connecticut,21-1011,Substance Abuse and Behavioral Disorder Counselors,2012,2360,2022,3010,650,27.5,120
9,Connecticut,53-4041,Subway and Streetcar Operators,2012,0,2022,0,0,0,0
9,Connecticut,29-1067,Surgeons,2012,840,2022,1010,170,20.8,40
9,Connecticut,29-2055,Surgical Technologists,2012,1150,2022,1460,310,26.5,40
9,Connecticut,19-3022,Survey Researchers,2012,830,2022,950,120,14.7,20
9,Connecticut,17-3031,Surveying and Mapping Technicians,2012,310,2022,370,60,19.1,10
9,Connecticut,17-1022,Surveyors,2012,450,2022,490,40,7.9,10
9,Connecticut,43-2011,Switchboard Operators  Including Answering Service,2012,1410,2022,1190,-220,-16,30
9,Connecticut,51-6052,Tailors  Dressmakers  and Custom Sewers,2012,400,2022,390,-10,-2.5,0
9,Connecticut,53-7121,Tank Car  Truck  and Ship Loaders,2012,10,2022,10,0,-28.6,0
9,Connecticut,47-2082,Tapers,2012,210,2022,220,10,3.4,0
9,Connecticut,13-2081,Tax Examiners and Collectors  and Revenue Agents,2012,840,2022,870,30,3.2,30
9,Connecticut,13-2082,Tax Preparers,2012,960,2022,1040,80,8.7,30
9,Connecticut,53-3041,Taxi Drivers and Chauffeurs,2012,4900,2022,5840,940,19.2,150
9,Connecticut,25-9041,Teacher Assistants,2012,19690,2022,21510,1820,9.3,630
9,Connecticut,25-3099,Teachers and Instructors  All Other,2012,12440,2022,13290,850,6.9,300
9,Connecticut,51-2092,Team Assemblers,2012,10410,2022,10600,190,1.8,180
9,Connecticut,27-3042,Technical Writers,2012,1070,2022,1230,160,14.3,50
9,Connecticut,49-2022,Telecommunications Equipment Installers and Repairers  Except Line Installers,2012,1990,2022,2030,40,2.2,30
9,Connecticut,49-9052,Telecommunications Line Installers and Repairers,2012,730,2022,700,-30,-4.2,20
9,Connecticut,41-9041,Telemarketers,2012,2070,2022,2120,50,2.7,50
9,Connecticut,43-3071,Tellers,2012,5510,2022,4870,-640,-11.6,260
9,Connecticut,47-2053,Terrazzo Workers and Finishers,2012,30,2022,30,0,16,0
9,Connecticut,51-6061,Textile Bleaching and Dyeing Machine Operators and Tenders,2012,10,2022,10,0,-15.4,0
9,Connecticut,51-6062,Textile Cutting Machine Setters  Operators  and Tenders,2012,60,2022,50,-10,-5.3,0
9,Connecticut,51-6063,Textile Knitting and Weaving Machine Setters  Operators  and Tenders,2012,90,2022,80,-10,-5.6,0
9,Connecticut,51-6064,Textile Winding  Twisting  and Drawing Out Machine Setters  Operators  and Tenders,2012,50,2022,50,0,-8,0
9,Connecticut,51-6099,Textile  Apparel  and Furnishings Workers  All Other,2012,160,2022,150,-10,-1.3,0
9,Connecticut,29-1129,Therapists  All Other,2012,470,2022,600,130,27.3,20
9,Connecticut,47-2044,Tile and Marble Setters,2012,130,2022,140,10,10,0
9,Connecticut,49-3093,Tire Repairers and Changers,2012,570,2022,600,30,4.5,20
9,Connecticut,23-2093,Title Examiners  Abstractors  and Searchers,2012,90,2022,90,0,4.4,0
9,Connecticut,51-4111,Tool and Die Makers,2012,1900,2022,2000,100,5.5,20
9,Connecticut,51-4194,Tool Grinders  Filers  and Sharpeners,2012,150,2022,150,0,2,0
9,Connecticut,00-0000,Total  All Occupations,2012,1775240,2022,1941710,166470,9.4,58740
9,Connecticut,39-7011,Tour Guides and Escorts,2012,320,2022,340,20,3.7,20
9,Connecticut,Nov-31,Training and Development Managers,2012,730,2022,790,60,6.9,20
9,Connecticut,13-1151,Training and Development Specialists,2012,2930,2022,3220,290,10.1,80
9,Connecticut,53-6061,Transportation Attendants  Except Flight Attendants,2012,70,2022,80,10,12.5,0
9,Connecticut,53-6051,Transportation Inspectors,2012,140,2022,150,10,8.5,10
9,Connecticut,33-9093,Transportation Security Screeners,2012,190,2022,200,10,5.4,10
9,Connecticut,53-6099,Transportation Workers  All Other,2012,130,2022,140,10,11.9,10
9,Connecticut,Nov-71,Transportation  Storage  and Distribution Managers,2012,1380,2022,1460,80,5.4,40
9,Connecticut,41-3041,Travel Agents,2012,1030,2022,730,-300,-28.5,20
9,Connecticut,39-7012,Travel Guides,2012,0,2022,0,0,0,0
9,Connecticut,37-3013,Tree Trimmers and Pruners,2012,90,2022,100,10,10.5,0
9,Connecticut,27-2023,Umpires  Referees  and Other Sports Officials,2012,30,2022,40,10,5.9,0
9,Connecticut,51-6093,Upholsterers,2012,190,2022,180,-10,-4.3,10
9,Connecticut,19-3051,Urban and Regional Planners,2012,310,2022,330,20,7.1,20
9,Connecticut,39-3031,Ushers  Lobby Attendants  and Ticket Takers,2012,700,2022,700,0,0.4,40
9,Connecticut,29-1131,Veterinarians,2012,770,2022,860,90,10.9,30
9,Connecticut,31-9096,Veterinary Assistants and Laboratory Animal Caretakers,2012,1010,2022,1090,80,8,30
9,Connecticut,29-2056,Veterinary Technologists and Technicians,2012,1280,2022,1650,370,29.1,50
9,Connecticut,25-1194,Vocational Education Teachers  Postsecondary,2012,1020,2022,1090,70,7.6,20
9,Connecticut,35-3031,Waiters and Waitresses,2012,26240,2022,27870,1630,6.2,1430
9,Connecticut,49-9064,Watch Repairers,2012,160,2022,170,10,5,10
9,Connecticut,51-8031,Water and Wastewater Treatment Plant and System Operators,2012,1140,2022,1200,60,5.1,50
9,Connecticut,15-1134,Web Developers,2012,2000,2022,2310,310,15.4,60
9,Connecticut,43-5111,Weighers  Measurers  Checkers  and Samplers  Recordkeeping,2012,540,2022,600,60,11.2,20
9,Connecticut,51-4121,Welders  Cutters  Solderers  and Brazers,2012,2210,2022,2290,80,3.4,60
9,Connecticut,51-4122,Welding  Soldering  and Brazing Machine Setters  Operators  and Tenders,2012,460,2022,550,90,20.4,20
9,Connecticut,13-1022,Wholesale and Retail Buyers  Except Farm Products,2012,1200,2022,1290,90,7.3,40
9,Connecticut,51-7099,Woodworkers  All Other,2012,260,2022,280,20,10.1,10
9,Connecticut,51-7042,Woodworking Machine Setters  Operators  and Tenders  Except Sawing,2012,260,2022,310,50,19.1,10
9,Connecticut,43-9022,Word Processors and Typists,2012,600,2022,460,-140,-22.6,0
9,Connecticut,27-3043,Writers and Authors,2012,1410,2022,1450,40,2.6,30
9,Connecticut,19-1023,Zoologists and Wildlife Biologists,2012,60,2022,60,0,3.3,0
