STFIPS,AreaName,OccupationCode,OccupationName,BaseYear,Base,ProjYear,Proj,Change,PercentChange,AvgAnnualOpenings
10,Delaware,13-2011,Accountants and Auditors,2012,4670,2022,5130,460,9.7,180
10,Delaware,51-9191,Adhesive Bonding Machine Operators and Tenders,2012,30,2022,40,10,8.8,0
10,Delaware,23-1021,Administrative Law Judges  Adjudicators  and Hearing Officers,2012,70,2022,80,10,4.2,0
10,Delaware,Nov-11,Administrative Services Managers,2012,590,2022,640,50,8.1,20
10,Delaware,25-3011,Adult Basic and Secondary Education and Literacy Teachers and Instructors,2012,300,2022,320,20,5.9,10
10,Delaware,41-3011,Advertising Sales Agents,2012,300,2022,300,0,-0.7,10
10,Delaware,45-2091,Agricultural Equipment Operators,2012,270,2022,270,0,-1.5,10
10,Delaware,45-2011,Agricultural Inspectors,2012,150,2022,160,10,5.3,10
10,Delaware,45-2099,Agricultural Workers  All Other,2012,40,2022,40,0,-2.4,0
10,Delaware,49-3011,Aircraft Mechanics and Service Technicians,2012,330,2022,360,30,9.2,10
10,Delaware,53-3011,Ambulance Drivers and Attendants  Except Emergency Medical Technicians,2012,90,2022,110,20,15.2,0
10,Delaware,39-3091,Amusement and Recreation Attendants,2012,900,2022,990,90,10.1,50
10,Delaware,29-1061,Anesthesiologists,2012,80,2022,90,10,14.1,0
10,Delaware,33-9011,Animal Control Workers,2012,120,2022,140,20,16.9,10
10,Delaware,39-2011,Animal Trainers,2012,120,2022,140,20,17.8,10
10,Delaware,13-2021,Appraisers and Assessors of Real Estate,2012,180,2022,190,10,7.4,0
10,Delaware,23-1022,Arbitrators  Mediators  and Conciliators,2012,50,2022,50,0,4.3,0
10,Delaware,17-1011,Architects  Except Landscape and Naval,2012,140,2022,160,20,16.2,10
10,Delaware,17-3011,Architectural and Civil Drafters,2012,260,2022,250,-10,-3.5,0
10,Delaware,Nov-41,Architectural and Engineering Managers,2012,400,2022,410,10,4.3,10
10,Delaware,25-4011,Archivists,2012,40,2022,40,0,12.8,0
10,Delaware,27-1011,Art Directors,2012,70,2022,80,10,8.3,0
10,Delaware,51-2099,Assemblers and Fabricators  All Other,2012,560,2022,630,70,13,20
10,Delaware,29-9091,Athletic Trainers,2012,120,2022,150,30,23,10
10,Delaware,27-4011,Audio and Video Equipment Technicians,2012,110,2022,130,20,15.3,0
10,Delaware,29-1181,Audiologists,2012,60,2022,80,20,22.2,0
10,Delaware,53-6031,Automotive and Watercraft Service Attendants,2012,240,2022,250,10,5.9,10
10,Delaware,49-3021,Automotive Body and Related Repairers,2012,390,2022,390,0,1.6,10
10,Delaware,49-3023,Automotive Service Technicians and Mechanics,2012,1980,2022,2010,30,1.8,50
10,Delaware,49-2091,Avionics Technicians,2012,70,2022,80,10,13,0
10,Delaware,39-6011,Baggage Porters and Bellhops,2012,20,2022,20,0,5.9,0
10,Delaware,33-3011,Bailiffs,2012,60,2022,60,0,5.3,0
10,Delaware,51-3011,Bakers,2012,310,2022,340,30,7.3,10
10,Delaware,35-3011,Bartenders,2012,2020,2022,2260,240,12,100
10,Delaware,49-3091,Bicycle Repairers,2012,10,2022,10,0,0,0
10,Delaware,43-3011,Bill and Account Collectors,2012,1090,2022,1200,110,10.5,40
10,Delaware,43-3021,Billing and Posting Clerks,2012,2120,2022,2370,250,12,60
10,Delaware,19-1021,Biochemists and Biophysicists,2012,240,2022,280,40,17.4,10
10,Delaware,19-1029,Biological Scientists  All Other,2012,20,2022,20,0,4.8,0
10,Delaware,19-4021,Biological Technicians,2012,290,2022,320,30,9,10
10,Delaware,47-2011,Boilermakers,2012,20,2022,20,0,5,0
10,Delaware,43-3031,Bookkeeping  Accounting  and Auditing Clerks,2012,6210,2022,6830,620,10,120
10,Delaware,47-2021,Brickmasons and Blockmasons,2012,240,2022,340,100,38.1,10
10,Delaware,27-4012,Broadcast Technicians,2012,20,2022,20,0,13.3,0
10,Delaware,13-2031,Budget Analysts,2012,160,2022,180,20,12.3,10
10,Delaware,49-3031,Bus and Truck Mechanics and Diesel Engine Specialists,2012,430,2022,460,30,7.2,10
10,Delaware,53-3022,Bus Drivers  School or Special Client,2012,2050,2022,2220,170,8.3,60
10,Delaware,53-3021,Bus Drivers  Transit and Intercity,2012,380,2022,400,20,5.2,10
10,Delaware,13-1199,Business Operations Specialists  All Other,2012,1240,2022,1350,110,9,30
10,Delaware,51-3021,Butchers and Meat Cutters,2012,360,2022,380,20,6.4,10
10,Delaware,51-7011,Cabinetmakers and Bench Carpenters,2012,180,2022,180,0,-1.1,0
10,Delaware,53-5021,Captains  Mates  and Pilots of Water Vessels,2012,40,2022,30,-10,-14.3,0
10,Delaware,29-2031,Cardiovascular Technologists and Technicians,2012,280,2022,350,70,26.5,10
10,Delaware,43-5011,Cargo and Freight Agents,2012,30,2022,30,0,3.3,0
10,Delaware,47-2031,Carpenters,2012,2620,2022,3600,980,37,130
10,Delaware,47-2041,Carpet Installers,2012,180,2022,200,20,12.4,10
10,Delaware,41-2011,Cashiers,2012,11180,2022,11410,230,2,510
10,Delaware,47-2051,Cement Masons and Concrete Finishers,2012,410,2022,520,110,26.2,20
10,Delaware,35-1011,Chefs and Head Cooks,2012,280,2022,300,20,6,10
10,Delaware,51-9011,Chemical Equipment Operators and Tenders,2012,750,2022,640,-110,-15.1,30
10,Delaware,51-8091,Chemical Plant and System Operators,2012,110,2022,100,-10,-12.8,0
10,Delaware,19-4031,Chemical Technicians,2012,830,2022,950,120,14.2,30
10,Delaware,19-2031,Chemists,2012,3270,2022,3520,250,7.7,110
10,Delaware,21-1021,Child  Family  and School Social Workers,2012,910,2022,990,80,8.9,30
10,Delaware,29-1011,Chiropractors,2012,130,2022,130,0,0,0
10,Delaware,17-3022,Civil Engineering Technicians,2012,360,2022,340,-20,-3.6,10
10,Delaware,13-1031,Claims Adjusters  Examiners  and Investigators,2012,740,2022,810,70,8.8,20
10,Delaware,53-7061,Cleaners of Vehicles and Equipment,2012,1210,2022,1250,40,3.2,40
10,Delaware,19-3031,Clinical  Counseling  and School Psychologists,2012,460,2022,500,40,6.9,20
10,Delaware,27-2022,Coaches and Scouts,2012,750,2022,840,90,11.9,30
10,Delaware,51-9121,Coating  Painting  and Spraying Machine Setters  Operators  and Tenders,2012,30,2022,30,0,7.1,0
10,Delaware,49-9091,Coin  Vending  and Amusement Machine Servicers and Repairers,2012,100,2022,80,-20,-13.4,0
10,Delaware,35-3021,Combined Food Preparation and Serving Workers  Including Fast Food,2012,11280,2022,12780,1500,13.3,580
10,Delaware,27-1021,Commercial and Industrial Designers,2012,30,2022,30,0,-3.3,0
10,Delaware,21-1099,Community and Social Service Specialists  All Other,2012,370,2022,420,50,13.9,20
10,Delaware,21-1094,Community Health Workers,2012,250,2022,300,50,16.9,10
10,Delaware,Nov-11,Compensation and Benefits Managers,2012,80,2022,70,-10,-6.4,0
10,Delaware,13-1141,Compensation  Benefits  and Job Analysis Specialists,2012,240,2022,260,20,4.9,10
10,Delaware,13-1041,Compliance Officers,2012,1140,2022,1210,70,5.9,30
10,Delaware,15-1111,Computer and Information Research Scientists,2012,100,2022,110,10,11.3,0
10,Delaware,Nov-21,Computer and Information Systems Managers,2012,1430,2022,1540,110,7.9,30
10,Delaware,15-1143,Computer Network Architects,2012,510,2022,570,60,10.4,10
10,Delaware,15-1152,Computer Network Support Specialists,2012,570,2022,640,70,12.3,20
10,Delaware,51-4012,Computer Numerically Controlled Machine Tool Programmers  Metal and Plastic,2012,10,2022,20,10,41.7,0
10,Delaware,15-1199,Computer Occupations  All Other,2012,220,2022,240,20,9.5,10
10,Delaware,15-1131,Computer Programmers,2012,1580,2022,1650,70,4.4,50
10,Delaware,15-1121,Computer Systems Analysts,2012,2820,2022,3450,630,22.3,110
10,Delaware,15-1151,Computer User Support Specialists,2012,1810,2022,2130,320,17.9,60
10,Delaware,49-2011,Computer  Automated Teller  and Office Machine Repairers,2012,450,2022,480,30,5.5,10
10,Delaware,51-4011,Computer-Controlled Machine Tool Operators  Metal and Plastic,2012,110,2022,110,0,4.6,0
10,Delaware,39-6012,Concierges,2012,20,2022,20,0,23.5,0
10,Delaware,19-1031,Conservation Scientists,2012,60,2022,70,10,4.8,0
10,Delaware,47-4011,Construction and Building Inspectors,2012,440,2022,500,60,13.4,20
10,Delaware,47-4099,Construction and Related Workers  All Other,2012,180,2022,200,20,10.8,10
10,Delaware,47-2061,Construction Laborers,2012,2520,2022,3150,630,25.1,120
10,Delaware,Nov-21,Construction Managers,2012,860,2022,1060,200,22.9,30
10,Delaware,49-9012,Control and Valve Installers and Repairers  Except Mechanical Door,2012,110,2022,100,-10,-7.4,0
10,Delaware,35-2011,Cooks  Fast Food,2012,640,2022,630,-10,-0.9,10
10,Delaware,35-2012,Cooks  Institution and Cafeteria,2012,2510,2022,2670,160,6.5,70
10,Delaware,35-2014,Cooks  Restaurant,2012,3780,2022,4320,540,14.1,130
10,Delaware,35-2015,Cooks  Short Order,2012,310,2022,310,0,0,10
10,Delaware,33-3012,Correctional Officers and Jailers,2012,1770,2022,1870,100,5.6,60
10,Delaware,43-4021,Correspondence Clerks,2012,110,2022,120,10,11.7,0
10,Delaware,13-1051,Cost Estimators,2012,990,2022,1250,260,26.2,60
10,Delaware,21-1019,Counselors  All Other,2012,60,2022,70,10,20,0
10,Delaware,41-2021,Counter and Rental Clerks,2012,1150,2022,1210,60,5.1,40
10,Delaware,35-3022,Counter Attendants  Cafeteria  Food Concession  and Coffee Shop,2012,920,2022,930,10,0.9,60
10,Delaware,43-5021,Couriers and Messengers,2012,290,2022,250,-40,-13.1,0
10,Delaware,43-4031,Court  Municipal  and License Clerks,2012,850,2022,950,100,11,20
10,Delaware,53-7021,Crane and Tower Operators,2012,160,2022,140,-20,-9.6,10
10,Delaware,13-2041,Credit Analysts,2012,930,2022,1080,150,16.3,40
10,Delaware,43-4041,Credit Authorizers  Checkers  and Clerks,2012,1160,2022,1140,-20,-1,10
10,Delaware,13-2071,Credit Counselors,2012,120,2022,150,30,18.7,0
10,Delaware,33-9091,Crossing Guards,2012,340,2022,370,30,7.6,10
10,Delaware,51-9021,Crushing  Grinding  and Polishing Machine Setters  Operators  and Tenders,2012,50,2022,50,0,0,0
10,Delaware,25-4012,Curators,2012,50,2022,50,0,6,0
10,Delaware,43-4051,Customer Service Representatives,2012,6440,2022,7160,720,11.1,250
10,Delaware,51-9032,Cutting and Slicing Machine Setters  Operators  and Tenders,2012,130,2022,120,-10,-8.5,0
10,Delaware,51-4031,Cutting  Punching  and Press Machine Setters  Operators  and Tenders  Metal and Plastic,2012,180,2022,160,-20,-13.9,0
10,Delaware,43-9021,Data Entry Keyers,2012,820,2022,600,-220,-26.7,10
10,Delaware,15-1141,Database Administrators,2012,450,2022,490,40,8.9,10
10,Delaware,41-9011,Demonstrators and Product Promoters,2012,210,2022,240,30,15,10
10,Delaware,31-9091,Dental Assistants,2012,840,2022,900,60,6.8,20
10,Delaware,29-2021,Dental Hygienists,2012,630,2022,710,80,13.8,30
10,Delaware,51-9081,Dental Laboratory Technicians,2012,120,2022,120,0,4.3,0
10,Delaware,29-1021,Dentists  General,2012,330,2022,330,0,2.1,10
10,Delaware,43-9031,Desktop Publishers,2012,30,2022,30,0,0,0
10,Delaware,29-2032,Diagnostic Medical Sonographers,2012,120,2022,170,50,37.4,10
10,Delaware,29-2051,Dietetic Technicians,2012,130,2022,140,10,12,0
10,Delaware,29-1031,Dietitians and Nutritionists,2012,160,2022,190,30,19.1,10
10,Delaware,35-9011,Dining Room and Cafeteria Attendants and Bartender Helpers,2012,1100,2022,1180,80,7.4,60
10,Delaware,35-9021,Dishwashers,2012,1840,2022,1920,80,4.6,90
10,Delaware,43-5032,Dispatchers  Except Police  Fire  and Ambulance,2012,590,2022,650,60,9.5,20
10,Delaware,41-9091,Door-to-Door Sales Workers  News and Street Vendors  and Related Workers,2012,200,2022,150,-50,-27,0
10,Delaware,53-3031,Driver/Sales Workers,2012,1180,2022,1280,100,8.2,30
10,Delaware,27-3041,Editors,2012,210,2022,220,10,2.4,10
10,Delaware,Nov-39,Education Administrators  All Other,2012,70,2022,80,10,8.7,0
10,Delaware,Nov-32,Education Administrators  Elementary and Secondary School,2012,700,2022,720,20,2.7,20
10,Delaware,Nov-33,Education Administrators  Postsecondary,2012,240,2022,270,30,11.8,10
10,Delaware,Nov-31,Education Administrators  Preschool and Childcare Center/Program,2012,210,2022,230,20,10,10
10,Delaware,25-9099,Education  Training  and Library Workers  All Other,2012,110,2022,120,10,3.5,0
10,Delaware,21-1012,Educational  Guidance  School  and Vocational Counselors,2012,910,2022,1000,90,9.5,30
10,Delaware,17-3012,Electrical and Electronics Drafters,2012,190,2022,220,30,12.9,10
10,Delaware,17-3023,Electrical and Electronics Engineering Technicians,2012,220,2022,250,30,10.4,10
10,Delaware,49-2094,Electrical and Electronics Repairers  Commercial and Industrial Equipment,2012,220,2022,240,20,9.2,10
10,Delaware,49-2095,Electrical and Electronics Repairers  Powerhouse  Substation  and Relay,2012,280,2022,280,0,-1.1,10
10,Delaware,49-9051,Electrical Power-Line Installers and Repairers,2012,300,2022,310,10,2,10
10,Delaware,47-2111,Electricians,2012,1730,2022,2050,320,18.5,60
10,Delaware,51-2023,Electromechanical Equipment Assemblers,2012,40,2022,50,10,9.8,0
10,Delaware,49-2096,Electronic Equipment Installers and Repairers  Motor Vehicles,2012,90,2022,90,0,-3.3,0
10,Delaware,49-2097,Electronic Home Entertainment Equipment Installers and Repairers,2012,80,2022,70,-10,-9.9,0
10,Delaware,25-2021,Elementary School Teachers  Except Special Education,2012,4640,2022,5060,420,9.3,150
10,Delaware,43-4061,Eligibility Interviewers  Government Programs,2012,110,2022,130,20,15.5,0
10,Delaware,29-2041,Emergency Medical Technicians and Paramedics,2012,1210,2022,1330,120,10.2,50
10,Delaware,17-2199,Engineers  All Other,2012,40,2022,50,10,4.5,0
10,Delaware,17-3025,Environmental Engineering Technicians,2012,40,2022,40,0,16.7,0
10,Delaware,17-2081,Environmental Engineers,2012,170,2022,180,10,10.2,10
10,Delaware,19-4091,Environmental Science and Protection Technicians  Including Health,2012,190,2022,220,30,17.2,10
10,Delaware,19-2041,Environmental Scientists and Specialists  Including Health,2012,390,2022,450,60,14.6,20
10,Delaware,53-7032,Excavating and Loading Machine and Dragline Operators,2012,150,2022,190,40,27.3,10
10,Delaware,43-6011,Executive Secretaries and Executive Administrative Assistants,2012,1460,2022,1390,-70,-5.3,20
10,Delaware,29-1128,Exercise Physiologists,2012,20,2022,20,0,11.8,0
10,Delaware,51-9041,Extruding  Forming  Pressing  and Compacting Machine Setters  Operators  and Tenders,2012,140,2022,140,0,-2.8,0
10,Delaware,45-4021,Fallers,2012,0,2022,0,0,0,0
10,Delaware,29-1062,Family and General Practitioners,2012,610,2022,620,10,1.5,20
10,Delaware,49-3041,Farm Equipment Mechanics and Service Technicians,2012,100,2022,120,20,10.6,0
10,Delaware,45-2092,Farmworkers and Laborers  Crop  Nursery  and Greenhouse,2012,2350,2022,2140,-210,-8.9,70
10,Delaware,45-2093,Farmworkers  Farm  Ranch  and Aquacultural Animals,2012,570,2022,560,-10,-2.1,20
10,Delaware,43-4071,File Clerks,2012,680,2022,620,-60,-8.7,20
10,Delaware,27-4032,Film and Video Editors,2012,20,2022,20,0,4.5,0
10,Delaware,13-2051,Financial Analysts,2012,2370,2022,2700,330,14,90
10,Delaware,43-3099,Financial Clerks  All Other,2012,210,2022,240,30,11.8,10
10,Delaware,13-2061,Financial Examiners,2012,220,2022,240,20,11.6,10
10,Delaware,Nov-31,Financial Managers,2012,2290,2022,2440,150,6.9,60
10,Delaware,13-2099,Financial Specialists  All Other,2012,780,2022,860,80,10.6,20
10,Delaware,33-2021,Fire Inspectors and Investigators,2012,90,2022,100,10,11.8,0
10,Delaware,33-2011,Firefighters,2012,330,2022,350,20,7.7,10
10,Delaware,47-1011,First-Line Supervisors of Construction Trades and Extraction Workers,2012,1430,2022,1790,360,25.2,50
10,Delaware,33-1011,First-Line Supervisors of Correctional Officers,2012,220,2022,240,20,5.8,10
10,Delaware,45-1011,First-Line Supervisors of Farming  Fishing  and Forestry Workers,2012,220,2022,220,0,-2.2,10
10,Delaware,35-1012,First-Line Supervisors of Food Preparation and Serving Workers,2012,3100,2022,3480,380,12.4,130
10,Delaware,37-1011,First-Line Supervisors of Housekeeping and Janitorial Workers,2012,680,2022,760,80,10.7,20
10,Delaware,37-1012,First-Line Supervisors of Landscaping  Lawn Service  and Groundskeeping Workers,2012,450,2022,510,60,14,10
10,Delaware,49-1011,First-Line Supervisors of Mechanics  Installers  and Repairers,2012,1320,2022,1400,80,6.2,40
10,Delaware,41-1012,First-Line Supervisors of Non-Retail Sales Workers,2012,880,2022,890,10,1.4,10
10,Delaware,43-1011,First-Line Supervisors of Office and Administrative Support Workers,2012,5000,2022,5520,520,10.6,170
10,Delaware,39-1021,First-Line Supervisors of Personal Service Workers,2012,1000,2022,1110,110,11.3,30
10,Delaware,51-1011,First-Line Supervisors of Production and Operating Workers,2012,1370,2022,1390,20,1.2,20
10,Delaware,33-1099,First-Line Supervisors of Protective Service Workers  All Other,2012,380,2022,410,30,7.3,10
10,Delaware,41-1011,First-Line Supervisors of Retail Sales Workers,2012,4930,2022,5170,240,5,130
10,Delaware,53-1031,First-Line Supervisors of Transportation and Material-Moving Machine and Vehicle Operators,2012,590,2022,640,50,8.4,20
10,Delaware,33-3031,Fish and Game Wardens,2012,60,2022,60,0,5.5,0
10,Delaware,39-9031,Fitness Trainers and Aerobics Instructors,2012,1740,2022,1930,190,10.6,40
10,Delaware,47-2042,Floor Layers  Except Carpet  Wood  and Hard Tiles,2012,60,2022,70,10,15.5,0
10,Delaware,27-1023,Floral Designers,2012,210,2022,200,-10,-4.4,10
10,Delaware,51-3093,Food Cooking Machine Operators and Tenders,2012,100,2022,100,0,2.1,0
10,Delaware,35-9099,Food Preparation and Serving Related Workers  All Other,2012,190,2022,200,10,8,10
10,Delaware,35-2021,Food Preparation Workers,2012,1640,2022,1720,80,4.7,60
10,Delaware,19-1012,Food Scientists and Technologists,2012,40,2022,40,0,5.7,0
10,Delaware,35-3041,Food Servers  Nonrestaurant,2012,550,2022,610,60,11.2,20
10,Delaware,Nov-51,Food Service Managers,2012,420,2022,430,10,3.6,10
10,Delaware,19-4092,Forensic Science Technicians,2012,30,2022,30,0,8,0
10,Delaware,13-1131,Fundraisers,2012,550,2022,640,90,15.3,20
10,Delaware,39-4021,Funeral Attendants,2012,160,2022,170,10,2.5,0
10,Delaware,Nov-61,Funeral Service Managers,2012,10,2022,10,0,16.7,0
10,Delaware,51-9051,Furnace  Kiln  Oven  Drier  and Kettle Operators and Tenders,2012,50,2022,50,0,4.3,0
10,Delaware,39-3012,Gaming and Sports Book Writers and Runners,2012,100,2022,100,0,4.1,0
10,Delaware,43-3041,Gaming Cage Workers,2012,120,2022,120,0,3.4,0
10,Delaware,Nov-71,Gaming Managers,2012,20,2022,20,0,5,0
10,Delaware,33-9031,Gaming Surveillance Officers and Gaming Investigators,2012,90,2022,90,0,3.5,0
10,Delaware,11-1021,General and Operations Managers,2012,4130,2022,4480,350,8.7,110
10,Delaware,29-9092,Genetic Counselors,2012,10,2022,20,10,33.3,0
10,Delaware,19-2042,Geoscientists  Except Hydrologists and Geographers,2012,70,2022,80,10,16.9,0
10,Delaware,27-1024,Graphic Designers,2012,420,2022,440,20,6.5,10
10,Delaware,51-4033,Grinding  Lapping  Polishing  and Buffing Machine Tool Setters  Operators  and Tenders  Metal and Plastic,2012,120,2022,120,0,4.3,0
10,Delaware,37-3019,Grounds Maintenance Workers  All Other,2012,30,2022,30,0,3.2,0
10,Delaware,39-5012,Hairdressers  Hairstylists  and Cosmetologists,2012,2360,2022,2760,400,16.9,100
10,Delaware,47-4041,Hazardous Materials Removal Workers,2012,100,2022,110,10,4.9,0
10,Delaware,17-2111,Health and Safety Engineers  Except Mining Safety Engineers and Inspectors,2012,40,2022,50,10,12.2,0
10,Delaware,29-1199,Health Diagnosing and Treating Practitioners  All Other,2012,30,2022,40,10,29.6,0
10,Delaware,21-1091,Health Educators,2012,160,2022,180,20,15.9,10
10,Delaware,29-2099,Health Technologists and Technicians  All Other,2012,250,2022,310,60,23.6,10
10,Delaware,29-9099,Healthcare Practitioners and Technical Workers  All Other,2012,50,2022,60,10,10,0
10,Delaware,21-1022,Healthcare Social Workers,2012,530,2022,610,80,16.1,20
10,Delaware,31-9099,Healthcare Support Workers  All Other,2012,80,2022,90,10,10.8,0
10,Delaware,49-9021,Heating  Air Conditioning  and Refrigeration Mechanics and Installers,2012,1290,2022,1510,220,17.3,60
10,Delaware,53-3032,Heavy and Tractor-Trailer Truck Drivers,2012,3340,2022,3740,400,12,90
10,Delaware,47-3019,Helpers  Construction Trades  All Other,2012,120,2022,150,30,23.8,10
10,Delaware,47-3011,Helpers--Brickmasons  Blockmasons  Stonemasons  and Tile and Marble Setters,2012,60,2022,90,30,42.9,0
10,Delaware,47-3012,Helpers--Carpenters,2012,160,2022,210,50,32.9,10
10,Delaware,47-3013,Helpers--Electricians,2012,110,2022,150,40,34.2,10
10,Delaware,49-9098,Helpers--Installation  Maintenance  and Repair Workers,2012,430,2022,470,40,9.4,20
10,Delaware,47-3014,Helpers--Painters  Paperhangers  Plasterers  and Stucco Masons,2012,20,2022,20,0,6.7,0
10,Delaware,47-3015,Helpers--Pipelayers  Plumbers  Pipefitters  and Steamfitters,2012,90,2022,120,30,25,0
10,Delaware,51-9198,Helpers--Production Workers,2012,720,2022,760,40,6.3,20
10,Delaware,47-3016,Helpers--Roofers,2012,20,2022,20,0,11.8,0
10,Delaware,47-4051,Highway Maintenance Workers,2012,60,2022,70,10,6.3,0
10,Delaware,31-1011,Home Health Aides,2012,2350,2022,3130,780,33.2,120
10,Delaware,35-9031,Hosts and Hostesses  Restaurant  Lounge  and Coffee Shop,2012,1610,2022,1680,70,4.6,130
10,Delaware,43-4081,Hotel  Motel  and Resort Desk Clerks,2012,650,2022,720,70,10.6,40
10,Delaware,43-4161,Human Resources Assistants  Except Payroll and Timekeeping,2012,370,2022,360,-10,-2.2,10
10,Delaware,Nov-21,Human Resources Managers,2012,300,2022,320,20,6.1,10
10,Delaware,13-1071,Human Resources Specialists,2012,1440,2022,1510,70,4.9,30
10,Delaware,19-2043,Hydrologists,2012,20,2022,30,10,12.5,0
10,Delaware,17-3026,Industrial Engineering Technicians,2012,220,2022,250,30,11.3,10
10,Delaware,17-2112,Industrial Engineers,2012,590,2022,640,50,8.3,20
10,Delaware,49-9041,Industrial Machinery Mechanics,2012,880,2022,990,110,12.4,40
10,Delaware,Nov-51,Industrial Production Managers,2012,330,2022,330,0,1.5,10
10,Delaware,53-7051,Industrial Truck and Tractor Operators,2012,1050,2022,1020,-30,-2.8,20
10,Delaware,43-4199,Information and Record Clerks  All Other,2012,240,2022,230,-10,-4.6,10
10,Delaware,15-1122,Information Security Analysts,2012,470,2022,600,130,25.7,20
10,Delaware,49-9099,Installation  Maintenance  and Repair Workers  All Other,2012,410,2022,450,40,9,10
10,Delaware,25-9031,Instructional Coordinators,2012,580,2022,630,50,9.7,10
10,Delaware,47-2131,Insulation Workers  Floor  Ceiling  and Wall,2012,230,2022,280,50,22.7,10
10,Delaware,47-2132,Insulation Workers  Mechanical,2012,270,2022,400,130,44.5,20
10,Delaware,43-9041,Insurance Claims and Policy Processing Clerks,2012,1040,2022,1160,120,11.6,40
10,Delaware,41-3021,Insurance Sales Agents,2012,1300,2022,1530,230,17.4,50
10,Delaware,13-2053,Insurance Underwriters,2012,320,2022,310,-10,-3.1,10
10,Delaware,27-3091,Interpreters and Translators,2012,20,2022,30,10,28.6,0
10,Delaware,43-4111,Interviewers  Except Eligibility and Loan,2012,560,2022,580,20,3,10
10,Delaware,37-2011,Janitors and Cleaners  Except Maids and Housekeeping Cleaners,2012,7050,2022,7600,550,7.8,190
10,Delaware,23-1023,Judges  Magistrate Judges  and Magistrates,2012,130,2022,140,10,7,0
10,Delaware,23-1012,Judicial Law Clerks,2012,110,2022,110,0,6.6,0
10,Delaware,25-2012,Kindergarten Teachers  Except Special Education,2012,460,2022,500,40,8.5,20
10,Delaware,13-1075,Labor Relations Specialists,2012,600,2022,600,0,0.7,10
10,Delaware,53-7062,Laborers and Freight  Stock  and Material Movers  Hand,2012,6140,2022,6660,520,8.5,240
10,Delaware,37-3011,Landscaping and Groundskeeping Workers,2012,3550,2022,3880,330,9.5,120
10,Delaware,51-4034,Lathe and Turning Machine Tool Setters  Operators  and Tenders  Metal and Plastic,2012,30,2022,30,0,0,0
10,Delaware,51-6011,Laundry and Dry-Cleaning Workers,2012,570,2022,620,50,9.9,20
10,Delaware,23-1011,Lawyers,2012,3400,2022,3700,300,8.6,80
10,Delaware,43-6012,Legal Secretaries,2012,1220,2022,1120,-100,-8.1,20
10,Delaware,23-2099,Legal Support Workers  All Other,2012,210,2022,230,20,7.6,10
10,Delaware,25-4021,Librarians,2012,480,2022,510,30,5.4,10
10,Delaware,43-4121,Library Assistants  Clerical,2012,360,2022,420,60,14.9,20
10,Delaware,25-4031,Library Technicians,2012,220,2022,240,20,9,10
10,Delaware,29-2061,Licensed Practical and Licensed Vocational Nurses,2012,2180,2022,2600,420,19.2,100
10,Delaware,33-9092,Lifeguards  Ski Patrol  and Other Recreational Protective Service Workers,2012,640,2022,700,60,9.4,50
10,Delaware,53-3033,Light Truck or Delivery Services Drivers,2012,2600,2022,2760,160,6.4,60
10,Delaware,43-4131,Loan Interviewers and Clerks,2012,1210,2022,1380,170,13.9,30
10,Delaware,13-2072,Loan Officers,2012,950,2022,1060,110,12.4,30
10,Delaware,39-3093,Locker Room  Coatroom  and Dressing Room Attendants,2012,50,2022,50,0,3.9,0
10,Delaware,49-9094,Locksmiths and Safe Repairers,2012,50,2022,60,10,5.6,0
10,Delaware,53-4011,Locomotive Engineers,2012,30,2022,40,10,5.9,0
10,Delaware,Nov-81,Lodging Managers,2012,80,2022,90,10,3.6,0
10,Delaware,51-4041,Machinists,2012,670,2022,780,110,16.5,30
10,Delaware,29-2035,Magnetic Resonance Imaging Technologists,2012,310,2022,360,50,15.6,10
10,Delaware,37-2012,Maids and Housekeeping Cleaners,2012,2910,2022,3250,340,11.5,90
10,Delaware,43-9051,Mail Clerks and Mail Machine Operators  Except Postal Service,2012,460,2022,400,-60,-11.4,10
10,Delaware,49-9071,Maintenance and Repair Workers  General,2012,3440,2022,3820,380,11,100
10,Delaware,49-9043,Maintenance Workers  Machinery,2012,500,2022,580,80,17.8,20
10,Delaware,13-1111,Management Analysts,2012,2460,2022,2760,300,12.1,70
10,Delaware,Nov-99,Managers  All Other,2012,1780,2022,1960,180,10.1,60
10,Delaware,39-5092,Manicurists and Pedicurists,2012,320,2022,390,70,21.1,10
10,Delaware,13-1161,Market Research Analysts and Marketing Specialists,2012,1880,2022,2370,490,25.9,80
10,Delaware,Nov-21,Marketing Managers,2012,810,2022,800,-10,-1.4,20
10,Delaware,21-1013,Marriage and Family Therapists,2012,230,2022,250,20,9.1,10
10,Delaware,19-2032,Materials Scientists,2012,100,2022,120,20,10.6,0
10,Delaware,51-3022,Meat  Poultry  and Fish Cutters and Trimmers,2012,4690,2022,5220,530,11.4,170
10,Delaware,17-3013,Mechanical Drafters,2012,180,2022,190,10,5.5,0
10,Delaware,17-3027,Mechanical Engineering Technicians,2012,130,2022,140,10,12,10
10,Delaware,17-2141,Mechanical Engineers,2012,740,2022,800,60,8.5,30
10,Delaware,29-2012,Medical and Clinical Laboratory Technicians,2012,390,2022,480,90,22.5,20
10,Delaware,29-2011,Medical and Clinical Laboratory Technologists,2012,440,2022,480,40,9.2,20
10,Delaware,Nov-11,Medical and Health Services Managers,2012,770,2022,910,140,17.5,30
10,Delaware,51-9082,Medical Appliance Technicians,2012,30,2022,30,0,4,0
10,Delaware,31-9092,Medical Assistants,2012,1830,2022,2060,230,13,60
10,Delaware,31-9093,Medical Equipment Preparers,2012,170,2022,200,30,16,10
10,Delaware,29-2071,Medical Records and Health Information Technicians,2012,470,2022,540,70,15.1,20
10,Delaware,43-6013,Medical Secretaries,2012,4450,2022,5420,970,21.9,150
10,Delaware,31-9094,Medical Transcriptionists,2012,140,2022,140,0,-4.2,0
10,Delaware,13-1121,Meeting  Convention  and Event Planners,2012,240,2022,330,90,34.3,10
10,Delaware,21-1023,Mental Health and Substance Abuse Social Workers,2012,410,2022,470,60,13.3,20
10,Delaware,21-1014,Mental Health Counselors,2012,510,2022,610,100,20,20
10,Delaware,27-1026,Merchandise Displayers and Window Trimmers,2012,310,2022,330,20,7.2,10
10,Delaware,43-5041,Meter Readers  Utilities,2012,90,2022,70,-20,-25,0
10,Delaware,19-1022,Microbiologists,2012,170,2022,180,10,7.8,10
10,Delaware,25-2022,Middle School Teachers  Except Special and Career/Technical Education,2012,2000,2022,2180,180,9.1,60
10,Delaware,49-9044,Millwrights,2012,200,2022,240,40,20.7,10
10,Delaware,51-9023,Mixing and Blending Machine Setters  Operators  and Tenders,2012,50,2022,50,0,0,0
10,Delaware,49-3042,Mobile Heavy Equipment Mechanics  Except Engines,2012,320,2022,360,40,10.2,10
10,Delaware,51-9195,Molders  Shapers  and Casters  Except Metal and Plastic,2012,100,2022,140,40,31.7,10
10,Delaware,51-4072,Molding  Coremaking  and Casting Machine Setters  Operators  and Tenders  Metal and Plastic,2012,70,2022,70,0,-4.3,0
10,Delaware,39-3021,Motion Picture Projectionists,2012,20,2022,20,0,-20,0
10,Delaware,53-3099,Motor Vehicle Operators  All Other,2012,360,2022,400,40,10,10
10,Delaware,49-3052,Motorcycle Mechanics,2012,50,2022,60,10,5.6,0
10,Delaware,25-4013,Museum Technicians and Conservators,2012,70,2022,70,0,4.3,0
10,Delaware,27-2041,Music Directors and Composers,2012,40,2022,40,0,-7.5,0
10,Delaware,Nov-21,Natural Sciences Managers,2012,590,2022,550,-40,-7.3,10
10,Delaware,15-1142,Network and Computer Systems Administrators,2012,1000,2022,1100,100,10.1,30
10,Delaware,43-4141,New Accounts Clerks,2012,190,2022,190,0,-1.6,10
10,Delaware,39-2021,Nonfarm Animal Caretakers,2012,1040,2022,1210,170,16.6,30
10,Delaware,29-2033,Nuclear Medicine Technologists,2012,90,2022,100,10,14.3,0
10,Delaware,29-1161,Nurse Midwives,2012,40,2022,50,10,16.7,0
10,Delaware,29-1171,Nurse Practitioners,2012,490,2022,590,100,20.6,20
10,Delaware,31-1014,Nursing Assistants,2012,5450,2022,6260,810,14.8,180
10,Delaware,25-1072,Nursing Instructors and Teachers  Postsecondary,2012,230,2022,300,70,32.2,10
10,Delaware,29-1064,Obstetricians and Gynecologists,2012,110,2022,120,10,4.5,0
10,Delaware,29-9011,Occupational Health and Safety Specialists,2012,400,2022,430,30,8.2,10
10,Delaware,29-9012,Occupational Health and Safety Technicians,2012,10,2022,20,10,21.4,0
10,Delaware,29-1122,Occupational Therapists,2012,260,2022,310,50,19.8,10
10,Delaware,43-9199,Office and Administrative Support Workers  All Other,2012,640,2022,690,50,8.1,20
10,Delaware,43-9061,Office Clerks  General,2012,7280,2022,7460,180,2.5,170
10,Delaware,43-9071,Office Machine Operators  Except Computer,2012,390,2022,350,-40,-10.4,10
10,Delaware,47-2073,Operating Engineers and Other Construction Equipment Operators,2012,1110,2022,1260,150,14.4,40
10,Delaware,15-2031,Operations Research Analysts,2012,410,2022,530,120,28.2,20
10,Delaware,51-9083,Ophthalmic Laboratory Technicians,2012,30,2022,30,0,11.5,0
10,Delaware,29-2057,Ophthalmic Medical Technicians,2012,420,2022,470,50,11,10
10,Delaware,29-2081,Opticians  Dispensing,2012,330,2022,390,60,16.7,20
10,Delaware,29-1041,Optometrists,2012,150,2022,160,10,7.4,10
10,Delaware,43-4151,Order Clerks,2012,460,2022,430,-30,-5.1,10
10,Delaware,49-3053,Outdoor Power Equipment and Other Small Engine Mechanics,2012,180,2022,190,10,4.4,10
10,Delaware,53-7064,Packers and Packagers  Hand,2012,1020,2022,1060,40,4.2,30
10,Delaware,47-2141,Painters  Construction and Maintenance,2012,900,2022,1120,220,24.3,40
10,Delaware,51-9122,Painters  Transportation Equipment,2012,150,2022,150,0,2,0
10,Delaware,23-2011,Paralegals and Legal Assistants,2012,1380,2022,1540,160,11.4,40
10,Delaware,53-6021,Parking Lot Attendants,2012,440,2022,480,40,8.4,30
10,Delaware,47-2071,Paving  Surfacing  and Tamping Equipment Operators,2012,330,2022,400,70,23.2,10
10,Delaware,43-3051,Payroll and Timekeeping Clerks,2012,490,2022,550,60,11.8,20
10,Delaware,29-1065,Pediatricians  General,2012,260,2022,270,10,3.4,10
10,Delaware,39-9021,Personal Care Aides,2012,840,2022,1170,330,39.5,40
10,Delaware,13-2052,Personal Financial Advisors,2012,1210,2022,1500,290,24.4,50
10,Delaware,37-3012,Pesticide Handlers  Sprayers  and Applicators  Vegetation,2012,30,2022,30,0,0,0
10,Delaware,29-1051,Pharmacists,2012,650,2022,740,90,15,30
10,Delaware,29-2052,Pharmacy Technicians,2012,840,2022,1000,160,19.5,20
10,Delaware,31-9097,Phlebotomists,2012,230,2022,270,40,15.7,10
10,Delaware,27-4021,Photographers,2012,270,2022,280,10,4.5,0
10,Delaware,51-9151,Photographic Process Workers and Processing Machine Operators,2012,80,2022,80,0,-6,0
10,Delaware,31-2022,Physical Therapist Aides,2012,280,2022,360,80,28.1,10
10,Delaware,31-2021,Physical Therapist Assistants,2012,160,2022,210,50,26.4,10
10,Delaware,29-1123,Physical Therapists,2012,580,2022,720,140,24.4,30
10,Delaware,29-1071,Physician Assistants,2012,340,2022,420,80,24.7,10
10,Delaware,29-1069,Physicians and Surgeons  All Other,2012,1520,2022,1710,190,11.9,60
10,Delaware,47-2072,Pile-Driver Operators,2012,20,2022,20,0,33.3,0
10,Delaware,29-1081,Podiatrists,2012,80,2022,90,10,13.8,0
10,Delaware,43-5031,Police  Fire  and Ambulance Dispatchers,2012,220,2022,230,10,4.6,10
10,Delaware,43-5051,Postal Service Clerks,2012,220,2022,190,-30,-14,0
10,Delaware,43-5052,Postal Service Mail Carriers,2012,920,2022,850,-70,-7.7,30
10,Delaware,43-5053,Postal Service Mail Sorters  Processors  and Processing Machine Operators,2012,380,2022,340,-40,-11.5,0
10,Delaware,Nov-31,Postmasters and Mail Superintendents,2012,50,2022,50,0,-4.2,0
10,Delaware,51-8012,Power Distributors and Dispatchers,2012,110,2022,100,-10,-1.9,0
10,Delaware,51-8013,Power Plant Operators,2012,50,2022,40,-10,-15.6,0
10,Delaware,49-9069,Precision Instrument and Equipment Repairers  All Other,2012,130,2022,120,-10,-6.3,0
10,Delaware,25-2011,Preschool Teachers  Except Special Education,2012,2310,2022,2540,230,10,90
10,Delaware,51-5112,Printing Press Operators,2012,330,2022,310,-20,-4.6,10
10,Delaware,33-9021,Private Detectives and Investigators,2012,40,2022,40,0,8.1,0
10,Delaware,21-1092,Probation Officers and Correctional Treatment Specialists,2012,440,2022,440,0,0.2,10
10,Delaware,43-3061,Procurement Clerks,2012,160,2022,170,10,5.6,10
10,Delaware,43-5061,Production  Planning  and Expediting Clerks,2012,700,2022,740,40,6.2,20
10,Delaware,Nov-41,Property  Real Estate  and Community Association Managers,2012,850,2022,1000,150,17.4,30
10,Delaware,33-9099,Protective Service Workers  All Other,2012,560,2022,610,50,9.3,40
10,Delaware,29-1066,Psychiatrists,2012,90,2022,90,0,5.7,0
10,Delaware,27-3031,Public Relations Specialists,2012,710,2022,780,70,9.7,20
10,Delaware,13-1023,Purchasing Agents  Except Wholesale  Retail  and Farm Products,2012,720,2022,740,20,1.8,10
10,Delaware,Nov-61,Purchasing Managers,2012,100,2022,100,0,-1,0
10,Delaware,27-3011,Radio and Television Announcers,2012,160,2022,190,30,17.1,10
10,Delaware,49-2021,Radio  Cellular  and Tower Equipment Installers and Repairs,2012,110,2022,130,20,18.6,0
10,Delaware,29-2034,Radiologic Technologists,2012,490,2022,560,70,14.8,10
10,Delaware,53-4031,Railroad Conductors and Yardmasters,2012,30,2022,30,0,6.3,0
10,Delaware,47-4061,Rail-Track Laying and Maintenance Equipment Operators,2012,90,2022,100,10,10.5,0
10,Delaware,41-9022,Real Estate Sales Agents,2012,1230,2022,1520,290,23.4,40
10,Delaware,43-4171,Receptionists and Information Clerks,2012,2430,2022,2500,70,2.6,70
10,Delaware,39-9032,Recreation Workers,2012,870,2022,1000,130,15.2,20
10,Delaware,29-1125,Recreational Therapists,2012,60,2022,70,10,9.8,0
10,Delaware,53-7081,Refuse and Recyclable Material Collectors,2012,480,2022,550,70,15.4,20
10,Delaware,29-1141,Registered Nurses,2012,10100,2022,11680,1580,15.7,360
10,Delaware,21-1015,Rehabilitation Counselors,2012,530,2022,600,70,13.2,20
10,Delaware,39-9041,Residential Advisors,2012,360,2022,410,50,14.3,20
10,Delaware,29-1126,Respiratory Therapists,2012,410,2022,480,70,17.9,10
10,Delaware,41-2031,Retail Salespersons,2012,15930,2022,17180,1250,7.8,670
10,Delaware,47-2181,Roofers,2012,210,2022,230,20,10.9,10
10,Delaware,53-5011,Sailors and Marine Oilers,2012,20,2022,20,0,-13,0
10,Delaware,41-9099,Sales and Related Workers  All Other,2012,310,2022,340,30,7.3,10
10,Delaware,Nov-22,Sales Managers,2012,770,2022,790,20,2.1,20
10,Delaware,41-3099,Sales Representatives  Services  All Other,2012,2310,2022,2660,350,15.3,100
10,Delaware,41-4012,Sales Representatives  Wholesale and Manufacturing  Except Technical and Scientific Products,2012,3630,2022,4010,380,10.5,110
10,Delaware,41-4011,Sales Representatives  Wholesale and Manufacturing  Technical and Scientific Products,2012,1130,2022,1110,-20,-2.2,20
10,Delaware,51-7041,Sawing Machine Setters  Operators  and Tenders  Wood,2012,40,2022,40,0,2.4,0
10,Delaware,25-2031,Secondary School Teachers  Except Special and Career/Technical Education,2012,2890,2022,2970,80,3,90
10,Delaware,43-6014,Secretaries and Administrative Assistants  Except Legal  Medical  and Executive,2012,6600,2022,7130,530,8,130
10,Delaware,41-3031,Securities  Commodities  and Financial Services Sales Agents,2012,1320,2022,1450,130,9.2,40
10,Delaware,49-2098,Security and Fire Alarm Systems Installers,2012,170,2022,200,30,15.7,10
10,Delaware,33-9032,Security Guards,2012,3470,2022,3680,210,6.1,70
10,Delaware,25-3021,Self-Enrichment Education Teachers,2012,590,2022,660,70,12.6,20
10,Delaware,51-9012,Separating  Filtering  Clarifying  Precipitating  and Still Machine Setters  Operators  and Tenders,2012,180,2022,160,-20,-7.4,10
10,Delaware,39-5093,Shampooers,2012,240,2022,240,0,1.3,0
10,Delaware,47-2211,Sheet Metal Workers,2012,500,2022,590,90,16.1,20
10,Delaware,43-5071,Shipping  Receiving  and Traffic Clerks,2012,2020,2022,2140,120,5.8,70
10,Delaware,51-3023,Slaughterers and Meat Packers,2012,400,2022,410,10,2.5,10
10,Delaware,Nov-51,Social and Community Service Managers,2012,730,2022,830,100,13,30
10,Delaware,21-1093,Social and Human Service Assistants,2012,750,2022,850,100,12.8,30
10,Delaware,19-4061,Social Science Research Assistants,2012,30,2022,30,0,10,0
10,Delaware,21-1029,Social Workers  All Other,2012,90,2022,100,10,7.6,0
10,Delaware,15-1132,Software Developers  Applications,2012,2400,2022,2830,430,18,70
10,Delaware,15-1133,Software Developers  Systems Software,2012,1190,2022,1340,150,12.6,30
10,Delaware,19-1013,Soil and Plant Scientists,2012,70,2022,80,10,15.3,0
10,Delaware,27-4014,Sound Engineering Technicians,2012,10,2022,10,0,8.3,0
10,Delaware,25-2059,Special Education Teachers  All Other,2012,70,2022,80,10,13.7,0
10,Delaware,25-2052,Special Education Teachers  Kindergarten and Elementary School,2012,1340,2022,1360,20,1.9,30
10,Delaware,25-2053,Special Education Teachers  Middle School,2012,120,2022,120,0,1.7,0
10,Delaware,25-2054,Special Education Teachers  Secondary School,2012,250,2022,250,0,1.6,0
10,Delaware,29-1127,Speech-Language Pathologists,2012,500,2022,570,70,14.5,20
10,Delaware,51-8021,Stationary Engineers and Boiler Operators,2012,60,2022,60,0,1.6,0
10,Delaware,43-9111,Statistical Assistants,2012,20,2022,20,0,10.5,0
10,Delaware,15-2041,Statisticians,2012,100,2022,110,10,20,10
10,Delaware,43-5081,Stock Clerks and Order Fillers,2012,5110,2022,4960,-150,-3.1,150
10,Delaware,47-2221,Structural Iron and Steel Workers,2012,170,2022,200,30,21.1,10
10,Delaware,51-2041,Structural Metal Fabricators and Fitters,2012,140,2022,160,20,16.3,10
10,Delaware,21-1011,Substance Abuse and Behavioral Disorder Counselors,2012,330,2022,410,80,24.5,20
10,Delaware,29-2055,Surgical Technologists,2012,280,2022,350,70,26.4,10
10,Delaware,17-3031,Surveying and Mapping Technicians,2012,140,2022,160,20,10.6,0
10,Delaware,17-1022,Surveyors,2012,120,2022,120,0,1.7,0
10,Delaware,43-2011,Switchboard Operators  Including Answering Service,2012,230,2022,200,-30,-15.5,0
10,Delaware,51-6052,Tailors  Dressmakers  and Custom Sewers,2012,190,2022,180,-10,-4.2,0
10,Delaware,13-2081,Tax Examiners and Collectors  and Revenue Agents,2012,130,2022,130,0,4.7,10
10,Delaware,13-2082,Tax Preparers,2012,180,2022,190,10,8,10
10,Delaware,53-3041,Taxi Drivers and Chauffeurs,2012,680,2022,740,60,8.5,10
10,Delaware,25-9041,Teacher Assistants,2012,3240,2022,3400,160,4.9,90
10,Delaware,25-3099,Teachers and Instructors  All Other,2012,1700,2022,1880,180,10.6,50
10,Delaware,51-2092,Team Assemblers,2012,520,2022,570,50,9.4,10
10,Delaware,27-3042,Technical Writers,2012,140,2022,160,20,15.2,10
10,Delaware,49-2022,Telecommunications Equipment Installers and Repairers  Except Line Installers,2012,400,2022,480,80,19.6,10
10,Delaware,49-9052,Telecommunications Line Installers and Repairers,2012,460,2022,480,20,5.3,10
10,Delaware,41-9041,Telemarketers,2012,300,2022,330,30,8.6,10
10,Delaware,43-2021,Telephone Operators,2012,50,2022,50,0,-1.9,0
10,Delaware,43-3071,Tellers,2012,2190,2022,2320,130,5.9,120
10,Delaware,49-3093,Tire Repairers and Changers,2012,100,2022,110,10,4.9,0
10,Delaware,00-0000,Total  All Occupations,2012,437480,2022,478380,40900,9.3,14810
10,Delaware,39-7011,Tour Guides and Escorts,2012,440,2022,470,30,7.3,20
10,Delaware,Nov-31,Training and Development Managers,2012,120,2022,120,0,0,0
10,Delaware,13-1151,Training and Development Specialists,2012,920,2022,1070,150,16.1,30
10,Delaware,53-6051,Transportation Inspectors,2012,220,2022,250,30,14.7,10
10,Delaware,53-6099,Transportation Workers  All Other,2012,40,2022,50,10,7.1,0
10,Delaware,Nov-71,Transportation  Storage  and Distribution Managers,2012,320,2022,320,0,1.6,10
10,Delaware,41-3041,Travel Agents,2012,160,2022,130,-30,-20.3,0
10,Delaware,39-7012,Travel Guides,2012,0,2022,0,0,0,0
10,Delaware,37-3013,Tree Trimmers and Pruners,2012,20,2022,20,0,0,0
10,Delaware,27-2023,Umpires  Referees  and Other Sports Officials,2012,220,2022,240,20,11.5,10
10,Delaware,51-6093,Upholsterers,2012,40,2022,30,-10,-17.5,0
10,Delaware,19-3051,Urban and Regional Planners,2012,200,2022,210,10,7.5,10
10,Delaware,39-3031,Ushers  Lobby Attendants  and Ticket Takers,2012,220,2022,210,-10,-7.7,10
10,Delaware,29-1131,Veterinarians,2012,300,2022,330,30,9.9,10
10,Delaware,31-9096,Veterinary Assistants and Laboratory Animal Caretakers,2012,230,2022,230,0,1.8,0
10,Delaware,29-2056,Veterinary Technologists and Technicians,2012,360,2022,440,80,22.8,10
10,Delaware,25-1194,Vocational Education Teachers  Postsecondary,2012,260,2022,280,20,7.2,10
10,Delaware,35-3031,Waiters and Waitresses,2012,7570,2022,7950,380,5.1,400
10,Delaware,51-8031,Water and Wastewater Treatment Plant and System Operators,2012,240,2022,260,20,8.5,10
10,Delaware,15-1134,Web Developers,2012,350,2022,420,70,18.2,10
10,Delaware,43-5111,Weighers  Measurers  Checkers  and Samplers  Recordkeeping,2012,210,2022,230,20,11.1,10
10,Delaware,51-4121,Welders  Cutters  Solderers  and Brazers,2012,490,2022,550,60,11.8,20
10,Delaware,51-4122,Welding  Soldering  and Brazing Machine Setters  Operators  and Tenders,2012,20,2022,20,0,22.2,0
10,Delaware,13-1022,Wholesale and Retail Buyers  Except Farm Products,2012,240,2022,270,30,12.8,10
10,Delaware,43-9022,Word Processors and Typists,2012,130,2022,100,-30,-22.9,0
10,Delaware,27-3043,Writers and Authors,2012,120,2022,130,10,12.8,0
