STFIPS,AreaName,OccupationCode,OccupationName,BaseYear,Base,ProjYear,Proj,Change,PercentChange,AvgAnnualOpenings
11,District of Columbia,13-2011,Accountants and Auditors,2012,12050,2022,12790,740,6.1,430
11,District of Columbia,27-2011,Actors,2012,620,2022,750,130,21.8,30
11,District of Columbia,15-2011,Actuaries,2012,350,2022,370,20,7.5,10
11,District of Columbia,Nov-11,Administrative Services Managers,2012,3780,2022,4150,370,9.8,100
11,District of Columbia,25-3011,Adult Basic and Secondary Education and Literacy Teachers and Instructors,2012,190,2022,230,40,19,10
11,District of Columbia,Nov-11,Advertising and Promotions Managers,2012,510,2022,580,70,12.5,20
11,District of Columbia,41-3011,Advertising Sales Agents,2012,470,2022,490,20,6,20
11,District of Columbia,17-2011,Aerospace Engineers,2012,470,2022,500,30,6.7,10
11,District of Columbia,53-2021,Air Traffic Controllers,2012,340,2022,350,10,3,20
11,District of Columbia,39-3091,Amusement and Recreation Attendants,2012,240,2022,290,50,21.1,20
11,District of Columbia,29-1061,Anesthesiologists,2012,70,2022,80,10,12.7,0
11,District of Columbia,19-3091,Anthropologists and Archeologists,2012,60,2022,60,0,-3.2,0
11,District of Columbia,25-1061,Anthropology and Archeology Teachers  Postsecondary,2012,90,2022,100,10,13.2,0
11,District of Columbia,13-2021,Appraisers and Assessors of Real Estate,2012,180,2022,170,-10,-2.3,0
11,District of Columbia,17-1011,Architects  Except Landscape and Naval,2012,1730,2022,2040,310,18.4,70
11,District of Columbia,17-3011,Architectural and Civil Drafters,2012,460,2022,460,0,1.1,10
11,District of Columbia,Nov-41,Architectural and Engineering Managers,2012,2230,2022,2150,-80,-3.9,60
11,District of Columbia,25-4011,Archivists,2012,140,2022,140,0,0,0
11,District of Columbia,25-1062,Area  Ethnic  and Cultural Studies Teachers  Postsecondary,2012,100,2022,120,20,15.8,0
11,District of Columbia,27-1011,Art Directors,2012,300,2022,360,60,17.9,10
11,District of Columbia,25-1121,Art  Drama  and Music Teachers  Postsecondary,2012,710,2022,840,130,18.7,20
11,District of Columbia,27-1019,Artists and Related Workers  All Other,2012,2010,2022,1860,-150,-7.5,50
11,District of Columbia,27-2021,Athletes and Sports Competitors,2012,120,2022,150,30,31.3,10
11,District of Columbia,29-9091,Athletic Trainers,2012,50,2022,60,10,12,0
11,District of Columbia,27-4011,Audio and Video Equipment Technicians,2012,440,2022,530,90,20.3,20
11,District of Columbia,29-1181,Audiologists,2012,80,2022,90,10,18.7,0
11,District of Columbia,49-3021,Automotive Body and Related Repairers,2012,100,2022,120,20,16.5,0
11,District of Columbia,49-3023,Automotive Service Technicians and Mechanics,2012,420,2022,430,10,1.4,10
11,District of Columbia,39-6011,Baggage Porters and Bellhops,2012,610,2022,680,70,10.8,20
11,District of Columbia,51-3011,Bakers,2012,210,2022,210,0,0.5,10
11,District of Columbia,35-3011,Bartenders,2012,2760,2022,3120,360,13,140
11,District of Columbia,43-3011,Bill and Account Collectors,2012,750,2022,830,80,11.3,30
11,District of Columbia,43-3021,Billing and Posting Clerks,2012,1930,2022,2200,270,14.1,60
11,District of Columbia,25-1042,Biological Science Teachers  Postsecondary,2012,250,2022,310,60,20.9,10
11,District of Columbia,19-1029,Biological Scientists  All Other,2012,440,2022,400,-40,-10.2,10
11,District of Columbia,19-4021,Biological Technicians,2012,160,2022,170,10,1.8,10
11,District of Columbia,17-2031,Biomedical Engineers,2012,40,2022,40,0,14.3,0
11,District of Columbia,43-3031,Bookkeeping  Accounting  and Auditing Clerks,2012,5630,2022,6260,630,11.1,120
11,District of Columbia,47-2021,Brickmasons and Blockmasons,2012,230,2022,250,20,4.7,0
11,District of Columbia,27-3021,Broadcast News Analysts,2012,320,2022,340,20,6.5,10
11,District of Columbia,27-4012,Broadcast Technicians,2012,560,2022,570,10,0.9,10
11,District of Columbia,43-4011,Brokerage Clerks,2012,80,2022,90,10,6.2,0
11,District of Columbia,13-2031,Budget Analysts,2012,2620,2022,2680,60,2.3,110
11,District of Columbia,37-2019,Building Cleaning Workers  All Other,2012,0,2022,0,0,0,0
11,District of Columbia,49-3031,Bus and Truck Mechanics and Diesel Engine Specialists,2012,60,2022,70,10,15.9,0
11,District of Columbia,53-3022,Bus Drivers  School or Special Client,2012,740,2022,930,190,26.6,30
11,District of Columbia,53-3021,Bus Drivers  Transit and Intercity,2012,820,2022,970,150,17.2,30
11,District of Columbia,13-1199,Business Operations Specialists  All Other,2012,40550,2022,39290,-1260,-3.1,560
11,District of Columbia,25-1011,Business Teachers  Postsecondary,2012,1060,2022,1240,180,17.3,30
11,District of Columbia,51-3021,Butchers and Meat Cutters,2012,170,2022,160,-10,-1.8,0
11,District of Columbia,13-1021,Buyers and Purchasing Agents  Farm Products,2012,20,2022,20,0,5.9,0
11,District of Columbia,51-7011,Cabinetmakers and Bench Carpenters,2012,90,2022,90,0,-5.4,0
11,District of Columbia,27-4031,Camera Operators  Television  Video  and Motion Picture,2012,240,2022,240,0,0.4,0
11,District of Columbia,29-2031,Cardiovascular Technologists and Technicians,2012,90,2022,120,30,24.5,0
11,District of Columbia,47-2031,Carpenters,2012,1190,2022,1340,150,12.7,30
11,District of Columbia,41-2011,Cashiers,2012,6630,2022,6720,90,1.4,300
11,District of Columbia,47-2051,Cement Masons and Concrete Finishers,2012,670,2022,710,40,5.2,10
11,District of Columbia,35-1011,Chefs and Head Cooks,2012,2120,2022,2210,90,4.3,40
11,District of Columbia,17-2041,Chemical Engineers,2012,130,2022,120,-10,-8.7,0
11,District of Columbia,19-4031,Chemical Technicians,2012,70,2022,80,10,19.1,0
11,District of Columbia,25-1052,Chemistry Teachers  Postsecondary,2012,130,2022,150,20,16,0
11,District of Columbia,19-2031,Chemists,2012,450,2022,410,-40,-8.4,10
11,District of Columbia,21-1021,Child  Family  and School Social Workers,2012,1790,2022,2180,390,21.9,80
11,District of Columbia,39-9011,Childcare Workers,2012,2750,2022,3270,520,18.9,130
11,District of Columbia,17-3022,Civil Engineering Technicians,2012,380,2022,350,-30,-8.1,10
11,District of Columbia,17-2051,Civil Engineers,2012,970,2022,1080,110,11.6,40
11,District of Columbia,13-1031,Claims Adjusters  Examiners  and Investigators,2012,950,2022,920,-30,-3.3,20
11,District of Columbia,53-7061,Cleaners of Vehicles and Equipment,2012,220,2022,230,10,6.4,10
11,District of Columbia,21-2011,Clergy,2012,330,2022,350,20,7.1,10
11,District of Columbia,19-3031,Clinical  Counseling  and School Psychologists,2012,500,2022,550,50,9.9,20
11,District of Columbia,27-2022,Coaches and Scouts,2012,590,2022,720,130,21,30
11,District of Columbia,35-3021,Combined Food Preparation and Serving Workers  Including Fast Food,2012,7060,2022,8060,1000,14.2,370
11,District of Columbia,27-1021,Commercial and Industrial Designers,2012,10,2022,20,10,15.4,0
11,District of Columbia,25-1122,Communications Teachers  Postsecondary,2012,480,2022,550,70,14.9,10
11,District of Columbia,21-1099,Community and Social Service Specialists  All Other,2012,1160,2022,1370,210,18.1,50
11,District of Columbia,Nov-11,Compensation and Benefits Managers,2012,470,2022,500,30,7.2,20
11,District of Columbia,13-1141,Compensation  Benefits  and Job Analysis Specialists,2012,1040,2022,1180,140,13.6,30
11,District of Columbia,13-1041,Compliance Officers,2012,3060,2022,2860,-200,-6.5,60
11,District of Columbia,15-1111,Computer and Information Research Scientists,2012,360,2022,390,30,8.5,10
11,District of Columbia,Nov-21,Computer and Information Systems Managers,2012,4210,2022,4460,250,5.9,80
11,District of Columbia,17-2061,Computer Hardware Engineers,2012,1410,2022,1710,300,21.4,60
11,District of Columbia,15-1199,Computer Occupations  All Other,2012,10850,2022,9910,-940,-8.7,170
11,District of Columbia,43-9011,Computer Operators,2012,410,2022,370,-40,-11.4,0
11,District of Columbia,15-1131,Computer Programmers,2012,2810,2022,3200,390,14.2,110
11,District of Columbia,25-1021,Computer Science Teachers  Postsecondary,2012,260,2022,300,40,15.3,10
11,District of Columbia,15-1121,Computer Systems Analysts,2012,3380,2022,4440,1060,31.2,160
11,District of Columbia,15-1151,Computer User Support Specialists,2012,4810,2022,5910,1100,22.9,190
11,District of Columbia,49-2011,Computer  Automated Teller  and Office Machine Repairers,2012,330,2022,390,60,17.4,10
11,District of Columbia,39-6012,Concierges,2012,500,2022,620,120,23.2,20
11,District of Columbia,19-1031,Conservation Scientists,2012,180,2022,190,10,2.7,10
11,District of Columbia,47-4099,Construction and Related Workers  All Other,2012,90,2022,90,0,1.1,0
11,District of Columbia,47-2061,Construction Laborers,2012,2350,2022,2590,240,9.9,70
11,District of Columbia,Nov-21,Construction Managers,2012,850,2022,980,130,14.6,30
11,District of Columbia,49-9012,Control and Valve Installers and Repairers  Except Mechanical Door,2012,140,2022,100,-40,-29.2,10
11,District of Columbia,53-7011,Conveyor Operators and Tenders,2012,60,2022,60,0,3.4,0
11,District of Columbia,35-2019,Cooks  All Other,2012,100,2022,120,20,15.5,0
11,District of Columbia,35-2011,Cooks  Fast Food,2012,1330,2022,1330,0,0.2,30
11,District of Columbia,35-2012,Cooks  Institution and Cafeteria,2012,1410,2022,1610,200,14,50
11,District of Columbia,35-2013,Cooks  Private Household,2012,10,2022,20,10,7.1,0
11,District of Columbia,35-2014,Cooks  Restaurant,2012,5310,2022,6080,770,14.6,180
11,District of Columbia,35-2015,Cooks  Short Order,2012,830,2022,840,10,1,20
11,District of Columbia,33-3012,Correctional Officers and Jailers,2012,1350,2022,1460,110,8.4,50
11,District of Columbia,43-4021,Correspondence Clerks,2012,50,2022,60,10,11.1,0
11,District of Columbia,13-1051,Cost Estimators,2012,230,2022,260,30,12.6,10
11,District of Columbia,41-2021,Counter and Rental Clerks,2012,470,2022,520,50,10.5,20
11,District of Columbia,35-3022,Counter Attendants  Cafeteria  Food Concession  and Coffee Shop,2012,1180,2022,1190,10,0.8,70
11,District of Columbia,43-5021,Couriers and Messengers,2012,270,2022,260,-10,-6.6,0
11,District of Columbia,43-4031,Court  Municipal  and License Clerks,2012,20,2022,30,10,8.7,0
11,District of Columbia,13-2041,Credit Analysts,2012,420,2022,480,60,13.6,20
11,District of Columbia,43-4041,Credit Authorizers  Checkers  and Clerks,2012,30,2022,30,0,-6.3,0
11,District of Columbia,25-1111,Criminal Justice and Law Enforcement Teachers  Postsecondary,2012,190,2022,230,40,17.7,10
11,District of Columbia,25-4012,Curators,2012,220,2022,220,0,-0.5,10
11,District of Columbia,43-4051,Customer Service Representatives,2012,7290,2022,8310,1020,14,300
11,District of Columbia,43-9021,Data Entry Keyers,2012,1060,2022,840,-220,-20.9,10
11,District of Columbia,15-1141,Database Administrators,2012,1550,2022,1940,390,25.2,70
11,District of Columbia,41-9011,Demonstrators and Product Promoters,2012,260,2022,330,70,27.9,10
11,District of Columbia,31-9091,Dental Assistants,2012,490,2022,580,90,19.3,20
11,District of Columbia,29-2021,Dental Hygienists,2012,530,2022,700,170,32.4,30
11,District of Columbia,51-9081,Dental Laboratory Technicians,2012,70,2022,70,0,2.9,0
11,District of Columbia,29-1021,Dentists  General,2012,240,2022,290,50,23.4,10
11,District of Columbia,43-9031,Desktop Publishers,2012,120,2022,120,0,6,0
11,District of Columbia,29-2032,Diagnostic Medical Sonographers,2012,90,2022,120,30,34.8,0
11,District of Columbia,29-1031,Dietitians and Nutritionists,2012,400,2022,510,110,25.8,20
11,District of Columbia,35-9011,Dining Room and Cafeteria Attendants and Bartender Helpers,2012,4230,2022,4530,300,7.2,220
11,District of Columbia,35-9021,Dishwashers,2012,3220,2022,3490,270,8.4,170
11,District of Columbia,43-5032,Dispatchers  Except Police  Fire  and Ambulance,2012,420,2022,470,50,10.9,20
11,District of Columbia,25-1063,Economics Teachers  Postsecondary,2012,250,2022,280,30,15.4,10
11,District of Columbia,19-3011,Economists,2012,5240,2022,5130,-110,-2,160
11,District of Columbia,27-3041,Editors,2012,3450,2022,3670,220,6.4,110
11,District of Columbia,Nov-39,Education Administrators  All Other,2012,820,2022,840,20,2.3,20
11,District of Columbia,Nov-32,Education Administrators  Elementary and Secondary School,2012,810,2022,860,50,6.5,30
11,District of Columbia,Nov-33,Education Administrators  Postsecondary,2012,1390,2022,1670,280,20.3,70
11,District of Columbia,Nov-31,Education Administrators  Preschool and Childcare Center/Program,2012,410,2022,500,90,21.9,20
11,District of Columbia,25-1081,Education Teachers  Postsecondary,2012,390,2022,450,60,16.6,10
11,District of Columbia,21-1012,Educational  Guidance  School  and Vocational Counselors,2012,1530,2022,1780,250,16.3,60
11,District of Columbia,49-2092,Electric Motor  Power Tool  and Related Repairers,2012,30,2022,30,0,-3.6,0
11,District of Columbia,17-3023,Electrical and Electronics Engineering Technicians,2012,500,2022,560,60,11.6,20
11,District of Columbia,49-2094,Electrical and Electronics Repairers  Commercial and Industrial Equipment,2012,230,2022,230,0,2.7,10
11,District of Columbia,17-2071,Electrical Engineers,2012,540,2022,570,30,4.6,10
11,District of Columbia,47-2111,Electricians,2012,1510,2022,1590,80,5.6,40
11,District of Columbia,17-2072,Electronics Engineers  Except Computer,2012,1050,2022,1050,0,-0.3,20
11,District of Columbia,25-2021,Elementary School Teachers  Except Special Education,2012,2560,2022,2910,350,13.9,90
11,District of Columbia,47-4021,Elevator Installers and Repairers,2012,60,2022,60,0,-6.3,0
11,District of Columbia,43-4061,Eligibility Interviewers  Government Programs,2012,460,2022,530,70,13.6,20
11,District of Columbia,Nov-61,Emergency Management Directors,2012,80,2022,90,10,22.4,0
11,District of Columbia,29-2041,Emergency Medical Technicians and Paramedics,2012,1120,2022,1170,50,4.5,40
11,District of Columbia,17-3029,Engineering Technicians  Except Drafters  All Other,2012,630,2022,570,-60,-9.9,10
11,District of Columbia,17-2199,Engineers  All Other,2012,3590,2022,3330,-260,-7.1,70
11,District of Columbia,25-1123,English Language and Literature Teachers  Postsecondary,2012,670,2022,780,110,15.5,20
11,District of Columbia,27-2099,Entertainers and Performers  Sports and Related Workers  All Other,2012,110,2022,130,20,14.5,0
11,District of Columbia,17-3025,Environmental Engineering Technicians,2012,30,2022,30,0,13.3,0
11,District of Columbia,17-2081,Environmental Engineers,2012,540,2022,550,10,1.5,10
11,District of Columbia,19-4091,Environmental Science and Protection Technicians  Including Health,2012,110,2022,140,30,23.7,10
11,District of Columbia,19-2041,Environmental Scientists and Specialists  Including Health,2012,1830,2022,1760,-70,-4.1,50
11,District of Columbia,19-1041,Epidemiologists,2012,20,2022,20,0,15.8,0
11,District of Columbia,53-7032,Excavating and Loading Machine and Dragline Operators,2012,130,2022,130,0,7.2,0
11,District of Columbia,43-6011,Executive Secretaries and Executive Administrative Assistants,2012,14950,2022,15280,330,2.2,210
11,District of Columbia,29-1128,Exercise Physiologists,2012,70,2022,70,0,7.2,0
11,District of Columbia,29-1062,Family and General Practitioners,2012,430,2022,550,120,26.3,20
11,District of Columbia,47-4031,Fence Erectors,2012,0,2022,0,0,0,0
11,District of Columbia,43-4071,File Clerks,2012,950,2022,920,-30,-3.5,20
11,District of Columbia,27-4032,Film and Video Editors,2012,80,2022,80,0,2.6,0
11,District of Columbia,13-2051,Financial Analysts,2012,2750,2022,3300,550,20.1,120
11,District of Columbia,13-2061,Financial Examiners,2012,520,2022,520,0,0.6,10
11,District of Columbia,Nov-31,Financial Managers,2012,8140,2022,8290,150,1.7,170
11,District of Columbia,13-2099,Financial Specialists  All Other,2012,3470,2022,3220,-250,-7.2,40
11,District of Columbia,27-1013,Fine Artists  Including Painters  Sculptors  and Illustrators,2012,20,2022,20,0,0,0
11,District of Columbia,47-1011,First-Line Supervisors of Construction Trades and Extraction Workers,2012,910,2022,1010,100,10.4,20
11,District of Columbia,33-1011,First-Line Supervisors of Correctional Officers,2012,70,2022,70,0,4.6,0
11,District of Columbia,35-1012,First-Line Supervisors of Food Preparation and Serving Workers,2012,2700,2022,3110,410,15.2,120
11,District of Columbia,53-1021,First-Line Supervisors of Helpers  Laborers  and Material Movers  Hand,2012,270,2022,310,40,14.3,10
11,District of Columbia,37-1011,First-Line Supervisors of Housekeeping and Janitorial Workers,2012,2020,2022,2290,270,13.2,80
11,District of Columbia,37-1012,First-Line Supervisors of Landscaping  Lawn Service  and Groundskeeping Workers,2012,120,2022,130,10,12.2,0
11,District of Columbia,49-1011,First-Line Supervisors of Mechanics  Installers  and Repairers,2012,820,2022,850,30,3.7,30
11,District of Columbia,41-1012,First-Line Supervisors of Non-Retail Sales Workers,2012,580,2022,640,60,10,10
11,District of Columbia,43-1011,First-Line Supervisors of Office and Administrative Support Workers,2012,5400,2022,6130,730,13.4,200
11,District of Columbia,39-1021,First-Line Supervisors of Personal Service Workers,2012,460,2022,550,90,21,20
11,District of Columbia,51-1011,First-Line Supervisors of Production and Operating Workers,2012,470,2022,480,10,1.5,10
11,District of Columbia,33-1099,First-Line Supervisors of Protective Service Workers  All Other,2012,560,2022,630,70,13.2,20
11,District of Columbia,41-1011,First-Line Supervisors of Retail Sales Workers,2012,2190,2022,2370,180,8.2,70
11,District of Columbia,53-1031,First-Line Supervisors of Transportation and Material-Moving Machine and Vehicle Operators,2012,630,2022,690,60,10,20
11,District of Columbia,39-9031,Fitness Trainers and Aerobics Instructors,2012,760,2022,880,120,15.7,20
11,District of Columbia,27-1023,Floral Designers,2012,70,2022,60,-10,-18.3,0
11,District of Columbia,35-9099,Food Preparation and Serving Related Workers  All Other,2012,120,2022,130,10,9.4,10
11,District of Columbia,35-2021,Food Preparation Workers,2012,3140,2022,3390,250,8,120
11,District of Columbia,35-3041,Food Servers  Nonrestaurant,2012,1760,2022,1930,170,9.8,70
11,District of Columbia,Nov-51,Food Service Managers,2012,1090,2022,1150,60,5.2,30
11,District of Columbia,25-1124,Foreign Language and Literature Teachers  Postsecondary,2012,370,2022,430,60,17.9,10
11,District of Columbia,11-1021,General and Operations Managers,2012,32560,2022,34990,2430,7.4,850
11,District of Columbia,19-2042,Geoscientists  Except Hydrologists and Geographers,2012,110,2022,120,10,9.5,0
11,District of Columbia,25-1191,Graduate Teaching Assistants,2012,600,2022,660,60,10.2,20
11,District of Columbia,27-1024,Graphic Designers,2012,1700,2022,1820,120,7.4,60
11,District of Columbia,37-3019,Grounds Maintenance Workers  All Other,2012,140,2022,150,10,9.4,10
11,District of Columbia,39-5012,Hairdressers  Hairstylists  and Cosmetologists,2012,880,2022,1040,160,18.1,40
11,District of Columbia,17-2111,Health and Safety Engineers  Except Mining Safety Engineers and Inspectors,2012,100,2022,100,0,3.1,0
11,District of Columbia,29-1199,Health Diagnosing and Treating Practitioners  All Other,2012,600,2022,590,-10,-2.8,10
11,District of Columbia,21-1091,Health Educators,2012,750,2022,830,80,9.7,30
11,District of Columbia,29-2099,Health Technologists and Technicians  All Other,2012,380,2022,450,70,16.7,10
11,District of Columbia,29-9099,Healthcare Practitioners and Technical Workers  All Other,2012,940,2022,1070,130,14.4,40
11,District of Columbia,21-1022,Healthcare Social Workers,2012,370,2022,440,70,19.5,20
11,District of Columbia,31-9099,Healthcare Support Workers  All Other,2012,900,2022,1030,130,13.9,30
11,District of Columbia,49-9021,Heating  Air Conditioning  and Refrigeration Mechanics and Installers,2012,290,2022,300,10,3.5,10
11,District of Columbia,53-3032,Heavy and Tractor-Trailer Truck Drivers,2012,750,2022,830,80,10,20
11,District of Columbia,47-3019,Helpers  Construction Trades  All Other,2012,90,2022,90,0,1.1,0
11,District of Columbia,47-3012,Helpers--Carpenters,2012,110,2022,140,30,33,10
11,District of Columbia,47-3013,Helpers--Electricians,2012,170,2022,190,20,9.4,10
11,District of Columbia,49-9098,Helpers--Installation  Maintenance  and Repair Workers,2012,400,2022,440,40,10.3,20
11,District of Columbia,47-3015,Helpers--Pipelayers  Plumbers  Pipefitters  and Steamfitters,2012,60,2022,60,0,1.8,0
11,District of Columbia,51-9198,Helpers--Production Workers,2012,120,2022,130,10,15.7,0
11,District of Columbia,25-1125,History Teachers  Postsecondary,2012,270,2022,310,40,15.6,10
11,District of Columbia,31-1011,Home Health Aides,2012,4160,2022,6420,2260,54.5,310
11,District of Columbia,35-9031,Hosts and Hostesses  Restaurant  Lounge  and Coffee Shop,2012,2140,2022,2270,130,5.9,170
11,District of Columbia,43-4081,Hotel  Motel  and Resort Desk Clerks,2012,1240,2022,1430,190,15.9,80
11,District of Columbia,43-4161,Human Resources Assistants  Except Payroll and Timekeeping,2012,1650,2022,1590,-60,-3.7,40
11,District of Columbia,Nov-21,Human Resources Managers,2012,1400,2022,1400,0,0.3,40
11,District of Columbia,13-1071,Human Resources Specialists,2012,8050,2022,7910,-140,-1.7,150
11,District of Columbia,17-3026,Industrial Engineering Technicians,2012,120,2022,150,30,25.6,10
11,District of Columbia,17-2112,Industrial Engineers,2012,350,2022,430,80,21.5,20
11,District of Columbia,49-9041,Industrial Machinery Mechanics,2012,160,2022,170,10,3.8,10
11,District of Columbia,Nov-51,Industrial Production Managers,2012,40,2022,30,-10,-2.9,0
11,District of Columbia,53-7051,Industrial Truck and Tractor Operators,2012,150,2022,130,-20,-11.5,0
11,District of Columbia,43-4199,Information and Record Clerks  All Other,2012,8770,2022,7080,-1690,-19.3,190
11,District of Columbia,51-9061,Inspectors  Testers  Sorters  Samplers  and Weighers,2012,130,2022,120,-10,-7,0
11,District of Columbia,49-9099,Installation  Maintenance  and Repair Workers  All Other,2012,150,2022,150,0,4.1,0
11,District of Columbia,25-9031,Instructional Coordinators,2012,1920,2022,2070,150,7.9,30
11,District of Columbia,41-3021,Insurance Sales Agents,2012,500,2022,570,70,14.7,20
11,District of Columbia,13-2053,Insurance Underwriters,2012,170,2022,160,-10,-4.1,10
11,District of Columbia,27-1025,Interior Designers,2012,600,2022,720,120,20.3,30
11,District of Columbia,29-1063,Internists  General,2012,170,2022,170,0,0.6,0
11,District of Columbia,27-3091,Interpreters and Translators,2012,410,2022,560,150,35,20
11,District of Columbia,43-4111,Interviewers  Except Eligibility and Loan,2012,440,2022,480,40,8.1,10
11,District of Columbia,37-2011,Janitors and Cleaners  Except Maids and Housekeeping Cleaners,2012,15370,2022,17720,2350,15.3,520
11,District of Columbia,51-9071,Jewelers and Precious Stone and Metal Workers,2012,30,2022,30,0,0,0
11,District of Columbia,23-1012,Judicial Law Clerks,2012,320,2022,350,30,8.8,10
11,District of Columbia,25-2012,Kindergarten Teachers  Except Special Education,2012,260,2022,300,40,15.3,10
11,District of Columbia,53-7062,Laborers and Freight  Stock  and Material Movers  Hand,2012,2650,2022,2980,330,12.4,120
11,District of Columbia,17-1012,Landscape Architects,2012,100,2022,110,10,11,0
11,District of Columbia,37-3011,Landscaping and Groundskeeping Workers,2012,990,2022,1090,100,10.8,40
11,District of Columbia,51-6011,Laundry and Dry-Cleaning Workers,2012,790,2022,870,80,9.6,30
11,District of Columbia,25-1112,Law Teachers  Postsecondary,2012,970,2022,1140,170,17.8,30
11,District of Columbia,23-1011,Lawyers,2012,33460,2022,35040,1580,4.7,690
11,District of Columbia,43-6012,Legal Secretaries,2012,6450,2022,6490,40,0.6,80
11,District of Columbia,23-2099,Legal Support Workers  All Other,2012,2050,2022,1990,-60,-2.9,30
11,District of Columbia,25-4021,Librarians,2012,1290,2022,1320,30,2.3,30
11,District of Columbia,43-4121,Library Assistants  Clerical,2012,940,2022,1070,130,13.6,50
11,District of Columbia,25-1082,Library Science Teachers  Postsecondary,2012,40,2022,40,0,12.8,0
11,District of Columbia,25-4031,Library Technicians,2012,710,2022,750,40,5.5,40
11,District of Columbia,29-2061,Licensed Practical and Licensed Vocational Nurses,2012,1970,2022,2340,370,18.9,90
11,District of Columbia,19-4099,Life  Physical  and Social Science Technicians  All Other,2012,380,2022,350,-30,-8.4,20
11,District of Columbia,33-9092,Lifeguards  Ski Patrol  and Other Recreational Protective Service Workers,2012,30,2022,30,0,3,0
11,District of Columbia,53-3033,Light Truck or Delivery Services Drivers,2012,1250,2022,1300,50,4,30
11,District of Columbia,13-2072,Loan Officers,2012,610,2022,660,50,8,20
11,District of Columbia,39-3093,Locker Room  Coatroom  and Dressing Room Attendants,2012,30,2022,30,0,23.1,0
11,District of Columbia,49-9094,Locksmiths and Safe Repairers,2012,70,2022,80,10,9.6,0
11,District of Columbia,Nov-81,Lodging Managers,2012,270,2022,290,20,10.5,10
11,District of Columbia,45-4022,Logging Equipment Operators,2012,0,2022,0,0,0,0
11,District of Columbia,13-1081,Logisticians,2012,1040,2022,1220,180,16.8,30
11,District of Columbia,51-4041,Machinists,2012,150,2022,180,30,13.6,10
11,District of Columbia,37-2012,Maids and Housekeeping Cleaners,2012,9550,2022,11020,1470,15.4,340
11,District of Columbia,43-9051,Mail Clerks and Mail Machine Operators  Except Postal Service,2012,1170,2022,1040,-130,-11.6,30
11,District of Columbia,49-9071,Maintenance and Repair Workers  General,2012,4030,2022,4460,430,10.6,120
11,District of Columbia,49-9043,Maintenance Workers  Machinery,2012,140,2022,170,30,19.6,10
11,District of Columbia,13-1111,Management Analysts,2012,19990,2022,20110,120,0.6,320
11,District of Columbia,Nov-99,Managers  All Other,2012,20800,2022,19530,-1270,-6.1,460
11,District of Columbia,13-1161,Market Research Analysts and Marketing Specialists,2012,4480,2022,6060,1580,35.2,220
11,District of Columbia,Nov-21,Marketing Managers,2012,1520,2022,1770,250,16.4,60
11,District of Columbia,19-2032,Materials Scientists,2012,20,2022,20,0,-4.5,0
11,District of Columbia,25-1022,Mathematical Science Teachers  Postsecondary,2012,350,2022,400,50,15.1,10
11,District of Columbia,17-2141,Mechanical Engineers,2012,890,2022,980,90,10,40
11,District of Columbia,27-4099,Media and Communication Equipment Workers  All Other,2012,580,2022,530,-50,-9.5,10
11,District of Columbia,29-2012,Medical and Clinical Laboratory Technicians,2012,710,2022,820,110,16,30
11,District of Columbia,29-2011,Medical and Clinical Laboratory Technologists,2012,980,2022,1000,20,2.7,30
11,District of Columbia,Nov-11,Medical and Health Services Managers,2012,2650,2022,2970,320,11.8,100
11,District of Columbia,31-9092,Medical Assistants,2012,1630,2022,1850,220,13.5,50
11,District of Columbia,31-9093,Medical Equipment Preparers,2012,70,2022,80,10,13.7,0
11,District of Columbia,49-9062,Medical Equipment Repairers,2012,50,2022,70,20,37.5,0
11,District of Columbia,29-2071,Medical Records and Health Information Technicians,2012,600,2022,670,70,11.6,20
11,District of Columbia,19-1042,Medical Scientists  Except Epidemiologists,2012,360,2022,360,0,0.6,10
11,District of Columbia,43-6013,Medical Secretaries,2012,1280,2022,1570,290,22.5,40
11,District of Columbia,13-1121,Meeting  Convention  and Event Planners,2012,2230,2022,3000,770,34.6,110
11,District of Columbia,21-1023,Mental Health and Substance Abuse Social Workers,2012,780,2022,880,100,12.9,30
11,District of Columbia,21-1014,Mental Health Counselors,2012,360,2022,420,60,18,10
11,District of Columbia,27-1026,Merchandise Displayers and Window Trimmers,2012,200,2022,220,20,13.3,10
11,District of Columbia,19-1022,Microbiologists,2012,110,2022,100,-10,-7.1,0
11,District of Columbia,25-2022,Middle School Teachers  Except Special and Career/Technical Education,2012,660,2022,750,90,12.7,20
11,District of Columbia,39-4031,Morticians  Undertakers  and Funeral Directors,2012,40,2022,50,10,17.5,0
11,District of Columbia,53-3099,Motor Vehicle Operators  All Other,2012,1410,2022,1380,-30,-2.2,40
11,District of Columbia,27-1014,Multimedia Artists and Animators,2012,110,2022,130,20,17.9,10
11,District of Columbia,25-4013,Museum Technicians and Conservators,2012,880,2022,850,-30,-3.9,20
11,District of Columbia,27-2041,Music Directors and Composers,2012,120,2022,150,30,17.7,10
11,District of Columbia,27-2042,Musicians and Singers,2012,110,2022,140,30,26.4,10
11,District of Columbia,Nov-21,Natural Sciences Managers,2012,1260,2022,1180,-80,-6.8,30
11,District of Columbia,15-1142,Network and Computer Systems Administrators,2012,4180,2022,5010,830,20,150
11,District of Columbia,17-2161,Nuclear Engineers,2012,230,2022,210,-20,-10.8,10
11,District of Columbia,29-2033,Nuclear Medicine Technologists,2012,30,2022,30,0,10,0
11,District of Columbia,29-9011,Occupational Health and Safety Specialists,2012,480,2022,490,10,1,10
11,District of Columbia,29-9012,Occupational Health and Safety Technicians,2012,150,2022,160,10,2,0
11,District of Columbia,29-1122,Occupational Therapists,2012,160,2022,180,20,17.2,10
11,District of Columbia,31-2012,Occupational Therapy Aides,2012,50,2022,60,10,26.5,0
11,District of Columbia,31-2011,Occupational Therapy Assistants,2012,20,2022,30,10,22.7,0
11,District of Columbia,43-9199,Office and Administrative Support Workers  All Other,2012,2650,2022,2580,-70,-2.8,70
11,District of Columbia,43-9061,Office Clerks  General,2012,12710,2022,13680,970,7.6,360
11,District of Columbia,43-9071,Office Machine Operators  Except Computer,2012,550,2022,500,-50,-9.4,10
11,District of Columbia,47-2073,Operating Engineers and Other Construction Equipment Operators,2012,310,2022,320,10,5.6,10
11,District of Columbia,15-2031,Operations Research Analysts,2012,1850,2022,2440,590,31.6,100
11,District of Columbia,29-2081,Opticians  Dispensing,2012,190,2022,200,10,2.6,10
11,District of Columbia,29-1041,Optometrists,2012,80,2022,80,0,2.6,0
11,District of Columbia,43-4151,Order Clerks,2012,200,2022,190,-10,-5,10
11,District of Columbia,31-1015,Orderlies,2012,3340,2022,3940,600,18,120
11,District of Columbia,29-2091,Orthotists and Prosthetists,2012,30,2022,30,0,21.4,0
11,District of Columbia,53-7064,Packers and Packagers  Hand,2012,440,2022,440,0,0,10
11,District of Columbia,47-2141,Painters  Construction and Maintenance,2012,600,2022,630,30,4.7,10
11,District of Columbia,23-2011,Paralegals and Legal Assistants,2012,7390,2022,8070,680,9.2,190
11,District of Columbia,53-6021,Parking Lot Attendants,2012,2440,2022,2680,240,9.8,140
11,District of Columbia,41-2022,Parts Salespersons,2012,10,2022,10,0,0,0
11,District of Columbia,47-2071,Paving  Surfacing  and Tamping Equipment Operators,2012,190,2022,200,10,3.7,0
11,District of Columbia,43-3051,Payroll and Timekeeping Clerks,2012,790,2022,880,90,11.5,30
11,District of Columbia,39-9021,Personal Care Aides,2012,2060,2022,2960,900,44.2,110
11,District of Columbia,39-9099,Personal Care and Service Workers  All Other,2012,260,2022,290,30,13.1,10
11,District of Columbia,13-2052,Personal Financial Advisors,2012,450,2022,610,160,35.2,20
11,District of Columbia,37-2021,Pest Control Workers,2012,40,2022,40,0,7.7,0
11,District of Columbia,29-1051,Pharmacists,2012,710,2022,790,80,11.7,30
11,District of Columbia,31-9095,Pharmacy Aides,2012,130,2022,150,20,14.8,0
11,District of Columbia,29-2052,Pharmacy Technicians,2012,730,2022,810,80,11.8,20
11,District of Columbia,25-1126,Philosophy and Religion Teachers  Postsecondary,2012,280,2022,340,60,20.9,10
11,District of Columbia,27-4021,Photographers,2012,270,2022,270,0,-1.5,0
11,District of Columbia,51-9151,Photographic Process Workers and Processing Machine Operators,2012,230,2022,230,0,-1.3,10
11,District of Columbia,19-2099,Physical Scientists  All Other,2012,930,2022,850,-80,-8.6,20
11,District of Columbia,31-2022,Physical Therapist Aides,2012,80,2022,80,0,6.3,0
11,District of Columbia,31-2021,Physical Therapist Assistants,2012,90,2022,100,10,10.1,0
11,District of Columbia,29-1123,Physical Therapists,2012,390,2022,430,40,10.5,10
11,District of Columbia,29-1071,Physician Assistants,2012,590,2022,690,100,16.8,20
11,District of Columbia,29-1069,Physicians and Surgeons  All Other,2012,2060,2022,2160,100,5,60
11,District of Columbia,19-2012,Physicists,2012,660,2022,610,-50,-8.1,20
11,District of Columbia,25-1054,Physics Teachers  Postsecondary,2012,130,2022,150,20,15.1,0
11,District of Columbia,47-2152,Plumbers  Pipefitters  and Steamfitters,2012,1270,2022,1340,70,6.1,20
11,District of Columbia,29-1081,Podiatrists,2012,10,2022,20,10,35.7,0
11,District of Columbia,25-1065,Political Science Teachers  Postsecondary,2012,810,2022,930,120,15.7,30
11,District of Columbia,19-3094,Political Scientists,2012,3480,2022,3920,440,12.5,100
11,District of Columbia,43-5051,Postal Service Clerks,2012,150,2022,110,-40,-30.1,0
11,District of Columbia,43-5052,Postal Service Mail Carriers,2012,860,2022,650,-210,-25,30
11,District of Columbia,43-5053,Postal Service Mail Sorters  Processors  and Processing Machine Operators,2012,730,2022,530,-200,-28.1,10
11,District of Columbia,Nov-31,Postmasters and Mail Superintendents,2012,0,2022,0,0,-25,0
11,District of Columbia,25-1199,Postsecondary Teachers  All Other,2012,270,2022,310,40,15.1,10
11,District of Columbia,51-5111,Prepress Technicians and Workers,2012,470,2022,410,-60,-14.1,10
11,District of Columbia,25-2011,Preschool Teachers  Except Special Education,2012,1300,2022,1590,290,22.6,70
11,District of Columbia,51-6021,Pressers  Textile  Garment  and Related Materials,2012,200,2022,210,10,9.2,0
11,District of Columbia,51-5113,Print Binding and Finishing Workers,2012,390,2022,340,-50,-11.6,10
11,District of Columbia,51-5112,Printing Press Operators,2012,1020,2022,920,-100,-9.8,20
11,District of Columbia,21-1092,Probation Officers and Correctional Treatment Specialists,2012,100,2022,90,-10,-5.1,0
11,District of Columbia,43-3061,Procurement Clerks,2012,390,2022,330,-60,-15.3,10
11,District of Columbia,27-2012,Producers and Directors,2012,2210,2022,2440,230,10.3,100
11,District of Columbia,51-9199,Production Workers  All Other,2012,200,2022,210,10,4.4,10
11,District of Columbia,43-5061,Production  Planning  and Expediting Clerks,2012,540,2022,600,60,10.7,20
11,District of Columbia,43-9081,Proofreaders and Copy Markers,2012,380,2022,440,60,14.7,10
11,District of Columbia,Nov-41,Property  Real Estate  and Community Association Managers,2012,1550,2022,1670,120,8,50
11,District of Columbia,33-9099,Protective Service Workers  All Other,2012,150,2022,140,-10,-8,10
11,District of Columbia,31-1013,Psychiatric Aides,2012,380,2022,400,20,6.3,10
11,District of Columbia,29-2053,Psychiatric Technicians,2012,460,2022,470,10,1.7,10
11,District of Columbia,29-1066,Psychiatrists,2012,240,2022,260,20,6.6,10
11,District of Columbia,25-1066,Psychology Teachers  Postsecondary,2012,300,2022,350,50,15.8,10
11,District of Columbia,Nov-31,Public Relations and Fundraising Managers,2012,3670,2022,4230,560,15.2,140
11,District of Columbia,27-3031,Public Relations Specialists,2012,9450,2022,10740,1290,13.6,260
11,District of Columbia,13-1023,Purchasing Agents  Except Wholesale  Retail  and Farm Products,2012,3230,2022,2940,-290,-8.8,60
11,District of Columbia,Nov-61,Purchasing Managers,2012,1820,2022,1650,-170,-9.4,40
11,District of Columbia,29-1124,Radiation Therapists,2012,150,2022,180,30,14.4,10
11,District of Columbia,27-3011,Radio and Television Announcers,2012,210,2022,210,0,3.9,10
11,District of Columbia,27-4013,Radio Operators,2012,90,2022,90,0,0,0
11,District of Columbia,29-2034,Radiologic Technologists,2012,840,2022,950,110,12.2,20
11,District of Columbia,41-9021,Real Estate Brokers,2012,340,2022,380,40,13.1,10
11,District of Columbia,41-9022,Real Estate Sales Agents,2012,1060,2022,1150,90,8.3,20
11,District of Columbia,43-4171,Receptionists and Information Clerks,2012,7620,2022,8020,400,5.3,250
11,District of Columbia,25-1193,Recreation and Fitness Studies Teachers  Postsecondary,2012,90,2022,100,10,15.6,0
11,District of Columbia,39-9032,Recreation Workers,2012,960,2022,1030,70,7.2,20
11,District of Columbia,29-1125,Recreational Therapists,2012,110,2022,110,0,5.7,0
11,District of Columbia,53-7081,Refuse and Recyclable Material Collectors,2012,820,2022,910,90,10.4,30
11,District of Columbia,29-1141,Registered Nurses,2012,10630,2022,12010,1380,13,340
11,District of Columbia,21-1015,Rehabilitation Counselors,2012,690,2022,830,140,20.3,30
11,District of Columbia,27-3022,Reporters and Correspondents,2012,1950,2022,1840,-110,-5.6,70
11,District of Columbia,43-4181,Reservation and Transportation Ticket Agents and Travel Clerks,2012,580,2022,570,-10,-1.2,10
11,District of Columbia,39-9041,Residential Advisors,2012,680,2022,830,150,21.6,50
11,District of Columbia,29-1126,Respiratory Therapists,2012,340,2022,360,20,5.9,10
11,District of Columbia,41-2031,Retail Salespersons,2012,6710,2022,7260,550,8.2,290
11,District of Columbia,47-2181,Roofers,2012,40,2022,30,-10,-11.1,0
11,District of Columbia,41-9099,Sales and Related Workers  All Other,2012,1370,2022,1550,180,13.3,50
11,District of Columbia,Nov-22,Sales Managers,2012,1550,2022,1770,220,14.1,60
11,District of Columbia,41-3099,Sales Representatives  Services  All Other,2012,1230,2022,1370,140,11.2,50
11,District of Columbia,41-4012,Sales Representatives  Wholesale and Manufacturing  Except Technical and Scientific Products,2012,1020,2022,1120,100,9.7,30
11,District of Columbia,41-4011,Sales Representatives  Wholesale and Manufacturing  Technical and Scientific Products,2012,940,2022,1090,150,15.7,30
11,District of Columbia,25-2031,Secondary School Teachers  Except Special and Career/Technical Education,2012,1580,2022,1670,90,5.8,50
11,District of Columbia,43-6014,Secretaries and Administrative Assistants  Except Legal  Medical  and Executive,2012,11400,2022,12690,1290,11.3,270
11,District of Columbia,41-3031,Securities  Commodities  and Financial Services Sales Agents,2012,820,2022,960,140,16,30
11,District of Columbia,49-2098,Security and Fire Alarm Systems Installers,2012,40,2022,50,10,14,0
11,District of Columbia,33-9032,Security Guards,2012,14700,2022,19470,4770,32.5,700
11,District of Columbia,25-3021,Self-Enrichment Education Teachers,2012,800,2022,1010,210,25.6,30
11,District of Columbia,27-1027,Set and Exhibit Designers,2012,190,2022,190,0,-3.1,10
11,District of Columbia,39-5093,Shampooers,2012,130,2022,140,10,6.1,0
11,District of Columbia,47-2211,Sheet Metal Workers,2012,330,2022,340,10,2.8,10
11,District of Columbia,43-5071,Shipping  Receiving  and Traffic Clerks,2012,1050,2022,1040,-10,-0.6,30
11,District of Columbia,Nov-51,Social and Community Service Managers,2012,1560,2022,1920,360,22.7,70
11,District of Columbia,21-1093,Social and Human Service Assistants,2012,1510,2022,1830,320,21,70
11,District of Columbia,19-4061,Social Science Research Assistants,2012,1660,2022,1920,260,15.9,90
11,District of Columbia,19-3099,Social Scientists and Related Workers  All Other,2012,3670,2022,3480,-190,-5.2,60
11,District of Columbia,21-1029,Social Workers  All Other,2012,640,2022,680,40,7.4,20
11,District of Columbia,19-3041,Sociologists,2012,540,2022,620,80,13.7,20
11,District of Columbia,25-1067,Sociology Teachers  Postsecondary,2012,150,2022,180,30,14.4,0
11,District of Columbia,15-1132,Software Developers  Applications,2012,2530,2022,3370,840,33.1,120
11,District of Columbia,15-1133,Software Developers  Systems Software,2012,1550,2022,2020,470,30.8,70
11,District of Columbia,27-4014,Sound Engineering Technicians,2012,110,2022,120,10,11.1,0
11,District of Columbia,25-2052,Special Education Teachers  Kindergarten and Elementary School,2012,390,2022,460,70,20,20
11,District of Columbia,25-2054,Special Education Teachers  Secondary School,2012,220,2022,240,20,5.8,10
11,District of Columbia,29-1127,Speech-Language Pathologists,2012,370,2022,430,60,15.7,10
11,District of Columbia,51-8021,Stationary Engineers and Boiler Operators,2012,400,2022,440,40,11.6,20
11,District of Columbia,15-2041,Statisticians,2012,1090,2022,1150,60,5.4,40
11,District of Columbia,43-5081,Stock Clerks and Order Fillers,2012,2210,2022,2170,-40,-2,70
11,District of Columbia,21-1011,Substance Abuse and Behavioral Disorder Counselors,2012,370,2022,490,120,32.6,20
11,District of Columbia,29-1067,Surgeons,2012,290,2022,340,50,14.7,10
11,District of Columbia,29-2055,Surgical Technologists,2012,630,2022,810,180,29.8,30
11,District of Columbia,19-3022,Survey Researchers,2012,570,2022,620,50,9.3,10
11,District of Columbia,43-2011,Switchboard Operators  Including Answering Service,2012,920,2022,790,-130,-14,20
11,District of Columbia,51-6052,Tailors  Dressmakers  and Custom Sewers,2012,50,2022,60,10,11.1,0
11,District of Columbia,13-2082,Tax Preparers,2012,170,2022,200,30,13.4,10
11,District of Columbia,53-3041,Taxi Drivers and Chauffeurs,2012,2510,2022,2920,410,16.4,70
11,District of Columbia,25-9041,Teacher Assistants,2012,3730,2022,4150,420,11.3,130
11,District of Columbia,25-3099,Teachers and Instructors  All Other,2012,4800,2022,5020,220,4.7,100
11,District of Columbia,27-3042,Technical Writers,2012,1130,2022,1280,150,13.6,50
11,District of Columbia,49-2022,Telecommunications Equipment Installers and Repairers  Except Line Installers,2012,150,2022,150,0,3.4,0
11,District of Columbia,49-9052,Telecommunications Line Installers and Repairers,2012,310,2022,290,-20,-5.2,10
11,District of Columbia,43-3071,Tellers,2012,1270,2022,1280,10,1.3,60
11,District of Columbia,51-6099,Textile  Apparel  and Furnishings Workers  All Other,2012,0,2022,0,0,100,0
11,District of Columbia,47-2044,Tile and Marble Setters,2012,0,2022,0,0,0,0
11,District of Columbia,49-3093,Tire Repairers and Changers,2012,40,2022,40,0,0,0
11,District of Columbia,00-0000,Total  All Occupations,2012,755300,2022,813230,57930,7.7,22960
11,District of Columbia,53-6041,Traffic Technicians,2012,30,2022,30,0,8,0
11,District of Columbia,Nov-31,Training and Development Managers,2012,280,2022,340,60,20.9,10
11,District of Columbia,13-1151,Training and Development Specialists,2012,1310,2022,1540,230,17.8,50
11,District of Columbia,53-6061,Transportation Attendants  Except Flight Attendants,2012,20,2022,20,0,13.3,0
11,District of Columbia,53-6051,Transportation Inspectors,2012,340,2022,350,10,0.9,10
11,District of Columbia,33-9093,Transportation Security Screeners,2012,20,2022,20,0,4.5,0
11,District of Columbia,53-6099,Transportation Workers  All Other,2012,1220,2022,1180,-40,-3.2,50
11,District of Columbia,Nov-71,Transportation  Storage  and Distribution Managers,2012,410,2022,370,-40,-9.4,10
11,District of Columbia,41-3041,Travel Agents,2012,470,2022,440,-30,-6.8,10
11,District of Columbia,19-3051,Urban and Regional Planners,2012,230,2022,250,20,4.7,10
11,District of Columbia,29-1131,Veterinarians,2012,100,2022,110,10,5,0
11,District of Columbia,31-9096,Veterinary Assistants and Laboratory Animal Caretakers,2012,90,2022,100,10,6.5,0
11,District of Columbia,29-2056,Veterinary Technologists and Technicians,2012,60,2022,70,10,24.6,0
11,District of Columbia,25-1194,Vocational Education Teachers  Postsecondary,2012,220,2022,270,50,22.9,10
11,District of Columbia,35-3031,Waiters and Waitresses,2012,9360,2022,9910,550,5.9,510
11,District of Columbia,51-8031,Water and Wastewater Treatment Plant and System Operators,2012,270,2022,260,-10,-3,10
11,District of Columbia,15-1134,Web Developers,2012,2870,2022,3770,900,31.1,130
11,District of Columbia,43-5111,Weighers  Measurers  Checkers  and Samplers  Recordkeeping,2012,40,2022,40,0,2.4,0
11,District of Columbia,51-4121,Welders  Cutters  Solderers  and Brazers,2012,150,2022,150,0,-1.9,0
11,District of Columbia,13-1022,Wholesale and Retail Buyers  Except Farm Products,2012,90,2022,100,10,10.6,0
11,District of Columbia,43-9022,Word Processors and Typists,2012,3520,2022,2890,-630,-18,10
11,District of Columbia,27-3043,Writers and Authors,2012,2610,2022,2880,270,10.7,80
11,District of Columbia,19-1023,Zoologists and Wildlife Biologists,2012,130,2022,120,-10,-9.8,0
