STFIPS,AreaName,OccupationCode,OccupationName,BaseYear,Base,ProjYear,Proj,Change,PercentChange,AvgAnnualOpenings
12,Florida,13-2011,Accountants and Auditors,2012,78950,2022,94330,15380,19.5,3230
12,Florida,27-2011,Actors,2012,1970,2022,2170,200,10.3,70
12,Florida,15-2011,Actuaries,2012,510,2022,650,140,27.5,50
12,Florida,23-1021,Administrative Law Judges  Adjudicators  and Hearing Officers,2012,650,2022,610,-40,-6.5,10
12,Florida,Nov-11,Administrative Services Managers,2012,9390,2022,10870,1480,15.8,380
12,Florida,25-3011,Adult Basic and Secondary Education and Literacy Teachers and Instructors,2012,2700,2022,3080,380,14.1,80
12,Florida,Nov-11,Advertising and Promotions Managers,2012,1030,2022,1210,180,17.4,50
12,Florida,41-3011,Advertising Sales Agents,2012,13550,2022,15200,1650,12.2,580
12,Florida,17-3021,Aerospace Engineering and Operations Technicians,2012,1550,2022,1550,0,-0.3,30
12,Florida,17-2011,Aerospace Engineers,2012,3360,2022,3680,320,9.5,110
12,Florida,13-1011,Agents and Business Managers of Artists  Performers  and Athletes,2012,1550,2022,1680,130,8,40
12,Florida,19-4011,Agricultural and Food Science Technicians,2012,270,2022,280,10,5.6,10
12,Florida,17-2021,Agricultural Engineers,2012,180,2022,180,0,-1.7,0
12,Florida,45-2091,Agricultural Equipment Operators,2012,3070,2022,2840,-230,-7.6,90
12,Florida,45-2011,Agricultural Inspectors,2012,850,2022,830,-20,-2.2,30
12,Florida,25-1041,Agricultural Sciences Teachers  Postsecondary,2012,650,2022,740,90,13.3,20
12,Florida,45-2099,Agricultural Workers  All Other,2012,500,2022,490,-10,-2.2,20
12,Florida,53-2021,Air Traffic Controllers,2012,1910,2022,1850,-60,-3.3,70
12,Florida,53-1011,Aircraft Cargo Handling Supervisors,2012,370,2022,390,20,5.7,10
12,Florida,49-3011,Aircraft Mechanics and Service Technicians,2012,10110,2022,11140,1030,10.2,410
12,Florida,51-2011,Aircraft Structure  Surfaces  Rigging  and Systems Assemblers,2012,1340,2022,1720,380,28.2,60
12,Florida,53-2022,Airfield Operations Specialists,2012,490,2022,530,40,7.5,20
12,Florida,53-2011,Airline Pilots  Copilots  and Flight Engineers,2012,5010,2022,5380,370,7.5,230
12,Florida,53-3011,Ambulance Drivers and Attendants  Except Emergency Medical Technicians,2012,340,2022,440,100,27.3,20
12,Florida,39-3091,Amusement and Recreation Attendants,2012,29270,2022,33570,4300,14.7,2110
12,Florida,29-1061,Anesthesiologists,2012,2090,2022,2750,660,31.5,110
12,Florida,45-2021,Animal Breeders,2012,290,2022,260,-30,-8.1,10
12,Florida,33-9011,Animal Control Workers,2012,460,2022,510,50,11.1,20
12,Florida,19-1011,Animal Scientists,2012,180,2022,200,20,11.4,10
12,Florida,39-2011,Animal Trainers,2012,1730,2022,2010,280,16.5,50
12,Florida,19-3091,Anthropologists and Archeologists,2012,220,2022,250,30,13.4,10
12,Florida,25-1061,Anthropology and Archeology Teachers  Postsecondary,2012,200,2022,240,40,16.3,10
12,Florida,13-2021,Appraisers and Assessors of Real Estate,2012,5220,2022,5860,640,12.2,180
12,Florida,23-1022,Arbitrators  Mediators  and Conciliators,2012,500,2022,560,60,11.8,20
12,Florida,17-1011,Architects  Except Landscape and Naval,2012,4830,2022,6120,1290,26.9,230
12,Florida,17-3011,Architectural and Civil Drafters,2012,5860,2022,6000,140,2.4,130
12,Florida,Nov-41,Architectural and Engineering Managers,2012,7140,2022,8610,1470,20.5,290
12,Florida,25-1031,Architecture Teachers  Postsecondary,2012,300,2022,350,50,17.9,10
12,Florida,25-4011,Archivists,2012,170,2022,200,30,14.9,10
12,Florida,25-1062,Area  Ethnic  and Cultural Studies Teachers  Postsecondary,2012,540,2022,640,100,19.2,20
12,Florida,27-1011,Art Directors,2012,1620,2022,1790,170,10.6,60
12,Florida,25-1121,Art  Drama  and Music Teachers  Postsecondary,2012,4490,2022,5350,860,19.1,160
12,Florida,27-1019,Artists and Related Workers  All Other,2012,680,2022,700,20,2.9,20
12,Florida,51-2099,Assemblers and Fabricators  All Other,2012,6100,2022,7310,1210,19.8,240
12,Florida,19-2011,Astronomers,2012,20,2022,30,10,22.7,0
12,Florida,27-2021,Athletes and Sports Competitors,2012,4890,2022,5670,780,15.9,200
12,Florida,29-9091,Athletic Trainers,2012,1180,2022,1420,240,20.4,70
12,Florida,19-2021,Atmospheric and Space Scientists,2012,420,2022,440,20,6.3,10
12,Florida,25-1051,Atmospheric  Earth  Marine  and Space Sciences Teachers  Postsecondary,2012,550,2022,640,90,15.5,20
12,Florida,27-4011,Audio and Video Equipment Technicians,2012,3030,2022,3420,390,12.7,120
12,Florida,29-1181,Audiologists,2012,530,2022,740,210,40.4,20
12,Florida,25-9011,Audio-Visual and Multimedia Collections Specialists,2012,80,2022,90,10,12.8,0
12,Florida,53-6031,Automotive and Watercraft Service Attendants,2012,4540,2022,5690,1150,25.3,260
12,Florida,49-3021,Automotive Body and Related Repairers,2012,7970,2022,8960,990,12.4,290
12,Florida,49-3022,Automotive Glass Installers and Repairers,2012,1560,2022,1830,270,16.8,70
12,Florida,49-3023,Automotive Service Technicians and Mechanics,2012,46320,2022,52700,6380,13.8,1840
12,Florida,49-2091,Avionics Technicians,2012,990,2022,1150,160,15.9,40
12,Florida,39-6011,Baggage Porters and Bellhops,2012,7810,2022,9770,1960,25.1,390
12,Florida,33-3011,Bailiffs,2012,1520,2022,1670,150,10.1,40
12,Florida,51-3011,Bakers,2012,12130,2022,12990,860,7.1,440
12,Florida,39-5011,Barbers,2012,3140,2022,3420,280,9.1,90
12,Florida,35-3011,Bartenders,2012,34000,2022,41480,7480,22,1930
12,Florida,49-3091,Bicycle Repairers,2012,680,2022,940,260,37.7,40
12,Florida,43-3011,Bill and Account Collectors,2012,25400,2022,30030,4630,18.2,960
12,Florida,43-3021,Billing and Posting Clerks,2012,29260,2022,35310,6050,20.7,1120
12,Florida,19-1021,Biochemists and Biophysicists,2012,830,2022,1260,430,50.9,60
12,Florida,25-1042,Biological Science Teachers  Postsecondary,2012,2650,2022,3080,430,16.1,90
12,Florida,19-1029,Biological Scientists  All Other,2012,1630,2022,1740,110,6.5,50
12,Florida,19-4021,Biological Technicians,2012,1750,2022,1890,140,8.1,70
12,Florida,17-2031,Biomedical Engineers,2012,760,2022,1300,540,70.7,70
12,Florida,47-2011,Boilermakers,2012,280,2022,380,100,32.7,20
12,Florida,43-3031,Bookkeeping  Accounting  and Auditing Clerks,2012,101970,2022,118930,16960,16.6,2820
12,Florida,47-2021,Brickmasons and Blockmasons,2012,2820,2022,4430,1610,57.1,220
12,Florida,53-6011,Bridge and Lock Tenders,2012,220,2022,230,10,5.5,10
12,Florida,27-3021,Broadcast News Analysts,2012,230,2022,250,20,11,10
12,Florida,27-4012,Broadcast Technicians,2012,1900,2022,2090,190,9.8,70
12,Florida,43-4011,Brokerage Clerks,2012,4220,2022,4230,10,0.4,120
12,Florida,13-2031,Budget Analysts,2012,2680,2022,3060,380,14.4,100
12,Florida,37-2019,Building Cleaning Workers  All Other,2012,1340,2022,1520,180,13.5,40
12,Florida,49-3031,Bus and Truck Mechanics and Diesel Engine Specialists,2012,10000,2022,11270,1270,12.7,340
12,Florida,53-3022,Bus Drivers  School or Special Client,2012,17550,2022,18260,710,4,410
12,Florida,53-3021,Bus Drivers  Transit and Intercity,2012,10000,2022,11280,1280,12.8,320
12,Florida,13-1199,Business Operations Specialists  All Other,2012,72530,2022,83240,10710,14.8,2460
12,Florida,25-1011,Business Teachers  Postsecondary,2012,5390,2022,6460,1070,19.8,190
12,Florida,51-3021,Butchers and Meat Cutters,2012,9320,2022,10210,890,9.6,360
12,Florida,13-1021,Buyers and Purchasing Agents  Farm Products,2012,400,2022,430,30,6.7,10
12,Florida,51-7011,Cabinetmakers and Bench Carpenters,2012,4150,2022,5000,850,20.5,190
12,Florida,49-9061,Camera and Photographic Equipment Repairers,2012,150,2022,160,10,11.6,10
12,Florida,27-4031,Camera Operators  Television  Video  and Motion Picture,2012,1470,2022,1540,70,4.5,30
12,Florida,53-5021,Captains  Mates  and Pilots of Water Vessels,2012,1830,2022,2020,190,10.6,90
12,Florida,29-2031,Cardiovascular Technologists and Technicians,2012,5120,2022,6440,1320,25.7,210
12,Florida,25-2023,Career/Technical Education Teachers  Middle School,2012,710,2022,810,100,14.1,30
12,Florida,25-2032,Career/Technical Education Teachers  Secondary School,2012,5390,2022,5640,250,4.6,170
12,Florida,43-5011,Cargo and Freight Agents,2012,7830,2022,9650,1820,23.3,370
12,Florida,47-2031,Carpenters,2012,52030,2022,69560,17530,33.7,2860
12,Florida,47-2041,Carpet Installers,2012,1270,2022,1530,260,20.4,50
12,Florida,17-1021,Cartographers and Photogrammetrists,2012,690,2022,930,240,35.1,40
12,Florida,41-2011,Cashiers,2012,206660,2022,230190,23530,11.4,11730
12,Florida,47-2051,Cement Masons and Concrete Finishers,2012,10390,2022,16050,5660,54.4,730
12,Florida,35-1011,Chefs and Head Cooks,2012,6030,2022,6900,870,14.4,200
12,Florida,17-2041,Chemical Engineers,2012,460,2022,480,20,3.9,20
12,Florida,51-9011,Chemical Equipment Operators and Tenders,2012,1670,2022,1650,-20,-0.7,30
12,Florida,51-8091,Chemical Plant and System Operators,2012,840,2022,760,-80,-9.6,30
12,Florida,19-4031,Chemical Technicians,2012,1880,2022,2170,290,15.9,60
12,Florida,25-1052,Chemistry Teachers  Postsecondary,2012,1040,2022,1220,180,17,40
12,Florida,19-2031,Chemists,2012,2210,2022,2450,240,10.7,100
12,Florida,11-1011,Chief Executives,2012,15670,2022,17100,1430,9.1,550
12,Florida,21-1021,Child  Family  and School Social Workers,2012,8720,2022,10260,1540,17.6,360
12,Florida,39-9011,Childcare Workers,2012,53580,2022,64950,11370,21.2,2820
12,Florida,29-1011,Chiropractors,2012,3770,2022,4650,880,23.5,160
12,Florida,27-2032,Choreographers,2012,50,2022,60,10,19.6,0
12,Florida,17-3022,Civil Engineering Technicians,2012,2790,2022,3180,390,13.9,90
12,Florida,17-2051,Civil Engineers,2012,13350,2022,16270,2920,21.8,560
12,Florida,13-1031,Claims Adjusters  Examiners  and Investigators,2012,20540,2022,22690,2150,10.5,740
12,Florida,53-7061,Cleaners of Vehicles and Equipment,2012,20990,2022,24470,3480,16.6,970
12,Florida,51-9192,Cleaning  Washing  and Metal Pickling Equipment Operators and Tenders,2012,310,2022,330,20,4.8,10
12,Florida,21-2011,Clergy,2012,9890,2022,11510,1620,16.4,330
12,Florida,19-3031,Clinical  Counseling  and School Psychologists,2012,4410,2022,5320,910,20.7,230
12,Florida,27-2022,Coaches and Scouts,2012,8610,2022,10890,2280,26.5,450
12,Florida,51-9121,Coating  Painting  and Spraying Machine Setters  Operators  and Tenders,2012,2290,2022,2540,250,10.9,80
12,Florida,51-2021,Coil Winders  Tapers  and Finishers,2012,360,2022,350,-10,-2.2,10
12,Florida,49-9091,Coin  Vending  and Amusement Machine Servicers and Repairers,2012,2050,2022,2330,280,13.7,70
12,Florida,35-3021,Combined Food Preparation and Serving Workers  Including Fast Food,2012,196980,2022,237340,40360,20.5,9530
12,Florida,27-1021,Commercial and Industrial Designers,2012,630,2022,740,110,18.6,30
12,Florida,49-9092,Commercial Divers,2012,310,2022,380,70,23.9,10
12,Florida,53-2012,Commercial Pilots,2012,3250,2022,3430,180,5.6,140
12,Florida,43-2099,Communications Equipment Operators  All Other,2012,220,2022,210,-10,-1.9,10
12,Florida,25-1122,Communications Teachers  Postsecondary,2012,2010,2022,2360,350,17.3,70
12,Florida,21-1099,Community and Social Service Specialists  All Other,2012,9990,2022,11760,1770,17.8,390
12,Florida,21-1094,Community Health Workers,2012,2090,2022,2600,510,24.7,100
12,Florida,Nov-11,Compensation and Benefits Managers,2012,530,2022,580,50,9.9,20
12,Florida,13-1141,Compensation  Benefits  and Job Analysis Specialists,2012,3070,2022,3270,200,6.3,70
12,Florida,13-1041,Compliance Officers,2012,13610,2022,15600,1990,14.7,370
12,Florida,15-1111,Computer and Information Research Scientists,2012,560,2022,590,30,5.4,10
12,Florida,Nov-21,Computer and Information Systems Managers,2012,9360,2022,11030,1670,17.8,310
12,Florida,17-2061,Computer Hardware Engineers,2012,1930,2022,2200,270,14.1,70
12,Florida,15-1143,Computer Network Architects,2012,18780,2022,22740,3960,21.1,670
12,Florida,15-1152,Computer Network Support Specialists,2012,7890,2022,9270,1380,17.5,350
12,Florida,51-4012,Computer Numerically Controlled Machine Tool Programmers  Metal and Plastic,2012,300,2022,370,70,20.7,10
12,Florida,15-1199,Computer Occupations  All Other,2012,4890,2022,5310,420,8.6,110
12,Florida,43-9011,Computer Operators,2012,2660,2022,2420,-240,-8.9,30
12,Florida,15-1131,Computer Programmers,2012,16620,2022,18430,1810,10.9,570
12,Florida,25-1021,Computer Science Teachers  Postsecondary,2012,2580,2022,3050,470,18.1,90
12,Florida,15-1121,Computer Systems Analysts,2012,21430,2022,25790,4360,20.3,840
12,Florida,15-1151,Computer User Support Specialists,2012,27510,2022,32550,5040,18.3,1230
12,Florida,49-2011,Computer  Automated Teller  and Office Machine Repairers,2012,8920,2022,9270,350,3.9,250
12,Florida,51-4011,Computer-Controlled Machine Tool Operators  Metal and Plastic,2012,1750,2022,2200,450,25.8,80
12,Florida,39-6012,Concierges,2012,3150,2022,3670,520,16.3,130
12,Florida,19-1031,Conservation Scientists,2012,450,2022,430,-20,-3.8,10
12,Florida,47-4011,Construction and Building Inspectors,2012,6400,2022,7830,1430,22.5,330
12,Florida,47-4099,Construction and Related Workers  All Other,2012,6320,2022,7490,1170,18.6,330
12,Florida,47-2061,Construction Laborers,2012,52870,2022,70870,18000,34.1,2220
12,Florida,Nov-21,Construction Managers,2012,38750,2022,48940,10190,26.3,1270
12,Florida,47-5041,Continuous Mining Machine Operators,2012,150,2022,150,0,1.4,0
12,Florida,49-9012,Control and Valve Installers and Repairers  Except Mechanical Door,2012,1340,2022,1430,90,6.6,30
12,Florida,53-7011,Conveyor Operators and Tenders,2012,940,2022,950,10,1.9,30
12,Florida,35-2019,Cooks  All Other,2012,1050,2022,1240,190,18,40
12,Florida,35-2011,Cooks  Fast Food,2012,12740,2022,15400,2660,20.9,540
12,Florida,35-2012,Cooks  Institution and Cafeteria,2012,13130,2022,16340,3210,24.5,600
12,Florida,35-2013,Cooks  Private Household,2012,70,2022,80,10,13.6,0
12,Florida,35-2014,Cooks  Restaurant,2012,84290,2022,100820,16530,19.6,3450
12,Florida,35-2015,Cooks  Short Order,2012,4160,2022,4870,710,17.2,160
12,Florida,51-9193,Cooling and Freezing Equipment Operators and Tenders,2012,260,2022,240,-20,-5.8,10
12,Florida,33-3012,Correctional Officers and Jailers,2012,33610,2022,33050,-560,-1.7,590
12,Florida,43-4021,Correspondence Clerks,2012,260,2022,260,0,2.3,10
12,Florida,13-1051,Cost Estimators,2012,11190,2022,17000,5810,52,800
12,Florida,39-3092,Costume Attendants,2012,500,2022,560,60,13.9,40
12,Florida,21-1019,Counselors  All Other,2012,3030,2022,3670,640,20.8,130
12,Florida,41-2021,Counter and Rental Clerks,2012,29940,2022,32890,2950,9.8,980
12,Florida,35-3022,Counter Attendants  Cafeteria  Food Concession  and Coffee Shop,2012,21880,2022,25470,3590,16.4,1950
12,Florida,43-5021,Couriers and Messengers,2012,4890,2022,5540,650,13.3,190
12,Florida,23-2091,Court Reporters,2012,1630,2022,1990,360,22,60
12,Florida,43-4031,Court  Municipal  and License Clerks,2012,5810,2022,6350,540,9.3,220
12,Florida,27-1012,Craft Artists,2012,750,2022,820,70,9.7,30
12,Florida,53-7021,Crane and Tower Operators,2012,1630,2022,2080,450,27.3,90
12,Florida,13-2041,Credit Analysts,2012,3500,2022,4520,1020,29.2,180
12,Florida,43-4041,Credit Authorizers  Checkers  and Clerks,2012,3500,2022,3670,170,4.9,120
12,Florida,13-2071,Credit Counselors,2012,3520,2022,4280,760,21.6,170
12,Florida,25-1111,Criminal Justice and Law Enforcement Teachers  Postsecondary,2012,1350,2022,1580,230,16.9,50
12,Florida,33-9091,Crossing Guards,2012,4310,2022,4080,-230,-5.3,100
12,Florida,51-9021,Crushing  Grinding  and Polishing Machine Setters  Operators  and Tenders,2012,990,2022,1220,230,22.7,50
12,Florida,25-4012,Curators,2012,420,2022,540,120,28.6,20
12,Florida,43-4051,Customer Service Representatives,2012,191210,2022,228620,37410,19.6,9170
12,Florida,51-9031,Cutters and Trimmers  Hand,2012,250,2022,270,20,7.5,10
12,Florida,51-9032,Cutting and Slicing Machine Setters  Operators  and Tenders,2012,1470,2022,1680,210,14.3,50
12,Florida,51-4031,Cutting  Punching  and Press Machine Setters  Operators  and Tenders  Metal and Plastic,2012,3260,2022,3490,230,7.1,50
12,Florida,27-2031,Dancers,2012,510,2022,590,80,15.6,30
12,Florida,43-9021,Data Entry Keyers,2012,17560,2022,16730,-830,-4.7,310
12,Florida,15-1141,Database Administrators,2012,6290,2022,8180,1890,30,300
12,Florida,41-9011,Demonstrators and Product Promoters,2012,4420,2022,5210,790,17.8,210
12,Florida,31-9091,Dental Assistants,2012,16340,2022,21010,4670,28.6,810
12,Florida,29-2021,Dental Hygienists,2012,10010,2022,13560,3550,35.5,560
12,Florida,51-9081,Dental Laboratory Technicians,2012,2990,2022,3130,140,4.6,110
12,Florida,29-1029,Dentists  All Other Specialists,2012,310,2022,340,30,9,10
12,Florida,29-1021,Dentists  General,2012,7800,2022,9430,1630,20.9,400
12,Florida,27-1029,Designers  All Other,2012,310,2022,370,60,19.9,20
12,Florida,43-9031,Desktop Publishers,2012,950,2022,770,-180,-19.5,20
12,Florida,33-3021,Detectives and Criminal Investigators,2012,7370,2022,7590,220,3,190
12,Florida,29-2032,Diagnostic Medical Sonographers,2012,4490,2022,6400,1910,42.6,260
12,Florida,29-2051,Dietetic Technicians,2012,730,2022,830,100,14.6,20
12,Florida,29-1031,Dietitians and Nutritionists,2012,3360,2022,3900,540,16,170
12,Florida,35-9011,Dining Room and Cafeteria Attendants and Bartender Helpers,2012,32110,2022,37700,5590,17.4,1750
12,Florida,21-2021,Directors  Religious Activities and Education,2012,12070,2022,13960,1890,15.6,410
12,Florida,35-9021,Dishwashers,2012,38020,2022,45720,7700,20.2,2510
12,Florida,43-5032,Dispatchers  Except Police  Fire  and Ambulance,2012,9950,2022,11640,1690,17,360
12,Florida,41-9091,Door-to-Door Sales Workers  News and Street Vendors  and Related Workers,2012,650,2022,620,-30,-4.2,10
12,Florida,17-3019,Drafters  All Other,2012,510,2022,540,30,6.1,10
12,Florida,53-7031,Dredge Operators,2012,280,2022,310,30,8.8,10
12,Florida,51-4032,Drilling and Boring Machine Tool Setters  Operators  and Tenders  Metal and Plastic,2012,160,2022,170,10,6.9,0
12,Florida,53-3031,Driver/Sales Workers,2012,21310,2022,24610,3300,15.5,760
12,Florida,47-2081,Drywall and Ceiling Tile Installers,2012,5800,2022,8490,2690,46.5,430
12,Florida,47-5021,Earth Drillers  Except Oil and Gas,2012,590,2022,760,170,28.6,30
12,Florida,25-1063,Economics Teachers  Postsecondary,2012,500,2022,590,90,17.8,20
12,Florida,19-3011,Economists,2012,250,2022,260,10,6,10
12,Florida,27-3041,Editors,2012,4800,2022,4450,-350,-7.2,140
12,Florida,Nov-39,Education Administrators  All Other,2012,1140,2022,1290,150,13.4,50
12,Florida,Nov-32,Education Administrators  Elementary and Secondary School,2012,4900,2022,5620,720,14.8,210
12,Florida,Nov-33,Education Administrators  Postsecondary,2012,1560,2022,1840,280,17.8,70
12,Florida,Nov-31,Education Administrators  Preschool and Childcare Center/Program,2012,560,2022,660,100,17.9,30
12,Florida,25-1081,Education Teachers  Postsecondary,2012,3070,2022,3640,570,18.6,110
12,Florida,25-9099,Education  Training  and Library Workers  All Other,2012,8280,2022,9540,1260,15.3,310
12,Florida,21-1012,Educational  Guidance  School  and Vocational Counselors,2012,10970,2022,13190,2220,20.2,460
12,Florida,49-2092,Electric Motor  Power Tool  and Related Repairers,2012,860,2022,970,110,12.8,20
12,Florida,51-2022,Electrical and Electronic Equipment Assemblers,2012,11700,2022,11840,140,1.2,180
12,Florida,17-3012,Electrical and Electronics Drafters,2012,1100,2022,1210,110,10.9,30
12,Florida,17-3023,Electrical and Electronics Engineering Technicians,2012,7040,2022,7540,500,7.1,190
12,Florida,49-2093,Electrical and Electronics Installers and Repairers  Transportation Equipment,2012,620,2022,670,50,8.7,20
12,Florida,49-2094,Electrical and Electronics Repairers  Commercial and Industrial Equipment,2012,3760,2022,4010,250,6.8,120
12,Florida,49-2095,Electrical and Electronics Repairers  Powerhouse  Substation  and Relay,2012,1360,2022,1580,220,15.5,60
12,Florida,17-2071,Electrical Engineers,2012,6880,2022,7920,1040,15,270
12,Florida,49-9051,Electrical Power-Line Installers and Repairers,2012,7290,2022,8600,1310,17.9,390
12,Florida,47-2111,Electricians,2012,31200,2022,40740,9540,30.6,1790
12,Florida,51-2023,Electromechanical Equipment Assemblers,2012,1220,2022,1320,100,8.1,30
12,Florida,17-3024,Electro-Mechanical Technicians,2012,450,2022,460,10,1.8,10
12,Florida,49-2096,Electronic Equipment Installers and Repairers  Motor Vehicles,2012,560,2022,590,30,5,20
12,Florida,49-2097,Electronic Home Entertainment Equipment Installers and Repairers,2012,2650,2022,3170,520,19.4,120
12,Florida,17-2072,Electronics Engineers  Except Computer,2012,5200,2022,5210,10,0.4,130
12,Florida,25-2021,Elementary School Teachers  Except Special Education,2012,67350,2022,82420,15070,22.4,2990
12,Florida,47-4021,Elevator Installers and Repairers,2012,980,2022,1140,160,16.4,50
12,Florida,43-4061,Eligibility Interviewers  Government Programs,2012,2940,2022,2740,-200,-6.8,80
12,Florida,39-4011,Embalmers,2012,290,2022,280,-10,-4.1,10
12,Florida,29-2041,Emergency Medical Technicians and Paramedics,2012,9510,2022,12290,2780,29.3,470
12,Florida,51-2031,Engine and Other Machine Assemblers,2012,510,2022,590,80,16.4,20
12,Florida,25-1032,Engineering Teachers  Postsecondary,2012,1900,2022,2210,310,16.2,60
12,Florida,17-3029,Engineering Technicians  Except Drafters  All Other,2012,1860,2022,1980,120,6.4,50
12,Florida,17-2199,Engineers  All Other,2012,5200,2022,5640,440,8.4,160
12,Florida,25-1123,English Language and Literature Teachers  Postsecondary,2012,3780,2022,4400,620,16.6,120
12,Florida,27-2099,Entertainers and Performers  Sports and Related Workers  All Other,2012,5520,2022,6160,640,11.5,210
12,Florida,39-3099,Entertainment Attendants and Related Workers  All Other,2012,320,2022,390,70,21.8,30
12,Florida,17-3025,Environmental Engineering Technicians,2012,630,2022,820,190,30.6,30
12,Florida,17-2081,Environmental Engineers,2012,2700,2022,3170,470,17.6,110
12,Florida,19-4091,Environmental Science and Protection Technicians  Including Health,2012,1710,2022,2060,350,20.8,110
12,Florida,25-1053,Environmental Science Teachers  Postsecondary,2012,140,2022,160,20,17.1,0
12,Florida,19-2041,Environmental Scientists and Specialists  Including Health,2012,5410,2022,5870,460,8.5,210
12,Florida,19-1041,Epidemiologists,2012,40,2022,50,10,32.4,0
12,Florida,51-9194,Etchers and Engravers,2012,280,2022,280,0,-1.1,0
12,Florida,53-7032,Excavating and Loading Machine and Dragline Operators,2012,2460,2022,3070,610,24.6,130
12,Florida,43-6011,Executive Secretaries and Executive Administrative Assistants,2012,50830,2022,58190,7360,14.5,1420
12,Florida,29-1128,Exercise Physiologists,2012,750,2022,910,160,21.5,30
12,Florida,47-5031,Explosives Workers  Ordnance Handling Experts  and Blasters,2012,10,2022,10,0,-7.1,0
12,Florida,51-4021,Extruding and Drawing Machine Setters  Operators  and Tenders  Metal and Plastic,2012,1810,2022,1930,120,6.5,50
12,Florida,51-9041,Extruding  Forming  Pressing  and Compacting Machine Setters  Operators  and Tenders,2012,1770,2022,2080,310,17.2,70
12,Florida,45-4021,Fallers,2012,80,2022,70,-10,-6.6,0
12,Florida,29-1062,Family and General Practitioners,2012,12020,2022,15220,3200,26.6,560
12,Florida,25-9021,Farm and Home Management Advisors,2012,680,2022,770,90,13.5,20
12,Florida,49-3041,Farm Equipment Mechanics and Service Technicians,2012,720,2022,760,40,6,20
12,Florida,13-1074,Farm Labor Contractors,2012,330,2022,270,-60,-17.5,10
12,Florida,Nov-13,Farmers  Ranchers  and Other Agricultural Managers,2012,48980,2022,44880,-4100,-8.4,960
12,Florida,45-2092,Farmworkers and Laborers  Crop  Nursery  and Greenhouse,2012,46800,2022,42550,-4250,-9.1,1430
12,Florida,45-2093,Farmworkers  Farm  Ranch  and Aquacultural Animals,2012,3570,2022,3270,-300,-8.3,110
12,Florida,27-1022,Fashion Designers,2012,240,2022,270,30,9.9,10
12,Florida,47-4031,Fence Erectors,2012,790,2022,1050,260,32.1,50
12,Florida,51-2091,Fiberglass Laminators and Fabricators,2012,1910,2022,1990,80,4.1,50
12,Florida,43-4071,File Clerks,2012,16070,2022,16120,50,0.3,430
12,Florida,27-4032,Film and Video Editors,2012,1950,2022,2110,160,8.4,50
12,Florida,13-2051,Financial Analysts,2012,9780,2022,12030,2250,23.1,430
12,Florida,43-3099,Financial Clerks  All Other,2012,2960,2022,3360,400,13.5,100
12,Florida,13-2061,Financial Examiners,2012,760,2022,960,200,26.5,40
12,Florida,Nov-31,Financial Managers,2012,17570,2022,19560,1990,11.4,520
12,Florida,13-2099,Financial Specialists  All Other,2012,8250,2022,9100,850,10.2,260
12,Florida,27-1013,Fine Artists  Including Painters  Sculptors  and Illustrators,2012,1670,2022,1870,200,11.9,60
12,Florida,33-2021,Fire Inspectors and Investigators,2012,870,2022,950,80,10.2,30
12,Florida,33-2011,Firefighters,2012,23880,2022,26330,2450,10.2,910
12,Florida,47-1011,First-Line Supervisors of Construction Trades and Extraction Workers,2012,30950,2022,42800,11850,38.3,1900
12,Florida,33-1011,First-Line Supervisors of Correctional Officers,2012,2030,2022,2000,-30,-1.6,70
12,Florida,45-1011,First-Line Supervisors of Farming  Fishing  and Forestry Workers,2012,3100,2022,2830,-270,-8.5,90
12,Florida,33-1021,First-Line Supervisors of Fire Fighting and Prevention Workers,2012,2960,2022,3230,270,9.2,170
12,Florida,35-1012,First-Line Supervisors of Food Preparation and Serving Workers,2012,55100,2022,65670,10570,19.2,2230
12,Florida,53-1021,First-Line Supervisors of Helpers  Laborers  and Material Movers  Hand,2012,7520,2022,9440,1920,25.6,350
12,Florida,37-1011,First-Line Supervisors of Housekeeping and Janitorial Workers,2012,11760,2022,12050,290,2.5,190
12,Florida,37-1012,First-Line Supervisors of Landscaping  Lawn Service  and Groundskeeping Workers,2012,19420,2022,23320,3900,20.1,670
12,Florida,49-1011,First-Line Supervisors of Mechanics  Installers  and Repairers,2012,25710,2022,29320,3610,14,1040
12,Florida,41-1012,First-Line Supervisors of Non-Retail Sales Workers,2012,32800,2022,34900,2100,6.4,1040
12,Florida,43-1011,First-Line Supervisors of Office and Administrative Support Workers,2012,79120,2022,91480,12360,15.6,3350
12,Florida,39-1021,First-Line Supervisors of Personal Service Workers,2012,12620,2022,14290,1670,13.2,470
12,Florida,33-1012,First-Line Supervisors of Police and Detectives,2012,4020,2022,4060,40,1,140
12,Florida,51-1011,First-Line Supervisors of Production and Operating Workers,2012,23400,2022,25150,1750,7.5,480
12,Florida,33-1099,First-Line Supervisors of Protective Service Workers  All Other,2012,4770,2022,5230,460,9.5,210
12,Florida,41-1011,First-Line Supervisors of Retail Sales Workers,2012,115090,2022,126010,10920,9.5,3780
12,Florida,53-1031,First-Line Supervisors of Transportation and Material-Moving Machine and Vehicle Operators,2012,8800,2022,10110,1310,14.8,310
12,Florida,33-3031,Fish and Game Wardens,2012,500,2022,460,-40,-8.2,10
12,Florida,45-3011,Fishers and Related Fishing Workers,2012,520,2022,490,-30,-5.2,20
12,Florida,39-9031,Fitness Trainers and Aerobics Instructors,2012,13150,2022,16400,3250,24.7,540
12,Florida,53-2031,Flight Attendants,2012,6280,2022,6520,240,3.8,140
12,Florida,47-2042,Floor Layers  Except Carpet  Wood  and Hard Tiles,2012,580,2022,680,100,19,20
12,Florida,47-2043,Floor Sanders and Finishers,2012,200,2022,270,70,32.5,10
12,Florida,27-1023,Floral Designers,2012,3710,2022,3710,0,-0.1,120
12,Florida,51-3091,Food and Tobacco Roasting  Baking  and Drying Machine Operators and Tenders,2012,380,2022,440,60,16,20
12,Florida,51-3092,Food Batchmakers,2012,2350,2022,2330,-20,-0.9,70
12,Florida,51-3093,Food Cooking Machine Operators and Tenders,2012,480,2022,480,0,1.7,20
12,Florida,35-9099,Food Preparation and Serving Related Workers  All Other,2012,2580,2022,2700,120,4.6,140
12,Florida,35-2021,Food Preparation Workers,2012,49960,2022,57900,7940,15.9,2590
12,Florida,51-3099,Food Processing Workers  All Other,2012,1080,2022,1260,180,17.5,50
12,Florida,19-1012,Food Scientists and Technologists,2012,260,2022,290,30,8.7,10
12,Florida,35-3041,Food Servers  Nonrestaurant,2012,14970,2022,18770,3800,25.4,800
12,Florida,Nov-51,Food Service Managers,2012,13520,2022,15360,1840,13.6,430
12,Florida,25-1124,Foreign Language and Literature Teachers  Postsecondary,2012,1050,2022,1240,190,17.8,40
12,Florida,19-4092,Forensic Science Technicians,2012,1510,2022,1740,230,15.5,90
12,Florida,19-4093,Forest and Conservation Technicians,2012,190,2022,190,0,-0.5,10
12,Florida,45-4011,Forest and Conservation Workers,2012,20,2022,20,0,26.7,0
12,Florida,19-1032,Foresters,2012,460,2022,460,0,-1.3,10
12,Florida,25-1043,Forestry and Conservation Science Teachers  Postsecondary,2012,130,2022,150,20,14.7,0
12,Florida,51-4022,Forging Machine Setters  Operators  and Tenders  Metal and Plastic,2012,110,2022,110,0,0.9,0
12,Florida,51-4071,Foundry Mold and Coremakers,2012,110,2022,110,0,-0.9,0
12,Florida,13-1131,Fundraisers,2012,2380,2022,2830,450,18.6,100
12,Florida,39-4021,Funeral Attendants,2012,2780,2022,2670,-110,-4,130
12,Florida,Nov-61,Funeral Service Managers,2012,350,2022,380,30,8.1,10
12,Florida,51-9051,Furnace  Kiln  Oven  Drier  and Kettle Operators and Tenders,2012,250,2022,310,60,26.4,10
12,Florida,51-7021,Furniture Finishers,2012,660,2022,720,60,8,20
12,Florida,39-3012,Gaming and Sports Book Writers and Runners,2012,980,2022,1070,90,8.9,50
12,Florida,43-3041,Gaming Cage Workers,2012,590,2022,520,-70,-12,10
12,Florida,41-2012,Gaming Change Persons and Booth Cashiers,2012,1130,2022,1000,-130,-11.4,50
12,Florida,39-3011,Gaming Dealers,2012,3130,2022,3620,490,15.7,180
12,Florida,39-3019,Gaming Service Workers  All Other,2012,670,2022,800,130,20.5,40
12,Florida,39-1011,Gaming Supervisors,2012,540,2022,610,70,13.5,20
12,Florida,33-9031,Gaming Surveillance Officers and Gaming Investigators,2012,150,2022,170,20,10.4,0
12,Florida,11-1021,General and Operations Managers,2012,73590,2022,79350,5760,7.8,1940
12,Florida,29-9092,Genetic Counselors,2012,90,2022,110,20,24.1,10
12,Florida,19-3092,Geographers,2012,40,2022,60,20,55.3,0
12,Florida,25-1064,Geography Teachers  Postsecondary,2012,200,2022,230,30,15.2,10
12,Florida,19-2042,Geoscientists  Except Hydrologists and Geographers,2012,690,2022,820,130,17.9,30
12,Florida,47-2121,Glaziers,2012,2890,2022,4710,1820,62.8,290
12,Florida,45-2041,Graders and Sorters  Agricultural Products,2012,3760,2022,3490,-270,-7,90
12,Florida,25-1191,Graduate Teaching Assistants,2012,80,2022,90,10,16.9,0
12,Florida,27-1024,Graphic Designers,2012,16150,2022,18590,2440,15.1,750
12,Florida,51-9022,Grinding and Polishing Workers  Hand,2012,380,2022,420,40,11.9,20
12,Florida,51-4033,Grinding  Lapping  Polishing  and Buffing Machine Tool Setters  Operators  and Tenders  Metal and Plastic,2012,1070,2022,1110,40,4.2,20
12,Florida,37-3019,Grounds Maintenance Workers  All Other,2012,1470,2022,1610,140,9.6,40
12,Florida,39-5012,Hairdressers  Hairstylists  and Cosmetologists,2012,42680,2022,47970,5290,12.4,1340
12,Florida,47-4041,Hazardous Materials Removal Workers,2012,1110,2022,1340,230,20.8,50
12,Florida,17-2111,Health and Safety Engineers  Except Mining Safety Engineers and Inspectors,2012,1100,2022,1310,210,20,50
12,Florida,29-1199,Health Diagnosing and Treating Practitioners  All Other,2012,5000,2022,6090,1090,21.9,210
12,Florida,21-1091,Health Educators,2012,3160,2022,4200,1040,33.1,170
12,Florida,25-1071,Health Specialties Teachers  Postsecondary,2012,12060,2022,14200,2140,17.8,410
12,Florida,29-2099,Health Technologists and Technicians  All Other,2012,5870,2022,7110,1240,21.2,240
12,Florida,29-9099,Healthcare Practitioners and Technical Workers  All Other,2012,1310,2022,1610,300,23.1,80
12,Florida,21-1022,Healthcare Social Workers,2012,5360,2022,6980,1620,30.1,290
12,Florida,31-9099,Healthcare Support Workers  All Other,2012,2940,2022,3140,200,7.1,70
12,Florida,29-2092,Hearing Aid Specialists,2012,200,2022,260,60,31.5,10
12,Florida,51-4191,Heat Treating Equipment Setters  Operators  and Tenders  Metal and Plastic,2012,130,2022,130,0,3.2,10
12,Florida,49-9021,Heating  Air Conditioning  and Refrigeration Mechanics and Installers,2012,25550,2022,37090,11540,45.2,1610
12,Florida,53-3032,Heavy and Tractor-Trailer Truck Drivers,2012,71340,2022,84630,13290,18.6,2750
12,Florida,47-3019,Helpers  Construction Trades  All Other,2012,1140,2022,1570,430,37.7,70
12,Florida,47-3011,Helpers--Brickmasons  Blockmasons  Stonemasons  and Tile and Marble Setters,2012,1050,2022,1890,840,79.5,110
12,Florida,47-3012,Helpers--Carpenters,2012,1280,2022,2450,1170,90.7,150
12,Florida,47-3013,Helpers--Electricians,2012,4710,2022,6450,1740,37,300
12,Florida,47-5081,Helpers--Extraction Workers,2012,160,2022,200,40,26.3,10
12,Florida,49-9098,Helpers--Installation  Maintenance  and Repair Workers,2012,5710,2022,6900,1190,20.8,380
12,Florida,47-3014,Helpers--Painters  Paperhangers  Plasterers  and Stucco Masons,2012,590,2022,870,280,47.9,40
12,Florida,47-3015,Helpers--Pipelayers  Plumbers  Pipefitters  and Steamfitters,2012,2420,2022,3750,1330,54.8,200
12,Florida,51-9198,Helpers--Production Workers,2012,10340,2022,11700,1360,13.1,310
12,Florida,47-3016,Helpers--Roofers,2012,1350,2022,1660,310,23,70
12,Florida,47-4051,Highway Maintenance Workers,2012,2490,2022,2750,260,10.6,90
12,Florida,19-3093,Historians,2012,60,2022,70,10,10,0
12,Florida,25-1125,History Teachers  Postsecondary,2012,750,2022,880,130,18,30
12,Florida,49-9031,Home Appliance Repairers,2012,4560,2022,5140,580,12.8,140
12,Florida,25-1192,Home Economics Teachers  Postsecondary,2012,110,2022,120,10,13.2,0
12,Florida,31-1011,Home Health Aides,2012,27950,2022,41990,14040,50.2,1760
12,Florida,35-9031,Hosts and Hostesses  Restaurant  Lounge  and Coffee Shop,2012,23900,2022,28510,4610,19.3,2140
12,Florida,43-4081,Hotel  Motel  and Resort Desk Clerks,2012,17700,2022,20520,2820,16,990
12,Florida,43-4161,Human Resources Assistants  Except Payroll and Timekeeping,2012,7290,2022,8350,1060,14.6,310
12,Florida,Nov-21,Human Resources Managers,2012,3510,2022,4140,630,18,150
12,Florida,13-1071,Human Resources Specialists,2012,24570,2022,30200,5630,22.9,980
12,Florida,19-2043,Hydrologists,2012,380,2022,460,80,20.9,20
12,Florida,17-3026,Industrial Engineering Technicians,2012,2700,2022,2990,290,10.7,80
12,Florida,17-2112,Industrial Engineers,2012,9790,2022,10930,1140,11.6,330
12,Florida,49-9041,Industrial Machinery Mechanics,2012,11190,2022,14270,3080,27.5,520
12,Florida,Nov-51,Industrial Production Managers,2012,3850,2022,4440,590,15.3,150
12,Florida,53-7051,Industrial Truck and Tractor Operators,2012,18320,2022,20840,2520,13.7,770
12,Florida,19-3032,Industrial-Organizational Psychologists,2012,0,2022,0,0,0,0
12,Florida,43-4199,Information and Record Clerks  All Other,2012,20190,2022,21220,1030,5.1,670
12,Florida,15-1122,Information Security Analysts,2012,3970,2022,4900,930,23.5,150
12,Florida,51-9061,Inspectors  Testers  Sorters  Samplers  and Weighers,2012,13340,2022,15350,2010,15,490
12,Florida,49-9099,Installation  Maintenance  and Repair Workers  All Other,2012,14370,2022,18380,4010,28,670
12,Florida,25-9031,Instructional Coordinators,2012,9350,2022,11210,1860,19.9,390
12,Florida,47-2131,Insulation Workers  Floor  Ceiling  and Wall,2012,930,2022,1270,340,36.9,70
12,Florida,47-2132,Insulation Workers  Mechanical,2012,960,2022,1370,410,42.5,80
12,Florida,13-1032,Insurance Appraisers  Auto Damage,2012,1480,2022,1390,-90,-6.5,40
12,Florida,43-9041,Insurance Claims and Policy Processing Clerks,2012,16900,2022,19290,2390,14.2,750
12,Florida,41-3021,Insurance Sales Agents,2012,43740,2022,54740,11000,25.1,2100
12,Florida,13-2053,Insurance Underwriters,2012,4490,2022,5060,570,12.7,200
12,Florida,27-1025,Interior Designers,2012,4730,2022,5690,960,20.2,240
12,Florida,29-1063,Internists  General,2012,3960,2022,5140,1180,29.7,200
12,Florida,27-3091,Interpreters and Translators,2012,2920,2022,3920,1000,34.6,180
12,Florida,43-4111,Interviewers  Except Eligibility and Loan,2012,12740,2022,14430,1690,13.3,420
12,Florida,37-2011,Janitors and Cleaners  Except Maids and Housekeeping Cleaners,2012,116090,2022,131240,15150,13,3700
12,Florida,51-9071,Jewelers and Precious Stone and Metal Workers,2012,2330,2022,2320,-10,-0.1,60
12,Florida,23-1023,Judges  Magistrate Judges  and Magistrates,2012,1380,2022,1360,-20,-1.4,30
12,Florida,23-1012,Judicial Law Clerks,2012,10,2022,10,0,8.3,0
12,Florida,25-2012,Kindergarten Teachers  Except Special Education,2012,10930,2022,13440,2510,22.9,530
12,Florida,13-1075,Labor Relations Specialists,2012,3060,2022,3160,100,3.4,60
12,Florida,53-7062,Laborers and Freight  Stock  and Material Movers  Hand,2012,121570,2022,137170,15600,12.8,5450
12,Florida,17-1012,Landscape Architects,2012,990,2022,1160,170,17.2,40
12,Florida,37-3011,Landscaping and Groundskeeping Workers,2012,92510,2022,115540,23030,24.9,3940
12,Florida,51-4034,Lathe and Turning Machine Tool Setters  Operators  and Tenders  Metal and Plastic,2012,270,2022,250,-20,-4.5,10
12,Florida,51-6011,Laundry and Dry-Cleaning Workers,2012,16110,2022,17970,1860,11.6,490
12,Florida,25-1112,Law Teachers  Postsecondary,2012,840,2022,1020,180,21,30
12,Florida,23-1011,Lawyers,2012,51860,2022,61310,9450,18.2,1930
12,Florida,51-4192,Layout Workers  Metal and Plastic,2012,100,2022,120,20,27.8,10
12,Florida,43-6012,Legal Secretaries,2012,16400,2022,18910,2510,15.3,470
12,Florida,23-2099,Legal Support Workers  All Other,2012,6200,2022,7140,940,15.1,190
12,Florida,11-1031,Legislators,2012,1750,2022,1760,10,0.4,40
12,Florida,25-4021,Librarians,2012,6530,2022,7190,660,10.1,240
12,Florida,43-4121,Library Assistants  Clerical,2012,4780,2022,5370,590,12.3,270
12,Florida,25-1082,Library Science Teachers  Postsecondary,2012,110,2022,120,10,14,0
12,Florida,25-4031,Library Technicians,2012,2390,2022,2670,280,11.5,130
12,Florida,29-2061,Licensed Practical and Licensed Vocational Nurses,2012,43950,2022,54350,10400,23.7,2210
12,Florida,19-1099,Life Scientists  All Other,2012,210,2022,250,40,18.7,10
12,Florida,19-4099,Life  Physical  and Social Science Technicians  All Other,2012,3160,2022,3580,420,13.3,180
12,Florida,33-9092,Lifeguards  Ski Patrol  and Other Recreational Protective Service Workers,2012,6560,2022,7410,850,12.9,510
12,Florida,53-3033,Light Truck or Delivery Services Drivers,2012,44900,2022,49740,4840,10.8,1380
12,Florida,43-4131,Loan Interviewers and Clerks,2012,13750,2022,14620,870,6.3,340
12,Florida,13-2072,Loan Officers,2012,19150,2022,23710,4560,23.8,950
12,Florida,39-3093,Locker Room  Coatroom  and Dressing Room Attendants,2012,2050,2022,2290,240,11.8,140
12,Florida,49-9094,Locksmiths and Safe Repairers,2012,2930,2022,3420,490,16.8,100
12,Florida,53-4011,Locomotive Engineers,2012,350,2022,340,-10,-2.3,10
12,Florida,Nov-81,Lodging Managers,2012,3130,2022,3500,370,12.1,120
12,Florida,45-4023,Log Graders and Scalers,2012,40,2022,50,10,16.3,0
12,Florida,45-4022,Logging Equipment Operators,2012,1880,2022,1790,-90,-4.8,50
12,Florida,45-4029,Logging Workers  All Other,2012,20,2022,20,0,5.3,0
12,Florida,13-1081,Logisticians,2012,4460,2022,6040,1580,35.3,240
12,Florida,53-7063,Machine Feeders and Offbearers,2012,2960,2022,3090,130,4.3,60
12,Florida,51-4041,Machinists,2012,8800,2022,10240,1440,16.4,310
12,Florida,29-2035,Magnetic Resonance Imaging Technologists,2012,3150,2022,3970,820,25.8,130
12,Florida,37-2012,Maids and Housekeeping Cleaners,2012,83570,2022,95190,11620,13.9,2570
12,Florida,43-9051,Mail Clerks and Mail Machine Operators  Except Postal Service,2012,5220,2022,5930,710,13.5,170
12,Florida,49-9071,Maintenance and Repair Workers  General,2012,78520,2022,90340,11820,15,2630
12,Florida,49-9043,Maintenance Workers  Machinery,2012,2630,2022,3070,440,16.8,90
12,Florida,39-5091,Makeup Artists  Theatrical and Performance,2012,230,2022,250,20,8.9,10
12,Florida,13-1111,Management Analysts,2012,48920,2022,60470,11550,23.6,1950
12,Florida,Nov-99,Managers  All Other,2012,26230,2022,28850,2620,10,850
12,Florida,39-5092,Manicurists and Pedicurists,2012,3120,2022,3500,380,12.4,100
12,Florida,49-9095,Manufactured Building and Mobile Home Installers,2012,390,2022,540,150,37.9,20
12,Florida,17-2121,Marine Engineers and Naval Architects,2012,640,2022,720,80,11.7,20
12,Florida,13-1161,Market Research Analysts and Marketing Specialists,2012,16460,2022,23400,6940,42.2,1130
12,Florida,Nov-21,Marketing Managers,2012,5700,2022,6920,1220,21.4,290
12,Florida,21-1013,Marriage and Family Therapists,2012,2380,2022,3290,910,38.3,140
12,Florida,31-9011,Massage Therapists,2012,14520,2022,17500,2980,20.5,530
12,Florida,53-7199,Material Moving Workers  All Other,2012,740,2022,820,80,9.7,10
12,Florida,17-2131,Materials Engineers,2012,510,2022,630,120,23.5,30
12,Florida,19-2032,Materials Scientists,2012,250,2022,300,50,18.7,10
12,Florida,25-1022,Mathematical Science Teachers  Postsecondary,2012,3450,2022,4010,560,16.1,110
12,Florida,15-2021,Mathematicians,2012,110,2022,120,10,10.4,10
12,Florida,51-3022,Meat  Poultry  and Fish Cutters and Trimmers,2012,3870,2022,4490,620,16.1,170
12,Florida,49-9011,Mechanical Door Repairers,2012,830,2022,1180,350,42.4,50
12,Florida,17-3013,Mechanical Drafters,2012,1690,2022,1940,250,14.8,60
12,Florida,17-3027,Mechanical Engineering Technicians,2012,1040,2022,1160,120,12.4,30
12,Florida,17-2141,Mechanical Engineers,2012,5780,2022,6460,680,11.9,260
12,Florida,27-4099,Media and Communication Equipment Workers  All Other,2012,490,2022,460,-30,-6.5,10
12,Florida,27-3099,Media and Communication Workers  All Other,2012,1670,2022,1930,260,15.1,70
12,Florida,29-2012,Medical and Clinical Laboratory Technicians,2012,6230,2022,7230,1000,16,220
12,Florida,29-2011,Medical and Clinical Laboratory Technologists,2012,9870,2022,10770,900,9.1,280
12,Florida,Nov-11,Medical and Health Services Managers,2012,10590,2022,12860,2270,21.4,490
12,Florida,51-9082,Medical Appliance Technicians,2012,700,2022,750,50,7.2,30
12,Florida,31-9092,Medical Assistants,2012,38520,2022,49800,11280,29.3,1720
12,Florida,31-9093,Medical Equipment Preparers,2012,5260,2022,6030,770,14.5,160
12,Florida,49-9062,Medical Equipment Repairers,2012,4210,2022,5590,1380,32.6,250
12,Florida,29-2071,Medical Records and Health Information Technicians,2012,9630,2022,11510,1880,19.5,380
12,Florida,19-1042,Medical Scientists  Except Epidemiologists,2012,2310,2022,3390,1080,47.2,120
12,Florida,43-6013,Medical Secretaries,2012,17730,2022,24020,6290,35.5,870
12,Florida,31-9094,Medical Transcriptionists,2012,5680,2022,6540,860,15.2,170
12,Florida,13-1121,Meeting  Convention  and Event Planners,2012,4420,2022,5940,1520,34.3,240
12,Florida,21-1023,Mental Health and Substance Abuse Social Workers,2012,3950,2022,4870,920,23.2,190
12,Florida,21-1014,Mental Health Counselors,2012,4990,2022,6320,1330,26.5,240
12,Florida,27-1026,Merchandise Displayers and Window Trimmers,2012,3970,2022,4450,480,12,170
12,Florida,51-4199,Metal Workers and Plastic Workers  All Other,2012,240,2022,310,70,28.9,10
12,Florida,51-4051,Metal-Refining Furnace Operators and Tenders,2012,420,2022,560,140,33,20
12,Florida,43-5041,Meter Readers  Utilities,2012,1730,2022,1780,50,3.4,60
12,Florida,19-1022,Microbiologists,2012,380,2022,480,100,25.4,20
12,Florida,25-2022,Middle School Teachers  Except Special and Career/Technical Education,2012,30380,2022,37170,6790,22.4,1350
12,Florida,51-4035,Milling and Planing Machine Setters  Operators  and Tenders  Metal and Plastic,2012,120,2022,130,10,11.9,0
12,Florida,49-9044,Millwrights,2012,680,2022,770,90,13.1,20
12,Florida,47-5042,Mine Cutting and Channeling Machine Operators,2012,90,2022,90,0,-4.3,0
12,Florida,47-5049,Mining Machine Operators  All Other,2012,30,2022,30,0,-6.1,0
12,Florida,51-9023,Mixing and Blending Machine Setters  Operators  and Tenders,2012,5360,2022,5940,580,10.8,220
12,Florida,49-3042,Mobile Heavy Equipment Mechanics  Except Engines,2012,5450,2022,6830,1380,25.3,280
12,Florida,51-4061,Model Makers  Metal and Plastic,2012,40,2022,40,0,-9.3,0
12,Florida,41-9012,Models,2012,60,2022,60,0,10.9,0
12,Florida,51-9195,Molders  Shapers  and Casters  Except Metal and Plastic,2012,2330,2022,3010,680,29.4,150
12,Florida,51-4072,Molding  Coremaking  and Casting Machine Setters  Operators  and Tenders  Metal and Plastic,2012,3190,2022,3090,-100,-3.3,50
12,Florida,39-4031,Morticians  Undertakers  and Funeral Directors,2012,1350,2022,1450,100,7.9,40
12,Florida,39-3021,Motion Picture Projectionists,2012,1090,2022,1030,-60,-5.8,50
12,Florida,53-3099,Motor Vehicle Operators  All Other,2012,2430,2022,2740,310,13.1,80
12,Florida,49-3051,Motorboat Mechanics and Service Technicians,2012,3820,2022,4740,920,24.2,190
12,Florida,53-5022,Motorboat Operators,2012,1630,2022,1930,300,18.5,90
12,Florida,49-3052,Motorcycle Mechanics,2012,1240,2022,1530,290,23.3,60
12,Florida,27-1014,Multimedia Artists and Animators,2012,1900,2022,2080,180,9.4,60
12,Florida,51-4081,Multiple Machine Tool Setters  Operators  and Tenders  Metal and Plastic,2012,620,2022,630,10,0.5,10
12,Florida,25-4013,Museum Technicians and Conservators,2012,480,2022,550,70,14.5,20
12,Florida,27-2041,Music Directors and Composers,2012,4550,2022,5100,550,12,170
12,Florida,49-9063,Musical Instrument Repairers and Tuners,2012,520,2022,550,30,5.3,20
12,Florida,27-2042,Musicians and Singers,2012,11170,2022,12490,1320,11.9,400
12,Florida,Nov-21,Natural Sciences Managers,2012,980,2022,1120,140,14.5,70
12,Florida,15-1142,Network and Computer Systems Administrators,2012,14620,2022,18400,3780,25.9,630
12,Florida,43-4141,New Accounts Clerks,2012,1720,2022,1780,60,3.4,50
12,Florida,39-2021,Nonfarm Animal Caretakers,2012,10870,2022,15180,4310,39.7,670
12,Florida,17-2161,Nuclear Engineers,2012,280,2022,280,0,2.2,10
12,Florida,29-2033,Nuclear Medicine Technologists,2012,1730,2022,2040,310,18.2,60
12,Florida,29-1151,Nurse Anesthetists,2012,2300,2022,3240,940,40.9,140
12,Florida,29-1161,Nurse Midwives,2012,280,2022,370,90,35.6,20
12,Florida,29-1171,Nurse Practitioners,2012,6230,2022,8540,2310,37.1,340
12,Florida,31-1014,Nursing Assistants,2012,86990,2022,106200,19210,22.1,3040
12,Florida,25-1072,Nursing Instructors and Teachers  Postsecondary,2012,3030,2022,3520,490,16.2,100
12,Florida,29-1064,Obstetricians and Gynecologists,2012,1050,2022,1370,320,30.6,50
12,Florida,29-9011,Occupational Health and Safety Specialists,2012,1920,2022,2070,150,7.7,80
12,Florida,29-9012,Occupational Health and Safety Technicians,2012,210,2022,240,30,14.6,10
12,Florida,29-1122,Occupational Therapists,2012,6210,2022,8080,1870,30.2,310
12,Florida,31-2012,Occupational Therapy Aides,2012,110,2022,140,30,25.9,10
12,Florida,31-2011,Occupational Therapy Assistants,2012,1380,2022,1860,480,35,70
12,Florida,43-9199,Office and Administrative Support Workers  All Other,2012,7040,2022,8010,970,13.8,250
12,Florida,43-9061,Office Clerks  General,2012,142710,2022,170300,27590,19.3,5280
12,Florida,43-9071,Office Machine Operators  Except Computer,2012,3830,2022,3770,-60,-1.6,110
12,Florida,47-2073,Operating Engineers and Other Construction Equipment Operators,2012,13210,2022,17780,4570,34.6,760
12,Florida,15-2031,Operations Research Analysts,2012,6240,2022,6980,740,11.9,270
12,Florida,51-9083,Ophthalmic Laboratory Technicians,2012,3390,2022,3530,140,4.3,120
12,Florida,29-2057,Ophthalmic Medical Technicians,2012,2050,2022,2690,640,30.8,100
12,Florida,29-2081,Opticians  Dispensing,2012,4940,2022,5760,820,16.6,180
12,Florida,29-1041,Optometrists,2012,2040,2022,2540,500,25,120
12,Florida,29-1022,Oral and Maxillofacial Surgeons,2012,1110,2022,1340,230,21.4,60
12,Florida,43-4151,Order Clerks,2012,11110,2022,12400,1290,11.6,440
12,Florida,31-1015,Orderlies,2012,2860,2022,3200,340,11.9,70
12,Florida,29-1023,Orthodontists,2012,500,2022,620,120,23.2,30
12,Florida,29-2091,Orthotists and Prosthetists,2012,520,2022,560,40,7.9,10
12,Florida,49-3053,Outdoor Power Equipment and Other Small Engine Mechanics,2012,3470,2022,4270,800,23.2,170
12,Florida,51-9111,Packaging and Filling Machine Operators and Tenders,2012,11740,2022,12700,960,8.2,290
12,Florida,53-7064,Packers and Packagers  Hand,2012,35040,2022,36600,1560,4.5,1160
12,Florida,47-2141,Painters  Construction and Maintenance,2012,29270,2022,38320,9050,30.9,1540
12,Florida,51-9122,Painters  Transportation Equipment,2012,2410,2022,2520,110,4.5,60
12,Florida,51-9123,Painting  Coating  and Decorating Workers,2012,1280,2022,1500,220,16.9,50
12,Florida,51-9196,Paper Goods Machine Setters  Operators  and Tenders,2012,2400,2022,2260,-140,-5.9,20
12,Florida,47-2142,Paperhangers,2012,630,2022,750,120,19.1,20
12,Florida,23-2011,Paralegals and Legal Assistants,2012,24370,2022,32180,7810,32.1,1130
12,Florida,33-3041,Parking Enforcement Workers,2012,430,2022,470,40,10.7,20
12,Florida,53-6021,Parking Lot Attendants,2012,15080,2022,18670,3590,23.8,810
12,Florida,41-2022,Parts Salespersons,2012,12560,2022,14620,2060,16.4,670
12,Florida,51-4062,Patternmakers  Metal and Plastic,2012,40,2022,40,0,-2.6,0
12,Florida,47-2071,Paving  Surfacing  and Tamping Equipment Operators,2012,1610,2022,2150,540,33.6,90
12,Florida,43-3051,Payroll and Timekeeping Clerks,2012,6400,2022,7610,1210,18.9,250
12,Florida,29-1065,Pediatricians  General,2012,1260,2022,1630,370,28.9,60
12,Florida,39-9021,Personal Care Aides,2012,17720,2022,25790,8070,45.6,950
12,Florida,39-9099,Personal Care and Service Workers  All Other,2012,13180,2022,14990,1810,13.7,470
12,Florida,13-2052,Personal Financial Advisors,2012,14590,2022,18910,4320,29.6,600
12,Florida,37-2021,Pest Control Workers,2012,8580,2022,11090,2510,29.3,640
12,Florida,37-3012,Pesticide Handlers  Sprayers  and Applicators  Vegetation,2012,3480,2022,3780,300,8.6,90
12,Florida,51-8093,Petroleum Pump System Operators  Refinery Operators  and Gaugers,2012,260,2022,230,-30,-13.4,10
12,Florida,29-1051,Pharmacists,2012,18720,2022,22260,3540,18.9,830
12,Florida,31-9095,Pharmacy Aides,2012,1730,2022,2110,380,22,60
12,Florida,29-2052,Pharmacy Technicians,2012,24430,2022,30250,5820,23.9,1010
12,Florida,25-1126,Philosophy and Religion Teachers  Postsecondary,2012,770,2022,940,170,22.2,30
12,Florida,31-9097,Phlebotomists,2012,6400,2022,7640,1240,19.4,220
12,Florida,27-4021,Photographers,2012,11620,2022,13080,1460,12.6,260
12,Florida,51-9151,Photographic Process Workers and Processing Machine Operators,2012,1930,2022,1750,-180,-9.3,50
12,Florida,19-2099,Physical Scientists  All Other,2012,540,2022,610,70,13.8,30
12,Florida,31-2022,Physical Therapist Aides,2012,2110,2022,2670,560,26.2,90
12,Florida,31-2021,Physical Therapist Assistants,2012,4540,2022,6160,1620,35.6,230
12,Florida,29-1123,Physical Therapists,2012,12030,2022,15650,3620,30,500
12,Florida,29-1071,Physician Assistants,2012,4640,2022,6160,1520,32.9,240
12,Florida,29-1069,Physicians and Surgeons  All Other,2012,16310,2022,20240,3930,24,720
12,Florida,19-2012,Physicists,2012,420,2022,480,60,15.6,20
12,Florida,25-1054,Physics Teachers  Postsecondary,2012,700,2022,820,120,17.4,20
12,Florida,47-2072,Pile-Driver Operators,2012,210,2022,310,100,50,10
12,Florida,47-2151,Pipelayers,2012,5080,2022,6770,1690,33.1,320
12,Florida,51-8099,Plant and System Operators  All Other,2012,450,2022,490,40,7.8,20
12,Florida,47-2161,Plasterers and Stucco Masons,2012,1540,2022,2260,720,46.9,100
12,Florida,51-4193,Plating and Coating Machine Setters  Operators  and Tenders  Metal and Plastic,2012,480,2022,530,50,9.7,20
12,Florida,47-2152,Plumbers  Pipefitters  and Steamfitters,2012,18730,2022,24740,6010,32.1,1140
12,Florida,29-1081,Podiatrists,2012,840,2022,960,120,13.3,30
12,Florida,33-3051,Police and Sheriff's Patrol Officers,2012,36960,2022,40380,3420,9.3,1430
12,Florida,43-5031,Police  Fire  and Ambulance Dispatchers,2012,6070,2022,6760,690,11.3,180
12,Florida,25-1065,Political Science Teachers  Postsecondary,2012,570,2022,670,100,17.8,20
12,Florida,19-3094,Political Scientists,2012,20,2022,20,0,0,0
12,Florida,43-5051,Postal Service Clerks,2012,3720,2022,1960,-1760,-47.3,90
12,Florida,43-5052,Postal Service Mail Carriers,2012,18000,2022,16220,-1780,-9.9,590
12,Florida,43-5053,Postal Service Mail Sorters  Processors  and Processing Machine Operators,2012,6490,2022,3420,-3070,-47.3,30
12,Florida,Nov-31,Postmasters and Mail Superintendents,2012,370,2022,270,-100,-26.1,10
12,Florida,25-1199,Postsecondary Teachers  All Other,2012,9120,2022,10650,1530,16.8,300
12,Florida,51-4052,Pourers and Casters  Metal,2012,30,2022,30,0,0,0
12,Florida,51-8012,Power Distributors and Dispatchers,2012,350,2022,380,30,7.1,10
12,Florida,51-8013,Power Plant Operators,2012,1380,2022,1420,40,2.6,50
12,Florida,49-9069,Precision Instrument and Equipment Repairers  All Other,2012,320,2022,350,30,9.7,10
12,Florida,51-5111,Prepress Technicians and Workers,2012,1940,2022,1570,-370,-19.4,50
12,Florida,25-2011,Preschool Teachers  Except Special Education,2012,23890,2022,28490,4600,19.2,1080
12,Florida,51-6021,Pressers  Textile  Garment  and Related Materials,2012,3430,2022,3790,360,10.6,60
12,Florida,51-5113,Print Binding and Finishing Workers,2012,1900,2022,1800,-100,-4.9,60
12,Florida,51-5112,Printing Press Operators,2012,8600,2022,8460,-140,-1.7,170
12,Florida,33-9021,Private Detectives and Investigators,2012,2470,2022,2770,300,12.1,90
12,Florida,21-1092,Probation Officers and Correctional Treatment Specialists,2012,4600,2022,4790,190,4.3,120
12,Florida,43-3061,Procurement Clerks,2012,3070,2022,3380,310,10.1,160
12,Florida,27-2012,Producers and Directors,2012,5730,2022,6500,770,13.5,250
12,Florida,51-9199,Production Workers  All Other,2012,6000,2022,7290,1290,21.6,290
12,Florida,43-5061,Production  Planning  and Expediting Clerks,2012,9670,2022,10240,570,5.9,310
12,Florida,43-9081,Proofreaders and Copy Markers,2012,380,2022,370,-10,-2.1,10
12,Florida,Nov-41,Property  Real Estate  and Community Association Managers,2012,34030,2022,37300,3270,9.6,1040
12,Florida,29-1024,Prosthodontists,2012,10,2022,10,0,20,0
12,Florida,33-9099,Protective Service Workers  All Other,2012,6510,2022,7130,620,9.5,480
12,Florida,31-1013,Psychiatric Aides,2012,3100,2022,3390,290,9.3,70
12,Florida,29-2053,Psychiatric Technicians,2012,6550,2022,7650,1100,16.8,220
12,Florida,29-1066,Psychiatrists,2012,680,2022,810,130,18.4,30
12,Florida,19-3039,Psychologists  All Other,2012,2410,2022,3100,690,28.4,140
12,Florida,25-1066,Psychology Teachers  Postsecondary,2012,2220,2022,2630,410,18.6,80
12,Florida,27-3012,Public Address System and Other Announcers,2012,390,2022,420,30,7.7,10
12,Florida,Nov-31,Public Relations and Fundraising Managers,2012,1460,2022,1690,230,15.6,70
12,Florida,27-3031,Public Relations Specialists,2012,10910,2022,13260,2350,21.6,530
12,Florida,53-7072,Pump Operators  Except Wellhead Pumpers,2012,460,2022,520,60,14.7,20
12,Florida,13-1023,Purchasing Agents  Except Wholesale  Retail  and Farm Products,2012,13060,2022,14200,1140,8.7,460
12,Florida,Nov-61,Purchasing Managers,2012,1780,2022,2030,250,14,80
12,Florida,29-1124,Radiation Therapists,2012,950,2022,1160,210,22.2,40
12,Florida,27-3011,Radio and Television Announcers,2012,3040,2022,3250,210,7,100
12,Florida,27-4013,Radio Operators,2012,10,2022,10,0,8.3,0
12,Florida,49-2021,Radio  Cellular  and Tower Equipment Installers and Repairs,2012,1230,2022,1420,190,15.2,40
12,Florida,29-2034,Radiologic Technologists,2012,12330,2022,15440,3110,25.2,500
12,Florida,49-3043,Rail Car Repairers,2012,550,2022,650,100,18.8,20
12,Florida,53-4021,Railroad Brake  Signal  and Switch Operators,2012,220,2022,200,-20,-9,10
12,Florida,47-4061,Rail-Track Laying and Maintenance Equipment Operators,2012,190,2022,210,20,12.9,10
12,Florida,41-9021,Real Estate Brokers,2012,7110,2022,8040,930,13.1,250
12,Florida,41-9022,Real Estate Sales Agents,2012,59680,2022,69790,10110,16.9,2350
12,Florida,43-4171,Receptionists and Information Clerks,2012,75780,2022,95680,19900,26.2,4280
12,Florida,25-1193,Recreation and Fitness Studies Teachers  Postsecondary,2012,650,2022,770,120,17.7,20
12,Florida,39-9032,Recreation Workers,2012,23530,2022,27690,4160,17.7,790
12,Florida,29-1125,Recreational Therapists,2012,600,2022,680,80,13.7,30
12,Florida,49-3092,Recreational Vehicle Service Technicians,2012,870,2022,1060,190,21.8,40
12,Florida,49-9045,Refractory Materials Repairers  Except Brickmasons,2012,90,2022,100,10,10.6,0
12,Florida,53-7081,Refuse and Recyclable Material Collectors,2012,4300,2022,5200,900,20.7,220
12,Florida,29-1141,Registered Nurses,2012,164020,2022,201140,37120,22.6,6680
12,Florida,21-1015,Rehabilitation Counselors,2012,3280,2022,3610,330,10,100
12,Florida,47-2171,Reinforcing Iron and Rebar Workers,2012,520,2022,870,350,67.5,50
12,Florida,21-2099,Religious Workers  All Other,2012,4400,2022,5080,680,15.5,150
12,Florida,27-3022,Reporters and Correspondents,2012,2810,2022,2390,-420,-15,100
12,Florida,43-4181,Reservation and Transportation Ticket Agents and Travel Clerks,2012,17190,2022,18450,1260,7.3,450
12,Florida,39-9041,Residential Advisors,2012,4010,2022,4850,840,20.9,240
12,Florida,29-1126,Respiratory Therapists,2012,7610,2022,9380,1770,23.4,320
12,Florida,29-2054,Respiratory Therapy Technicians,2012,830,2022,820,-10,-0.8,10
12,Florida,41-2031,Retail Salespersons,2012,326380,2022,380120,53740,16.5,14960
12,Florida,49-9096,Riggers,2012,460,2022,530,70,16.4,20
12,Florida,47-5051,Rock Splitters  Quarry,2012,30,2022,30,0,4,0
12,Florida,51-4023,Rolling Machine Setters  Operators  and Tenders  Metal and Plastic,2012,220,2022,250,30,15.7,10
12,Florida,47-2181,Roofers,2012,14980,2022,19520,4540,30.3,760
12,Florida,47-5012,Rotary Drill Operators  Oil and Gas,2012,80,2022,100,20,22.5,0
12,Florida,47-5071,Roustabouts  Oil and Gas,2012,130,2022,150,20,18.4,10
12,Florida,53-5011,Sailors and Marine Oilers,2012,970,2022,1120,150,15.2,60
12,Florida,41-9099,Sales and Related Workers  All Other,2012,6780,2022,8080,1300,19.2,300
12,Florida,41-9031,Sales Engineers,2012,1620,2022,1820,200,12.5,80
12,Florida,Nov-22,Sales Managers,2012,14370,2022,16400,2030,14.1,620
12,Florida,41-3099,Sales Representatives  Services  All Other,2012,71860,2022,85270,13410,18.7,3450
12,Florida,41-4012,Sales Representatives  Wholesale and Manufacturing  Except Technical and Scientific Products,2012,94420,2022,108160,13740,14.6,3600
12,Florida,41-4011,Sales Representatives  Wholesale and Manufacturing  Technical and Scientific Products,2012,21650,2022,24700,3050,14.1,820
12,Florida,51-7041,Sawing Machine Setters  Operators  and Tenders  Wood,2012,980,2022,1380,400,41.8,60
12,Florida,25-2031,Secondary School Teachers  Except Special and Career/Technical Education,2012,40220,2022,45020,4800,11.9,1580
12,Florida,43-6014,Secretaries and Administrative Assistants  Except Legal  Medical  and Executive,2012,165900,2022,182120,16220,9.8,3850
12,Florida,41-3031,Securities  Commodities  and Financial Services Sales Agents,2012,20070,2022,22310,2240,11.2,780
12,Florida,49-2098,Security and Fire Alarm Systems Installers,2012,6210,2022,8240,2030,32.8,360
12,Florida,33-9032,Security Guards,2012,80610,2022,93690,13080,16.2,2590
12,Florida,47-4091,Segmental Pavers,2012,20,2022,40,20,66.7,0
12,Florida,25-3021,Self-Enrichment Education Teachers,2012,16340,2022,19160,2820,17.3,530
12,Florida,51-9141,Semiconductor Processors,2012,480,2022,420,-60,-11.7,10
12,Florida,51-9012,Separating  Filtering  Clarifying  Precipitating  and Still Machine Setters  Operators  and Tenders,2012,1380,2022,1490,110,8.3,30
12,Florida,47-4071,Septic Tank Servicers and Sewer Pipe Cleaners,2012,1550,2022,1900,350,22.6,80
12,Florida,47-5013,Service Unit Operators  Oil  Gas  and Mining,2012,60,2022,70,10,27.6,0
12,Florida,27-1027,Set and Exhibit Designers,2012,630,2022,700,70,11.3,30
12,Florida,51-6051,Sewers  Hand,2012,190,2022,230,40,18.7,10
12,Florida,51-6031,Sewing Machine Operators,2012,6080,2022,5660,-420,-6.9,30
12,Florida,39-5093,Shampooers,2012,1220,2022,1080,-140,-10.9,20
12,Florida,47-2211,Sheet Metal Workers,2012,7060,2022,9250,2190,31,340
12,Florida,53-5031,Ship Engineers,2012,870,2022,990,120,14.2,50
12,Florida,43-5071,Shipping  Receiving  and Traffic Clerks,2012,33550,2022,33720,170,0.5,870
12,Florida,51-6041,Shoe and Leather Workers and Repairers,2012,810,2022,840,30,4.3,30
12,Florida,39-5094,Skincare Specialists,2012,3800,2022,4670,870,23,160
12,Florida,51-3023,Slaughterers and Meat Packers,2012,500,2022,510,10,2.2,20
12,Florida,39-1012,Slot Supervisors,2012,340,2022,380,40,9.6,10
12,Florida,Nov-51,Social and Community Service Managers,2012,3440,2022,4130,690,19.9,140
12,Florida,21-1093,Social and Human Service Assistants,2012,12640,2022,14010,1370,10.8,410
12,Florida,19-4061,Social Science Research Assistants,2012,1010,2022,1260,250,24.9,70
12,Florida,25-1069,Social Sciences Teachers  Postsecondary  All Other,2012,1450,2022,1700,250,17.8,50
12,Florida,19-3099,Social Scientists and Related Workers  All Other,2012,1990,2022,2170,180,9,100
12,Florida,25-1113,Social Work Teachers  Postsecondary,2012,380,2022,450,70,17.8,10
12,Florida,21-1029,Social Workers  All Other,2012,2730,2022,3150,420,15.3,110
12,Florida,19-3041,Sociologists,2012,60,2022,70,10,21.1,0
12,Florida,25-1067,Sociology Teachers  Postsecondary,2012,620,2022,730,110,17.1,20
12,Florida,15-1132,Software Developers  Applications,2012,23250,2022,29530,6280,27,870
12,Florida,15-1133,Software Developers  Systems Software,2012,11030,2022,14110,3080,27.9,420
12,Florida,19-1013,Soil and Plant Scientists,2012,440,2022,490,50,11,20
12,Florida,47-2231,Solar Photovoltaic Installers,2012,170,2022,270,100,58.7,20
12,Florida,27-4014,Sound Engineering Technicians,2012,780,2022,840,60,6.9,30
12,Florida,25-2059,Special Education Teachers  All Other,2012,10030,2022,11500,1470,14.6,300
12,Florida,25-2052,Special Education Teachers  Kindergarten and Elementary School,2012,7730,2022,9740,2010,26,430
12,Florida,25-2053,Special Education Teachers  Middle School,2012,3090,2022,3900,810,26.1,170
12,Florida,25-2051,Special Education Teachers  Preschool,2012,1490,2022,1880,390,25.7,80
12,Florida,25-2054,Special Education Teachers  Secondary School,2012,3070,2022,3440,370,12.2,130
12,Florida,29-1127,Speech-Language Pathologists,2012,7090,2022,8690,1600,22.5,300
12,Florida,51-8021,Stationary Engineers and Boiler Operators,2012,560,2022,590,30,6.3,20
12,Florida,43-9111,Statistical Assistants,2012,280,2022,330,50,14.8,10
12,Florida,15-2041,Statisticians,2012,710,2022,870,160,23.4,60
12,Florida,43-5081,Stock Clerks and Order Fillers,2012,110960,2022,114280,3320,3,3090
12,Florida,47-2022,Stonemasons,2012,450,2022,710,260,56.4,40
12,Florida,47-2221,Structural Iron and Steel Workers,2012,2170,2022,2940,770,35.3,120
12,Florida,51-2041,Structural Metal Fabricators and Fitters,2012,3160,2022,4080,920,29.2,150
12,Florida,21-1011,Substance Abuse and Behavioral Disorder Counselors,2012,4730,2022,5590,860,18.2,190
12,Florida,53-4041,Subway and Streetcar Operators,2012,190,2022,220,30,15.5,10
12,Florida,29-1067,Surgeons,2012,2800,2022,3630,830,29.7,140
12,Florida,29-2055,Surgical Technologists,2012,6100,2022,7180,1080,17.9,220
12,Florida,19-3022,Survey Researchers,2012,290,2022,320,30,9,10
12,Florida,17-3031,Surveying and Mapping Technicians,2012,4740,2022,5530,790,16.8,170
12,Florida,17-1022,Surveyors,2012,2500,2022,3110,610,24.5,120
12,Florida,43-2011,Switchboard Operators  Including Answering Service,2012,6550,2022,5130,-1420,-21.7,130
12,Florida,51-6052,Tailors  Dressmakers  and Custom Sewers,2012,1210,2022,1320,110,8.8,30
12,Florida,53-7121,Tank Car  Truck  and Ship Loaders,2012,350,2022,340,-10,-0.6,10
12,Florida,47-2082,Tapers,2012,30,2022,40,10,55.6,0
12,Florida,13-2081,Tax Examiners and Collectors  and Revenue Agents,2012,5200,2022,5200,0,-0.1,120
12,Florida,13-2082,Tax Preparers,2012,5900,2022,6820,920,15.6,230
12,Florida,53-3041,Taxi Drivers and Chauffeurs,2012,14360,2022,17480,3120,21.7,490
12,Florida,25-9041,Teacher Assistants,2012,41210,2022,48440,7230,17.6,1650
12,Florida,25-3099,Teachers and Instructors  All Other,2012,57630,2022,67080,9450,16.4,1830
12,Florida,51-2092,Team Assemblers,2012,40480,2022,45120,4640,11.4,1270
12,Florida,27-3042,Technical Writers,2012,1890,2022,2240,350,18.7,70
12,Florida,49-2022,Telecommunications Equipment Installers and Repairers  Except Line Installers,2012,18800,2022,20200,1400,7.4,440
12,Florida,49-9052,Telecommunications Line Installers and Repairers,2012,5530,2022,6030,500,9,150
12,Florida,41-9041,Telemarketers,2012,24840,2022,27530,2690,10.8,800
12,Florida,43-2021,Telephone Operators,2012,750,2022,700,-50,-5.9,20
12,Florida,43-3071,Tellers,2012,35920,2022,37190,1270,3.6,1610
12,Florida,47-2053,Terrazzo Workers and Finishers,2012,250,2022,330,80,33.6,10
12,Florida,51-6061,Textile Bleaching and Dyeing Machine Operators and Tenders,2012,150,2022,150,0,-2,0
12,Florida,51-6062,Textile Cutting Machine Setters  Operators  and Tenders,2012,270,2022,240,-30,-11.4,10
12,Florida,51-6063,Textile Knitting and Weaving Machine Setters  Operators  and Tenders,2012,140,2022,110,-30,-21,0
12,Florida,51-6064,Textile Winding  Twisting  and Drawing Out Machine Setters  Operators  and Tenders,2012,280,2022,200,-80,-28.3,0
12,Florida,51-6099,Textile  Apparel  and Furnishings Workers  All Other,2012,390,2022,360,-30,-6.7,0
12,Florida,29-1129,Therapists  All Other,2012,1650,2022,2110,460,27.6,80
12,Florida,47-2044,Tile and Marble Setters,2012,5980,2022,8400,2420,40.5,370
12,Florida,51-2093,Timing Device Assemblers and Adjusters,2012,20,2022,20,0,0,0
12,Florida,49-3093,Tire Repairers and Changers,2012,8080,2022,9160,1080,13.3,320
12,Florida,23-2093,Title Examiners  Abstractors  and Searchers,2012,5400,2022,5590,190,3.6,100
12,Florida,51-4111,Tool and Die Makers,2012,820,2022,870,50,5.6,10
12,Florida,51-4194,Tool Grinders  Filers  and Sharpeners,2012,120,2022,140,20,12.1,0
12,Florida,00-0000,Total  All Occupations,2012,8144080,2022,9507060,1362980,16.7,335550
12,Florida,39-7011,Tour Guides and Escorts,2012,4030,2022,4380,350,8.5,190
12,Florida,53-6041,Traffic Technicians,2012,130,2022,140,10,10.9,10
12,Florida,Nov-31,Training and Development Managers,2012,980,2022,1140,160,16.6,40
12,Florida,13-1151,Training and Development Specialists,2012,12610,2022,16040,3430,27.3,560
12,Florida,33-3052,Transit and Railroad Police,2012,60,2022,60,0,-1.7,0
12,Florida,53-6061,Transportation Attendants  Except Flight Attendants,2012,480,2022,480,0,1,10
12,Florida,53-6051,Transportation Inspectors,2012,650,2022,720,70,9.6,20
12,Florida,33-9093,Transportation Security Screeners,2012,5590,2022,6230,640,11.5,130
12,Florida,53-6099,Transportation Workers  All Other,2012,1310,2022,1480,170,12.7,60
12,Florida,Nov-71,Transportation  Storage  and Distribution Managers,2012,3540,2022,3830,290,8,110
12,Florida,41-3041,Travel Agents,2012,7850,2022,7300,-550,-7,90
12,Florida,39-7012,Travel Guides,2012,340,2022,360,20,6.5,20
12,Florida,37-3013,Tree Trimmers and Pruners,2012,2280,2022,2730,450,19.6,90
12,Florida,27-2023,Umpires  Referees  and Other Sports Officials,2012,1270,2022,1500,230,18.1,60
12,Florida,51-6093,Upholsterers,2012,2020,2022,2220,200,10.1,70
12,Florida,19-3051,Urban and Regional Planners,2012,1800,2022,2130,330,18.6,80
12,Florida,39-3031,Ushers  Lobby Attendants  and Ticket Takers,2012,5410,2022,5850,440,8.2,360
12,Florida,29-1131,Veterinarians,2012,3570,2022,4460,890,25,160
12,Florida,31-9096,Veterinary Assistants and Laboratory Animal Caretakers,2012,3990,2022,4100,110,2.7,70
12,Florida,29-2056,Veterinary Technologists and Technicians,2012,7330,2022,10090,2760,37.6,400
12,Florida,25-1194,Vocational Education Teachers  Postsecondary,2012,7930,2022,9120,1190,15,250
12,Florida,35-3031,Waiters and Waitresses,2012,191370,2022,227810,36440,19,13200
12,Florida,49-9064,Watch Repairers,2012,420,2022,440,20,6,10
12,Florida,51-8031,Water and Wastewater Treatment Plant and System Operators,2012,5460,2022,6170,710,13.1,210
12,Florida,15-1134,Web Developers,2012,8440,2022,10080,1640,19.4,290
12,Florida,43-5111,Weighers  Measurers  Checkers  and Samplers  Recordkeeping,2012,4250,2022,4820,570,13.4,220
12,Florida,51-4121,Welders  Cutters  Solderers  and Brazers,2012,11720,2022,14620,2900,24.7,600
12,Florida,51-4122,Welding  Soldering  and Brazing Machine Setters  Operators  and Tenders,2012,510,2022,550,40,8.6,20
12,Florida,13-1022,Wholesale and Retail Buyers  Except Farm Products,2012,4500,2022,5120,620,13.7,180
12,Florida,51-7042,Woodworking Machine Setters  Operators  and Tenders  Except Sawing,2012,2030,2022,2930,900,44.3,110
12,Florida,43-9022,Word Processors and Typists,2012,3590,2022,3210,-380,-10.4,20
12,Florida,27-3043,Writers and Authors,2012,6280,2022,6800,520,8.3,220
12,Florida,19-1023,Zoologists and Wildlife Biologists,2012,1490,2022,1460,-30,-2,30
