STFIPS,AreaName,OccupationCode,OccupationName,BaseYear,Base,ProjYear,Proj,Change,PercentChange,AvgAnnualOpenings
13,Georgia,13-2011,Accountants and Auditors,2012,39310,2022,49420,10110,25.7,2180
13,Georgia,15-2011,Actuaries,2012,400,2022,540,140,35.1,30
13,Georgia,51-9191,Adhesive Bonding Machine Operators and Tenders,2012,560,2022,710,150,26.2,30
13,Georgia,23-1021,Administrative Law Judges  Adjudicators  and Hearing Officers,2012,640,2022,560,-80,-12.7,10
13,Georgia,Nov-11,Administrative Services Managers,2012,12670,2022,15530,2860,22.5,490
13,Georgia,25-3011,Adult Basic and Secondary Education and Literacy Teachers and Instructors,2012,1110,2022,1370,260,23.7,50
13,Georgia,Nov-11,Advertising and Promotions Managers,2012,1650,2022,1930,280,17.3,80
13,Georgia,41-3011,Advertising Sales Agents,2012,5880,2022,6260,380,6.5,220
13,Georgia,17-3021,Aerospace Engineering and Operations Technicians,2012,470,2022,590,120,25.1,20
13,Georgia,17-2011,Aerospace Engineers,2012,2080,2022,2590,510,24.2,100
13,Georgia,13-1011,Agents and Business Managers of Artists  Performers  and Athletes,2012,430,2022,700,270,62.6,40
13,Georgia,19-4011,Agricultural and Food Science Technicians,2012,520,2022,620,100,18.8,30
13,Georgia,17-2021,Agricultural Engineers,2012,130,2022,160,30,24.4,10
13,Georgia,45-2091,Agricultural Equipment Operators,2012,1380,2022,1270,-110,-8.1,40
13,Georgia,25-1041,Agricultural Sciences Teachers  Postsecondary,2012,460,2022,610,150,32.4,20
13,Georgia,45-2099,Agricultural Workers  All Other,2012,270,2022,250,-20,-9.9,10
13,Georgia,53-2021,Air Traffic Controllers,2012,1140,2022,1210,70,6.2,60
13,Georgia,53-1011,Aircraft Cargo Handling Supervisors,2012,220,2022,240,20,5.8,10
13,Georgia,49-3011,Aircraft Mechanics and Service Technicians,2012,8260,2022,8530,270,3.2,250
13,Georgia,51-2011,Aircraft Structure  Surfaces  Rigging  and Systems Assemblers,2012,1380,2022,1930,550,40.3,80
13,Georgia,53-2022,Airfield Operations Specialists,2012,510,2022,570,60,11.4,30
13,Georgia,53-2011,Airline Pilots  Copilots  and Flight Engineers,2012,7410,2022,8220,810,10.9,300
13,Georgia,53-3011,Ambulance Drivers and Attendants  Except Emergency Medical Technicians,2012,530,2022,700,170,32.6,30
13,Georgia,39-3091,Amusement and Recreation Attendants,2012,8580,2022,10390,1810,21,610
13,Georgia,29-1061,Anesthesiologists,2012,960,2022,1320,360,38.5,60
13,Georgia,39-2011,Animal Trainers,2012,350,2022,410,60,17,50
13,Georgia,19-3091,Anthropologists and Archeologists,2012,150,2022,200,50,29.6,10
13,Georgia,25-1061,Anthropology and Archeology Teachers  Postsecondary,2012,90,2022,120,30,37.9,0
13,Georgia,13-2021,Appraisers and Assessors of Real Estate,2012,2700,2022,2820,120,4.5,40
13,Georgia,23-1022,Arbitrators  Mediators  and Conciliators,2012,120,2022,120,0,3.3,0
13,Georgia,17-1011,Architects  Except Landscape and Naval,2012,2880,2022,3630,750,26.3,140
13,Georgia,17-3011,Architectural and Civil Drafters,2012,2130,2022,2320,190,8.8,50
13,Georgia,Nov-41,Architectural and Engineering Managers,2012,4910,2022,5890,980,19.8,220
13,Georgia,25-1031,Architecture Teachers  Postsecondary,2012,180,2022,250,70,41.6,10
13,Georgia,25-4011,Archivists,2012,80,2022,100,20,23.1,0
13,Georgia,25-1062,Area  Ethnic  and Cultural Studies Teachers  Postsecondary,2012,100,2022,140,40,42.1,10
13,Georgia,27-1011,Art Directors,2012,1750,2022,1880,130,7.2,50
13,Georgia,25-1121,Art  Drama  and Music Teachers  Postsecondary,2012,1860,2022,2640,780,42.5,110
13,Georgia,27-1019,Artists and Related Workers  All Other,2012,650,2022,600,-50,-7.8,20
13,Georgia,51-2099,Assemblers and Fabricators  All Other,2012,4220,2022,5630,1410,33.5,210
13,Georgia,29-9091,Athletic Trainers,2012,580,2022,750,170,31.1,30
13,Georgia,25-1051,Atmospheric  Earth  Marine  and Space Sciences Teachers  Postsecondary,2012,70,2022,100,30,37,0
13,Georgia,27-4011,Audio and Video Equipment Technicians,2012,3110,2022,3780,670,21.6,120
13,Georgia,29-1181,Audiologists,2012,190,2022,280,90,48.9,10
13,Georgia,25-9011,Audio-Visual and Multimedia Collections Specialists,2012,210,2022,250,40,16.7,10
13,Georgia,53-6031,Automotive and Watercraft Service Attendants,2012,3140,2022,3840,700,22.4,160
13,Georgia,49-3021,Automotive Body and Related Repairers,2012,5200,2022,5980,780,15,180
13,Georgia,49-3022,Automotive Glass Installers and Repairers,2012,190,2022,210,20,14.5,10
13,Georgia,49-3023,Automotive Service Technicians and Mechanics,2012,21310,2022,24160,2850,13.4,820
13,Georgia,49-2091,Avionics Technicians,2012,1240,2022,1350,110,8.8,40
13,Georgia,39-6011,Baggage Porters and Bellhops,2012,720,2022,770,50,6.2,20
13,Georgia,33-3011,Bailiffs,2012,1110,2022,1210,100,9.3,40
13,Georgia,51-3011,Bakers,2012,5120,2022,6140,1020,19.8,230
13,Georgia,39-5011,Barbers,2012,1140,2022,1280,140,12.1,40
13,Georgia,35-3011,Bartenders,2012,3900,2022,4970,1070,27.5,250
13,Georgia,49-3091,Bicycle Repairers,2012,390,2022,490,100,25.4,20
13,Georgia,43-3011,Bill and Account Collectors,2012,14060,2022,17630,3570,25.4,750
13,Georgia,43-3021,Billing and Posting Clerks,2012,16030,2022,20440,4410,27.5,740
13,Georgia,25-1042,Biological Science Teachers  Postsecondary,2012,900,2022,1290,390,43.3,50
13,Georgia,19-1029,Biological Scientists  All Other,2012,730,2022,710,-20,-2.7,20
13,Georgia,19-4021,Biological Technicians,2012,720,2022,730,10,2.5,20
13,Georgia,17-2031,Biomedical Engineers,2012,60,2022,70,10,18,0
13,Georgia,47-2011,Boilermakers,2012,280,2022,290,10,4.7,10
13,Georgia,43-3031,Bookkeeping  Accounting  and Auditing Clerks,2012,47980,2022,56620,8640,18,1310
13,Georgia,47-2021,Brickmasons and Blockmasons,2012,590,2022,870,280,46.7,30
13,Georgia,27-4012,Broadcast Technicians,2012,730,2022,770,40,6,20
13,Georgia,43-4011,Brokerage Clerks,2012,1060,2022,1260,200,18.6,50
13,Georgia,13-2031,Budget Analysts,2012,1860,2022,2030,170,9.2,90
13,Georgia,49-3031,Bus and Truck Mechanics and Diesel Engine Specialists,2012,6420,2022,7220,800,12.4,220
13,Georgia,53-3022,Bus Drivers  School or Special Client,2012,14930,2022,16920,1990,13.3,470
13,Georgia,53-3021,Bus Drivers  Transit and Intercity,2012,3700,2022,4510,810,21.9,150
13,Georgia,13-1199,Business Operations Specialists  All Other,2012,34210,2022,37530,3320,9.7,800
13,Georgia,25-1011,Business Teachers  Postsecondary,2012,2010,2022,2750,740,36.8,100
13,Georgia,51-3021,Butchers and Meat Cutters,2012,3100,2022,3550,450,14.5,120
13,Georgia,51-7011,Cabinetmakers and Bench Carpenters,2012,2180,2022,2910,730,33.2,90
13,Georgia,27-4031,Camera Operators  Television  Video  and Motion Picture,2012,290,2022,340,50,14.7,10
13,Georgia,29-2031,Cardiovascular Technologists and Technicians,2012,1450,2022,1810,360,24.3,60
13,Georgia,25-2023,Career/Technical Education Teachers  Middle School,2012,4500,2022,5600,1100,24.4,210
13,Georgia,25-2032,Career/Technical Education Teachers  Secondary School,2012,3020,2022,3750,730,24.3,160
13,Georgia,43-5011,Cargo and Freight Agents,2012,2640,2022,3550,910,34.6,160
13,Georgia,47-2031,Carpenters,2012,16520,2022,21770,5250,31.8,730
13,Georgia,47-2041,Carpet Installers,2012,660,2022,750,90,13.6,20
13,Georgia,17-1021,Cartographers and Photogrammetrists,2012,110,2022,120,10,7.2,0
13,Georgia,41-2011,Cashiers,2012,99770,2022,103500,3730,3.7,4690
13,Georgia,47-2051,Cement Masons and Concrete Finishers,2012,2240,2022,3160,920,40.8,120
13,Georgia,35-1011,Chefs and Head Cooks,2012,1840,2022,2100,260,14.3,60
13,Georgia,17-2041,Chemical Engineers,2012,560,2022,650,90,15.7,20
13,Georgia,51-9011,Chemical Equipment Operators and Tenders,2012,1650,2022,1750,100,5.9,70
13,Georgia,51-8091,Chemical Plant and System Operators,2012,1190,2022,950,-240,-20,40
13,Georgia,19-4031,Chemical Technicians,2012,1230,2022,1340,110,8.6,40
13,Georgia,25-1052,Chemistry Teachers  Postsecondary,2012,500,2022,700,200,40.2,30
13,Georgia,19-2031,Chemists,2012,1330,2022,1360,30,2.2,40
13,Georgia,11-1011,Chief Executives,2012,14840,2022,16390,1550,10.5,470
13,Georgia,21-1021,Child  Family  and School Social Workers,2012,6520,2022,6710,190,3,160
13,Georgia,39-9011,Childcare Workers,2012,37650,2022,48280,10630,28.2,2170
13,Georgia,29-1011,Chiropractors,2012,590,2022,690,100,17.7,20
13,Georgia,17-3022,Civil Engineering Technicians,2012,1550,2022,1800,250,16,60
13,Georgia,17-2051,Civil Engineers,2012,7150,2022,9230,2080,29.1,380
13,Georgia,13-1031,Claims Adjusters  Examiners  and Investigators,2012,7220,2022,7880,660,9.1,230
13,Georgia,53-7061,Cleaners of Vehicles and Equipment,2012,8300,2022,9780,1480,17.9,380
13,Georgia,51-9192,Cleaning  Washing  and Metal Pickling Equipment Operators and Tenders,2012,560,2022,590,30,6.1,20
13,Georgia,21-2011,Clergy,2012,3290,2022,3680,390,11.9,110
13,Georgia,19-3031,Clinical  Counseling  and School Psychologists,2012,3260,2022,3960,700,21.2,160
13,Georgia,27-2022,Coaches and Scouts,2012,3280,2022,4340,1060,32.6,200
13,Georgia,51-9121,Coating  Painting  and Spraying Machine Setters  Operators  and Tenders,2012,1880,2022,2020,140,7.7,50
13,Georgia,51-2021,Coil Winders  Tapers  and Finishers,2012,470,2022,540,70,15.3,10
13,Georgia,49-9091,Coin  Vending  and Amusement Machine Servicers and Repairers,2012,800,2022,900,100,11.8,20
13,Georgia,35-3021,Combined Food Preparation and Serving Workers  Including Fast Food,2012,169450,2022,192830,23380,13.8,8810
13,Georgia,27-1021,Commercial and Industrial Designers,2012,780,2022,840,60,8.5,30
13,Georgia,53-2012,Commercial Pilots,2012,740,2022,990,250,33.7,50
13,Georgia,43-2099,Communications Equipment Operators  All Other,2012,50,2022,50,0,2.2,0
13,Georgia,25-1122,Communications Teachers  Postsecondary,2012,550,2022,770,220,39,30
13,Georgia,21-1099,Community and Social Service Specialists  All Other,2012,2960,2022,2690,-270,-9.1,80
13,Georgia,21-1094,Community Health Workers,2012,1290,2022,1700,410,31.6,80
13,Georgia,Nov-11,Compensation and Benefits Managers,2012,500,2022,520,20,5.2,20
13,Georgia,13-1141,Compensation  Benefits  and Job Analysis Specialists,2012,2530,2022,2910,380,15,80
13,Georgia,13-1041,Compliance Officers,2012,6810,2022,7170,360,5.3,160
13,Georgia,15-1111,Computer and Information Research Scientists,2012,640,2022,740,100,16.4,20
13,Georgia,Nov-21,Computer and Information Systems Managers,2012,10520,2022,12680,2160,20.5,360
13,Georgia,17-2061,Computer Hardware Engineers,2012,1250,2022,1600,350,28.3,60
13,Georgia,15-1143,Computer Network Architects,2012,4100,2022,4690,590,14.4,120
13,Georgia,15-1152,Computer Network Support Specialists,2012,5890,2022,6500,610,10.4,150
13,Georgia,51-4012,Computer Numerically Controlled Machine Tool Programmers  Metal and Plastic,2012,250,2022,330,80,34.3,20
13,Georgia,15-1199,Computer Occupations  All Other,2012,4670,2022,4940,270,5.7,100
13,Georgia,43-9011,Computer Operators,2012,4150,2022,3640,-510,-12.4,40
13,Georgia,15-1131,Computer Programmers,2012,12730,2022,14670,1940,15.2,530
13,Georgia,25-1021,Computer Science Teachers  Postsecondary,2012,880,2022,1180,300,33.2,40
13,Georgia,15-1121,Computer Systems Analysts,2012,15800,2022,20810,5010,31.7,750
13,Georgia,15-1151,Computer User Support Specialists,2012,19870,2022,25420,5550,28,870
13,Georgia,49-2011,Computer  Automated Teller  and Office Machine Repairers,2012,4420,2022,4730,310,6.9,120
13,Georgia,51-4011,Computer-Controlled Machine Tool Operators  Metal and Plastic,2012,1390,2022,1980,590,41.7,100
13,Georgia,39-6012,Concierges,2012,630,2022,730,100,16.4,30
13,Georgia,19-1031,Conservation Scientists,2012,180,2022,180,0,-0.5,10
13,Georgia,47-4011,Construction and Building Inspectors,2012,2310,2022,2660,350,15.1,90
13,Georgia,47-2061,Construction Laborers,2012,28470,2022,37090,8620,30.3,1470
13,Georgia,Nov-21,Construction Managers,2012,12160,2022,14690,2530,20.8,440
13,Georgia,47-5041,Continuous Mining Machine Operators,2012,160,2022,130,-30,-20.5,0
13,Georgia,49-9012,Control and Valve Installers and Repairers  Except Mechanical Door,2012,910,2022,1030,120,12.7,40
13,Georgia,53-7011,Conveyor Operators and Tenders,2012,1260,2022,1420,160,12.7,50
13,Georgia,35-2019,Cooks  All Other,2012,460,2022,620,160,34,30
13,Georgia,35-2011,Cooks  Fast Food,2012,39330,2022,38340,-990,-2.5,780
13,Georgia,35-2012,Cooks  Institution and Cafeteria,2012,17650,2022,21690,4040,22.9,750
13,Georgia,35-2014,Cooks  Restaurant,2012,5220,2022,5970,750,14.2,180
13,Georgia,35-2015,Cooks  Short Order,2012,5000,2022,5130,130,2.7,110
13,Georgia,33-3012,Correctional Officers and Jailers,2012,17800,2022,17120,-680,-3.8,470
13,Georgia,43-4021,Correspondence Clerks,2012,190,2022,230,40,26.5,10
13,Georgia,13-1051,Cost Estimators,2012,4780,2022,6440,1660,34.7,320
13,Georgia,41-2021,Counter and Rental Clerks,2012,8980,2022,11010,2030,22.7,430
13,Georgia,35-3022,Counter Attendants  Cafeteria  Food Concession  and Coffee Shop,2012,9370,2022,9500,130,1.4,580
13,Georgia,43-5021,Couriers and Messengers,2012,2370,2022,2170,-200,-8.6,30
13,Georgia,23-2091,Court Reporters,2012,640,2022,770,130,19.6,20
13,Georgia,43-4031,Court  Municipal  and License Clerks,2012,4200,2022,4800,600,14.4,120
13,Georgia,27-1012,Craft Artists,2012,410,2022,480,70,19,20
13,Georgia,53-7021,Crane and Tower Operators,2012,810,2022,990,180,22.5,50
13,Georgia,13-2041,Credit Analysts,2012,2540,2022,2890,350,13.8,100
13,Georgia,43-4041,Credit Authorizers  Checkers  and Clerks,2012,1270,2022,1280,10,0.7,20
13,Georgia,13-2071,Credit Counselors,2012,700,2022,950,250,35.4,40
13,Georgia,25-1111,Criminal Justice and Law Enforcement Teachers  Postsecondary,2012,250,2022,340,90,35.5,10
13,Georgia,33-9091,Crossing Guards,2012,770,2022,800,30,3.2,10
13,Georgia,51-9021,Crushing  Grinding  and Polishing Machine Setters  Operators  and Tenders,2012,790,2022,730,-60,-7,20
13,Georgia,25-4012,Curators,2012,110,2022,150,40,34.9,10
13,Georgia,43-4051,Customer Service Representatives,2012,95900,2022,115410,19510,20.3,4560
13,Georgia,51-9031,Cutters and Trimmers  Hand,2012,720,2022,640,-80,-10.8,10
13,Georgia,51-9032,Cutting and Slicing Machine Setters  Operators  and Tenders,2012,1620,2022,1550,-70,-4.3,30
13,Georgia,51-4031,Cutting  Punching  and Press Machine Setters  Operators  and Tenders  Metal and Plastic,2012,4110,2022,4490,380,9.2,70
13,Georgia,43-9021,Data Entry Keyers,2012,7140,2022,5740,-1400,-19.6,90
13,Georgia,15-1141,Database Administrators,2012,4060,2022,4810,750,18.5,150
13,Georgia,31-9091,Dental Assistants,2012,7710,2022,10580,2870,37.3,450
13,Georgia,29-2021,Dental Hygienists,2012,5060,2022,7510,2450,48.3,370
13,Georgia,51-9081,Dental Laboratory Technicians,2012,1260,2022,1300,40,3.6,50
13,Georgia,29-1029,Dentists  All Other Specialists,2012,290,2022,360,70,23.3,10
13,Georgia,29-1021,Dentists  General,2012,5050,2022,6420,1370,27.1,260
13,Georgia,27-1029,Designers  All Other,2012,150,2022,190,40,22.7,10
13,Georgia,43-9031,Desktop Publishers,2012,410,2022,410,0,-0.5,10
13,Georgia,33-3021,Detectives and Criminal Investigators,2012,4060,2022,4200,140,3.6,100
13,Georgia,29-2032,Diagnostic Medical Sonographers,2012,1360,2022,2020,660,48.5,90
13,Georgia,29-2051,Dietetic Technicians,2012,810,2022,920,110,13.5,20
13,Georgia,29-1031,Dietitians and Nutritionists,2012,1610,2022,1860,250,15.4,40
13,Georgia,35-9011,Dining Room and Cafeteria Attendants and Bartender Helpers,2012,3990,2022,4980,990,25,280
13,Georgia,21-2021,Directors  Religious Activities and Education,2012,11430,2022,12490,1060,9.3,500
13,Georgia,35-9021,Dishwashers,2012,8500,2022,9060,560,6.5,430
13,Georgia,43-5032,Dispatchers  Except Police  Fire  and Ambulance,2012,5730,2022,6730,1000,17.6,270
13,Georgia,41-9091,Door-to-Door Sales Workers  News and Street Vendors  and Related Workers,2012,10680,2022,8920,-1760,-16.4,110
13,Georgia,17-3019,Drafters  All Other,2012,120,2022,150,30,31.6,10
13,Georgia,51-4032,Drilling and Boring Machine Tool Setters  Operators  and Tenders  Metal and Plastic,2012,380,2022,330,-50,-12,10
13,Georgia,53-3031,Driver/Sales Workers,2012,17540,2022,19790,2250,12.8,510
13,Georgia,47-2081,Drywall and Ceiling Tile Installers,2012,3190,2022,3790,600,18.9,90
13,Georgia,47-5021,Earth Drillers  Except Oil and Gas,2012,200,2022,180,-20,-6.7,10
13,Georgia,25-1063,Economics Teachers  Postsecondary,2012,300,2022,410,110,40,20
13,Georgia,19-3011,Economists,2012,290,2022,280,-10,-2.8,10
13,Georgia,27-3041,Editors,2012,1790,2022,1700,-90,-4.9,40
13,Georgia,Nov-39,Education Administrators  All Other,2012,810,2022,820,10,1.1,20
13,Georgia,Nov-32,Education Administrators  Elementary and Secondary School,2012,7240,2022,9010,1770,24.5,370
13,Georgia,Nov-33,Education Administrators  Postsecondary,2012,3280,2022,4450,1170,35.8,200
13,Georgia,Nov-31,Education Administrators  Preschool and Childcare Center/Program,2012,1680,2022,2120,440,25.8,90
13,Georgia,25-1081,Education Teachers  Postsecondary,2012,3480,2022,4890,1410,40.5,190
13,Georgia,25-9099,Education  Training  and Library Workers  All Other,2012,1470,2022,1590,120,8.1,20
13,Georgia,21-1012,Educational  Guidance  School  and Vocational Counselors,2012,6140,2022,8040,1900,30.9,320
13,Georgia,49-2092,Electric Motor  Power Tool  and Related Repairers,2012,290,2022,300,10,3.4,10
13,Georgia,51-2022,Electrical and Electronic Equipment Assemblers,2012,2660,2022,3120,460,17.3,80
13,Georgia,17-3012,Electrical and Electronics Drafters,2012,550,2022,680,130,24.2,20
13,Georgia,17-3023,Electrical and Electronics Engineering Technicians,2012,4280,2022,4660,380,9,130
13,Georgia,49-2093,Electrical and Electronics Installers and Repairers  Transportation Equipment,2012,400,2022,490,90,22.4,20
13,Georgia,49-2094,Electrical and Electronics Repairers  Commercial and Industrial Equipment,2012,3750,2022,3890,140,3.7,90
13,Georgia,49-2095,Electrical and Electronics Repairers  Powerhouse  Substation  and Relay,2012,720,2022,850,130,17.2,30
13,Georgia,17-2071,Electrical Engineers,2012,3640,2022,4360,720,19.6,150
13,Georgia,49-9051,Electrical Power-Line Installers and Repairers,2012,5700,2022,6410,710,12.5,270
13,Georgia,47-2111,Electricians,2012,17730,2022,21540,3810,21.5,720
13,Georgia,51-2023,Electromechanical Equipment Assemblers,2012,810,2022,980,170,21.1,30
13,Georgia,17-3024,Electro-Mechanical Technicians,2012,420,2022,490,70,16.6,20
13,Georgia,49-2096,Electronic Equipment Installers and Repairers  Motor Vehicles,2012,130,2022,130,0,1.5,0
13,Georgia,49-2097,Electronic Home Entertainment Equipment Installers and Repairers,2012,340,2022,330,-10,-1.5,10
13,Georgia,17-2072,Electronics Engineers  Except Computer,2012,4930,2022,5590,660,13.4,170
13,Georgia,25-2021,Elementary School Teachers  Except Special Education,2012,42300,2022,56170,13870,32.8,2320
13,Georgia,47-4021,Elevator Installers and Repairers,2012,800,2022,1020,220,28,40
13,Georgia,43-4061,Eligibility Interviewers  Government Programs,2012,1780,2022,1900,120,6.9,50
13,Georgia,39-4011,Embalmers,2012,330,2022,290,-40,-11,10
13,Georgia,Nov-61,Emergency Management Directors,2012,260,2022,280,20,7.8,10
13,Georgia,29-2041,Emergency Medical Technicians and Paramedics,2012,9510,2022,12400,2890,30.4,550
13,Georgia,25-1032,Engineering Teachers  Postsecondary,2012,1000,2022,1370,370,37,50
13,Georgia,17-3029,Engineering Technicians  Except Drafters  All Other,2012,1160,2022,1200,40,2.9,30
13,Georgia,17-2199,Engineers  All Other,2012,2010,2022,2140,130,6.7,50
13,Georgia,25-1123,English Language and Literature Teachers  Postsecondary,2012,1770,2022,2340,570,32.2,80
13,Georgia,17-3025,Environmental Engineering Technicians,2012,710,2022,950,240,34.2,40
13,Georgia,17-2081,Environmental Engineers,2012,1580,2022,1820,240,15.2,60
13,Georgia,19-4091,Environmental Science and Protection Technicians  Including Health,2012,400,2022,460,60,13.2,20
13,Georgia,25-1053,Environmental Science Teachers  Postsecondary,2012,90,2022,110,20,34.1,0
13,Georgia,19-2041,Environmental Scientists and Specialists  Including Health,2012,1880,2022,2070,190,10.4,80
13,Georgia,19-1041,Epidemiologists,2012,130,2022,140,10,7.9,0
13,Georgia,51-9194,Etchers and Engravers,2012,170,2022,160,-10,-3,0
13,Georgia,53-7032,Excavating and Loading Machine and Dragline Operators,2012,850,2022,980,130,14.2,20
13,Georgia,43-6011,Executive Secretaries and Executive Administrative Assistants,2012,26430,2022,27580,1150,4.4,430
13,Georgia,29-1128,Exercise Physiologists,2012,200,2022,220,20,11.3,0
13,Georgia,47-5031,Explosives Workers  Ordnance Handling Experts  and Blasters,2012,60,2022,60,0,-1.6,0
13,Georgia,47-5099,Extraction Workers  All Other,2012,30,2022,30,0,6.5,0
13,Georgia,51-4021,Extruding and Drawing Machine Setters  Operators  and Tenders  Metal and Plastic,2012,2070,2022,1840,-230,-10.8,40
13,Georgia,51-6091,Extruding and Forming Machine Setters  Operators  and Tenders  Synthetic and Glass Fibers,2012,1650,2022,1350,-300,-18.1,30
13,Georgia,51-9041,Extruding  Forming  Pressing  and Compacting Machine Setters  Operators  and Tenders,2012,2190,2022,2530,340,15.5,90
13,Georgia,49-9093,Fabric Menders  Except Garment,2012,270,2022,230,-40,-13.2,0
13,Georgia,45-4021,Fallers,2012,60,2022,30,-30,-45.9,0
13,Georgia,29-1062,Family and General Practitioners,2012,1550,2022,1980,430,28.3,80
13,Georgia,25-9021,Farm and Home Management Advisors,2012,560,2022,720,160,29.1,20
13,Georgia,49-3041,Farm Equipment Mechanics and Service Technicians,2012,460,2022,470,10,2.2,20
13,Georgia,Nov-13,Farmers  Ranchers  and Other Agricultural Managers,2012,21160,2022,16600,-4560,-21.5,310
13,Georgia,45-2092,Farmworkers and Laborers  Crop  Nursery  and Greenhouse,2012,17030,2022,14580,-2450,-14.4,540
13,Georgia,45-2093,Farmworkers  Farm  Ranch  and Aquacultural Animals,2012,1950,2022,1840,-110,-5.7,60
13,Georgia,27-1022,Fashion Designers,2012,160,2022,180,20,14.1,10
13,Georgia,51-2091,Fiberglass Laminators and Fabricators,2012,630,2022,720,90,15.3,20
13,Georgia,43-4071,File Clerks,2012,3690,2022,4030,340,9.3,120
13,Georgia,13-2051,Financial Analysts,2012,7370,2022,8930,1560,21.2,340
13,Georgia,43-3099,Financial Clerks  All Other,2012,510,2022,590,80,15.6,20
13,Georgia,13-2061,Financial Examiners,2012,1210,2022,1280,70,5.8,40
13,Georgia,Nov-31,Financial Managers,2012,14660,2022,17070,2410,16.4,520
13,Georgia,13-2099,Financial Specialists  All Other,2012,4010,2022,4340,330,8.3,80
13,Georgia,27-1013,Fine Artists  Including Painters  Sculptors  and Illustrators,2012,570,2022,600,30,5.6,20
13,Georgia,33-2021,Fire Inspectors and Investigators,2012,270,2022,280,10,3.7,10
13,Georgia,33-2011,Firefighters,2012,10290,2022,11400,1110,10.8,390
13,Georgia,47-1011,First-Line Supervisors of Construction Trades and Extraction Workers,2012,13120,2022,16670,3550,27,500
13,Georgia,33-1011,First-Line Supervisors of Correctional Officers,2012,950,2022,930,-20,-1.9,30
13,Georgia,45-1011,First-Line Supervisors of Farming  Fishing  and Forestry Workers,2012,1190,2022,1100,-90,-7.8,30
13,Georgia,33-1021,First-Line Supervisors of Fire Fighting and Prevention Workers,2012,1680,2022,1820,140,8.6,90
13,Georgia,35-1012,First-Line Supervisors of Food Preparation and Serving Workers,2012,28740,2022,32770,4030,14,1210
13,Georgia,53-1021,First-Line Supervisors of Helpers  Laborers  and Material Movers  Hand,2012,6930,2022,8110,1180,17,310
13,Georgia,37-1011,First-Line Supervisors of Housekeeping and Janitorial Workers,2012,7120,2022,8400,1280,18.1,300
13,Georgia,37-1012,First-Line Supervisors of Landscaping  Lawn Service  and Groundskeeping Workers,2012,6460,2022,7530,1070,16.6,180
13,Georgia,49-1011,First-Line Supervisors of Mechanics  Installers  and Repairers,2012,13520,2022,15300,1780,13.1,540
13,Georgia,41-1012,First-Line Supervisors of Non-Retail Sales Workers,2012,8540,2022,8990,450,5.3,150
13,Georgia,43-1011,First-Line Supervisors of Office and Administrative Support Workers,2012,40580,2022,48800,8220,20.2,1780
13,Georgia,39-1021,First-Line Supervisors of Personal Service Workers,2012,4500,2022,5200,700,15.4,150
13,Georgia,33-1012,First-Line Supervisors of Police and Detectives,2012,4640,2022,4860,220,4.6,160
13,Georgia,51-1011,First-Line Supervisors of Production and Operating Workers,2012,17680,2022,18330,650,3.7,310
13,Georgia,33-1099,First-Line Supervisors of Protective Service Workers  All Other,2012,1760,2022,1850,90,5.2,50
13,Georgia,41-1011,First-Line Supervisors of Retail Sales Workers,2012,45860,2022,48380,2520,5.5,1250
13,Georgia,53-1031,First-Line Supervisors of Transportation and Material-Moving Machine and Vehicle Operators,2012,6320,2022,7190,870,13.8,260
13,Georgia,33-3031,Fish and Game Wardens,2012,470,2022,400,-70,-15.6,10
13,Georgia,39-9031,Fitness Trainers and Aerobics Instructors,2012,5490,2022,6500,1010,18.5,170
13,Georgia,53-2031,Flight Attendants,2012,8600,2022,9620,1020,11.8,240
13,Georgia,47-2042,Floor Layers  Except Carpet  Wood  and Hard Tiles,2012,90,2022,110,20,18.9,0
13,Georgia,27-1023,Floral Designers,2012,1380,2022,1420,40,2.8,40
13,Georgia,51-3091,Food and Tobacco Roasting  Baking  and Drying Machine Operators and Tenders,2012,130,2022,140,10,9.4,0
13,Georgia,51-3092,Food Batchmakers,2012,2190,2022,2270,80,3.6,80
13,Georgia,51-3093,Food Cooking Machine Operators and Tenders,2012,1030,2022,1090,60,6.3,30
13,Georgia,35-9099,Food Preparation and Serving Related Workers  All Other,2012,270,2022,330,60,21.9,20
13,Georgia,35-2021,Food Preparation Workers,2012,14290,2022,15720,1430,10,550
13,Georgia,51-3099,Food Processing Workers  All Other,2012,690,2022,850,160,22.6,30
13,Georgia,19-1012,Food Scientists and Technologists,2012,950,2022,1060,110,11.6,40
13,Georgia,35-3041,Food Servers  Nonrestaurant,2012,3690,2022,4330,640,17.4,170
13,Georgia,Nov-51,Food Service Managers,2012,8450,2022,8610,160,1.9,170
13,Georgia,25-1124,Foreign Language and Literature Teachers  Postsecondary,2012,530,2022,740,210,38.8,30
13,Georgia,19-4092,Forensic Science Technicians,2012,380,2022,350,-30,-7.8,20
13,Georgia,19-4093,Forest and Conservation Technicians,2012,330,2022,350,20,4.5,20
13,Georgia,45-4011,Forest and Conservation Workers,2012,740,2022,780,40,5.1,10
13,Georgia,33-2022,Forest Fire Inspectors and Prevention Specialists,2012,130,2022,110,-20,-13.1,0
13,Georgia,19-1032,Foresters,2012,220,2022,200,-20,-6.9,10
13,Georgia,25-1043,Forestry and Conservation Science Teachers  Postsecondary,2012,60,2022,80,20,31.7,0
13,Georgia,51-4022,Forging Machine Setters  Operators  and Tenders  Metal and Plastic,2012,500,2022,500,0,1.4,10
13,Georgia,51-4071,Foundry Mold and Coremakers,2012,120,2022,110,-10,-5.8,0
13,Georgia,13-1131,Fundraisers,2012,5200,2022,5740,540,10.4,160
13,Georgia,39-4021,Funeral Attendants,2012,1670,2022,1770,100,5.8,50
13,Georgia,Nov-61,Funeral Service Managers,2012,320,2022,370,50,17,10
13,Georgia,51-9051,Furnace  Kiln  Oven  Drier  and Kettle Operators and Tenders,2012,810,2022,810,0,0.9,20
13,Georgia,51-7021,Furniture Finishers,2012,260,2022,350,90,32.2,10
13,Georgia,11-1021,General and Operations Managers,2012,71410,2022,84890,13480,18.9,2680
13,Georgia,19-3092,Geographers,2012,30,2022,50,20,32.4,0
13,Georgia,25-1064,Geography Teachers  Postsecondary,2012,90,2022,120,30,35.2,0
13,Georgia,19-2042,Geoscientists  Except Hydrologists and Geographers,2012,350,2022,390,40,13.2,20
13,Georgia,47-2121,Glaziers,2012,300,2022,380,80,27.3,20
13,Georgia,45-2041,Graders and Sorters  Agricultural Products,2012,2020,2022,1870,-150,-7.6,40
13,Georgia,25-1191,Graduate Teaching Assistants,2012,8100,2022,10930,2830,35,410
13,Georgia,27-1024,Graphic Designers,2012,6950,2022,7700,750,10.8,260
13,Georgia,51-9022,Grinding and Polishing Workers  Hand,2012,860,2022,950,90,10,30
13,Georgia,51-4033,Grinding  Lapping  Polishing  and Buffing Machine Tool Setters  Operators  and Tenders  Metal and Plastic,2012,1430,2022,1320,-110,-7.6,30
13,Georgia,37-3019,Grounds Maintenance Workers  All Other,2012,730,2022,940,210,28.5,40
13,Georgia,39-5012,Hairdressers  Hairstylists  and Cosmetologists,2012,13610,2022,15140,1530,11.3,470
13,Georgia,47-4041,Hazardous Materials Removal Workers,2012,1040,2022,1200,160,15.9,40
13,Georgia,17-2111,Health and Safety Engineers  Except Mining Safety Engineers and Inspectors,2012,1030,2022,1150,120,11.4,40
13,Georgia,29-1199,Health Diagnosing and Treating Practitioners  All Other,2012,3180,2022,3100,-80,-2.5,70
13,Georgia,21-1091,Health Educators,2012,4150,2022,4610,460,11.1,150
13,Georgia,25-1071,Health Specialties Teachers  Postsecondary,2012,4870,2022,8060,3190,65.5,390
13,Georgia,29-2099,Health Technologists and Technicians  All Other,2012,1630,2022,1840,210,13,40
13,Georgia,29-9099,Healthcare Practitioners and Technical Workers  All Other,2012,400,2022,450,50,13.4,20
13,Georgia,21-1022,Healthcare Social Workers,2012,3880,2022,4620,740,19.1,160
13,Georgia,31-9099,Healthcare Support Workers  All Other,2012,2000,2022,2150,150,7.5,50
13,Georgia,51-4191,Heat Treating Equipment Setters  Operators  and Tenders  Metal and Plastic,2012,280,2022,310,30,9.2,10
13,Georgia,49-9021,Heating  Air Conditioning  and Refrigeration Mechanics and Installers,2012,8670,2022,10790,2120,24.5,430
13,Georgia,53-3032,Heavy and Tractor-Trailer Truck Drivers,2012,50870,2022,58100,7230,14.2,1540
13,Georgia,47-3019,Helpers  Construction Trades  All Other,2012,1040,2022,1470,430,40.6,60
13,Georgia,47-3012,Helpers--Carpenters,2012,780,2022,1000,220,27.9,30
13,Georgia,47-3013,Helpers--Electricians,2012,3020,2022,4250,1230,40.7,170
13,Georgia,47-5081,Helpers--Extraction Workers,2012,100,2022,110,10,9.1,0
13,Georgia,49-9098,Helpers--Installation  Maintenance  and Repair Workers,2012,4710,2022,5560,850,18,230
13,Georgia,47-3015,Helpers--Pipelayers  Plumbers  Pipefitters  and Steamfitters,2012,2460,2022,3190,730,30,110
13,Georgia,51-9198,Helpers--Production Workers,2012,15450,2022,18450,3000,19.5,570
13,Georgia,47-3016,Helpers--Roofers,2012,650,2022,810,160,24.5,30
13,Georgia,47-4051,Highway Maintenance Workers,2012,2490,2022,2730,240,9.6,60
13,Georgia,19-3093,Historians,2012,60,2022,60,0,-7.8,0
13,Georgia,25-1125,History Teachers  Postsecondary,2012,580,2022,800,220,39.1,30
13,Georgia,49-9031,Home Appliance Repairers,2012,480,2022,490,10,2.3,20
13,Georgia,25-1192,Home Economics Teachers  Postsecondary,2012,130,2022,180,50,36.7,10
13,Georgia,31-1011,Home Health Aides,2012,7950,2022,12340,4390,55.1,590
13,Georgia,35-9031,Hosts and Hostesses  Restaurant  Lounge  and Coffee Shop,2012,2770,2022,2990,220,7.8,230
13,Georgia,43-4081,Hotel  Motel  and Resort Desk Clerks,2012,7170,2022,7840,670,9.4,410
13,Georgia,43-4161,Human Resources Assistants  Except Payroll and Timekeeping,2012,4870,2022,5060,190,3.9,140
13,Georgia,Nov-21,Human Resources Managers,2012,3180,2022,3870,690,21.6,150
13,Georgia,13-1071,Human Resources Specialists,2012,13280,2022,15370,2090,15.7,450
13,Georgia,19-2043,Hydrologists,2012,70,2022,70,0,6.2,0
13,Georgia,17-3026,Industrial Engineering Technicians,2012,1120,2022,1200,80,7.1,30
13,Georgia,17-2112,Industrial Engineers,2012,5600,2022,6740,1140,20.2,280
13,Georgia,49-9041,Industrial Machinery Mechanics,2012,9960,2022,11460,1500,15.1,440
13,Georgia,Nov-51,Industrial Production Managers,2012,4110,2022,4300,190,4.6,90
13,Georgia,53-7051,Industrial Truck and Tractor Operators,2012,24310,2022,25020,710,2.9,630
13,Georgia,43-4199,Information and Record Clerks  All Other,2012,10560,2022,11340,780,7.4,310
13,Georgia,15-1122,Information Security Analysts,2012,2150,2022,2920,770,35.7,110
13,Georgia,51-9061,Inspectors  Testers  Sorters  Samplers  and Weighers,2012,13940,2022,15500,1560,11.2,460
13,Georgia,49-9099,Installation  Maintenance  and Repair Workers  All Other,2012,2430,2022,2750,320,12.9,70
13,Georgia,25-9031,Instructional Coordinators,2012,4260,2022,5360,1100,25.9,150
13,Georgia,47-2131,Insulation Workers  Floor  Ceiling  and Wall,2012,600,2022,790,190,31.7,30
13,Georgia,13-1032,Insurance Appraisers  Auto Damage,2012,900,2022,900,0,-0.3,20
13,Georgia,43-9041,Insurance Claims and Policy Processing Clerks,2012,8030,2022,9110,1080,13.5,320
13,Georgia,41-3021,Insurance Sales Agents,2012,11830,2022,13380,1550,13.1,430
13,Georgia,13-2053,Insurance Underwriters,2012,4350,2022,4380,30,0.8,120
13,Georgia,27-1025,Interior Designers,2012,2100,2022,2440,340,16.2,90
13,Georgia,29-1063,Internists  General,2012,1120,2022,1520,400,36,70
13,Georgia,27-3091,Interpreters and Translators,2012,1650,2022,2630,980,58.9,120
13,Georgia,43-4111,Interviewers  Except Eligibility and Loan,2012,4320,2022,4710,390,8.9,120
13,Georgia,37-2011,Janitors and Cleaners  Except Maids and Housekeeping Cleaners,2012,52860,2022,63600,10740,20.3,2070
13,Georgia,51-9071,Jewelers and Precious Stone and Metal Workers,2012,680,2022,660,-20,-3.4,10
13,Georgia,23-1023,Judges  Magistrate Judges  and Magistrates,2012,1470,2022,1500,30,2,30
13,Georgia,23-1012,Judicial Law Clerks,2012,280,2022,290,10,3.9,10
13,Georgia,25-2012,Kindergarten Teachers  Except Special Education,2012,6380,2022,8460,2080,32.6,390
13,Georgia,13-1075,Labor Relations Specialists,2012,1030,2022,930,-100,-10.4,20
13,Georgia,53-7062,Laborers and Freight  Stock  and Material Movers  Hand,2012,85460,2022,104150,18690,21.9,4520
13,Georgia,17-1012,Landscape Architects,2012,500,2022,620,120,25.4,30
13,Georgia,37-3011,Landscaping and Groundskeeping Workers,2012,27480,2022,32570,5090,18.5,1210
13,Georgia,51-4034,Lathe and Turning Machine Tool Setters  Operators  and Tenders  Metal and Plastic,2012,910,2022,1000,90,9.5,30
13,Georgia,51-6011,Laundry and Dry-Cleaning Workers,2012,6580,2022,6790,210,3.1,220
13,Georgia,25-1112,Law Teachers  Postsecondary,2012,200,2022,290,90,45,10
13,Georgia,23-1011,Lawyers,2012,19520,2022,23220,3700,19,680
13,Georgia,51-4192,Layout Workers  Metal and Plastic,2012,100,2022,110,10,9.6,0
13,Georgia,43-6012,Legal Secretaries,2012,5380,2022,5790,410,7.5,110
13,Georgia,23-2099,Legal Support Workers  All Other,2012,1230,2022,1210,-20,-1.5,20
13,Georgia,11-1031,Legislators,2012,1980,2022,2090,110,5.7,50
13,Georgia,25-4021,Librarians,2012,3770,2022,4650,880,23.4,170
13,Georgia,43-4121,Library Assistants  Clerical,2012,1740,2022,2190,450,25.6,120
13,Georgia,25-1082,Library Science Teachers  Postsecondary,2012,190,2022,250,60,33.9,10
13,Georgia,25-4031,Library Technicians,2012,1950,2022,2350,400,20.8,150
13,Georgia,29-2061,Licensed Practical and Licensed Vocational Nurses,2012,23210,2022,28930,5720,24.6,1140
13,Georgia,19-1099,Life Scientists  All Other,2012,40,2022,50,10,16.7,0
13,Georgia,19-4099,Life  Physical  and Social Science Technicians  All Other,2012,710,2022,840,130,17.6,40
13,Georgia,33-9092,Lifeguards  Ski Patrol  and Other Recreational Protective Service Workers,2012,3460,2022,4130,670,19.5,300
13,Georgia,53-3033,Light Truck or Delivery Services Drivers,2012,25450,2022,28480,3030,11.9,710
13,Georgia,53-7033,Loading Machine Operators  Underground Mining,2012,40,2022,30,-10,-19,0
13,Georgia,43-4131,Loan Interviewers and Clerks,2012,5740,2022,6380,640,11.1,100
13,Georgia,13-2072,Loan Officers,2012,8640,2022,9580,940,10.9,250
13,Georgia,39-3093,Locker Room  Coatroom  and Dressing Room Attendants,2012,350,2022,380,30,7.1,20
13,Georgia,49-9094,Locksmiths and Safe Repairers,2012,310,2022,350,40,11.3,10
13,Georgia,53-4011,Locomotive Engineers,2012,1220,2022,1360,140,11.1,50
13,Georgia,Nov-81,Lodging Managers,2012,1020,2022,1010,-10,-0.8,30
13,Georgia,45-4023,Log Graders and Scalers,2012,190,2022,110,-80,-38.7,0
13,Georgia,45-4022,Logging Equipment Operators,2012,1390,2022,1530,140,10.5,50
13,Georgia,45-4029,Logging Workers  All Other,2012,110,2022,90,-20,-19.5,0
13,Georgia,13-1081,Logisticians,2012,4120,2022,5130,1010,24.6,150
13,Georgia,53-7063,Machine Feeders and Offbearers,2012,4490,2022,4760,270,5.8,120
13,Georgia,51-4041,Machinists,2012,8620,2022,10520,1900,22,390
13,Georgia,29-2035,Magnetic Resonance Imaging Technologists,2012,750,2022,950,200,26.2,30
13,Georgia,37-2012,Maids and Housekeeping Cleaners,2012,38840,2022,47600,8760,22.5,1640
13,Georgia,43-9051,Mail Clerks and Mail Machine Operators  Except Postal Service,2012,2850,2022,2820,-30,-1.2,70
13,Georgia,49-9071,Maintenance and Repair Workers  General,2012,42110,2022,49340,7230,17.2,1530
13,Georgia,49-9043,Maintenance Workers  Machinery,2012,3160,2022,3350,190,6,60
13,Georgia,13-1111,Management Analysts,2012,35490,2022,44950,9460,26.7,1490
13,Georgia,Nov-99,Managers  All Other,2012,17430,2022,18870,1440,8.2,520
13,Georgia,39-5092,Manicurists and Pedicurists,2012,440,2022,490,50,12.9,10
13,Georgia,49-9095,Manufactured Building and Mobile Home Installers,2012,430,2022,440,10,2.4,10
13,Georgia,13-1161,Market Research Analysts and Marketing Specialists,2012,10740,2022,14800,4060,37.8,550
13,Georgia,Nov-21,Marketing Managers,2012,5440,2022,6520,1080,19.8,230
13,Georgia,31-9011,Massage Therapists,2012,5800,2022,6830,1030,17.8,160
13,Georgia,53-7199,Material Moving Workers  All Other,2012,430,2022,540,110,26,20
13,Georgia,17-2131,Materials Engineers,2012,340,2022,400,60,17.9,20
13,Georgia,19-2032,Materials Scientists,2012,180,2022,230,50,29.4,10
13,Georgia,25-1022,Mathematical Science Teachers  Postsecondary,2012,1380,2022,1800,420,30.7,60
13,Georgia,15-2091,Mathematical Technicians,2012,220,2022,220,0,-3.1,10
13,Georgia,51-3022,Meat  Poultry  and Fish Cutters and Trimmers,2012,8720,2022,9730,1010,11.6,320
13,Georgia,49-9011,Mechanical Door Repairers,2012,290,2022,380,90,32.1,20
13,Georgia,17-3013,Mechanical Drafters,2012,1260,2022,1390,130,10.5,30
13,Georgia,17-3027,Mechanical Engineering Technicians,2012,900,2022,1110,210,23.7,40
13,Georgia,17-2141,Mechanical Engineers,2012,4060,2022,4770,710,17.5,210
13,Georgia,27-4099,Media and Communication Equipment Workers  All Other,2012,280,2022,280,0,0.7,0
13,Georgia,27-3099,Media and Communication Workers  All Other,2012,210,2022,240,30,14.2,10
13,Georgia,29-2012,Medical and Clinical Laboratory Technicians,2012,8070,2022,10520,2450,30.3,460
13,Georgia,29-2011,Medical and Clinical Laboratory Technologists,2012,5170,2022,5720,550,10.7,190
13,Georgia,Nov-11,Medical and Health Services Managers,2012,8990,2022,11610,2620,29.1,480
13,Georgia,51-9082,Medical Appliance Technicians,2012,300,2022,370,70,25,20
13,Georgia,31-9092,Medical Assistants,2012,17520,2022,26270,8750,49.9,1210
13,Georgia,31-9093,Medical Equipment Preparers,2012,1350,2022,1620,270,19.9,50
13,Georgia,49-9062,Medical Equipment Repairers,2012,400,2022,550,150,37.2,30
13,Georgia,29-2071,Medical Records and Health Information Technicians,2012,4510,2022,5730,1220,27.1,240
13,Georgia,19-1042,Medical Scientists  Except Epidemiologists,2012,640,2022,830,190,28.5,30
13,Georgia,43-6013,Medical Secretaries,2012,13480,2022,20290,6810,50.4,840
13,Georgia,31-9094,Medical Transcriptionists,2012,1550,2022,1770,220,14.3,50
13,Georgia,13-1121,Meeting  Convention  and Event Planners,2012,2270,2022,3380,1110,48.7,140
13,Georgia,21-1023,Mental Health and Substance Abuse Social Workers,2012,1620,2022,2360,740,45.6,110
13,Georgia,21-1014,Mental Health Counselors,2012,2090,2022,3090,1000,48,140
13,Georgia,27-1026,Merchandise Displayers and Window Trimmers,2012,7490,2022,9060,1570,21,360
13,Georgia,51-4199,Metal Workers and Plastic Workers  All Other,2012,200,2022,190,-10,-2.1,0
13,Georgia,51-4051,Metal-Refining Furnace Operators and Tenders,2012,240,2022,240,0,0.9,0
13,Georgia,43-5041,Meter Readers  Utilities,2012,2280,2022,2500,220,9.9,80
13,Georgia,19-1022,Microbiologists,2012,820,2022,820,0,-0.5,20
13,Georgia,25-2022,Middle School Teachers  Except Special and Career/Technical Education,2012,22380,2022,29720,7340,32.8,1230
13,Georgia,51-4035,Milling and Planing Machine Setters  Operators  and Tenders  Metal and Plastic,2012,240,2022,240,0,1.3,10
13,Georgia,49-9044,Millwrights,2012,1640,2022,2100,460,27.4,70
13,Georgia,47-5042,Mine Cutting and Channeling Machine Operators,2012,110,2022,90,-20,-20,0
13,Georgia,17-2151,Mining and Geological Engineers  Including Mining Safety Engineers,2012,40,2022,40,0,-5.4,0
13,Georgia,47-5049,Mining Machine Operators  All Other,2012,150,2022,120,-30,-20.9,0
13,Georgia,51-9023,Mixing and Blending Machine Setters  Operators  and Tenders,2012,4130,2022,4450,320,7.9,150
13,Georgia,49-3042,Mobile Heavy Equipment Mechanics  Except Engines,2012,2960,2022,3240,280,9.7,110
13,Georgia,51-4061,Model Makers  Metal and Plastic,2012,40,2022,50,10,21.1,0
13,Georgia,51-9195,Molders  Shapers  and Casters  Except Metal and Plastic,2012,1510,2022,1980,470,31.7,100
13,Georgia,51-4072,Molding  Coremaking  and Casting Machine Setters  Operators  and Tenders  Metal and Plastic,2012,2680,2022,2470,-210,-7.8,30
13,Georgia,39-4031,Morticians  Undertakers  and Funeral Directors,2012,460,2022,540,80,16.7,20
13,Georgia,53-3099,Motor Vehicle Operators  All Other,2012,680,2022,940,260,39.9,50
13,Georgia,49-3052,Motorcycle Mechanics,2012,430,2022,490,60,16,20
13,Georgia,27-1014,Multimedia Artists and Animators,2012,2170,2022,2420,250,11.6,80
13,Georgia,51-4081,Multiple Machine Tool Setters  Operators  and Tenders  Metal and Plastic,2012,1500,2022,1560,60,4,40
13,Georgia,25-4013,Museum Technicians and Conservators,2012,150,2022,170,20,11.2,10
13,Georgia,27-2041,Music Directors and Composers,2012,820,2022,930,110,13,30
13,Georgia,Nov-21,Natural Sciences Managers,2012,2060,2022,2470,410,19.9,80
13,Georgia,15-1142,Network and Computer Systems Administrators,2012,11720,2022,14100,2380,20.3,420
13,Georgia,43-4141,New Accounts Clerks,2012,980,2022,970,-10,-1.7,30
13,Georgia,39-2021,Nonfarm Animal Caretakers,2012,4220,2022,4740,520,12.3,100
13,Georgia,17-2161,Nuclear Engineers,2012,220,2022,280,60,29.8,10
13,Georgia,29-2033,Nuclear Medicine Technologists,2012,490,2022,570,80,15.2,20
13,Georgia,29-1151,Nurse Anesthetists,2012,530,2022,670,140,28.2,30
13,Georgia,29-1161,Nurse Midwives,2012,250,2022,380,130,53.6,20
13,Georgia,29-1171,Nurse Practitioners,2012,3260,2022,5010,1750,53.9,240
13,Georgia,31-1014,Nursing Assistants,2012,36390,2022,44110,7720,21.2,1460
13,Georgia,25-1072,Nursing Instructors and Teachers  Postsecondary,2012,1420,2022,2200,780,55.5,100
13,Georgia,29-1064,Obstetricians and Gynecologists,2012,600,2022,840,240,39.6,40
13,Georgia,29-9011,Occupational Health and Safety Specialists,2012,1120,2022,1210,90,7.3,40
13,Georgia,29-9012,Occupational Health and Safety Technicians,2012,210,2022,220,10,3.8,10
13,Georgia,29-1122,Occupational Therapists,2012,2040,2022,2670,630,30.9,90
13,Georgia,31-2012,Occupational Therapy Aides,2012,250,2022,310,60,23.5,10
13,Georgia,31-2011,Occupational Therapy Assistants,2012,370,2022,540,170,47.9,30
13,Georgia,43-9199,Office and Administrative Support Workers  All Other,2012,1910,2022,1910,0,0.4,60
13,Georgia,43-9061,Office Clerks  General,2012,79920,2022,91010,11090,13.9,2790
13,Georgia,43-9071,Office Machine Operators  Except Computer,2012,2130,2022,2170,40,1.8,60
13,Georgia,47-2073,Operating Engineers and Other Construction Equipment Operators,2012,9070,2022,11030,1960,21.6,400
13,Georgia,15-2031,Operations Research Analysts,2012,1960,2022,2500,540,27.3,100
13,Georgia,51-9083,Ophthalmic Laboratory Technicians,2012,1900,2022,2200,300,15.5,90
13,Georgia,29-2057,Ophthalmic Medical Technicians,2012,700,2022,1050,350,50.6,40
13,Georgia,29-2081,Opticians  Dispensing,2012,1580,2022,2160,580,36.7,100
13,Georgia,29-1041,Optometrists,2012,870,2022,1160,290,32.5,50
13,Georgia,29-1022,Oral and Maxillofacial Surgeons,2012,100,2022,130,30,28.2,10
13,Georgia,43-4151,Order Clerks,2012,4940,2022,4920,-20,-0.5,130
13,Georgia,31-1015,Orderlies,2012,1040,2022,1130,90,8.8,30
13,Georgia,29-1023,Orthodontists,2012,170,2022,210,40,26.8,10
13,Georgia,49-3053,Outdoor Power Equipment and Other Small Engine Mechanics,2012,530,2022,580,50,8.8,20
13,Georgia,51-9111,Packaging and Filling Machine Operators and Tenders,2012,16010,2022,19250,3240,20.2,700
13,Georgia,53-7064,Packers and Packagers  Hand,2012,26790,2022,33210,6420,24,1350
13,Georgia,47-2141,Painters  Construction and Maintenance,2012,5900,2022,7170,1270,21.4,220
13,Georgia,51-9122,Painters  Transportation Equipment,2012,1580,2022,1900,320,20.4,60
13,Georgia,51-9123,Painting  Coating  and Decorating Workers,2012,450,2022,470,20,5.8,10
13,Georgia,51-9196,Paper Goods Machine Setters  Operators  and Tenders,2012,5070,2022,4140,-930,-18.5,50
13,Georgia,23-2011,Paralegals and Legal Assistants,2012,9110,2022,11360,2250,24.7,370
13,Georgia,53-6021,Parking Lot Attendants,2012,3470,2022,3400,-70,-2,170
13,Georgia,41-2022,Parts Salespersons,2012,5730,2022,6720,990,17.4,240
13,Georgia,51-4062,Patternmakers  Metal and Plastic,2012,60,2022,70,10,9.5,0
13,Georgia,47-2071,Paving  Surfacing  and Tamping Equipment Operators,2012,1990,2022,2430,440,22,70
13,Georgia,43-3051,Payroll and Timekeeping Clerks,2012,4440,2022,5300,860,19.3,180
13,Georgia,29-1065,Pediatricians  General,2012,1040,2022,1440,400,39.2,70
13,Georgia,39-9021,Personal Care Aides,2012,16440,2022,26630,10190,62,1140
13,Georgia,39-9099,Personal Care and Service Workers  All Other,2012,610,2022,770,160,26.3,30
13,Georgia,13-2052,Personal Financial Advisors,2012,5560,2022,7670,2110,38,300
13,Georgia,37-3012,Pesticide Handlers  Sprayers  and Applicators  Vegetation,2012,1170,2022,1350,180,15.3,50
13,Georgia,51-8093,Petroleum Pump System Operators  Refinery Operators  and Gaugers,2012,380,2022,360,-20,-6,10
13,Georgia,29-1051,Pharmacists,2012,9180,2022,10730,1550,16.9,370
13,Georgia,31-9095,Pharmacy Aides,2012,1270,2022,1460,190,14.8,40
13,Georgia,29-2052,Pharmacy Technicians,2012,12130,2022,15150,3020,24.9,420
13,Georgia,25-1126,Philosophy and Religion Teachers  Postsecondary,2012,620,2022,920,300,48.5,40
13,Georgia,31-9097,Phlebotomists,2012,2620,2022,3290,670,25.3,120
13,Georgia,27-4021,Photographers,2012,4060,2022,4320,260,6.5,70
13,Georgia,51-9151,Photographic Process Workers and Processing Machine Operators,2012,1240,2022,1320,80,6.7,40
13,Georgia,19-2099,Physical Scientists  All Other,2012,980,2022,1170,190,18.7,40
13,Georgia,31-2022,Physical Therapist Aides,2012,1010,2022,1450,440,43.8,70
13,Georgia,31-2021,Physical Therapist Assistants,2012,1080,2022,1490,410,38.8,70
13,Georgia,29-1123,Physical Therapists,2012,4210,2022,5670,1460,34.6,250
13,Georgia,29-1071,Physician Assistants,2012,2820,2022,4740,1920,67.9,240
13,Georgia,29-1069,Physicians and Surgeons  All Other,2012,11570,2022,16250,4680,40.4,760
13,Georgia,19-2012,Physicists,2012,80,2022,90,10,16.7,0
13,Georgia,25-1054,Physics Teachers  Postsecondary,2012,280,2022,400,120,40.1,20
13,Georgia,47-2072,Pile-Driver Operators,2012,30,2022,20,-10,-4,0
13,Georgia,47-2151,Pipelayers,2012,1300,2022,1520,220,16.9,40
13,Georgia,51-4193,Plating and Coating Machine Setters  Operators  and Tenders  Metal and Plastic,2012,730,2022,730,0,-0.3,10
13,Georgia,47-2152,Plumbers  Pipefitters  and Steamfitters,2012,9230,2022,11340,2110,22.9,330
13,Georgia,29-1081,Podiatrists,2012,200,2022,240,40,21.4,10
13,Georgia,33-3051,Police and Sheriff's Patrol Officers,2012,19960,2022,21560,1600,8,790
13,Georgia,43-5031,Police  Fire  and Ambulance Dispatchers,2012,3280,2022,3660,380,11.4,130
13,Georgia,25-1065,Political Science Teachers  Postsecondary,2012,410,2022,570,160,40,20
13,Georgia,43-5051,Postal Service Clerks,2012,2010,2022,1550,-460,-22.7,30
13,Georgia,43-5052,Postal Service Mail Carriers,2012,8680,2022,7200,-1480,-17,300
13,Georgia,43-5053,Postal Service Mail Sorters  Processors  and Processing Machine Operators,2012,3570,2022,2840,-730,-20.4,30
13,Georgia,Nov-31,Postmasters and Mail Superintendents,2012,460,2022,400,-60,-13.9,10
13,Georgia,25-1199,Postsecondary Teachers  All Other,2012,4960,2022,6920,1960,39.6,270
13,Georgia,51-4052,Pourers and Casters  Metal,2012,40,2022,20,-20,-36.1,0
13,Georgia,51-8012,Power Distributors and Dispatchers,2012,330,2022,380,50,13.8,20
13,Georgia,51-8013,Power Plant Operators,2012,810,2022,810,0,-0.4,30
13,Georgia,49-9069,Precision Instrument and Equipment Repairers  All Other,2012,190,2022,170,-20,-7,10
13,Georgia,51-5111,Prepress Technicians and Workers,2012,890,2022,840,-50,-5.6,20
13,Georgia,25-2011,Preschool Teachers  Except Special Education,2012,12000,2022,15300,3300,27.6,670
13,Georgia,51-6021,Pressers  Textile  Garment  and Related Materials,2012,2080,2022,2150,70,3,30
13,Georgia,51-5113,Print Binding and Finishing Workers,2012,1530,2022,1700,170,11.1,40
13,Georgia,51-5112,Printing Press Operators,2012,4830,2022,4890,60,1.2,90
13,Georgia,33-9021,Private Detectives and Investigators,2012,720,2022,780,60,8.7,30
13,Georgia,21-1092,Probation Officers and Correctional Treatment Specialists,2012,4080,2022,3650,-430,-10.4,110
13,Georgia,43-3061,Procurement Clerks,2012,2820,2022,2890,70,2.6,110
13,Georgia,27-2012,Producers and Directors,2012,2350,2022,2590,240,10.2,100
13,Georgia,51-9199,Production Workers  All Other,2012,10100,2022,11040,940,9.4,340
13,Georgia,43-5061,Production  Planning  and Expediting Clerks,2012,10010,2022,11110,1100,11,360
13,Georgia,43-9081,Proofreaders and Copy Markers,2012,190,2022,210,20,9,10
13,Georgia,Nov-41,Property  Real Estate  and Community Association Managers,2012,7830,2022,9490,1660,21.1,340
13,Georgia,33-9099,Protective Service Workers  All Other,2012,1010,2022,1170,160,15.3,90
13,Georgia,31-1013,Psychiatric Aides,2012,1390,2022,2150,760,55.3,100
13,Georgia,29-2053,Psychiatric Technicians,2012,440,2022,640,200,43.7,20
13,Georgia,29-1066,Psychiatrists,2012,450,2022,600,150,33.6,30
13,Georgia,19-3039,Psychologists  All Other,2012,390,2022,470,80,20.3,20
13,Georgia,25-1066,Psychology Teachers  Postsecondary,2012,810,2022,1140,330,39.9,40
13,Georgia,Nov-31,Public Relations and Fundraising Managers,2012,2050,2022,2380,330,15.8,80
13,Georgia,27-3031,Public Relations Specialists,2012,5590,2022,6740,1150,20.4,190
13,Georgia,53-7072,Pump Operators  Except Wellhead Pumpers,2012,160,2022,140,-20,-11.1,10
13,Georgia,13-1023,Purchasing Agents  Except Wholesale  Retail  and Farm Products,2012,8020,2022,8830,810,10.2,230
13,Georgia,Nov-61,Purchasing Managers,2012,2070,2022,2240,170,8.2,60
13,Georgia,29-1124,Radiation Therapists,2012,480,2022,590,110,22.8,20
13,Georgia,27-3011,Radio and Television Announcers,2012,460,2022,470,10,2.6,10
13,Georgia,49-2021,Radio  Cellular  and Tower Equipment Installers and Repairs,2012,550,2022,720,170,31.8,30
13,Georgia,29-2034,Radiologic Technologists,2012,5400,2022,6630,1230,22.7,200
13,Georgia,49-3043,Rail Car Repairers,2012,640,2022,720,80,12.2,30
13,Georgia,53-4013,Rail Yard Engineers  Dinkey Operators  and Hostlers,2012,250,2022,240,-10,-3.7,10
13,Georgia,53-4021,Railroad Brake  Signal  and Switch Operators,2012,760,2022,850,90,11.5,30
13,Georgia,53-4031,Railroad Conductors and Yardmasters,2012,1300,2022,1450,150,11.5,50
13,Georgia,47-4061,Rail-Track Laying and Maintenance Equipment Operators,2012,490,2022,560,70,14.6,20
13,Georgia,41-9021,Real Estate Brokers,2012,3320,2022,3920,600,18,90
13,Georgia,41-9022,Real Estate Sales Agents,2012,15620,2022,18710,3090,19.8,460
13,Georgia,43-4171,Receptionists and Information Clerks,2012,24300,2022,31040,6740,27.7,1330
13,Georgia,25-1193,Recreation and Fitness Studies Teachers  Postsecondary,2012,340,2022,470,130,37.8,20
13,Georgia,39-9032,Recreation Workers,2012,7340,2022,8730,1390,18.9,230
13,Georgia,29-1125,Recreational Therapists,2012,620,2022,730,110,17,20
13,Georgia,49-3092,Recreational Vehicle Service Technicians,2012,50,2022,60,10,22.2,0
13,Georgia,53-7081,Refuse and Recyclable Material Collectors,2012,4710,2022,5620,910,19.3,190
13,Georgia,29-1141,Registered Nurses,2012,64970,2022,75380,10410,16,2300
13,Georgia,21-1015,Rehabilitation Counselors,2012,700,2022,790,90,12.1,20
13,Georgia,47-2171,Reinforcing Iron and Rebar Workers,2012,190,2022,250,60,30.2,10
13,Georgia,21-2099,Religious Workers  All Other,2012,5840,2022,6410,570,9.7,190
13,Georgia,27-3022,Reporters and Correspondents,2012,900,2022,720,-180,-20.2,30
13,Georgia,43-4181,Reservation and Transportation Ticket Agents and Travel Clerks,2012,9860,2022,9400,-460,-4.7,130
13,Georgia,39-9041,Residential Advisors,2012,2930,2022,3540,610,20.6,190
13,Georgia,29-1126,Respiratory Therapists,2012,3790,2022,4200,410,10.9,100
13,Georgia,29-2054,Respiratory Therapy Technicians,2012,540,2022,650,110,21.1,20
13,Georgia,41-2031,Retail Salespersons,2012,145960,2022,153750,7790,5.3,5770
13,Georgia,49-9096,Riggers,2012,250,2022,320,70,27.8,10
13,Georgia,47-5051,Rock Splitters  Quarry,2012,150,2022,120,-30,-17.1,0
13,Georgia,51-4023,Rolling Machine Setters  Operators  and Tenders  Metal and Plastic,2012,420,2022,450,30,6.9,10
13,Georgia,47-2181,Roofers,2012,2740,2022,3220,480,17.4,110
13,Georgia,41-9099,Sales and Related Workers  All Other,2012,4240,2022,5120,880,20.8,170
13,Georgia,41-9031,Sales Engineers,2012,1910,2022,2270,360,18.4,70
13,Georgia,Nov-22,Sales Managers,2012,12400,2022,14550,2150,17.4,480
13,Georgia,41-3099,Sales Representatives  Services  All Other,2012,15840,2022,20340,4500,28.4,880
13,Georgia,41-4012,Sales Representatives  Wholesale and Manufacturing  Except Technical and Scientific Products,2012,56220,2022,67450,11230,20,2220
13,Georgia,41-4011,Sales Representatives  Wholesale and Manufacturing  Technical and Scientific Products,2012,11370,2022,13480,2110,18.5,430
13,Georgia,51-7041,Sawing Machine Setters  Operators  and Tenders  Wood,2012,1410,2022,1830,420,29.7,80
13,Georgia,25-2031,Secondary School Teachers  Except Special and Career/Technical Education,2012,21630,2022,26990,5360,24.8,1120
13,Georgia,43-6014,Secretaries and Administrative Assistants  Except Legal  Medical  and Executive,2012,51850,2022,63030,11180,21.6,1740
13,Georgia,41-3031,Securities  Commodities  and Financial Services Sales Agents,2012,5610,2022,6850,1240,22,250
13,Georgia,49-2098,Security and Fire Alarm Systems Installers,2012,1240,2022,1420,180,14.1,40
13,Georgia,33-9032,Security Guards,2012,31590,2022,35570,3980,12.6,880
13,Georgia,25-3021,Self-Enrichment Education Teachers,2012,8550,2022,10450,1900,22.1,340
13,Georgia,51-9012,Separating  Filtering  Clarifying  Precipitating  and Still Machine Setters  Operators  and Tenders,2012,1070,2022,990,-80,-7.9,40
13,Georgia,47-4071,Septic Tank Servicers and Sewer Pipe Cleaners,2012,630,2022,730,100,15.9,20
13,Georgia,27-1027,Set and Exhibit Designers,2012,480,2022,560,80,18.2,20
13,Georgia,51-6051,Sewers  Hand,2012,420,2022,380,-40,-9.7,0
13,Georgia,51-6031,Sewing Machine Operators,2012,5470,2022,3920,-1550,-28.3,30
13,Georgia,47-2211,Sheet Metal Workers,2012,5630,2022,6700,1070,19,210
13,Georgia,43-5071,Shipping  Receiving  and Traffic Clerks,2012,23630,2022,25730,2100,8.9,830
13,Georgia,51-6041,Shoe and Leather Workers and Repairers,2012,170,2022,170,0,-1.2,0
13,Georgia,49-9097,Signal and Track Switch Repairers,2012,270,2022,300,30,11.2,10
13,Georgia,39-5094,Skincare Specialists,2012,920,2022,1270,350,38.2,40
13,Georgia,51-3023,Slaughterers and Meat Packers,2012,4720,2022,4560,-160,-3.3,120
13,Georgia,Nov-51,Social and Community Service Managers,2012,2320,2022,2820,500,21.4,100
13,Georgia,21-1093,Social and Human Service Assistants,2012,8410,2022,10290,1880,22.4,410
13,Georgia,19-4061,Social Science Research Assistants,2012,170,2022,210,40,19.2,10
13,Georgia,25-1069,Social Sciences Teachers  Postsecondary  All Other,2012,110,2022,150,40,33,10
13,Georgia,19-3099,Social Scientists and Related Workers  All Other,2012,620,2022,600,-20,-2,10
13,Georgia,25-1113,Social Work Teachers  Postsecondary,2012,130,2022,180,50,38.6,10
13,Georgia,21-1029,Social Workers  All Other,2012,1290,2022,1540,250,19.7,50
13,Georgia,25-1067,Sociology Teachers  Postsecondary,2012,470,2022,620,150,33.5,20
13,Georgia,15-1132,Software Developers  Applications,2012,13210,2022,16390,3180,24.1,490
13,Georgia,15-1133,Software Developers  Systems Software,2012,11410,2022,14300,2890,25.4,440
13,Georgia,19-1013,Soil and Plant Scientists,2012,130,2022,130,0,0,10
13,Georgia,27-4014,Sound Engineering Technicians,2012,370,2022,420,50,15.3,10
13,Georgia,25-2059,Special Education Teachers  All Other,2012,3060,2022,3430,370,12,90
13,Georgia,25-2052,Special Education Teachers  Kindergarten and Elementary School,2012,6950,2022,8650,1700,24.4,290
13,Georgia,25-2053,Special Education Teachers  Middle School,2012,4530,2022,5640,1110,24.3,190
13,Georgia,25-2051,Special Education Teachers  Preschool,2012,250,2022,320,70,24.9,10
13,Georgia,25-2054,Special Education Teachers  Secondary School,2012,4080,2022,5030,950,23.5,170
13,Georgia,29-1127,Speech-Language Pathologists,2012,2520,2022,3110,590,23.7,100
13,Georgia,51-8021,Stationary Engineers and Boiler Operators,2012,690,2022,670,-20,-3.8,20
13,Georgia,43-9111,Statistical Assistants,2012,2590,2022,2350,-240,-9,70
13,Georgia,15-2041,Statisticians,2012,380,2022,430,50,14.9,20
13,Georgia,43-5081,Stock Clerks and Order Fillers,2012,56540,2022,60710,4170,7.4,2130
13,Georgia,47-2022,Stonemasons,2012,600,2022,880,280,47.4,30
13,Georgia,47-2221,Structural Iron and Steel Workers,2012,1540,2022,1970,430,28.2,90
13,Georgia,51-2041,Structural Metal Fabricators and Fitters,2012,1930,2022,2200,270,13.6,100
13,Georgia,21-1011,Substance Abuse and Behavioral Disorder Counselors,2012,2020,2022,2840,820,40.9,130
13,Georgia,29-1067,Surgeons,2012,1480,2022,2140,660,44.7,100
13,Georgia,29-2055,Surgical Technologists,2012,2960,2022,3800,840,28.2,110
13,Georgia,19-3022,Survey Researchers,2012,500,2022,640,140,26.5,20
13,Georgia,17-3031,Surveying and Mapping Technicians,2012,1840,2022,2190,350,18.9,70
13,Georgia,17-1022,Surveyors,2012,1260,2022,1550,290,22.5,60
13,Georgia,43-2011,Switchboard Operators  Including Answering Service,2012,3980,2022,3720,-260,-6.4,70
13,Georgia,51-6052,Tailors  Dressmakers  and Custom Sewers,2012,730,2022,690,-40,-4.7,10
13,Georgia,53-7121,Tank Car  Truck  and Ship Loaders,2012,110,2022,150,40,34.5,10
13,Georgia,13-2081,Tax Examiners and Collectors  and Revenue Agents,2012,2870,2022,2720,-150,-5.3,100
13,Georgia,13-2082,Tax Preparers,2012,3450,2022,4430,980,28.5,170
13,Georgia,53-3041,Taxi Drivers and Chauffeurs,2012,4050,2022,5250,1200,29.6,170
13,Georgia,25-9041,Teacher Assistants,2012,32880,2022,41020,8140,24.8,1560
13,Georgia,25-3099,Teachers and Instructors  All Other,2012,37190,2022,45100,7910,21.3,1430
13,Georgia,51-2092,Team Assemblers,2012,43740,2022,53580,9840,22.5,1680
13,Georgia,27-3042,Technical Writers,2012,1100,2022,1320,220,19.8,60
13,Georgia,49-2022,Telecommunications Equipment Installers and Repairers  Except Line Installers,2012,9170,2022,11190,2020,22.1,330
13,Georgia,49-9052,Telecommunications Line Installers and Repairers,2012,5070,2022,5670,600,11.9,180
13,Georgia,41-9041,Telemarketers,2012,5910,2022,6970,1060,17.8,230
13,Georgia,43-2021,Telephone Operators,2012,80,2022,80,0,2.7,0
13,Georgia,43-3071,Tellers,2012,13540,2022,14140,600,4.4,690
13,Georgia,51-6061,Textile Bleaching and Dyeing Machine Operators and Tenders,2012,2200,2022,1260,-940,-42.7,40
13,Georgia,51-6062,Textile Cutting Machine Setters  Operators  and Tenders,2012,2210,2022,1460,-750,-33.7,40
13,Georgia,51-6063,Textile Knitting and Weaving Machine Setters  Operators  and Tenders,2012,4760,2022,2760,-2000,-42.1,80
13,Georgia,51-6064,Textile Winding  Twisting  and Drawing Out Machine Setters  Operators  and Tenders,2012,9050,2022,5390,-3660,-40.4,150
13,Georgia,51-6099,Textile  Apparel  and Furnishings Workers  All Other,2012,960,2022,680,-280,-29.1,10
13,Georgia,29-1129,Therapists  All Other,2012,480,2022,630,150,30.8,20
13,Georgia,47-2044,Tile and Marble Setters,2012,160,2022,190,30,18.9,10
13,Georgia,51-9197,Tire Builders,2012,330,2022,330,0,0.9,10
13,Georgia,49-3093,Tire Repairers and Changers,2012,2840,2022,3440,600,21.4,160
13,Georgia,23-2093,Title Examiners  Abstractors  and Searchers,2012,990,2022,1190,200,19.5,40
13,Georgia,51-4111,Tool and Die Makers,2012,920,2022,1060,140,16.3,20
13,Georgia,51-4194,Tool Grinders  Filers  and Sharpeners,2012,190,2022,200,10,5.7,10
13,Georgia,00-0000,Total  All Occupations,2012,4174190,2022,4853300,679110,16.3,168380
13,Georgia,Nov-31,Training and Development Managers,2012,950,2022,1110,160,16.7,40
13,Georgia,13-1151,Training and Development Specialists,2012,7190,2022,8170,980,13.6,230
13,Georgia,33-3052,Transit and Railroad Police,2012,340,2022,370,30,9.4,10
13,Georgia,53-6061,Transportation Attendants  Except Flight Attendants,2012,1100,2022,1310,210,19.2,40
13,Georgia,53-6051,Transportation Inspectors,2012,1560,2022,1900,340,21.5,90
13,Georgia,33-9093,Transportation Security Screeners,2012,1550,2022,1720,170,11.3,50
13,Georgia,53-6099,Transportation Workers  All Other,2012,900,2022,1070,170,17.9,50
13,Georgia,Nov-71,Transportation  Storage  and Distribution Managers,2012,4060,2022,4550,490,12,140
13,Georgia,41-3041,Travel Agents,2012,1770,2022,1570,-200,-11.3,30
13,Georgia,37-3013,Tree Trimmers and Pruners,2012,2020,2022,2450,430,21.6,100
13,Georgia,51-6093,Upholsterers,2012,1160,2022,1320,160,13.1,50
13,Georgia,19-3051,Urban and Regional Planners,2012,510,2022,550,40,6.4,30
13,Georgia,39-3031,Ushers  Lobby Attendants  and Ticket Takers,2012,2130,2022,2380,250,11.3,140
13,Georgia,29-1131,Veterinarians,2012,2180,2022,2490,310,14.2,100
13,Georgia,31-9096,Veterinary Assistants and Laboratory Animal Caretakers,2012,2370,2022,2690,320,13.7,80
13,Georgia,29-2056,Veterinary Technologists and Technicians,2012,1940,2022,2580,640,33,80
13,Georgia,25-1194,Vocational Education Teachers  Postsecondary,2012,4590,2022,5860,1270,27.6,200
13,Georgia,35-3031,Waiters and Waitresses,2012,19300,2022,21440,2140,11.1,1140
13,Georgia,51-8031,Water and Wastewater Treatment Plant and System Operators,2012,2320,2022,2570,250,10.8,110
13,Georgia,15-1134,Web Developers,2012,3340,2022,4260,920,27.8,150
13,Georgia,43-5111,Weighers  Measurers  Checkers  and Samplers  Recordkeeping,2012,2330,2022,2700,370,15.9,90
13,Georgia,51-4121,Welders  Cutters  Solderers  and Brazers,2012,7750,2022,9200,1450,18.8,340
13,Georgia,51-4122,Welding  Soldering  and Brazing Machine Setters  Operators  and Tenders,2012,1170,2022,1630,460,39.6,80
13,Georgia,13-1022,Wholesale and Retail Buyers  Except Farm Products,2012,2900,2022,3310,410,14.3,110
13,Georgia,51-7099,Woodworkers  All Other,2012,210,2022,200,-10,-1,10
13,Georgia,51-7042,Woodworking Machine Setters  Operators  and Tenders  Except Sawing,2012,1540,2022,1920,380,24.9,50
13,Georgia,43-9022,Word Processors and Typists,2012,900,2022,770,-130,-15.4,0
13,Georgia,27-3043,Writers and Authors,2012,1590,2022,1650,60,4.4,40
13,Georgia,19-1023,Zoologists and Wildlife Biologists,2012,330,2022,330,0,1.2,10
