STFIPS,AreaName,OccupationCode,OccupationName,BaseYear,Base,ProjYear,Proj,Change,PercentChange,AvgAnnualOpenings
15,Hawaii,13-2011,Accountants and Auditors,2012,4970,2022,5560,590,11.7,210
15,Hawaii,27-2011,Actors,2012,730,2022,860,130,18.2,40
15,Hawaii,15-2011,Actuaries,2012,70,2022,90,20,26.1,0
15,Hawaii,23-1021,Administrative Law Judges  Adjudicators  and Hearing Officers,2012,80,2022,80,0,1.3,0
15,Hawaii,Nov-11,Administrative Services Managers,2012,1950,2022,2190,240,12.3,60
15,Hawaii,25-3011,Adult Basic and Secondary Education and Literacy Teachers and Instructors,2012,490,2022,530,40,8.1,10
15,Hawaii,Nov-11,Advertising and Promotions Managers,2012,230,2022,250,20,8.3,10
15,Hawaii,41-3011,Advertising Sales Agents,2012,510,2022,490,-20,-3.4,20
15,Hawaii,45-2091,Agricultural Equipment Operators,2012,130,2022,140,10,4.5,10
15,Hawaii,45-2011,Agricultural Inspectors,2012,100,2022,100,0,4,0
15,Hawaii,53-2021,Air Traffic Controllers,2012,330,2022,340,10,1.2,20
15,Hawaii,53-1011,Aircraft Cargo Handling Supervisors,2012,110,2022,120,10,12.3,0
15,Hawaii,49-3011,Aircraft Mechanics and Service Technicians,2012,1190,2022,1260,70,6,40
15,Hawaii,53-2022,Airfield Operations Specialists,2012,140,2022,140,0,3,10
15,Hawaii,53-2011,Airline Pilots  Copilots  and Flight Engineers,2012,700,2022,840,140,20.5,30
15,Hawaii,39-3091,Amusement and Recreation Attendants,2012,1320,2022,1480,160,11.8,80
15,Hawaii,19-3091,Anthropologists and Archeologists,2012,360,2022,410,50,12.8,10
15,Hawaii,25-1061,Anthropology and Archeology Teachers  Postsecondary,2012,50,2022,60,10,11.3,0
15,Hawaii,13-2021,Appraisers and Assessors of Real Estate,2012,270,2022,280,10,3.7,0
15,Hawaii,23-1022,Arbitrators  Mediators  and Conciliators,2012,40,2022,40,0,5,0
15,Hawaii,17-1011,Architects  Except Landscape and Naval,2012,450,2022,470,20,5.1,10
15,Hawaii,17-3011,Architectural and Civil Drafters,2012,540,2022,520,-20,-5,10
15,Hawaii,Nov-41,Architectural and Engineering Managers,2012,730,2022,790,60,7.9,20
15,Hawaii,25-4011,Archivists,2012,40,2022,40,0,10.8,0
15,Hawaii,27-1011,Art Directors,2012,320,2022,340,20,6,10
15,Hawaii,25-1121,Art  Drama  and Music Teachers  Postsecondary,2012,380,2022,430,50,14.7,10
15,Hawaii,51-2099,Assemblers and Fabricators  All Other,2012,260,2022,300,40,13.9,10
15,Hawaii,19-2011,Astronomers,2012,110,2022,120,10,8.2,0
15,Hawaii,29-9091,Athletic Trainers,2012,130,2022,140,10,11.2,0
15,Hawaii,19-2021,Atmospheric and Space Scientists,2012,80,2022,80,0,0,0
15,Hawaii,27-4011,Audio and Video Equipment Technicians,2012,390,2022,470,80,19.3,20
15,Hawaii,53-6031,Automotive and Watercraft Service Attendants,2012,730,2022,720,-10,-1.5,20
15,Hawaii,49-3021,Automotive Body and Related Repairers,2012,690,2022,820,130,17.9,30
15,Hawaii,49-3023,Automotive Service Technicians and Mechanics,2012,2630,2022,2890,260,9.9,90
15,Hawaii,49-2091,Avionics Technicians,2012,40,2022,40,0,2.5,0
15,Hawaii,39-6011,Baggage Porters and Bellhops,2012,1300,2022,1430,130,10.4,50
15,Hawaii,33-3011,Bailiffs,2012,60,2022,60,0,5.3,0
15,Hawaii,51-3011,Bakers,2012,1300,2022,1410,110,8.1,40
15,Hawaii,35-3011,Bartenders,2012,3070,2022,3420,350,11.4,150
15,Hawaii,43-3011,Bill and Account Collectors,2012,1050,2022,1170,120,11.6,40
15,Hawaii,43-3021,Billing and Posting Clerks,2012,1390,2022,1570,180,13.2,40
15,Hawaii,25-1042,Biological Science Teachers  Postsecondary,2012,580,2022,680,100,17.2,20
15,Hawaii,19-1029,Biological Scientists  All Other,2012,360,2022,320,-40,-11.7,10
15,Hawaii,19-4021,Biological Technicians,2012,720,2022,660,-60,-9.5,20
15,Hawaii,47-2011,Boilermakers,2012,20,2022,20,0,4.3,0
15,Hawaii,43-3031,Bookkeeping  Accounting  and Auditing Clerks,2012,7570,2022,8430,860,11.4,160
15,Hawaii,27-3021,Broadcast News Analysts,2012,40,2022,40,0,0,0
15,Hawaii,27-4012,Broadcast Technicians,2012,80,2022,90,10,4.8,0
15,Hawaii,43-4011,Brokerage Clerks,2012,60,2022,60,0,3.6,0
15,Hawaii,13-2031,Budget Analysts,2012,410,2022,430,20,4.9,20
15,Hawaii,49-3031,Bus and Truck Mechanics and Diesel Engine Specialists,2012,810,2022,910,100,11.7,30
15,Hawaii,53-3022,Bus Drivers  School or Special Client,2012,1010,2022,1220,210,20.3,40
15,Hawaii,53-3021,Bus Drivers  Transit and Intercity,2012,2660,2022,3010,350,13.2,80
15,Hawaii,13-1199,Business Operations Specialists  All Other,2012,5110,2022,5030,-80,-1.5,70
15,Hawaii,25-1011,Business Teachers  Postsecondary,2012,410,2022,470,60,13.6,10
15,Hawaii,51-3021,Butchers and Meat Cutters,2012,490,2022,540,50,10,20
15,Hawaii,13-1021,Buyers and Purchasing Agents  Farm Products,2012,50,2022,60,10,9.8,0
15,Hawaii,51-7011,Cabinetmakers and Bench Carpenters,2012,260,2022,300,40,14.5,10
15,Hawaii,27-4031,Camera Operators  Television  Video  and Motion Picture,2012,180,2022,190,10,9.6,0
15,Hawaii,53-5021,Captains  Mates  and Pilots of Water Vessels,2012,730,2022,810,80,11.1,40
15,Hawaii,29-2031,Cardiovascular Technologists and Technicians,2012,170,2022,220,50,29.8,10
15,Hawaii,43-5011,Cargo and Freight Agents,2012,550,2022,640,90,15.8,20
15,Hawaii,47-2031,Carpenters,2012,7030,2022,8670,1640,23.3,250
15,Hawaii,47-2041,Carpet Installers,2012,360,2022,400,40,8.5,10
15,Hawaii,17-1021,Cartographers and Photogrammetrists,2012,70,2022,70,0,10.6,0
15,Hawaii,41-2011,Cashiers,2012,14840,2022,15350,510,3.4,690
15,Hawaii,47-2051,Cement Masons and Concrete Finishers,2012,530,2022,690,160,29.3,20
15,Hawaii,35-1011,Chefs and Head Cooks,2012,1630,2022,1700,70,4.5,30
15,Hawaii,19-4031,Chemical Technicians,2012,60,2022,60,0,8.5,0
15,Hawaii,25-1052,Chemistry Teachers  Postsecondary,2012,80,2022,90,10,13.6,0
15,Hawaii,19-2031,Chemists,2012,190,2022,190,0,1.1,10
15,Hawaii,11-1011,Chief Executives,2012,2130,2022,2320,190,9,60
15,Hawaii,21-1021,Child  Family  and School Social Workers,2012,1960,2022,2230,270,13.6,70
15,Hawaii,39-9011,Childcare Workers,2012,4160,2022,4520,360,8.6,160
15,Hawaii,29-1011,Chiropractors,2012,150,2022,160,10,5.8,0
15,Hawaii,17-3022,Civil Engineering Technicians,2012,170,2022,170,0,1.8,0
15,Hawaii,17-2051,Civil Engineers,2012,2300,2022,2590,290,13,90
15,Hawaii,13-1031,Claims Adjusters  Examiners  and Investigators,2012,760,2022,770,10,1.2,20
15,Hawaii,53-7061,Cleaners of Vehicles and Equipment,2012,1800,2022,2030,230,13.3,70
15,Hawaii,21-2011,Clergy,2012,510,2022,550,40,8.2,10
15,Hawaii,19-3031,Clinical  Counseling  and School Psychologists,2012,710,2022,770,60,8.5,30
15,Hawaii,27-2022,Coaches and Scouts,2012,1590,2022,1810,220,14,70
15,Hawaii,49-9091,Coin  Vending  and Amusement Machine Servicers and Repairers,2012,260,2022,290,30,11.8,10
15,Hawaii,35-3021,Combined Food Preparation and Serving Workers  Including Fast Food,2012,16320,2022,18720,2400,14.7,860
15,Hawaii,27-1021,Commercial and Industrial Designers,2012,90,2022,110,20,15.1,0
15,Hawaii,53-2012,Commercial Pilots,2012,310,2022,340,30,10.3,10
15,Hawaii,25-1122,Communications Teachers  Postsecondary,2012,140,2022,160,20,11.4,0
15,Hawaii,21-1099,Community and Social Service Specialists  All Other,2012,1100,2022,1220,120,10.9,40
15,Hawaii,21-1094,Community Health Workers,2012,1160,2022,1420,260,23.1,60
15,Hawaii,Nov-11,Compensation and Benefits Managers,2012,90,2022,100,10,4.4,0
15,Hawaii,13-1141,Compensation  Benefits  and Job Analysis Specialists,2012,190,2022,210,20,9.9,10
15,Hawaii,13-1041,Compliance Officers,2012,1460,2022,1480,20,1.7,30
15,Hawaii,15-1111,Computer and Information Research Scientists,2012,90,2022,100,10,11,0
15,Hawaii,Nov-21,Computer and Information Systems Managers,2012,720,2022,830,110,14.6,20
15,Hawaii,17-2061,Computer Hardware Engineers,2012,280,2022,320,40,12,10
15,Hawaii,15-1143,Computer Network Architects,2012,370,2022,440,70,19.6,10
15,Hawaii,15-1152,Computer Network Support Specialists,2012,480,2022,530,50,9.5,10
15,Hawaii,15-1199,Computer Occupations  All Other,2012,1860,2022,1740,-120,-6.5,30
15,Hawaii,43-9011,Computer Operators,2012,400,2022,330,-70,-16.1,0
15,Hawaii,15-1131,Computer Programmers,2012,660,2022,670,10,1.5,20
15,Hawaii,25-1021,Computer Science Teachers  Postsecondary,2012,170,2022,190,20,11.5,10
15,Hawaii,15-1121,Computer Systems Analysts,2012,1070,2022,1310,240,22.8,40
15,Hawaii,15-1151,Computer User Support Specialists,2012,1480,2022,1710,230,16.1,50
15,Hawaii,49-2011,Computer  Automated Teller  and Office Machine Repairers,2012,320,2022,320,0,1.6,10
15,Hawaii,39-6012,Concierges,2012,520,2022,630,110,21.2,20
15,Hawaii,19-1031,Conservation Scientists,2012,200,2022,190,-10,-1,10
15,Hawaii,47-4011,Construction and Building Inspectors,2012,690,2022,760,70,9.2,20
15,Hawaii,47-2061,Construction Laborers,2012,4110,2022,5270,1160,28.2,200
15,Hawaii,Nov-21,Construction Managers,2012,2760,2022,3220,460,16.7,90
15,Hawaii,49-9012,Control and Valve Installers and Repairers  Except Mechanical Door,2012,80,2022,90,10,15.4,0
15,Hawaii,53-7011,Conveyor Operators and Tenders,2012,130,2022,130,0,0,0
15,Hawaii,35-2019,Cooks  All Other,2012,350,2022,410,60,17.7,10
15,Hawaii,35-2011,Cooks  Fast Food,2012,1660,2022,1650,-10,-0.6,30
15,Hawaii,35-2012,Cooks  Institution and Cafeteria,2012,1170,2022,1320,150,12.9,40
15,Hawaii,35-2014,Cooks  Restaurant,2012,7460,2022,8490,1030,13.8,250
15,Hawaii,35-2015,Cooks  Short Order,2012,1780,2022,1810,30,2,40
15,Hawaii,33-3012,Correctional Officers and Jailers,2012,1880,2022,2060,180,9.5,70
15,Hawaii,13-1051,Cost Estimators,2012,1160,2022,1530,370,32.8,80
15,Hawaii,21-1019,Counselors  All Other,2012,110,2022,130,20,11.6,0
15,Hawaii,41-2021,Counter and Rental Clerks,2012,2320,2022,2620,300,12.8,90
15,Hawaii,35-3022,Counter Attendants  Cafeteria  Food Concession  and Coffee Shop,2012,3400,2022,3430,30,1.1,210
15,Hawaii,43-5021,Couriers and Messengers,2012,410,2022,380,-30,-7.7,10
15,Hawaii,43-4031,Court  Municipal  and License Clerks,2012,930,2022,1030,100,10.2,20
15,Hawaii,53-7021,Crane and Tower Operators,2012,120,2022,120,0,2.5,0
15,Hawaii,13-2041,Credit Analysts,2012,120,2022,130,10,9.4,0
15,Hawaii,13-2071,Credit Counselors,2012,30,2022,40,10,25.8,0
15,Hawaii,25-1111,Criminal Justice and Law Enforcement Teachers  Postsecondary,2012,170,2022,190,20,12.1,0
15,Hawaii,33-9091,Crossing Guards,2012,80,2022,70,-10,-3.9,0
15,Hawaii,51-9021,Crushing  Grinding  and Polishing Machine Setters  Operators  and Tenders,2012,50,2022,60,10,5.7,0
15,Hawaii,25-4012,Curators,2012,70,2022,80,10,12.7,0
15,Hawaii,43-4051,Customer Service Representatives,2012,6720,2022,7600,880,13.1,270
15,Hawaii,51-9031,Cutters and Trimmers  Hand,2012,40,2022,40,0,-2.6,0
15,Hawaii,51-9032,Cutting and Slicing Machine Setters  Operators  and Tenders,2012,130,2022,130,0,0.8,0
15,Hawaii,27-2031,Dancers,2012,1080,2022,1190,110,9.8,40
15,Hawaii,43-9021,Data Entry Keyers,2012,630,2022,470,-160,-25.4,10
15,Hawaii,15-1141,Database Administrators,2012,250,2022,280,30,13.7,10
15,Hawaii,41-9011,Demonstrators and Product Promoters,2012,640,2022,720,80,13.7,30
15,Hawaii,31-9091,Dental Assistants,2012,1690,2022,1790,100,5.7,50
15,Hawaii,29-2021,Dental Hygienists,2012,1040,2022,1180,140,13.3,40
15,Hawaii,29-1021,Dentists  General,2012,470,2022,490,20,5.6,10
15,Hawaii,27-1029,Designers  All Other,2012,90,2022,100,10,12.5,0
15,Hawaii,43-9031,Desktop Publishers,2012,30,2022,30,0,-6.7,0
15,Hawaii,33-3021,Detectives and Criminal Investigators,2012,530,2022,550,20,2.8,10
15,Hawaii,29-2032,Diagnostic Medical Sonographers,2012,140,2022,200,60,38.9,10
15,Hawaii,29-2051,Dietetic Technicians,2012,130,2022,170,40,27.5,10
15,Hawaii,29-1031,Dietitians and Nutritionists,2012,320,2022,390,70,19.8,10
15,Hawaii,35-9011,Dining Room and Cafeteria Attendants and Bartender Helpers,2012,4980,2022,5360,380,7.7,260
15,Hawaii,21-2021,Directors  Religious Activities and Education,2012,220,2022,230,10,8.3,10
15,Hawaii,35-9021,Dishwashers,2012,3680,2022,3930,250,6.9,190
15,Hawaii,43-5032,Dispatchers  Except Police  Fire  and Ambulance,2012,800,2022,910,110,13.3,30
15,Hawaii,17-3019,Drafters  All Other,2012,80,2022,80,0,9.1,0
15,Hawaii,53-3031,Driver/Sales Workers,2012,1490,2022,1660,170,11.4,40
15,Hawaii,47-2081,Drywall and Ceiling Tile Installers,2012,800,2022,950,150,17.7,20
15,Hawaii,47-5021,Earth Drillers  Except Oil and Gas,2012,40,2022,50,10,27,0
15,Hawaii,25-1063,Economics Teachers  Postsecondary,2012,100,2022,110,10,12.6,0
15,Hawaii,19-3011,Economists,2012,50,2022,50,0,3.8,0
15,Hawaii,27-3041,Editors,2012,250,2022,260,10,5.2,10
15,Hawaii,Nov-39,Education Administrators  All Other,2012,160,2022,170,10,9,10
15,Hawaii,Nov-32,Education Administrators  Elementary and Secondary School,2012,1090,2022,1140,50,4.7,30
15,Hawaii,Nov-33,Education Administrators  Postsecondary,2012,280,2022,320,40,13.5,10
15,Hawaii,25-1081,Education Teachers  Postsecondary,2012,740,2022,830,90,13.3,20
15,Hawaii,25-9099,Education  Training  and Library Workers  All Other,2012,400,2022,410,10,1.2,0
15,Hawaii,21-1012,Educational  Guidance  School  and Vocational Counselors,2012,1480,2022,1590,110,8,40
15,Hawaii,17-3012,Electrical and Electronics Drafters,2012,190,2022,210,20,13.5,0
15,Hawaii,17-3023,Electrical and Electronics Engineering Technicians,2012,570,2022,580,10,2.8,10
15,Hawaii,49-2093,Electrical and Electronics Installers and Repairers  Transportation Equipment,2012,60,2022,60,0,3.6,0
15,Hawaii,49-2094,Electrical and Electronics Repairers  Commercial and Industrial Equipment,2012,380,2022,360,-20,-7,10
15,Hawaii,49-2095,Electrical and Electronics Repairers  Powerhouse  Substation  and Relay,2012,140,2022,170,30,20.7,10
15,Hawaii,17-2071,Electrical Engineers,2012,690,2022,750,60,9,20
15,Hawaii,49-9051,Electrical Power-Line Installers and Repairers,2012,610,2022,730,120,20.6,30
15,Hawaii,47-2111,Electricians,2012,2630,2022,3130,500,18.9,100
15,Hawaii,49-2096,Electronic Equipment Installers and Repairers  Motor Vehicles,2012,290,2022,290,0,-1.4,0
15,Hawaii,17-2072,Electronics Engineers  Except Computer,2012,530,2022,520,-10,-2.4,10
15,Hawaii,25-2021,Elementary School Teachers  Except Special Education,2012,6240,2022,6920,680,11,210
15,Hawaii,47-4021,Elevator Installers and Repairers,2012,300,2022,380,80,27.9,10
15,Hawaii,43-4061,Eligibility Interviewers  Government Programs,2012,800,2022,940,140,17.8,30
15,Hawaii,39-4011,Embalmers,2012,40,2022,40,0,-12.5,0
15,Hawaii,Nov-61,Emergency Management Directors,2012,80,2022,90,10,7.6,0
15,Hawaii,17-3029,Engineering Technicians  Except Drafters  All Other,2012,560,2022,510,-50,-8.4,10
15,Hawaii,17-2199,Engineers  All Other,2012,970,2022,960,-10,-1.1,20
15,Hawaii,25-1123,English Language and Literature Teachers  Postsecondary,2012,480,2022,530,50,10.9,10
15,Hawaii,27-2099,Entertainers and Performers  Sports and Related Workers  All Other,2012,320,2022,340,20,8.5,10
15,Hawaii,17-3025,Environmental Engineering Technicians,2012,90,2022,100,10,14.4,0
15,Hawaii,17-2081,Environmental Engineers,2012,310,2022,330,20,5.7,10
15,Hawaii,19-4091,Environmental Science and Protection Technicians  Including Health,2012,240,2022,270,30,13.3,10
15,Hawaii,19-2041,Environmental Scientists and Specialists  Including Health,2012,700,2022,740,40,6,20
15,Hawaii,43-6011,Executive Secretaries and Executive Administrative Assistants,2012,3020,2022,2960,-60,-2,40
15,Hawaii,29-1128,Exercise Physiologists,2012,30,2022,40,10,12.1,0
15,Hawaii,29-1062,Family and General Practitioners,2012,740,2022,760,20,2.6,20
15,Hawaii,49-3041,Farm Equipment Mechanics and Service Technicians,2012,60,2022,70,10,9.8,0
15,Hawaii,45-2092,Farmworkers and Laborers  Crop  Nursery  and Greenhouse,2012,4690,2022,4620,-70,-1.4,140
15,Hawaii,45-2093,Farmworkers  Farm  Ranch  and Aquacultural Animals,2012,840,2022,900,60,7,30
15,Hawaii,47-4031,Fence Erectors,2012,170,2022,220,50,33.1,10
15,Hawaii,43-4071,File Clerks,2012,760,2022,730,-30,-4.6,20
15,Hawaii,13-2051,Financial Analysts,2012,330,2022,380,50,13.6,10
15,Hawaii,43-3099,Financial Clerks  All Other,2012,200,2022,230,30,13.1,10
15,Hawaii,13-2061,Financial Examiners,2012,50,2022,50,0,1.9,0
15,Hawaii,Nov-31,Financial Managers,2012,2350,2022,2570,220,9.5,70
15,Hawaii,13-2099,Financial Specialists  All Other,2012,1090,2022,1100,10,1.3,10
15,Hawaii,27-1013,Fine Artists  Including Painters  Sculptors  and Illustrators,2012,120,2022,120,0,6.1,0
15,Hawaii,33-2011,Firefighters,2012,1990,2022,2070,80,4,60
15,Hawaii,47-1011,First-Line Supervisors of Construction Trades and Extraction Workers,2012,2600,2022,3240,640,24.7,90
15,Hawaii,33-1011,First-Line Supervisors of Correctional Officers,2012,70,2022,70,0,9,0
15,Hawaii,45-1011,First-Line Supervisors of Farming  Fishing  and Forestry Workers,2012,460,2022,480,20,4.4,10
15,Hawaii,33-1021,First-Line Supervisors of Fire Fighting and Prevention Workers,2012,510,2022,540,30,5.5,30
15,Hawaii,35-1012,First-Line Supervisors of Food Preparation and Serving Workers,2012,4240,2022,4790,550,12.9,180
15,Hawaii,53-1021,First-Line Supervisors of Helpers  Laborers  and Material Movers  Hand,2012,650,2022,710,60,9.8,20
15,Hawaii,37-1011,First-Line Supervisors of Housekeeping and Janitorial Workers,2012,1730,2022,1900,170,9.8,60
15,Hawaii,37-1012,First-Line Supervisors of Landscaping  Lawn Service  and Groundskeeping Workers,2012,1620,2022,1750,130,8.4,30
15,Hawaii,49-1011,First-Line Supervisors of Mechanics  Installers  and Repairers,2012,2770,2022,2990,220,7.9,100
15,Hawaii,41-1012,First-Line Supervisors of Non-Retail Sales Workers,2012,1840,2022,1970,130,7,40
15,Hawaii,43-1011,First-Line Supervisors of Office and Administrative Support Workers,2012,6500,2022,7220,720,11.1,230
15,Hawaii,39-1021,First-Line Supervisors of Personal Service Workers,2012,1100,2022,1220,120,10.8,30
15,Hawaii,33-1012,First-Line Supervisors of Police and Detectives,2012,690,2022,720,30,3.6,20
15,Hawaii,51-1011,First-Line Supervisors of Production and Operating Workers,2012,1400,2022,1500,100,6.6,30
15,Hawaii,33-1099,First-Line Supervisors of Protective Service Workers  All Other,2012,730,2022,770,40,4.9,20
15,Hawaii,41-1011,First-Line Supervisors of Retail Sales Workers,2012,9050,2022,9880,830,9.2,280
15,Hawaii,53-1031,First-Line Supervisors of Transportation and Material-Moving Machine and Vehicle Operators,2012,850,2022,940,90,11.2,30
15,Hawaii,33-3031,Fish and Game Wardens,2012,110,2022,110,0,4.7,0
15,Hawaii,39-9031,Fitness Trainers and Aerobics Instructors,2012,690,2022,800,110,15.1,20
15,Hawaii,53-2031,Flight Attendants,2012,1930,2022,2370,440,22.6,80
15,Hawaii,47-2042,Floor Layers  Except Carpet  Wood  and Hard Tiles,2012,110,2022,120,10,14.8,0
15,Hawaii,27-1023,Floral Designers,2012,230,2022,200,-30,-14,10
15,Hawaii,51-3092,Food Batchmakers,2012,510,2022,540,30,4.3,20
15,Hawaii,51-3093,Food Cooking Machine Operators and Tenders,2012,260,2022,290,30,8.8,10
15,Hawaii,35-9099,Food Preparation and Serving Related Workers  All Other,2012,290,2022,330,40,14.3,20
15,Hawaii,35-2021,Food Preparation Workers,2012,6720,2022,6940,220,3.4,220
15,Hawaii,35-3041,Food Servers  Nonrestaurant,2012,830,2022,920,90,11.4,30
15,Hawaii,Nov-51,Food Service Managers,2012,3570,2022,3710,140,4.1,80
15,Hawaii,25-1124,Foreign Language and Literature Teachers  Postsecondary,2012,300,2022,350,50,13.9,10
15,Hawaii,19-4092,Forensic Science Technicians,2012,70,2022,70,0,5.7,0
15,Hawaii,19-4093,Forest and Conservation Technicians,2012,150,2022,160,10,8.1,10
15,Hawaii,45-4011,Forest and Conservation Workers,2012,90,2022,100,10,5.4,0
15,Hawaii,13-1131,Fundraisers,2012,220,2022,260,40,16.4,10
15,Hawaii,39-4021,Funeral Attendants,2012,80,2022,90,10,2.4,0
15,Hawaii,11-1021,General and Operations Managers,2012,10610,2022,11880,1270,12,330
15,Hawaii,25-1064,Geography Teachers  Postsecondary,2012,50,2022,50,0,8.5,0
15,Hawaii,19-4041,Geological and Petroleum Technicians,2012,40,2022,50,10,15.4,0
15,Hawaii,19-2042,Geoscientists  Except Hydrologists and Geographers,2012,130,2022,140,10,5.4,10
15,Hawaii,47-2121,Glaziers,2012,160,2022,190,30,23.9,10
15,Hawaii,45-2041,Graders and Sorters  Agricultural Products,2012,130,2022,130,0,-3.1,0
15,Hawaii,25-1191,Graduate Teaching Assistants,2012,1700,2022,1850,150,9,40
15,Hawaii,27-1024,Graphic Designers,2012,760,2022,810,50,7.1,30
15,Hawaii,37-3019,Grounds Maintenance Workers  All Other,2012,110,2022,120,10,6.3,0
15,Hawaii,39-5012,Hairdressers  Hairstylists  and Cosmetologists,2012,1470,2022,1620,150,10.7,50
15,Hawaii,47-4041,Hazardous Materials Removal Workers,2012,390,2022,440,50,12,10
15,Hawaii,17-2111,Health and Safety Engineers  Except Mining Safety Engineers and Inspectors,2012,220,2022,260,40,17.8,10
15,Hawaii,29-1199,Health Diagnosing and Treating Practitioners  All Other,2012,360,2022,400,40,11.4,10
15,Hawaii,21-1091,Health Educators,2012,270,2022,310,40,16.9,10
15,Hawaii,29-2099,Health Technologists and Technicians  All Other,2012,320,2022,360,40,13.6,10
15,Hawaii,29-9099,Healthcare Practitioners and Technical Workers  All Other,2012,440,2022,500,60,15.2,20
15,Hawaii,21-1022,Healthcare Social Workers,2012,580,2022,730,150,25.6,30
15,Hawaii,31-9099,Healthcare Support Workers  All Other,2012,740,2022,790,50,7.6,20
15,Hawaii,49-9021,Heating  Air Conditioning  and Refrigeration Mechanics and Installers,2012,1080,2022,1260,180,17.4,50
15,Hawaii,53-3032,Heavy and Tractor-Trailer Truck Drivers,2012,3860,2022,4450,590,15.5,120
15,Hawaii,47-3019,Helpers  Construction Trades  All Other,2012,100,2022,120,20,17.5,0
15,Hawaii,47-3012,Helpers--Carpenters,2012,450,2022,610,160,34.1,20
15,Hawaii,47-3013,Helpers--Electricians,2012,280,2022,380,100,39.3,20
15,Hawaii,49-9098,Helpers--Installation  Maintenance  and Repair Workers,2012,720,2022,820,100,13.8,30
15,Hawaii,47-3014,Helpers--Painters  Paperhangers  Plasterers  and Stucco Masons,2012,100,2022,110,10,9.2,0
15,Hawaii,47-3015,Helpers--Pipelayers  Plumbers  Pipefitters  and Steamfitters,2012,140,2022,180,40,25.4,10
15,Hawaii,51-9198,Helpers--Production Workers,2012,740,2022,800,60,8.2,20
15,Hawaii,19-3093,Historians,2012,50,2022,40,-10,-8.9,0
15,Hawaii,25-1125,History Teachers  Postsecondary,2012,140,2022,160,20,12.7,0
15,Hawaii,49-9031,Home Appliance Repairers,2012,240,2022,250,10,4.6,10
15,Hawaii,31-1011,Home Health Aides,2012,2160,2022,3010,850,39.4,130
15,Hawaii,35-9031,Hosts and Hostesses  Restaurant  Lounge  and Coffee Shop,2012,3170,2022,3330,160,5.1,250
15,Hawaii,43-4081,Hotel  Motel  and Resort Desk Clerks,2012,2640,2022,2980,340,13.2,160
15,Hawaii,43-4161,Human Resources Assistants  Except Payroll and Timekeeping,2012,1060,2022,1020,-40,-4,30
15,Hawaii,Nov-21,Human Resources Managers,2012,430,2022,500,70,15.9,20
15,Hawaii,13-1071,Human Resources Specialists,2012,1750,2022,1790,40,1.8,40
15,Hawaii,17-3026,Industrial Engineering Technicians,2012,50,2022,50,0,1.9,0
15,Hawaii,17-2112,Industrial Engineers,2012,70,2022,70,0,3.1,0
15,Hawaii,49-9041,Industrial Machinery Mechanics,2012,730,2022,860,130,17.9,30
15,Hawaii,Nov-51,Industrial Production Managers,2012,210,2022,220,10,6.2,10
15,Hawaii,53-7051,Industrial Truck and Tractor Operators,2012,960,2022,970,10,0.8,20
15,Hawaii,43-4199,Information and Record Clerks  All Other,2012,1280,2022,1050,-230,-18,30
15,Hawaii,15-1122,Information Security Analysts,2012,340,2022,480,140,39.8,20
15,Hawaii,51-9061,Inspectors  Testers  Sorters  Samplers  and Weighers,2012,430,2022,490,60,13.1,20
15,Hawaii,49-9099,Installation  Maintenance  and Repair Workers  All Other,2012,1220,2022,1230,10,0.4,20
15,Hawaii,25-9031,Instructional Coordinators,2012,860,2022,950,90,11.5,20
15,Hawaii,43-9041,Insurance Claims and Policy Processing Clerks,2012,440,2022,470,30,7.1,20
15,Hawaii,41-3021,Insurance Sales Agents,2012,1350,2022,1490,140,10,50
15,Hawaii,13-2053,Insurance Underwriters,2012,430,2022,400,-30,-7.2,10
15,Hawaii,27-1025,Interior Designers,2012,130,2022,150,20,10.7,10
15,Hawaii,29-1063,Internists  General,2012,320,2022,330,10,2.5,10
15,Hawaii,27-3091,Interpreters and Translators,2012,230,2022,320,90,38.2,10
15,Hawaii,43-4111,Interviewers  Except Eligibility and Loan,2012,460,2022,510,50,10.6,10
15,Hawaii,37-2011,Janitors and Cleaners  Except Maids and Housekeeping Cleaners,2012,12410,2022,13650,1240,10,360
15,Hawaii,51-9071,Jewelers and Precious Stone and Metal Workers,2012,410,2022,390,-20,-5.9,10
15,Hawaii,23-1023,Judges  Magistrate Judges  and Magistrates,2012,140,2022,150,10,5.6,0
15,Hawaii,23-1012,Judicial Law Clerks,2012,90,2022,90,0,4.5,0
15,Hawaii,25-2012,Kindergarten Teachers  Except Special Education,2012,100,2022,110,10,11,0
15,Hawaii,13-1075,Labor Relations Specialists,2012,380,2022,370,-10,-1.1,10
15,Hawaii,53-7062,Laborers and Freight  Stock  and Material Movers  Hand,2012,6980,2022,7800,820,11.8,300
15,Hawaii,17-1012,Landscape Architects,2012,270,2022,300,30,11.2,10
15,Hawaii,37-3011,Landscaping and Groundskeeping Workers,2012,10430,2022,11450,1020,9.8,370
15,Hawaii,51-6011,Laundry and Dry-Cleaning Workers,2012,1890,2022,2040,150,7.9,70
15,Hawaii,25-1112,Law Teachers  Postsecondary,2012,60,2022,70,10,15.8,0
15,Hawaii,23-1011,Lawyers,2012,2460,2022,2580,120,4.7,50
15,Hawaii,43-6012,Legal Secretaries,2012,810,2022,740,-70,-8.3,10
15,Hawaii,23-2099,Legal Support Workers  All Other,2012,690,2022,720,30,4.9,10
15,Hawaii,11-1031,Legislators,2012,140,2022,140,0,5.2,0
15,Hawaii,25-4021,Librarians,2012,630,2022,670,40,6.9,20
15,Hawaii,43-4121,Library Assistants  Clerical,2012,290,2022,310,20,5.8,20
15,Hawaii,25-4031,Library Technicians,2012,240,2022,260,20,5.8,10
15,Hawaii,29-2061,Licensed Practical and Licensed Vocational Nurses,2012,1340,2022,1560,220,16.9,60
15,Hawaii,19-1099,Life Scientists  All Other,2012,60,2022,70,10,9.5,0
15,Hawaii,19-4099,Life  Physical  and Social Science Technicians  All Other,2012,640,2022,650,10,1.6,30
15,Hawaii,33-9092,Lifeguards  Ski Patrol  and Other Recreational Protective Service Workers,2012,620,2022,670,50,8.6,50
15,Hawaii,53-3033,Light Truck or Delivery Services Drivers,2012,4370,2022,4690,320,7.5,100
15,Hawaii,43-4131,Loan Interviewers and Clerks,2012,450,2022,470,20,5.3,10
15,Hawaii,13-2072,Loan Officers,2012,1300,2022,1430,130,10.5,40
15,Hawaii,39-3093,Locker Room  Coatroom  and Dressing Room Attendants,2012,180,2022,190,10,7.9,10
15,Hawaii,49-9094,Locksmiths and Safe Repairers,2012,40,2022,40,0,7.3,0
15,Hawaii,Nov-81,Lodging Managers,2012,660,2022,710,50,7.6,30
15,Hawaii,13-1081,Logisticians,2012,510,2022,570,60,12.8,10
15,Hawaii,53-7063,Machine Feeders and Offbearers,2012,150,2022,120,-30,-20,0
15,Hawaii,51-4041,Machinists,2012,270,2022,290,20,8.2,10
15,Hawaii,29-2035,Magnetic Resonance Imaging Technologists,2012,70,2022,80,10,16.7,0
15,Hawaii,37-2012,Maids and Housekeeping Cleaners,2012,14240,2022,15740,1500,10.5,430
15,Hawaii,43-9051,Mail Clerks and Mail Machine Operators  Except Postal Service,2012,200,2022,180,-20,-11.9,10
15,Hawaii,49-9071,Maintenance and Repair Workers  General,2012,7310,2022,8140,830,11.2,220
15,Hawaii,49-9043,Maintenance Workers  Machinery,2012,160,2022,190,30,21,10
15,Hawaii,13-1111,Management Analysts,2012,2810,2022,2960,150,5.6,60
15,Hawaii,Nov-99,Managers  All Other,2012,6880,2022,7370,490,7.2,200
15,Hawaii,39-5092,Manicurists and Pedicurists,2012,430,2022,490,60,14.6,10
15,Hawaii,17-2121,Marine Engineers and Naval Architects,2012,110,2022,110,0,-2.8,0
15,Hawaii,13-1161,Market Research Analysts and Marketing Specialists,2012,880,2022,1140,260,30.3,40
15,Hawaii,Nov-21,Marketing Managers,2012,510,2022,590,80,14.2,20
15,Hawaii,21-1013,Marriage and Family Therapists,2012,180,2022,210,30,20.5,10
15,Hawaii,31-9011,Massage Therapists,2012,1700,2022,1950,250,14.5,40
15,Hawaii,53-7199,Material Moving Workers  All Other,2012,150,2022,170,20,7.1,10
15,Hawaii,25-1022,Mathematical Science Teachers  Postsecondary,2012,200,2022,220,20,10,10
15,Hawaii,51-3022,Meat  Poultry  and Fish Cutters and Trimmers,2012,510,2022,540,30,6.7,20
15,Hawaii,17-3013,Mechanical Drafters,2012,90,2022,90,0,0,0
15,Hawaii,17-3027,Mechanical Engineering Technicians,2012,70,2022,80,10,9.9,0
15,Hawaii,17-2141,Mechanical Engineers,2012,530,2022,560,30,6.9,20
15,Hawaii,27-4099,Media and Communication Equipment Workers  All Other,2012,250,2022,230,-20,-7.1,0
15,Hawaii,27-3099,Media and Communication Workers  All Other,2012,180,2022,200,20,8.3,0
15,Hawaii,29-2012,Medical and Clinical Laboratory Technicians,2012,870,2022,1030,160,18.3,40
15,Hawaii,29-2011,Medical and Clinical Laboratory Technologists,2012,620,2022,650,30,5.7,20
15,Hawaii,Nov-11,Medical and Health Services Managers,2012,1190,2022,1360,170,14.8,50
15,Hawaii,31-9092,Medical Assistants,2012,3250,2022,3690,440,13.7,110
15,Hawaii,31-9093,Medical Equipment Preparers,2012,240,2022,280,40,18.6,10
15,Hawaii,49-9062,Medical Equipment Repairers,2012,40,2022,50,10,35.1,0
15,Hawaii,29-2071,Medical Records and Health Information Technicians,2012,440,2022,500,60,12.4,20
15,Hawaii,19-1042,Medical Scientists  Except Epidemiologists,2012,330,2022,360,30,8.7,10
15,Hawaii,43-6013,Medical Secretaries,2012,1030,2022,1260,230,22.3,40
15,Hawaii,31-9094,Medical Transcriptionists,2012,140,2022,150,10,2.1,0
15,Hawaii,13-1121,Meeting  Convention  and Event Planners,2012,520,2022,660,140,28,20
15,Hawaii,21-1023,Mental Health and Substance Abuse Social Workers,2012,350,2022,420,70,19.7,10
15,Hawaii,21-1014,Mental Health Counselors,2012,350,2022,410,60,17.3,10
15,Hawaii,27-1026,Merchandise Displayers and Window Trimmers,2012,550,2022,620,70,11.9,20
15,Hawaii,43-5041,Meter Readers  Utilities,2012,150,2022,130,-20,-13.7,0
15,Hawaii,19-1022,Microbiologists,2012,70,2022,70,0,2.9,0
15,Hawaii,25-2022,Middle School Teachers  Except Special and Career/Technical Education,2012,1820,2022,2020,200,11,60
15,Hawaii,51-9023,Mixing and Blending Machine Setters  Operators  and Tenders,2012,50,2022,50,0,4.3,0
15,Hawaii,49-3042,Mobile Heavy Equipment Mechanics  Except Engines,2012,450,2022,480,30,6.9,20
15,Hawaii,51-9195,Molders  Shapers  and Casters  Except Metal and Plastic,2012,240,2022,290,50,23.7,10
15,Hawaii,51-4072,Molding  Coremaking  and Casting Machine Setters  Operators  and Tenders  Metal and Plastic,2012,100,2022,80,-20,-18.2,0
15,Hawaii,39-4031,Morticians  Undertakers  and Funeral Directors,2012,60,2022,60,0,10.7,0
15,Hawaii,39-3021,Motion Picture Projectionists,2012,110,2022,100,-10,-12.4,0
15,Hawaii,49-3051,Motorboat Mechanics and Service Technicians,2012,110,2022,120,10,7.3,0
15,Hawaii,27-1014,Multimedia Artists and Animators,2012,250,2022,280,30,12.9,10
15,Hawaii,25-4013,Museum Technicians and Conservators,2012,50,2022,50,0,12.8,0
15,Hawaii,27-2041,Music Directors and Composers,2012,130,2022,130,0,3.1,0
15,Hawaii,27-2042,Musicians and Singers,2012,580,2022,620,40,7.8,20
15,Hawaii,Nov-21,Natural Sciences Managers,2012,240,2022,240,0,-0.8,10
15,Hawaii,15-1142,Network and Computer Systems Administrators,2012,1430,2022,1540,110,7.8,30
15,Hawaii,43-4141,New Accounts Clerks,2012,200,2022,190,-10,-8.3,10
15,Hawaii,29-2033,Nuclear Medicine Technologists,2012,90,2022,100,10,15.6,0
15,Hawaii,29-1171,Nurse Practitioners,2012,250,2022,310,60,23.8,10
15,Hawaii,31-1014,Nursing Assistants,2012,5260,2022,6520,1260,23.9,230
15,Hawaii,25-1072,Nursing Instructors and Teachers  Postsecondary,2012,160,2022,220,60,34,10
15,Hawaii,29-1064,Obstetricians and Gynecologists,2012,240,2022,240,0,1.3,10
15,Hawaii,29-9011,Occupational Health and Safety Specialists,2012,320,2022,330,10,0.9,10
15,Hawaii,29-1122,Occupational Therapists,2012,450,2022,540,90,19.2,20
15,Hawaii,43-9199,Office and Administrative Support Workers  All Other,2012,1950,2022,2000,50,2.3,60
15,Hawaii,43-9061,Office Clerks  General,2012,14910,2022,15360,450,3.1,360
15,Hawaii,43-9071,Office Machine Operators  Except Computer,2012,90,2022,80,-10,-8,0
15,Hawaii,47-2073,Operating Engineers and Other Construction Equipment Operators,2012,1770,2022,2200,430,24,80
15,Hawaii,15-2031,Operations Research Analysts,2012,210,2022,260,50,24.5,10
15,Hawaii,29-2081,Opticians  Dispensing,2012,490,2022,580,90,18.4,20
15,Hawaii,29-1041,Optometrists,2012,370,2022,410,40,9.4,20
15,Hawaii,43-4151,Order Clerks,2012,490,2022,480,-10,-2.2,10
15,Hawaii,31-1015,Orderlies,2012,70,2022,80,10,15.7,0
15,Hawaii,49-3053,Outdoor Power Equipment and Other Small Engine Mechanics,2012,130,2022,140,10,7.8,0
15,Hawaii,51-9111,Packaging and Filling Machine Operators and Tenders,2012,570,2022,600,30,5.1,20
15,Hawaii,53-7064,Packers and Packagers  Hand,2012,1920,2022,2050,130,6.6,60
15,Hawaii,47-2141,Painters  Construction and Maintenance,2012,2720,2022,3040,320,11.7,70
15,Hawaii,51-9122,Painters  Transportation Equipment,2012,220,2022,260,40,18.4,10
15,Hawaii,23-2011,Paralegals and Legal Assistants,2012,630,2022,690,60,8.5,20
15,Hawaii,33-3041,Parking Enforcement Workers,2012,40,2022,40,0,0,0
15,Hawaii,53-6021,Parking Lot Attendants,2012,1860,2022,2010,150,8,100
15,Hawaii,41-2022,Parts Salespersons,2012,480,2022,520,40,7.7,20
15,Hawaii,47-2071,Paving  Surfacing  and Tamping Equipment Operators,2012,200,2022,270,70,39.8,10
15,Hawaii,43-3051,Payroll and Timekeeping Clerks,2012,880,2022,1010,130,13.9,30
15,Hawaii,29-1065,Pediatricians  General,2012,130,2022,130,0,3.1,0
15,Hawaii,39-9021,Personal Care Aides,2012,4070,2022,5770,1700,41.9,200
15,Hawaii,39-9099,Personal Care and Service Workers  All Other,2012,710,2022,800,90,12,30
15,Hawaii,13-2052,Personal Financial Advisors,2012,360,2022,430,70,19.1,10
15,Hawaii,37-3012,Pesticide Handlers  Sprayers  and Applicators  Vegetation,2012,140,2022,150,10,10.1,10
15,Hawaii,29-1051,Pharmacists,2012,1100,2022,1270,170,15.6,40
15,Hawaii,31-9095,Pharmacy Aides,2012,190,2022,220,30,13.6,10
15,Hawaii,29-2052,Pharmacy Technicians,2012,1280,2022,1530,250,19.5,40
15,Hawaii,25-1126,Philosophy and Religion Teachers  Postsecondary,2012,130,2022,150,20,17.7,0
15,Hawaii,31-9097,Phlebotomists,2012,520,2022,600,80,15.5,20
15,Hawaii,27-4021,Photographers,2012,1190,2022,1230,40,3.3,20
15,Hawaii,51-9151,Photographic Process Workers and Processing Machine Operators,2012,200,2022,200,0,1,10
15,Hawaii,19-2099,Physical Scientists  All Other,2012,140,2022,140,0,2.2,0
15,Hawaii,31-2022,Physical Therapist Aides,2012,110,2022,140,30,25.9,10
15,Hawaii,31-2021,Physical Therapist Assistants,2012,250,2022,300,50,21.8,10
15,Hawaii,29-1123,Physical Therapists,2012,900,2022,1090,190,21.3,40
15,Hawaii,29-1071,Physician Assistants,2012,210,2022,240,30,16.2,10
15,Hawaii,29-1069,Physicians and Surgeons  All Other,2012,780,2022,780,0,0.5,20
15,Hawaii,19-2012,Physicists,2012,130,2022,130,0,0,0
15,Hawaii,25-1054,Physics Teachers  Postsecondary,2012,70,2022,80,10,13,0
15,Hawaii,47-2151,Pipelayers,2012,120,2022,130,10,13.6,0
15,Hawaii,51-8099,Plant and System Operators  All Other,2012,80,2022,90,10,2.4,0
15,Hawaii,47-2161,Plasterers and Stucco Masons,2012,120,2022,140,20,19.7,0
15,Hawaii,47-2152,Plumbers  Pipefitters  and Steamfitters,2012,2170,2022,2560,390,17.9,70
15,Hawaii,33-3051,Police and Sheriff's Patrol Officers,2012,2650,2022,2740,90,3.5,90
15,Hawaii,25-1065,Political Science Teachers  Postsecondary,2012,70,2022,70,0,13.8,0
15,Hawaii,43-5051,Postal Service Clerks,2012,450,2022,350,-100,-22,10
15,Hawaii,43-5052,Postal Service Mail Carriers,2012,1000,2022,840,-160,-16.2,40
15,Hawaii,43-5053,Postal Service Mail Sorters  Processors  and Processing Machine Operators,2012,450,2022,360,-90,-19.9,0
15,Hawaii,Nov-31,Postmasters and Mail Superintendents,2012,60,2022,50,-10,-13.3,0
15,Hawaii,25-1199,Postsecondary Teachers  All Other,2012,380,2022,430,50,11.7,10
15,Hawaii,51-8013,Power Plant Operators,2012,300,2022,310,10,3,10
15,Hawaii,49-9069,Precision Instrument and Equipment Repairers  All Other,2012,150,2022,140,-10,-8.8,0
15,Hawaii,25-2011,Preschool Teachers  Except Special Education,2012,1200,2022,1320,120,10.7,50
15,Hawaii,51-6021,Pressers  Textile  Garment  and Related Materials,2012,180,2022,190,10,5,0
15,Hawaii,51-5112,Printing Press Operators,2012,220,2022,210,-10,-7.2,0
15,Hawaii,33-9021,Private Detectives and Investigators,2012,50,2022,50,0,8.2,0
15,Hawaii,21-1092,Probation Officers and Correctional Treatment Specialists,2012,310,2022,310,0,0,10
15,Hawaii,43-3061,Procurement Clerks,2012,420,2022,390,-30,-5.8,20
15,Hawaii,27-2012,Producers and Directors,2012,330,2022,360,30,11,20
15,Hawaii,51-9199,Production Workers  All Other,2012,360,2022,410,50,13.6,10
15,Hawaii,43-5061,Production  Planning  and Expediting Clerks,2012,610,2022,670,60,8.5,20
15,Hawaii,Nov-41,Property  Real Estate  and Community Association Managers,2012,4630,2022,5070,440,9.6,150
15,Hawaii,33-9099,Protective Service Workers  All Other,2012,410,2022,460,50,12.7,30
15,Hawaii,31-1013,Psychiatric Aides,2012,360,2022,370,10,0.8,10
15,Hawaii,29-2053,Psychiatric Technicians,2012,70,2022,70,0,9.1,0
15,Hawaii,29-1066,Psychiatrists,2012,210,2022,230,20,10.1,10
15,Hawaii,19-3039,Psychologists  All Other,2012,190,2022,200,10,5.4,10
15,Hawaii,25-1066,Psychology Teachers  Postsecondary,2012,290,2022,320,30,13,10
15,Hawaii,Nov-31,Public Relations and Fundraising Managers,2012,170,2022,190,20,10.8,10
15,Hawaii,27-3031,Public Relations Specialists,2012,840,2022,910,70,8.3,20
15,Hawaii,53-7072,Pump Operators  Except Wellhead Pumpers,2012,100,2022,120,20,11.7,10
15,Hawaii,13-1023,Purchasing Agents  Except Wholesale  Retail  and Farm Products,2012,1040,2022,1050,10,1.1,20
15,Hawaii,Nov-61,Purchasing Managers,2012,220,2022,230,10,5.9,10
15,Hawaii,29-1124,Radiation Therapists,2012,40,2022,40,0,22.9,0
15,Hawaii,27-3011,Radio and Television Announcers,2012,130,2022,130,0,-0.8,0
15,Hawaii,49-2021,Radio  Cellular  and Tower Equipment Installers and Repairs,2012,160,2022,190,30,15.2,0
15,Hawaii,29-2034,Radiologic Technologists,2012,650,2022,740,90,13.6,20
15,Hawaii,41-9021,Real Estate Brokers,2012,520,2022,570,50,9,10
15,Hawaii,41-9022,Real Estate Sales Agents,2012,730,2022,810,80,10.4,20
15,Hawaii,43-4171,Receptionists and Information Clerks,2012,4020,2022,4260,240,5.9,130
15,Hawaii,25-1193,Recreation and Fitness Studies Teachers  Postsecondary,2012,60,2022,60,0,10.7,0
15,Hawaii,39-9032,Recreation Workers,2012,1870,2022,2120,250,13.6,50
15,Hawaii,53-7081,Refuse and Recyclable Material Collectors,2012,600,2022,650,50,8.8,20
15,Hawaii,29-1141,Registered Nurses,2012,10370,2022,12170,1800,17.4,380
15,Hawaii,21-1015,Rehabilitation Counselors,2012,170,2022,190,20,13.5,10
15,Hawaii,47-2171,Reinforcing Iron and Rebar Workers,2012,370,2022,450,80,24.1,20
15,Hawaii,21-2099,Religious Workers  All Other,2012,90,2022,100,10,7.9,0
15,Hawaii,27-3022,Reporters and Correspondents,2012,260,2022,260,0,-1.5,10
15,Hawaii,43-4181,Reservation and Transportation Ticket Agents and Travel Clerks,2012,3010,2022,3100,90,3,50
15,Hawaii,39-9041,Residential Advisors,2012,130,2022,170,40,27.1,10
15,Hawaii,29-1126,Respiratory Therapists,2012,260,2022,300,40,17.1,10
15,Hawaii,29-2054,Respiratory Therapy Technicians,2012,170,2022,200,30,18,10
15,Hawaii,41-2031,Retail Salespersons,2012,24490,2022,27010,2520,10.3,1090
15,Hawaii,49-9096,Riggers,2012,200,2022,200,0,0.5,10
15,Hawaii,47-2181,Roofers,2012,840,2022,930,90,10.7,30
15,Hawaii,41-9099,Sales and Related Workers  All Other,2012,1040,2022,1180,140,13.4,30
15,Hawaii,41-9031,Sales Engineers,2012,60,2022,70,10,9.8,0
15,Hawaii,Nov-22,Sales Managers,2012,2000,2022,2200,200,10.1,60
15,Hawaii,41-3099,Sales Representatives  Services  All Other,2012,2680,2022,3020,340,12.4,110
15,Hawaii,41-4012,Sales Representatives  Wholesale and Manufacturing  Except Technical and Scientific Products,2012,4000,2022,4410,410,10.3,120
15,Hawaii,41-4011,Sales Representatives  Wholesale and Manufacturing  Technical and Scientific Products,2012,800,2022,880,80,9.7,20
15,Hawaii,25-2031,Secondary School Teachers  Except Special and Career/Technical Education,2012,4260,2022,4440,180,4.2,130
15,Hawaii,43-6014,Secretaries and Administrative Assistants  Except Legal  Medical  and Executive,2012,8920,2022,10070,1150,13,220
15,Hawaii,41-3031,Securities  Commodities  and Financial Services Sales Agents,2012,890,2022,960,70,7.7,30
15,Hawaii,49-2098,Security and Fire Alarm Systems Installers,2012,270,2022,300,30,11,10
15,Hawaii,33-9032,Security Guards,2012,9520,2022,10480,960,10.2,240
15,Hawaii,25-3021,Self-Enrichment Education Teachers,2012,1450,2022,1670,220,15.3,50
15,Hawaii,47-4071,Septic Tank Servicers and Sewer Pipe Cleaners,2012,60,2022,70,10,24.1,0
15,Hawaii,51-6031,Sewing Machine Operators,2012,410,2022,410,0,-1,0
15,Hawaii,39-5093,Shampooers,2012,80,2022,80,0,0,0
15,Hawaii,47-2211,Sheet Metal Workers,2012,720,2022,830,110,14.4,20
15,Hawaii,43-5071,Shipping  Receiving  and Traffic Clerks,2012,2200,2022,2250,50,2.1,60
15,Hawaii,39-5094,Skincare Specialists,2012,480,2022,640,160,34.2,20
15,Hawaii,51-3023,Slaughterers and Meat Packers,2012,60,2022,70,10,9.7,0
15,Hawaii,Nov-51,Social and Community Service Managers,2012,810,2022,950,140,16.9,30
15,Hawaii,21-1093,Social and Human Service Assistants,2012,2130,2022,2490,360,16.9,90
15,Hawaii,19-4061,Social Science Research Assistants,2012,50,2022,50,0,17.8,0
15,Hawaii,19-3099,Social Scientists and Related Workers  All Other,2012,430,2022,400,-30,-7.4,10
15,Hawaii,21-1029,Social Workers  All Other,2012,340,2022,340,0,0,10
15,Hawaii,25-1067,Sociology Teachers  Postsecondary,2012,150,2022,170,20,11.4,0
15,Hawaii,15-1132,Software Developers  Applications,2012,770,2022,930,160,20.9,30
15,Hawaii,15-1133,Software Developers  Systems Software,2012,670,2022,840,170,26.2,30
15,Hawaii,25-2059,Special Education Teachers  All Other,2012,200,2022,200,0,4.6,0
15,Hawaii,25-2052,Special Education Teachers  Kindergarten and Elementary School,2012,1000,2022,1050,50,4.7,20
15,Hawaii,25-2053,Special Education Teachers  Middle School,2012,420,2022,440,20,4,10
15,Hawaii,25-2051,Special Education Teachers  Preschool,2012,310,2022,320,10,4.9,10
15,Hawaii,25-2054,Special Education Teachers  Secondary School,2012,720,2022,740,20,3.2,10
15,Hawaii,29-1127,Speech-Language Pathologists,2012,460,2022,510,50,10.8,10
15,Hawaii,51-8021,Stationary Engineers and Boiler Operators,2012,60,2022,70,10,9.8,0
15,Hawaii,15-2041,Statisticians,2012,120,2022,140,20,20.9,10
15,Hawaii,43-5081,Stock Clerks and Order Fillers,2012,7520,2022,7570,50,0.6,230
15,Hawaii,47-2022,Stonemasons,2012,220,2022,300,80,34.8,10
15,Hawaii,47-2221,Structural Iron and Steel Workers,2012,150,2022,180,30,24.3,10
15,Hawaii,51-2041,Structural Metal Fabricators and Fitters,2012,110,2022,130,20,16.5,10
15,Hawaii,21-1011,Substance Abuse and Behavioral Disorder Counselors,2012,370,2022,440,70,19.9,20
15,Hawaii,29-1067,Surgeons,2012,110,2022,120,10,10.2,0
15,Hawaii,29-2055,Surgical Technologists,2012,260,2022,330,70,28.5,10
15,Hawaii,19-3022,Survey Researchers,2012,140,2022,140,0,4.3,0
15,Hawaii,17-3031,Surveying and Mapping Technicians,2012,160,2022,180,20,9.8,10
15,Hawaii,17-1022,Surveyors,2012,260,2022,270,10,4.2,10
15,Hawaii,43-2011,Switchboard Operators  Including Answering Service,2012,710,2022,590,-120,-16.9,10
15,Hawaii,51-6052,Tailors  Dressmakers  and Custom Sewers,2012,250,2022,260,10,4.4,0
15,Hawaii,47-2082,Tapers,2012,190,2022,230,40,18.2,10
15,Hawaii,13-2081,Tax Examiners and Collectors  and Revenue Agents,2012,140,2022,140,0,-6.3,10
15,Hawaii,13-2082,Tax Preparers,2012,540,2022,550,10,2.4,10
15,Hawaii,53-3041,Taxi Drivers and Chauffeurs,2012,1760,2022,2050,290,16,50
15,Hawaii,25-9041,Teacher Assistants,2012,6640,2022,7060,420,6.4,190
15,Hawaii,25-3099,Teachers and Instructors  All Other,2012,8510,2022,9090,580,6.8,200
15,Hawaii,51-2092,Team Assemblers,2012,430,2022,470,40,8.6,10
15,Hawaii,49-2022,Telecommunications Equipment Installers and Repairers  Except Line Installers,2012,950,2022,1140,190,20.3,30
15,Hawaii,49-9052,Telecommunications Line Installers and Repairers,2012,480,2022,520,40,7.9,20
15,Hawaii,41-9041,Telemarketers,2012,330,2022,360,30,9.1,10
15,Hawaii,43-3071,Tellers,2012,2250,2022,2230,-20,-0.6,110
15,Hawaii,51-6099,Textile  Apparel  and Furnishings Workers  All Other,2012,130,2022,120,-10,-4,0
15,Hawaii,47-2044,Tile and Marble Setters,2012,310,2022,360,50,15,10
15,Hawaii,49-3093,Tire Repairers and Changers,2012,440,2022,490,50,11.8,20
15,Hawaii,00-0000,Total  All Occupations,2012,664770,2022,729470,64700,9.7,22850
15,Hawaii,39-7011,Tour Guides and Escorts,2012,2010,2022,2120,110,5.5,110
15,Hawaii,53-6041,Traffic Technicians,2012,40,2022,40,0,7.3,0
15,Hawaii,Nov-31,Training and Development Managers,2012,100,2022,110,10,13.4,0
15,Hawaii,13-1151,Training and Development Specialists,2012,600,2022,700,100,18,20
15,Hawaii,53-6061,Transportation Attendants  Except Flight Attendants,2012,730,2022,780,50,6.9,20
15,Hawaii,53-6051,Transportation Inspectors,2012,140,2022,160,20,9.9,10
15,Hawaii,33-9093,Transportation Security Screeners,2012,1740,2022,1860,120,6.8,50
15,Hawaii,53-6099,Transportation Workers  All Other,2012,640,2022,730,90,14.7,30
15,Hawaii,Nov-71,Transportation  Storage  and Distribution Managers,2012,500,2022,510,10,2.6,10
15,Hawaii,41-3041,Travel Agents,2012,1230,2022,1030,-200,-15.7,20
15,Hawaii,39-7012,Travel Guides,2012,80,2022,80,0,-3.6,0
15,Hawaii,37-3013,Tree Trimmers and Pruners,2012,100,2022,110,10,13.1,0
15,Hawaii,19-3051,Urban and Regional Planners,2012,430,2022,470,40,9.1,20
15,Hawaii,39-3031,Ushers  Lobby Attendants  and Ticket Takers,2012,510,2022,500,-10,-2.3,30
15,Hawaii,29-1131,Veterinarians,2012,160,2022,170,10,6.8,10
15,Hawaii,31-9096,Veterinary Assistants and Laboratory Animal Caretakers,2012,270,2022,280,10,2.2,10
15,Hawaii,29-2056,Veterinary Technologists and Technicians,2012,290,2022,360,70,21.9,10
15,Hawaii,25-1194,Vocational Education Teachers  Postsecondary,2012,710,2022,790,80,11,20
15,Hawaii,35-3031,Waiters and Waitresses,2012,13240,2022,14100,860,6.5,720
15,Hawaii,51-8031,Water and Wastewater Treatment Plant and System Operators,2012,310,2022,350,40,12.6,20
15,Hawaii,15-1134,Web Developers,2012,360,2022,410,50,14.2,10
15,Hawaii,51-4121,Welders  Cutters  Solderers  and Brazers,2012,510,2022,530,20,4.5,10
15,Hawaii,13-1022,Wholesale and Retail Buyers  Except Farm Products,2012,1040,2022,1150,110,10.2,40
15,Hawaii,51-7099,Woodworkers  All Other,2012,230,2022,240,10,5.7,10
15,Hawaii,43-9022,Word Processors and Typists,2012,1720,2022,1280,-440,-25.9,10
15,Hawaii,27-3043,Writers and Authors,2012,420,2022,420,0,1.7,10
15,Hawaii,19-1023,Zoologists and Wildlife Biologists,2012,230,2022,230,0,1.8,10
