STFIPS,AreaName,OccupationCode,OccupationName,BaseYear,Base,ProjYear,Proj,Change,PercentChange,AvgAnnualOpenings
16,Idaho,13-2011,Accountants and Auditors,2012,3730,2022,4160,430,11.5,150
16,Idaho,15-2011,Actuaries,2012,30,2022,40,10,29,0
16,Idaho,51-9191,Adhesive Bonding Machine Operators and Tenders,2012,50,2022,50,0,10.6,0
16,Idaho,23-1021,Administrative Law Judges  Adjudicators  and Hearing Officers,2012,50,2022,50,0,1.9,0
16,Idaho,Nov-11,Administrative Services Managers,2012,1580,2022,1810,230,14.6,50
16,Idaho,25-3011,Adult Basic and Secondary Education and Literacy Teachers and Instructors,2012,580,2022,660,80,13.9,20
16,Idaho,Nov-11,Advertising and Promotions Managers,2012,170,2022,190,20,9.8,10
16,Idaho,41-3011,Advertising Sales Agents,2012,690,2022,670,-20,-2.3,20
16,Idaho,19-4011,Agricultural and Food Science Technicians,2012,410,2022,480,70,18.5,20
16,Idaho,45-2091,Agricultural Equipment Operators,2012,1150,2022,1370,220,19.9,60
16,Idaho,45-2011,Agricultural Inspectors,2012,290,2022,320,30,11.2,10
16,Idaho,25-1041,Agricultural Sciences Teachers  Postsecondary,2012,50,2022,60,10,9.6,0
16,Idaho,45-2099,Agricultural Workers  All Other,2012,240,2022,280,40,17.4,10
16,Idaho,53-2021,Air Traffic Controllers,2012,80,2022,90,10,16.3,10
16,Idaho,53-1011,Aircraft Cargo Handling Supervisors,2012,30,2022,40,10,23.3,0
16,Idaho,49-3011,Aircraft Mechanics and Service Technicians,2012,560,2022,640,80,15.5,20
16,Idaho,53-2022,Airfield Operations Specialists,2012,50,2022,60,10,15.4,0
16,Idaho,53-2011,Airline Pilots  Copilots  and Flight Engineers,2012,140,2022,160,20,16.3,10
16,Idaho,53-3011,Ambulance Drivers and Attendants  Except Emergency Medical Technicians,2012,40,2022,50,10,11.9,0
16,Idaho,39-3091,Amusement and Recreation Attendants,2012,1440,2022,1790,350,24.7,110
16,Idaho,29-1061,Anesthesiologists,2012,100,2022,120,20,15.4,10
16,Idaho,45-2021,Animal Breeders,2012,140,2022,140,0,2.9,0
16,Idaho,33-9011,Animal Control Workers,2012,110,2022,120,10,8.3,0
16,Idaho,39-2011,Animal Trainers,2012,190,2022,220,30,17,10
16,Idaho,19-3091,Anthropologists and Archeologists,2012,100,2022,110,10,10,0
16,Idaho,25-1061,Anthropology and Archeology Teachers  Postsecondary,2012,50,2022,60,10,13,0
16,Idaho,13-2021,Appraisers and Assessors of Real Estate,2012,690,2022,730,40,4.9,10
16,Idaho,23-1022,Arbitrators  Mediators  and Conciliators,2012,30,2022,30,0,10.7,0
16,Idaho,17-1011,Architects  Except Landscape and Naval,2012,310,2022,330,20,9.2,10
16,Idaho,17-3011,Architectural and Civil Drafters,2012,520,2022,510,-10,-1.3,10
16,Idaho,Nov-41,Architectural and Engineering Managers,2012,1020,2022,1160,140,13.5,40
16,Idaho,27-1011,Art Directors,2012,150,2022,160,10,4.7,10
16,Idaho,25-1121,Art  Drama  and Music Teachers  Postsecondary,2012,300,2022,350,50,15.8,10
16,Idaho,27-1019,Artists and Related Workers  All Other,2012,40,2022,40,0,2.8,0
16,Idaho,51-2099,Assemblers and Fabricators  All Other,2012,380,2022,470,90,22.3,10
16,Idaho,27-2021,Athletes and Sports Competitors,2012,50,2022,60,10,21.3,0
16,Idaho,29-9091,Athletic Trainers,2012,120,2022,160,40,28.7,10
16,Idaho,19-2021,Atmospheric and Space Scientists,2012,530,2022,600,70,14,20
16,Idaho,25-1051,Atmospheric  Earth  Marine  and Space Sciences Teachers  Postsecondary,2012,70,2022,70,0,12.1,0
16,Idaho,27-4011,Audio and Video Equipment Technicians,2012,280,2022,330,50,14.8,10
16,Idaho,29-1181,Audiologists,2012,20,2022,30,10,34.8,0
16,Idaho,25-9011,Audio-Visual and Multimedia Collections Specialists,2012,50,2022,50,0,-4,0
16,Idaho,53-6031,Automotive and Watercraft Service Attendants,2012,520,2022,660,140,26.6,30
16,Idaho,49-3021,Automotive Body and Related Repairers,2012,570,2022,640,70,11.8,20
16,Idaho,49-3022,Automotive Glass Installers and Repairers,2012,110,2022,130,20,14.2,10
16,Idaho,49-3023,Automotive Service Technicians and Mechanics,2012,3080,2022,3540,460,14.9,120
16,Idaho,49-2091,Avionics Technicians,2012,70,2022,70,0,13.8,0
16,Idaho,39-6011,Baggage Porters and Bellhops,2012,110,2022,130,20,12.6,0
16,Idaho,33-3011,Bailiffs,2012,130,2022,140,10,6.3,0
16,Idaho,51-3011,Bakers,2012,810,2022,1020,210,26,40
16,Idaho,35-3011,Bartenders,2012,2650,2022,3420,770,29,180
16,Idaho,49-3091,Bicycle Repairers,2012,100,2022,120,20,24.5,10
16,Idaho,43-3011,Bill and Account Collectors,2012,1400,2022,1640,240,17.1,60
16,Idaho,43-3021,Billing and Posting Clerks,2012,2520,2022,3000,480,19.1,90
16,Idaho,19-1021,Biochemists and Biophysicists,2012,90,2022,100,10,17.4,0
16,Idaho,25-1042,Biological Science Teachers  Postsecondary,2012,280,2022,340,60,19.1,10
16,Idaho,19-1029,Biological Scientists  All Other,2012,360,2022,370,10,2.5,10
16,Idaho,19-4021,Biological Technicians,2012,610,2022,640,30,4.1,20
16,Idaho,43-3031,Bookkeeping  Accounting  and Auditing Clerks,2012,8970,2022,10470,1500,16.8,230
16,Idaho,47-2021,Brickmasons and Blockmasons,2012,230,2022,330,100,43.4,10
16,Idaho,27-3021,Broadcast News Analysts,2012,70,2022,60,-10,-7.2,0
16,Idaho,27-4012,Broadcast Technicians,2012,150,2022,160,10,1.3,0
16,Idaho,43-4011,Brokerage Clerks,2012,130,2022,130,0,0.8,0
16,Idaho,13-2031,Budget Analysts,2012,160,2022,180,20,12.2,10
16,Idaho,37-2019,Building Cleaning Workers  All Other,2012,80,2022,90,10,17.1,0
16,Idaho,49-3031,Bus and Truck Mechanics and Diesel Engine Specialists,2012,1520,2022,1700,180,12.1,50
16,Idaho,53-3022,Bus Drivers  School or Special Client,2012,2080,2022,2220,140,6.6,50
16,Idaho,53-3021,Bus Drivers  Transit and Intercity,2012,670,2022,700,30,4.3,20
16,Idaho,13-1199,Business Operations Specialists  All Other,2012,2510,2022,2770,260,10.3,60
16,Idaho,25-1011,Business Teachers  Postsecondary,2012,280,2022,330,50,15.2,10
16,Idaho,51-3021,Butchers and Meat Cutters,2012,700,2022,870,170,25.2,40
16,Idaho,13-1021,Buyers and Purchasing Agents  Farm Products,2012,180,2022,190,10,9.6,10
16,Idaho,51-7011,Cabinetmakers and Bench Carpenters,2012,820,2022,980,160,19.2,20
16,Idaho,27-4031,Camera Operators  Television  Video  and Motion Picture,2012,180,2022,190,10,7.8,0
16,Idaho,29-2031,Cardiovascular Technologists and Technicians,2012,270,2022,370,100,39.8,20
16,Idaho,25-2023,Career/Technical Education Teachers  Middle School,2012,40,2022,40,0,5.7,0
16,Idaho,25-2032,Career/Technical Education Teachers  Secondary School,2012,310,2022,330,20,6.8,10
16,Idaho,43-5011,Cargo and Freight Agents,2012,160,2022,190,30,15.2,10
16,Idaho,47-2031,Carpenters,2012,5450,2022,7010,1560,28.6,220
16,Idaho,47-2041,Carpet Installers,2012,150,2022,180,30,23.8,10
16,Idaho,17-1021,Cartographers and Photogrammetrists,2012,200,2022,220,20,10,10
16,Idaho,41-2011,Cashiers,2012,14780,2022,17070,2290,15.5,870
16,Idaho,47-2051,Cement Masons and Concrete Finishers,2012,1340,2022,1790,450,33.4,60
16,Idaho,35-1011,Chefs and Head Cooks,2012,820,2022,960,140,17,30
16,Idaho,17-2041,Chemical Engineers,2012,90,2022,110,20,11.7,0
16,Idaho,51-9011,Chemical Equipment Operators and Tenders,2012,220,2022,230,10,5.4,10
16,Idaho,51-8091,Chemical Plant and System Operators,2012,220,2022,220,0,0.9,10
16,Idaho,19-4031,Chemical Technicians,2012,280,2022,320,40,12.8,10
16,Idaho,25-1052,Chemistry Teachers  Postsecondary,2012,110,2022,120,10,14.2,0
16,Idaho,19-2031,Chemists,2012,230,2022,250,20,7,10
16,Idaho,11-1011,Chief Executives,2012,820,2022,890,70,8.7,30
16,Idaho,21-1021,Child  Family  and School Social Workers,2012,1250,2022,1430,180,14.1,40
16,Idaho,39-9011,Childcare Workers,2012,3460,2022,3850,390,11.2,140
16,Idaho,29-1011,Chiropractors,2012,340,2022,380,40,11.7,10
16,Idaho,17-3022,Civil Engineering Technicians,2012,420,2022,400,-20,-3.8,10
16,Idaho,17-2051,Civil Engineers,2012,1300,2022,1480,180,14,50
16,Idaho,13-1031,Claims Adjusters  Examiners  and Investigators,2012,1010,2022,1070,60,5.6,30
16,Idaho,53-7061,Cleaners of Vehicles and Equipment,2012,1750,2022,2010,260,14.7,80
16,Idaho,51-9192,Cleaning  Washing  and Metal Pickling Equipment Operators and Tenders,2012,270,2022,280,10,1.1,10
16,Idaho,21-2011,Clergy,2012,230,2022,280,50,23,10
16,Idaho,19-3031,Clinical  Counseling  and School Psychologists,2012,840,2022,940,100,12.2,30
16,Idaho,27-2022,Coaches and Scouts,2012,1660,2022,2040,380,22.6,90
16,Idaho,51-9121,Coating  Painting  and Spraying Machine Setters  Operators  and Tenders,2012,260,2022,280,20,9.7,10
16,Idaho,49-9091,Coin  Vending  and Amusement Machine Servicers and Repairers,2012,90,2022,100,10,12.2,0
16,Idaho,35-3021,Combined Food Preparation and Serving Workers  Including Fast Food,2012,9860,2022,13080,3220,32.6,700
16,Idaho,27-1021,Commercial and Industrial Designers,2012,110,2022,130,20,11.4,0
16,Idaho,53-2012,Commercial Pilots,2012,260,2022,330,70,26.6,20
16,Idaho,25-1122,Communications Teachers  Postsecondary,2012,140,2022,150,10,12.6,0
16,Idaho,21-1099,Community and Social Service Specialists  All Other,2012,60,2022,70,10,15.5,0
16,Idaho,21-1094,Community Health Workers,2012,270,2022,340,70,24.5,10
16,Idaho,Nov-11,Compensation and Benefits Managers,2012,80,2022,90,10,3.6,0
16,Idaho,13-1141,Compensation  Benefits  and Job Analysis Specialists,2012,230,2022,250,20,9.2,10
16,Idaho,13-1041,Compliance Officers,2012,1080,2022,1210,130,12.1,30
16,Idaho,Nov-21,Computer and Information Systems Managers,2012,850,2022,980,130,14.3,20
16,Idaho,17-2061,Computer Hardware Engineers,2012,460,2022,470,10,3.5,10
16,Idaho,15-1143,Computer Network Architects,2012,340,2022,360,20,5.8,10
16,Idaho,15-1152,Computer Network Support Specialists,2012,510,2022,540,30,5.7,10
16,Idaho,51-4012,Computer Numerically Controlled Machine Tool Programmers  Metal and Plastic,2012,50,2022,70,20,45.7,0
16,Idaho,15-1199,Computer Occupations  All Other,2012,550,2022,620,70,12.7,20
16,Idaho,43-9011,Computer Operators,2012,220,2022,200,-20,-7.8,0
16,Idaho,15-1131,Computer Programmers,2012,1000,2022,1070,70,6.7,30
16,Idaho,25-1021,Computer Science Teachers  Postsecondary,2012,130,2022,140,10,14.4,0
16,Idaho,15-1121,Computer Systems Analysts,2012,1040,2022,1260,220,21.8,40
16,Idaho,15-1151,Computer User Support Specialists,2012,2420,2022,2840,420,17.3,80
16,Idaho,49-2011,Computer  Automated Teller  and Office Machine Repairers,2012,510,2022,550,40,6.4,10
16,Idaho,51-4011,Computer-Controlled Machine Tool Operators  Metal and Plastic,2012,330,2022,450,120,36.3,20
16,Idaho,39-6012,Concierges,2012,90,2022,110,20,34.1,10
16,Idaho,19-1031,Conservation Scientists,2012,260,2022,280,20,6.1,10
16,Idaho,47-4011,Construction and Building Inspectors,2012,460,2022,490,30,7.2,10
16,Idaho,47-4099,Construction and Related Workers  All Other,2012,150,2022,200,50,29.8,10
16,Idaho,47-2061,Construction Laborers,2012,5610,2022,7250,1640,29.3,280
16,Idaho,Nov-21,Construction Managers,2012,2470,2022,2820,350,14,70
16,Idaho,47-5041,Continuous Mining Machine Operators,2012,340,2022,340,0,-0.9,10
16,Idaho,49-9012,Control and Valve Installers and Repairers  Except Mechanical Door,2012,240,2022,280,40,16.7,10
16,Idaho,53-7011,Conveyor Operators and Tenders,2012,260,2022,310,50,18.1,10
16,Idaho,35-2019,Cooks  All Other,2012,60,2022,70,10,7.9,0
16,Idaho,35-2011,Cooks  Fast Food,2012,4440,2022,5190,750,16.8,160
16,Idaho,35-2012,Cooks  Institution and Cafeteria,2012,2710,2022,3070,360,13.3,90
16,Idaho,35-2014,Cooks  Restaurant,2012,5510,2022,7280,1770,32.2,290
16,Idaho,35-2015,Cooks  Short Order,2012,710,2022,810,100,15,30
16,Idaho,51-9193,Cooling and Freezing Equipment Operators and Tenders,2012,40,2022,40,0,7.5,0
16,Idaho,33-3012,Correctional Officers and Jailers,2012,1850,2022,2050,200,11.1,70
16,Idaho,13-1051,Cost Estimators,2012,920,2022,1240,320,35.6,60
16,Idaho,41-2021,Counter and Rental Clerks,2012,1770,2022,2110,340,19.2,80
16,Idaho,35-3022,Counter Attendants  Cafeteria  Food Concession  and Coffee Shop,2012,4000,2022,4550,550,13.6,300
16,Idaho,43-5021,Couriers and Messengers,2012,300,2022,290,-10,-4,0
16,Idaho,23-2091,Court Reporters,2012,50,2022,60,10,3.7,0
16,Idaho,43-4031,Court  Municipal  and License Clerks,2012,880,2022,980,100,10.9,20
16,Idaho,53-7021,Crane and Tower Operators,2012,130,2022,160,30,25.8,10
16,Idaho,13-2041,Credit Analysts,2012,170,2022,210,40,19.8,10
16,Idaho,43-4041,Credit Authorizers  Checkers  and Clerks,2012,180,2022,190,10,3.4,0
16,Idaho,13-2071,Credit Counselors,2012,80,2022,90,10,20.5,0
16,Idaho,25-1111,Criminal Justice and Law Enforcement Teachers  Postsecondary,2012,70,2022,80,10,16.9,0
16,Idaho,33-9091,Crossing Guards,2012,490,2022,580,90,18,20
16,Idaho,51-9021,Crushing  Grinding  and Polishing Machine Setters  Operators  and Tenders,2012,240,2022,250,10,5.1,10
16,Idaho,25-4012,Curators,2012,50,2022,50,0,6.7,0
16,Idaho,43-4051,Customer Service Representatives,2012,15620,2022,19010,3390,21.7,760
16,Idaho,51-9031,Cutters and Trimmers  Hand,2012,50,2022,50,0,4.2,0
16,Idaho,51-9032,Cutting and Slicing Machine Setters  Operators  and Tenders,2012,440,2022,530,90,20.7,20
16,Idaho,51-4031,Cutting  Punching  and Press Machine Setters  Operators  and Tenders  Metal and Plastic,2012,370,2022,390,20,6,10
16,Idaho,43-9021,Data Entry Keyers,2012,610,2022,480,-130,-21.2,10
16,Idaho,15-1141,Database Administrators,2012,300,2022,350,50,16.6,10
16,Idaho,41-9011,Demonstrators and Product Promoters,2012,450,2022,510,60,12.3,20
16,Idaho,31-9091,Dental Assistants,2012,1890,2022,2160,270,14.2,70
16,Idaho,29-2021,Dental Hygienists,2012,1120,2022,1360,240,21.6,50
16,Idaho,51-9081,Dental Laboratory Technicians,2012,340,2022,430,90,23.5,20
16,Idaho,29-1029,Dentists  All Other Specialists,2012,30,2022,40,10,8.8,0
16,Idaho,29-1021,Dentists  General,2012,610,2022,680,70,11.6,20
16,Idaho,43-9031,Desktop Publishers,2012,40,2022,40,0,0,0
16,Idaho,33-3021,Detectives and Criminal Investigators,2012,400,2022,430,30,6.8,10
16,Idaho,29-2032,Diagnostic Medical Sonographers,2012,420,2022,630,210,50.8,30
16,Idaho,29-2051,Dietetic Technicians,2012,70,2022,90,20,30.8,0
16,Idaho,29-1031,Dietitians and Nutritionists,2012,320,2022,390,70,23.7,10
16,Idaho,35-9011,Dining Room and Cafeteria Attendants and Bartender Helpers,2012,1350,2022,1650,300,22.7,90
16,Idaho,35-9021,Dishwashers,2012,2060,2022,2480,420,20.4,130
16,Idaho,43-5032,Dispatchers  Except Police  Fire  and Ambulance,2012,900,2022,1040,140,15.6,40
16,Idaho,41-9091,Door-to-Door Sales Workers  News and Street Vendors  and Related Workers,2012,440,2022,460,20,3.8,10
16,Idaho,51-4032,Drilling and Boring Machine Tool Setters  Operators  and Tenders  Metal and Plastic,2012,40,2022,30,-10,-12.8,0
16,Idaho,53-3031,Driver/Sales Workers,2012,2760,2022,3340,580,21.2,100
16,Idaho,47-2081,Drywall and Ceiling Tile Installers,2012,680,2022,990,310,45.6,40
16,Idaho,47-5021,Earth Drillers  Except Oil and Gas,2012,190,2022,220,30,13.4,10
16,Idaho,25-1063,Economics Teachers  Postsecondary,2012,50,2022,60,10,13.7,0
16,Idaho,19-3011,Economists,2012,50,2022,60,10,16.3,0
16,Idaho,27-3041,Editors,2012,350,2022,360,10,2,10
16,Idaho,Nov-39,Education Administrators  All Other,2012,50,2022,50,0,12.8,0
16,Idaho,Nov-32,Education Administrators  Elementary and Secondary School,2012,1110,2022,1190,80,6.9,40
16,Idaho,Nov-33,Education Administrators  Postsecondary,2012,620,2022,710,90,15.2,30
16,Idaho,Nov-31,Education Administrators  Preschool and Childcare Center/Program,2012,130,2022,140,10,11.6,10
16,Idaho,25-1081,Education Teachers  Postsecondary,2012,270,2022,310,40,14.2,10
16,Idaho,25-9099,Education  Training  and Library Workers  All Other,2012,50,2022,50,0,2,0
16,Idaho,21-1012,Educational  Guidance  School  and Vocational Counselors,2012,1350,2022,1470,120,9,40
16,Idaho,49-2092,Electric Motor  Power Tool  and Related Repairers,2012,180,2022,190,10,6,0
16,Idaho,51-2022,Electrical and Electronic Equipment Assemblers,2012,840,2022,900,60,7.4,20
16,Idaho,17-3012,Electrical and Electronics Drafters,2012,140,2022,150,10,9.6,0
16,Idaho,17-3023,Electrical and Electronics Engineering Technicians,2012,980,2022,1060,80,8.2,30
16,Idaho,49-2093,Electrical and Electronics Installers and Repairers  Transportation Equipment,2012,40,2022,50,10,7.1,0
16,Idaho,49-2094,Electrical and Electronics Repairers  Commercial and Industrial Equipment,2012,230,2022,240,10,4.8,10
16,Idaho,49-2095,Electrical and Electronics Repairers  Powerhouse  Substation  and Relay,2012,110,2022,140,30,21.9,0
16,Idaho,17-2071,Electrical Engineers,2012,1250,2022,1450,200,15.8,50
16,Idaho,49-9051,Electrical Power-Line Installers and Repairers,2012,830,2022,1000,170,21.2,50
16,Idaho,47-2111,Electricians,2012,2900,2022,3750,850,29.1,140
16,Idaho,51-2023,Electromechanical Equipment Assemblers,2012,340,2022,420,80,22.9,10
16,Idaho,17-3024,Electro-Mechanical Technicians,2012,40,2022,50,10,9.8,0
16,Idaho,49-2096,Electronic Equipment Installers and Repairers  Motor Vehicles,2012,40,2022,40,0,5.3,0
16,Idaho,49-2097,Electronic Home Entertainment Equipment Installers and Repairers,2012,220,2022,220,0,1.9,10
16,Idaho,25-2021,Elementary School Teachers  Except Special Education,2012,6480,2022,7380,900,13.9,230
16,Idaho,43-4061,Eligibility Interviewers  Government Programs,2012,570,2022,660,90,16,20
16,Idaho,Nov-61,Emergency Management Directors,2012,120,2022,130,10,9.5,0
16,Idaho,29-2041,Emergency Medical Technicians and Paramedics,2012,1140,2022,1330,190,16.5,50
16,Idaho,25-1032,Engineering Teachers  Postsecondary,2012,200,2022,220,20,11.7,10
16,Idaho,17-3029,Engineering Technicians  Except Drafters  All Other,2012,350,2022,380,30,7.7,10
16,Idaho,17-2199,Engineers  All Other,2012,460,2022,510,50,12.5,10
16,Idaho,25-1123,English Language and Literature Teachers  Postsecondary,2012,310,2022,360,50,14.5,10
16,Idaho,17-3025,Environmental Engineering Technicians,2012,50,2022,50,0,8.9,0
16,Idaho,17-2081,Environmental Engineers,2012,270,2022,300,30,12.6,10
16,Idaho,19-4091,Environmental Science and Protection Technicians  Including Health,2012,210,2022,230,20,10.7,10
16,Idaho,19-2041,Environmental Scientists and Specialists  Including Health,2012,640,2022,700,60,9.8,30
16,Idaho,51-9194,Etchers and Engravers,2012,100,2022,110,10,4.9,0
16,Idaho,53-7032,Excavating and Loading Machine and Dragline Operators,2012,410,2022,520,110,28.8,20
16,Idaho,43-6011,Executive Secretaries and Executive Administrative Assistants,2012,1770,2022,1790,20,0.8,20
16,Idaho,51-4021,Extruding and Drawing Machine Setters  Operators  and Tenders  Metal and Plastic,2012,80,2022,80,0,3.9,0
16,Idaho,51-9041,Extruding  Forming  Pressing  and Compacting Machine Setters  Operators  and Tenders,2012,180,2022,230,50,25.3,10
16,Idaho,45-4021,Fallers,2012,390,2022,240,-150,-36.9,10
16,Idaho,29-1062,Family and General Practitioners,2012,670,2022,730,60,10,20
16,Idaho,25-9021,Farm and Home Management Advisors,2012,110,2022,120,10,9.2,0
16,Idaho,49-3041,Farm Equipment Mechanics and Service Technicians,2012,620,2022,730,110,18.6,30
16,Idaho,45-2092,Farmworkers and Laborers  Crop  Nursery  and Greenhouse,2012,10110,2022,11590,1480,14.6,450
16,Idaho,45-2093,Farmworkers  Farm  Ranch  and Aquacultural Animals,2012,1410,2022,1670,260,18.9,70
16,Idaho,27-1022,Fashion Designers,2012,30,2022,40,10,18.2,0
16,Idaho,47-4031,Fence Erectors,2012,110,2022,160,50,43.1,10
16,Idaho,51-2091,Fiberglass Laminators and Fabricators,2012,130,2022,140,10,8.4,0
16,Idaho,43-4071,File Clerks,2012,780,2022,730,-50,-5.4,20
16,Idaho,27-4032,Film and Video Editors,2012,60,2022,60,0,3.6,0
16,Idaho,13-2051,Financial Analysts,2012,250,2022,300,50,18.3,10
16,Idaho,43-3099,Financial Clerks  All Other,2012,60,2022,60,0,7,0
16,Idaho,13-2061,Financial Examiners,2012,70,2022,70,0,6,0
16,Idaho,Nov-31,Financial Managers,2012,1930,2022,2210,280,14.4,60
16,Idaho,13-2099,Financial Specialists  All Other,2012,190,2022,220,30,13,0
16,Idaho,27-1013,Fine Artists  Including Painters  Sculptors  and Illustrators,2012,50,2022,60,10,5.6,0
16,Idaho,33-2021,Fire Inspectors and Investigators,2012,40,2022,40,0,2.7,0
16,Idaho,33-2011,Firefighters,2012,1970,2022,2090,120,6.1,70
16,Idaho,47-1011,First-Line Supervisors of Construction Trades and Extraction Workers,2012,2920,2022,3710,790,26.9,110
16,Idaho,33-1011,First-Line Supervisors of Correctional Officers,2012,300,2022,320,20,6,10
16,Idaho,45-1011,First-Line Supervisors of Farming  Fishing  and Forestry Workers,2012,810,2022,920,110,13,30
16,Idaho,33-1021,First-Line Supervisors of Fire Fighting and Prevention Workers,2012,300,2022,320,20,5.3,20
16,Idaho,35-1012,First-Line Supervisors of Food Preparation and Serving Workers,2012,3690,2022,4740,1050,28.3,210
16,Idaho,53-1021,First-Line Supervisors of Helpers  Laborers  and Material Movers  Hand,2012,770,2022,860,90,11.8,30
16,Idaho,37-1011,First-Line Supervisors of Housekeeping and Janitorial Workers,2012,1110,2022,1230,120,10.4,40
16,Idaho,37-1012,First-Line Supervisors of Landscaping  Lawn Service  and Groundskeeping Workers,2012,1460,2022,1590,130,9.2,30
16,Idaho,49-1011,First-Line Supervisors of Mechanics  Installers  and Repairers,2012,2310,2022,2650,340,14.8,100
16,Idaho,41-1012,First-Line Supervisors of Non-Retail Sales Workers,2012,1520,2022,1680,160,10.4,40
16,Idaho,43-1011,First-Line Supervisors of Office and Administrative Support Workers,2012,6390,2022,7510,1120,17.5,260
16,Idaho,39-1021,First-Line Supervisors of Personal Service Workers,2012,1180,2022,1320,140,11.7,40
16,Idaho,33-1012,First-Line Supervisors of Police and Detectives,2012,670,2022,700,30,5.3,20
16,Idaho,51-1011,First-Line Supervisors of Production and Operating Workers,2012,2780,2022,3130,350,12.5,70
16,Idaho,33-1099,First-Line Supervisors of Protective Service Workers  All Other,2012,200,2022,230,30,12.5,10
16,Idaho,41-1011,First-Line Supervisors of Retail Sales Workers,2012,7970,2022,9380,1410,17.7,310
16,Idaho,53-1031,First-Line Supervisors of Transportation and Material-Moving Machine and Vehicle Operators,2012,970,2022,1120,150,16.5,40
16,Idaho,33-3031,Fish and Game Wardens,2012,100,2022,100,0,3,0
16,Idaho,39-9031,Fitness Trainers and Aerobics Instructors,2012,1750,2022,2210,460,26.1,70
16,Idaho,47-2042,Floor Layers  Except Carpet  Wood  and Hard Tiles,2012,80,2022,90,10,8.9,0
16,Idaho,47-2043,Floor Sanders and Finishers,2012,100,2022,120,20,20.8,0
16,Idaho,27-1023,Floral Designers,2012,420,2022,410,-10,-2.9,10
16,Idaho,51-3091,Food and Tobacco Roasting  Baking  and Drying Machine Operators and Tenders,2012,400,2022,490,90,20.9,20
16,Idaho,51-3092,Food Batchmakers,2012,1860,2022,2140,280,15.1,90
16,Idaho,51-3093,Food Cooking Machine Operators and Tenders,2012,520,2022,590,70,14.5,20
16,Idaho,35-9099,Food Preparation and Serving Related Workers  All Other,2012,50,2022,60,10,18.4,0
16,Idaho,35-2021,Food Preparation Workers,2012,2730,2022,3200,470,17,120
16,Idaho,51-3099,Food Processing Workers  All Other,2012,250,2022,290,40,15,10
16,Idaho,19-1012,Food Scientists and Technologists,2012,110,2022,130,20,10.6,10
16,Idaho,35-3041,Food Servers  Nonrestaurant,2012,640,2022,810,170,26.4,40
16,Idaho,Nov-51,Food Service Managers,2012,1710,2022,1920,210,12.1,50
16,Idaho,25-1124,Foreign Language and Literature Teachers  Postsecondary,2012,120,2022,140,20,13.4,0
16,Idaho,19-4092,Forensic Science Technicians,2012,90,2022,90,0,4.7,0
16,Idaho,19-4093,Forest and Conservation Technicians,2012,2090,2022,2250,160,7.5,100
16,Idaho,19-1032,Foresters,2012,270,2022,300,30,11.4,10
16,Idaho,13-1131,Fundraisers,2012,250,2022,290,40,17.1,10
16,Idaho,39-4021,Funeral Attendants,2012,100,2022,100,0,1,0
16,Idaho,Nov-61,Funeral Service Managers,2012,70,2022,80,10,12.7,0
16,Idaho,51-9051,Furnace  Kiln  Oven  Drier  and Kettle Operators and Tenders,2012,70,2022,80,10,5.6,0
16,Idaho,51-7021,Furniture Finishers,2012,110,2022,130,20,23.4,0
16,Idaho,39-3012,Gaming and Sports Book Writers and Runners,2012,60,2022,70,10,17.2,0
16,Idaho,41-2012,Gaming Change Persons and Booth Cashiers,2012,60,2022,70,10,6.5,0
16,Idaho,Nov-71,Gaming Managers,2012,40,2022,40,0,17.1,0
16,Idaho,33-9031,Gaming Surveillance Officers and Gaming Investigators,2012,40,2022,40,0,5.6,0
16,Idaho,11-1021,General and Operations Managers,2012,10970,2022,13000,2030,18.5,410
16,Idaho,19-4041,Geological and Petroleum Technicians,2012,50,2022,60,10,14,0
16,Idaho,19-2042,Geoscientists  Except Hydrologists and Geographers,2012,140,2022,150,10,10.1,10
16,Idaho,47-2121,Glaziers,2012,590,2022,790,200,32.6,30
16,Idaho,45-2041,Graders and Sorters  Agricultural Products,2012,1530,2022,1620,90,5.8,40
16,Idaho,27-1024,Graphic Designers,2012,1200,2022,1280,80,6.9,40
16,Idaho,51-9022,Grinding and Polishing Workers  Hand,2012,60,2022,70,10,12.9,0
16,Idaho,51-4033,Grinding  Lapping  Polishing  and Buffing Machine Tool Setters  Operators  and Tenders  Metal and Plastic,2012,120,2022,130,10,4.1,0
16,Idaho,39-5012,Hairdressers  Hairstylists  and Cosmetologists,2012,2490,2022,2740,250,9.8,80
16,Idaho,47-4041,Hazardous Materials Removal Workers,2012,290,2022,340,50,17.5,10
16,Idaho,17-2111,Health and Safety Engineers  Except Mining Safety Engineers and Inspectors,2012,150,2022,170,20,16.6,10
16,Idaho,29-1199,Health Diagnosing and Treating Practitioners  All Other,2012,160,2022,190,30,16,10
16,Idaho,21-1091,Health Educators,2012,230,2022,270,40,19.1,10
16,Idaho,25-1071,Health Specialties Teachers  Postsecondary,2012,500,2022,680,180,36.8,30
16,Idaho,29-2099,Health Technologists and Technicians  All Other,2012,240,2022,310,70,30.2,10
16,Idaho,29-9099,Healthcare Practitioners and Technical Workers  All Other,2012,70,2022,80,10,17.1,0
16,Idaho,21-1022,Healthcare Social Workers,2012,610,2022,790,180,28.7,30
16,Idaho,31-9099,Healthcare Support Workers  All Other,2012,170,2022,200,30,17.9,10
16,Idaho,29-2092,Hearing Aid Specialists,2012,40,2022,60,20,34.1,0
16,Idaho,49-9021,Heating  Air Conditioning  and Refrigeration Mechanics and Installers,2012,1350,2022,1780,430,31.9,80
16,Idaho,53-3032,Heavy and Tractor-Trailer Truck Drivers,2012,12220,2022,13880,1660,13.6,360
16,Idaho,47-3019,Helpers  Construction Trades  All Other,2012,150,2022,200,50,35.6,10
16,Idaho,47-3011,Helpers--Brickmasons  Blockmasons  Stonemasons  and Tile and Marble Setters,2012,150,2022,230,80,56.1,10
16,Idaho,47-3012,Helpers--Carpenters,2012,80,2022,90,10,13.9,0
16,Idaho,47-3013,Helpers--Electricians,2012,40,2022,60,20,39,0
16,Idaho,47-5081,Helpers--Extraction Workers,2012,50,2022,60,10,9.8,0
16,Idaho,49-9098,Helpers--Installation  Maintenance  and Repair Workers,2012,640,2022,770,130,19.1,30
16,Idaho,47-3014,Helpers--Painters  Paperhangers  Plasterers  and Stucco Masons,2012,90,2022,130,40,48.8,10
16,Idaho,47-3015,Helpers--Pipelayers  Plumbers  Pipefitters  and Steamfitters,2012,170,2022,230,60,38.3,10
16,Idaho,51-9198,Helpers--Production Workers,2012,1200,2022,1330,130,10.4,30
16,Idaho,47-3016,Helpers--Roofers,2012,70,2022,80,10,20.3,0
16,Idaho,47-4051,Highway Maintenance Workers,2012,1360,2022,1420,60,4.6,30
16,Idaho,25-1125,History Teachers  Postsecondary,2012,100,2022,110,10,13,0
16,Idaho,49-9031,Home Appliance Repairers,2012,170,2022,180,10,6.1,10
16,Idaho,31-1011,Home Health Aides,2012,2330,2022,3300,970,41.6,140
16,Idaho,35-9031,Hosts and Hostesses  Restaurant  Lounge  and Coffee Shop,2012,990,2022,1200,210,21.2,100
16,Idaho,43-4081,Hotel  Motel  and Resort Desk Clerks,2012,1340,2022,1530,190,14.2,80
16,Idaho,43-4161,Human Resources Assistants  Except Payroll and Timekeeping,2012,520,2022,540,20,4.2,20
16,Idaho,Nov-21,Human Resources Managers,2012,540,2022,630,90,15.9,20
16,Idaho,13-1071,Human Resources Specialists,2012,1480,2022,1640,160,10.9,40
16,Idaho,19-2043,Hydrologists,2012,180,2022,190,10,6.7,10
16,Idaho,17-3026,Industrial Engineering Technicians,2012,90,2022,90,0,8.2,0
16,Idaho,17-2112,Industrial Engineers,2012,810,2022,890,80,9.8,30
16,Idaho,49-9041,Industrial Machinery Mechanics,2012,1790,2022,2340,550,30.6,110
16,Idaho,Nov-51,Industrial Production Managers,2012,660,2022,710,50,8.2,20
16,Idaho,53-7051,Industrial Truck and Tractor Operators,2012,2690,2022,2810,120,4.6,70
16,Idaho,43-4199,Information and Record Clerks  All Other,2012,530,2022,510,-20,-4,10
16,Idaho,15-1122,Information Security Analysts,2012,200,2022,270,70,34.8,10
16,Idaho,51-9061,Inspectors  Testers  Sorters  Samplers  and Weighers,2012,1280,2022,1500,220,17.6,50
16,Idaho,49-9099,Installation  Maintenance  and Repair Workers  All Other,2012,660,2022,740,80,12.1,20
16,Idaho,25-9031,Instructional Coordinators,2012,650,2022,730,80,12.6,10
16,Idaho,47-2131,Insulation Workers  Floor  Ceiling  and Wall,2012,150,2022,250,100,74.5,10
16,Idaho,47-2132,Insulation Workers  Mechanical,2012,100,2022,170,70,80.2,10
16,Idaho,43-9041,Insurance Claims and Policy Processing Clerks,2012,860,2022,930,70,8.9,30
16,Idaho,41-3021,Insurance Sales Agents,2012,1370,2022,1530,160,11.2,50
16,Idaho,13-2053,Insurance Underwriters,2012,220,2022,210,-10,-4.7,10
16,Idaho,27-1025,Interior Designers,2012,150,2022,160,10,10.2,10
16,Idaho,29-1063,Internists  General,2012,40,2022,40,0,8.6,0
16,Idaho,27-3091,Interpreters and Translators,2012,300,2022,410,110,37.5,20
16,Idaho,43-4111,Interviewers  Except Eligibility and Loan,2012,1810,2022,2050,240,13.1,60
16,Idaho,37-2011,Janitors and Cleaners  Except Maids and Housekeeping Cleaners,2012,8980,2022,10250,1270,14.2,300
16,Idaho,51-9071,Jewelers and Precious Stone and Metal Workers,2012,140,2022,140,0,-4.9,0
16,Idaho,23-1023,Judges  Magistrate Judges  and Magistrates,2012,150,2022,150,0,4.1,0
16,Idaho,23-1012,Judicial Law Clerks,2012,90,2022,100,10,4.3,0
16,Idaho,25-2012,Kindergarten Teachers  Except Special Education,2012,480,2022,550,70,14.1,20
16,Idaho,13-1075,Labor Relations Specialists,2012,220,2022,220,0,1.8,0
16,Idaho,53-7062,Laborers and Freight  Stock  and Material Movers  Hand,2012,8570,2022,9950,1380,16.2,400
16,Idaho,17-1012,Landscape Architects,2012,170,2022,180,10,9.6,10
16,Idaho,37-3011,Landscaping and Groundskeeping Workers,2012,6110,2022,6870,760,12.3,230
16,Idaho,51-4034,Lathe and Turning Machine Tool Setters  Operators  and Tenders  Metal and Plastic,2012,50,2022,50,0,0,0
16,Idaho,51-6011,Laundry and Dry-Cleaning Workers,2012,1150,2022,1280,130,11.5,50
16,Idaho,23-1011,Lawyers,2012,2700,2022,2820,120,4.3,60
16,Idaho,43-6012,Legal Secretaries,2012,810,2022,750,-60,-6.8,10
16,Idaho,23-2099,Legal Support Workers  All Other,2012,100,2022,100,0,5.3,0
16,Idaho,11-1031,Legislators,2012,950,2022,1000,50,5.4,30
16,Idaho,25-4021,Librarians,2012,620,2022,670,50,7.1,20
16,Idaho,43-4121,Library Assistants  Clerical,2012,390,2022,440,50,13.3,20
16,Idaho,25-4031,Library Technicians,2012,970,2022,1040,70,7.2,60
16,Idaho,29-2061,Licensed Practical and Licensed Vocational Nurses,2012,2920,2022,3550,630,21.9,140
16,Idaho,19-4099,Life  Physical  and Social Science Technicians  All Other,2012,320,2022,350,30,7.1,20
16,Idaho,33-9092,Lifeguards  Ski Patrol  and Other Recreational Protective Service Workers,2012,830,2022,990,160,20.2,70
16,Idaho,53-3033,Light Truck or Delivery Services Drivers,2012,3820,2022,4220,400,10.5,100
16,Idaho,43-4131,Loan Interviewers and Clerks,2012,950,2022,1140,190,19.2,20
16,Idaho,13-2072,Loan Officers,2012,1830,2022,2120,290,16,60
16,Idaho,39-3093,Locker Room  Coatroom  and Dressing Room Attendants,2012,50,2022,60,10,22.2,0
16,Idaho,49-9094,Locksmiths and Safe Repairers,2012,70,2022,70,0,7.2,0
16,Idaho,53-4011,Locomotive Engineers,2012,330,2022,360,30,7.5,10
16,Idaho,Nov-81,Lodging Managers,2012,350,2022,370,20,7.2,10
16,Idaho,45-4023,Log Graders and Scalers,2012,200,2022,150,-50,-24.4,0
16,Idaho,45-4022,Logging Equipment Operators,2012,760,2022,810,50,6.6,20
16,Idaho,13-1081,Logisticians,2012,390,2022,510,120,29.9,20
16,Idaho,53-7063,Machine Feeders and Offbearers,2012,240,2022,250,10,5.9,10
16,Idaho,51-4041,Machinists,2012,1130,2022,1410,280,24.3,50
16,Idaho,29-2035,Magnetic Resonance Imaging Technologists,2012,50,2022,60,10,24.4,0
16,Idaho,37-2012,Maids and Housekeeping Cleaners,2012,5450,2022,6260,810,15,190
16,Idaho,43-9051,Mail Clerks and Mail Machine Operators  Except Postal Service,2012,140,2022,130,-10,-5.1,0
16,Idaho,49-9071,Maintenance and Repair Workers  General,2012,5650,2022,6570,920,16.2,200
16,Idaho,49-9043,Maintenance Workers  Machinery,2012,450,2022,540,90,19.3,20
16,Idaho,13-1111,Management Analysts,2012,2030,2022,2310,280,13.8,60
16,Idaho,Nov-99,Managers  All Other,2012,2170,2022,2290,120,5.8,60
16,Idaho,39-5092,Manicurists and Pedicurists,2012,40,2022,40,0,13.9,0
16,Idaho,13-1161,Market Research Analysts and Marketing Specialists,2012,1490,2022,1960,470,31.9,70
16,Idaho,Nov-21,Marketing Managers,2012,630,2022,720,90,15,20
16,Idaho,21-1013,Marriage and Family Therapists,2012,140,2022,180,40,25.2,10
16,Idaho,31-9011,Massage Therapists,2012,490,2022,590,100,20.7,20
16,Idaho,53-7199,Material Moving Workers  All Other,2012,40,2022,50,10,15.4,0
16,Idaho,17-2131,Materials Engineers,2012,140,2022,150,10,8.5,10
16,Idaho,25-1022,Mathematical Science Teachers  Postsecondary,2012,310,2022,340,30,12.5,10
16,Idaho,51-3022,Meat  Poultry  and Fish Cutters and Trimmers,2012,200,2022,250,50,20.6,10
16,Idaho,49-9011,Mechanical Door Repairers,2012,70,2022,120,50,62.5,10
16,Idaho,17-3013,Mechanical Drafters,2012,350,2022,360,10,5.2,10
16,Idaho,17-3027,Mechanical Engineering Technicians,2012,150,2022,160,10,9.7,0
16,Idaho,17-2141,Mechanical Engineers,2012,1140,2022,1260,120,10.6,50
16,Idaho,27-4099,Media and Communication Equipment Workers  All Other,2012,50,2022,50,0,4.3,0
16,Idaho,27-3099,Media and Communication Workers  All Other,2012,60,2022,60,0,14.5,0
16,Idaho,29-2012,Medical and Clinical Laboratory Technicians,2012,480,2022,630,150,32,30
16,Idaho,29-2011,Medical and Clinical Laboratory Technologists,2012,580,2022,690,110,19.7,30
16,Idaho,Nov-11,Medical and Health Services Managers,2012,1770,2022,2210,440,24.5,90
16,Idaho,31-9092,Medical Assistants,2012,2240,2022,2750,510,22.6,90
16,Idaho,31-9093,Medical Equipment Preparers,2012,180,2022,230,50,27.9,10
16,Idaho,49-9062,Medical Equipment Repairers,2012,300,2022,380,80,27,20
16,Idaho,29-2071,Medical Records and Health Information Technicians,2012,920,2022,1160,240,25.1,50
16,Idaho,19-1042,Medical Scientists  Except Epidemiologists,2012,200,2022,240,40,19.1,10
16,Idaho,43-6013,Medical Secretaries,2012,960,2022,1260,300,31.7,40
16,Idaho,31-9094,Medical Transcriptionists,2012,670,2022,710,40,6.6,20
16,Idaho,13-1121,Meeting  Convention  and Event Planners,2012,350,2022,460,110,31.6,20
16,Idaho,21-1023,Mental Health and Substance Abuse Social Workers,2012,730,2022,900,170,23,30
16,Idaho,21-1014,Mental Health Counselors,2012,730,2022,880,150,21.3,30
16,Idaho,27-1026,Merchandise Displayers and Window Trimmers,2012,360,2022,400,40,11.2,10
16,Idaho,43-5041,Meter Readers  Utilities,2012,160,2022,140,-20,-12.9,0
16,Idaho,19-1022,Microbiologists,2012,100,2022,110,10,11.1,0
16,Idaho,25-2022,Middle School Teachers  Except Special and Career/Technical Education,2012,2130,2022,2430,300,14,80
16,Idaho,51-4035,Milling and Planing Machine Setters  Operators  and Tenders  Metal and Plastic,2012,50,2022,50,0,4.2,0
16,Idaho,49-9044,Millwrights,2012,280,2022,310,30,11.4,10
16,Idaho,47-5042,Mine Cutting and Channeling Machine Operators,2012,30,2022,30,0,13.3,0
16,Idaho,17-2151,Mining and Geological Engineers  Including Mining Safety Engineers,2012,110,2022,110,0,0,0
16,Idaho,51-9023,Mixing and Blending Machine Setters  Operators  and Tenders,2012,540,2022,540,0,-0.6,20
16,Idaho,49-3042,Mobile Heavy Equipment Mechanics  Except Engines,2012,680,2022,760,80,11.3,30
16,Idaho,41-9012,Models,2012,80,2022,90,10,11.9,0
16,Idaho,51-9195,Molders  Shapers  and Casters  Except Metal and Plastic,2012,1130,2022,1320,190,16.7,60
16,Idaho,51-4072,Molding  Coremaking  and Casting Machine Setters  Operators  and Tenders  Metal and Plastic,2012,450,2022,450,0,0.4,10
16,Idaho,39-4031,Morticians  Undertakers  and Funeral Directors,2012,90,2022,100,10,11.8,0
16,Idaho,39-3021,Motion Picture Projectionists,2012,60,2022,50,-10,-20.6,0
16,Idaho,53-3099,Motor Vehicle Operators  All Other,2012,110,2022,130,20,12.6,0
16,Idaho,49-3051,Motorboat Mechanics and Service Technicians,2012,60,2022,70,10,16.1,0
16,Idaho,49-3052,Motorcycle Mechanics,2012,320,2022,390,70,21.5,10
16,Idaho,27-1014,Multimedia Artists and Animators,2012,100,2022,110,10,5.9,0
16,Idaho,51-4081,Multiple Machine Tool Setters  Operators  and Tenders  Metal and Plastic,2012,290,2022,300,10,3.1,10
16,Idaho,25-4013,Museum Technicians and Conservators,2012,30,2022,30,0,10,0
16,Idaho,27-2041,Music Directors and Composers,2012,200,2022,200,0,1.5,10
16,Idaho,Nov-21,Natural Sciences Managers,2012,600,2022,630,30,5,20
16,Idaho,15-1142,Network and Computer Systems Administrators,2012,1430,2022,1580,150,10.4,40
16,Idaho,43-4141,New Accounts Clerks,2012,260,2022,270,10,4.3,10
16,Idaho,39-2021,Nonfarm Animal Caretakers,2012,860,2022,1020,160,17.7,30
16,Idaho,17-2161,Nuclear Engineers,2012,260,2022,300,40,16.9,10
16,Idaho,29-2033,Nuclear Medicine Technologists,2012,40,2022,50,10,23.7,0
16,Idaho,19-4051,Nuclear Technicians,2012,70,2022,80,10,14.1,0
16,Idaho,29-1151,Nurse Anesthetists,2012,270,2022,330,60,19.7,10
16,Idaho,29-1171,Nurse Practitioners,2012,560,2022,720,160,30,30
16,Idaho,31-1014,Nursing Assistants,2012,7630,2022,9450,1820,23.9,330
16,Idaho,25-1072,Nursing Instructors and Teachers  Postsecondary,2012,270,2022,370,100,37.5,10
16,Idaho,29-1064,Obstetricians and Gynecologists,2012,100,2022,110,10,8.2,0
16,Idaho,29-9011,Occupational Health and Safety Specialists,2012,320,2022,370,50,14.4,10
16,Idaho,29-9012,Occupational Health and Safety Technicians,2012,40,2022,50,10,17.1,0
16,Idaho,29-1122,Occupational Therapists,2012,400,2022,500,100,25.8,20
16,Idaho,31-2012,Occupational Therapy Aides,2012,50,2022,50,0,15.6,0
16,Idaho,31-2011,Occupational Therapy Assistants,2012,70,2022,100,30,32.4,0
16,Idaho,43-9199,Office and Administrative Support Workers  All Other,2012,500,2022,540,40,8.6,20
16,Idaho,43-9061,Office Clerks  General,2012,14270,2022,15710,1440,10.1,440
16,Idaho,43-9071,Office Machine Operators  Except Computer,2012,260,2022,240,-20,-7.7,10
16,Idaho,47-2073,Operating Engineers and Other Construction Equipment Operators,2012,1990,2022,2300,310,15.5,80
16,Idaho,15-2031,Operations Research Analysts,2012,370,2022,460,90,26.1,20
16,Idaho,51-9083,Ophthalmic Laboratory Technicians,2012,80,2022,100,20,18.3,10
16,Idaho,29-2057,Ophthalmic Medical Technicians,2012,140,2022,160,20,19.1,0
16,Idaho,29-2081,Opticians  Dispensing,2012,430,2022,530,100,24.2,20
16,Idaho,29-1041,Optometrists,2012,230,2022,270,40,17.2,10
16,Idaho,43-4151,Order Clerks,2012,1550,2022,1530,-20,-1,40
16,Idaho,31-1015,Orderlies,2012,320,2022,400,80,27.3,20
16,Idaho,29-1023,Orthodontists,2012,60,2022,70,10,13.6,0
16,Idaho,29-2091,Orthotists and Prosthetists,2012,40,2022,60,20,47.5,0
16,Idaho,49-3053,Outdoor Power Equipment and Other Small Engine Mechanics,2012,250,2022,290,40,15.7,10
16,Idaho,51-9111,Packaging and Filling Machine Operators and Tenders,2012,2560,2022,2910,350,13.9,100
16,Idaho,53-7064,Packers and Packagers  Hand,2012,1860,2022,2120,260,13.8,80
16,Idaho,47-2141,Painters  Construction and Maintenance,2012,1580,2022,2150,570,36,80
16,Idaho,51-9122,Painters  Transportation Equipment,2012,280,2022,320,40,16.4,10
16,Idaho,23-2011,Paralegals and Legal Assistants,2012,900,2022,980,80,9.7,20
16,Idaho,33-3041,Parking Enforcement Workers,2012,40,2022,40,0,7.7,0
16,Idaho,53-6021,Parking Lot Attendants,2012,310,2022,360,50,13.1,20
16,Idaho,41-2022,Parts Salespersons,2012,1450,2022,1740,290,20,70
16,Idaho,47-2071,Paving  Surfacing  and Tamping Equipment Operators,2012,380,2022,430,50,14.1,10
16,Idaho,43-3051,Payroll and Timekeeping Clerks,2012,980,2022,1130,150,15.6,40
16,Idaho,29-1065,Pediatricians  General,2012,130,2022,140,10,9.6,0
16,Idaho,39-9021,Personal Care Aides,2012,8200,2022,11300,3100,37.8,370
16,Idaho,39-9099,Personal Care and Service Workers  All Other,2012,310,2022,330,20,7.2,10
16,Idaho,13-2052,Personal Financial Advisors,2012,690,2022,850,160,23.7,30
16,Idaho,37-2021,Pest Control Workers,2012,250,2022,290,40,17.1,10
16,Idaho,37-3012,Pesticide Handlers  Sprayers  and Applicators  Vegetation,2012,400,2022,420,20,5,10
16,Idaho,51-8093,Petroleum Pump System Operators  Refinery Operators  and Gaugers,2012,40,2022,50,10,11.6,0
16,Idaho,29-1051,Pharmacists,2012,1330,2022,1760,430,32.4,80
16,Idaho,31-9095,Pharmacy Aides,2012,130,2022,160,30,20.6,10
16,Idaho,29-2052,Pharmacy Technicians,2012,1450,2022,1910,460,31.5,60
16,Idaho,25-1126,Philosophy and Religion Teachers  Postsecondary,2012,100,2022,120,20,20.4,0
16,Idaho,31-9097,Phlebotomists,2012,520,2022,650,130,25.8,20
16,Idaho,27-4021,Photographers,2012,580,2022,590,10,2.1,10
16,Idaho,51-9151,Photographic Process Workers and Processing Machine Operators,2012,210,2022,210,0,2.4,10
16,Idaho,19-2099,Physical Scientists  All Other,2012,160,2022,170,10,5.5,0
16,Idaho,31-2022,Physical Therapist Aides,2012,270,2022,360,90,35,20
16,Idaho,31-2021,Physical Therapist Assistants,2012,370,2022,510,140,37.8,20
16,Idaho,29-1123,Physical Therapists,2012,1140,2022,1500,360,31.5,60
16,Idaho,29-1071,Physician Assistants,2012,680,2022,900,220,33,30
16,Idaho,29-1069,Physicians and Surgeons  All Other,2012,700,2022,840,140,19.8,30
16,Idaho,19-2012,Physicists,2012,70,2022,80,10,10,0
16,Idaho,25-1054,Physics Teachers  Postsecondary,2012,70,2022,80,10,14.3,0
16,Idaho,47-2151,Pipelayers,2012,260,2022,320,60,22.5,10
16,Idaho,47-2161,Plasterers and Stucco Masons,2012,100,2022,140,40,35.3,0
16,Idaho,51-4193,Plating and Coating Machine Setters  Operators  and Tenders  Metal and Plastic,2012,110,2022,120,10,1.8,0
16,Idaho,47-2152,Plumbers  Pipefitters  and Steamfitters,2012,1520,2022,2010,490,31.7,70
16,Idaho,33-3051,Police and Sheriff's Patrol Officers,2012,2790,2022,2940,150,5.5,100
16,Idaho,43-5031,Police  Fire  and Ambulance Dispatchers,2012,490,2022,520,30,6.5,20
16,Idaho,25-1065,Political Science Teachers  Postsecondary,2012,70,2022,80,10,15.2,0
16,Idaho,43-5051,Postal Service Clerks,2012,400,2022,360,-40,-11,10
16,Idaho,43-5052,Postal Service Mail Carriers,2012,1430,2022,1370,-60,-4.4,50
16,Idaho,43-5053,Postal Service Mail Sorters  Processors  and Processing Machine Operators,2012,350,2022,320,-30,-8.4,0
16,Idaho,Nov-31,Postmasters and Mail Superintendents,2012,150,2022,150,0,-0.7,0
16,Idaho,25-1199,Postsecondary Teachers  All Other,2012,390,2022,450,60,14.9,10
16,Idaho,51-8012,Power Distributors and Dispatchers,2012,110,2022,120,10,9.2,0
16,Idaho,51-8013,Power Plant Operators,2012,160,2022,170,10,5.6,10
16,Idaho,49-9069,Precision Instrument and Equipment Repairers  All Other,2012,70,2022,80,10,13.2,0
16,Idaho,51-5111,Prepress Technicians and Workers,2012,120,2022,120,0,-3.2,0
16,Idaho,25-2011,Preschool Teachers  Except Special Education,2012,930,2022,1060,130,13.4,40
16,Idaho,51-6021,Pressers  Textile  Garment  and Related Materials,2012,140,2022,150,10,6.5,0
16,Idaho,51-5113,Print Binding and Finishing Workers,2012,170,2022,150,-20,-9.6,0
16,Idaho,51-5112,Printing Press Operators,2012,650,2022,590,-60,-9.1,10
16,Idaho,21-1092,Probation Officers and Correctional Treatment Specialists,2012,620,2022,620,0,0.2,20
16,Idaho,43-3061,Procurement Clerks,2012,440,2022,490,50,10.4,20
16,Idaho,27-2012,Producers and Directors,2012,230,2022,240,10,4.8,10
16,Idaho,51-9199,Production Workers  All Other,2012,430,2022,510,80,16.6,20
16,Idaho,43-5061,Production  Planning  and Expediting Clerks,2012,1400,2022,1590,190,13.8,50
16,Idaho,43-9081,Proofreaders and Copy Markers,2012,60,2022,60,0,-1.7,0
16,Idaho,Nov-41,Property  Real Estate  and Community Association Managers,2012,2330,2022,2700,370,16.1,90
16,Idaho,33-9099,Protective Service Workers  All Other,2012,280,2022,310,30,13.1,20
16,Idaho,31-1013,Psychiatric Aides,2012,80,2022,100,20,18.3,0
16,Idaho,29-2053,Psychiatric Technicians,2012,280,2022,330,50,17.4,10
16,Idaho,29-1066,Psychiatrists,2012,80,2022,100,20,18.1,0
16,Idaho,19-3039,Psychologists  All Other,2012,30,2022,30,0,19.2,0
16,Idaho,25-1066,Psychology Teachers  Postsecondary,2012,130,2022,150,20,14.9,0
16,Idaho,Nov-31,Public Relations and Fundraising Managers,2012,220,2022,250,30,14,10
16,Idaho,27-3031,Public Relations Specialists,2012,620,2022,690,70,10.3,10
16,Idaho,13-1023,Purchasing Agents  Except Wholesale  Retail  and Farm Products,2012,1070,2022,1190,120,11.1,30
16,Idaho,Nov-61,Purchasing Managers,2012,300,2022,340,40,11.6,10
16,Idaho,27-3011,Radio and Television Announcers,2012,240,2022,230,-10,-3.7,10
16,Idaho,49-2021,Radio  Cellular  and Tower Equipment Installers and Repairs,2012,90,2022,110,20,21.3,0
16,Idaho,29-2034,Radiologic Technologists,2012,780,2022,980,200,25.3,30
16,Idaho,49-3043,Rail Car Repairers,2012,40,2022,50,10,9.3,0
16,Idaho,53-4031,Railroad Conductors and Yardmasters,2012,270,2022,290,20,7,10
16,Idaho,47-4061,Rail-Track Laying and Maintenance Equipment Operators,2012,140,2022,150,10,11.1,10
16,Idaho,41-9021,Real Estate Brokers,2012,190,2022,210,20,15.7,10
16,Idaho,41-9022,Real Estate Sales Agents,2012,1250,2022,1440,190,15,30
16,Idaho,43-4171,Receptionists and Information Clerks,2012,4890,2022,5440,550,11.4,190
16,Idaho,25-1193,Recreation and Fitness Studies Teachers  Postsecondary,2012,120,2022,140,20,13.1,0
16,Idaho,39-9032,Recreation Workers,2012,1410,2022,1590,180,13.1,40
16,Idaho,29-1125,Recreational Therapists,2012,70,2022,80,10,15.3,0
16,Idaho,49-3092,Recreational Vehicle Service Technicians,2012,150,2022,190,40,26.8,10
16,Idaho,53-7081,Refuse and Recyclable Material Collectors,2012,620,2022,730,110,18.5,20
16,Idaho,29-1141,Registered Nurses,2012,12280,2022,15510,3230,26.4,560
16,Idaho,21-1015,Rehabilitation Counselors,2012,2680,2022,3100,420,15.8,100
16,Idaho,47-2171,Reinforcing Iron and Rebar Workers,2012,70,2022,90,20,33.8,0
16,Idaho,27-3022,Reporters and Correspondents,2012,340,2022,310,-30,-10.8,10
16,Idaho,43-4181,Reservation and Transportation Ticket Agents and Travel Clerks,2012,420,2022,460,40,8,10
16,Idaho,39-9041,Residential Advisors,2012,300,2022,350,50,16.9,20
16,Idaho,29-1126,Respiratory Therapists,2012,440,2022,580,140,30.6,20
16,Idaho,29-2054,Respiratory Therapy Technicians,2012,130,2022,170,40,27.8,10
16,Idaho,41-2031,Retail Salespersons,2012,21290,2022,25580,4290,20.1,1160
16,Idaho,51-4023,Rolling Machine Setters  Operators  and Tenders  Metal and Plastic,2012,80,2022,90,10,14.5,0
16,Idaho,47-2181,Roofers,2012,670,2022,750,80,11.8,20
16,Idaho,41-9099,Sales and Related Workers  All Other,2012,460,2022,580,120,25.8,20
16,Idaho,41-9031,Sales Engineers,2012,190,2022,210,20,8.3,10
16,Idaho,Nov-22,Sales Managers,2012,1640,2022,1900,260,16,60
16,Idaho,41-3099,Sales Representatives  Services  All Other,2012,2790,2022,3250,460,16.7,120
16,Idaho,41-4012,Sales Representatives  Wholesale and Manufacturing  Except Technical and Scientific Products,2012,6120,2022,7220,1100,18,230
16,Idaho,41-4011,Sales Representatives  Wholesale and Manufacturing  Technical and Scientific Products,2012,1490,2022,1660,170,11.3,50
16,Idaho,51-7041,Sawing Machine Setters  Operators  and Tenders  Wood,2012,970,2022,1180,210,20.8,50
16,Idaho,25-2031,Secondary School Teachers  Except Special and Career/Technical Education,2012,3890,2022,4160,270,7,130
16,Idaho,43-6014,Secretaries and Administrative Assistants  Except Legal  Medical  and Executive,2012,10340,2022,11730,1390,13.5,260
16,Idaho,41-3031,Securities  Commodities  and Financial Services Sales Agents,2012,1200,2022,1370,170,14,50
16,Idaho,49-2098,Security and Fire Alarm Systems Installers,2012,210,2022,260,50,20.9,10
16,Idaho,33-9032,Security Guards,2012,2280,2022,2590,310,13.6,70
16,Idaho,25-3021,Self-Enrichment Education Teachers,2012,890,2022,1000,110,13,30
16,Idaho,51-9012,Separating  Filtering  Clarifying  Precipitating  and Still Machine Setters  Operators  and Tenders,2012,320,2022,390,70,21.4,20
16,Idaho,47-4071,Septic Tank Servicers and Sewer Pipe Cleaners,2012,150,2022,180,30,21.1,10
16,Idaho,51-6031,Sewing Machine Operators,2012,520,2022,500,-20,-3.3,0
16,Idaho,47-2211,Sheet Metal Workers,2012,920,2022,1170,250,27.2,40
16,Idaho,43-5071,Shipping  Receiving  and Traffic Clerks,2012,2450,2022,2760,310,12.7,100
16,Idaho,49-9097,Signal and Track Switch Repairers,2012,80,2022,100,20,13.1,0
16,Idaho,39-5094,Skincare Specialists,2012,160,2022,220,60,35.2,10
16,Idaho,51-3023,Slaughterers and Meat Packers,2012,170,2022,190,20,14.8,10
16,Idaho,Nov-51,Social and Community Service Managers,2012,670,2022,780,110,15.3,20
16,Idaho,21-1093,Social and Human Service Assistants,2012,2380,2022,2810,430,17.7,100
16,Idaho,19-3099,Social Scientists and Related Workers  All Other,2012,40,2022,40,0,2.5,0
16,Idaho,25-1113,Social Work Teachers  Postsecondary,2012,40,2022,40,0,12.8,0
16,Idaho,21-1029,Social Workers  All Other,2012,100,2022,100,0,5.3,0
16,Idaho,25-1067,Sociology Teachers  Postsecondary,2012,90,2022,100,10,11.5,0
16,Idaho,15-1132,Software Developers  Applications,2012,1730,2022,2120,390,22.2,60
16,Idaho,15-1133,Software Developers  Systems Software,2012,1250,2022,1360,110,8.1,30
16,Idaho,19-1013,Soil and Plant Scientists,2012,160,2022,160,0,1.9,10
16,Idaho,25-2052,Special Education Teachers  Kindergarten and Elementary School,2012,590,2022,630,40,7.5,10
16,Idaho,25-2053,Special Education Teachers  Middle School,2012,180,2022,200,20,6.5,0
16,Idaho,25-2054,Special Education Teachers  Secondary School,2012,320,2022,340,20,6,10
16,Idaho,29-1127,Speech-Language Pathologists,2012,570,2022,680,110,18.3,20
16,Idaho,51-8021,Stationary Engineers and Boiler Operators,2012,90,2022,90,0,1.1,0
16,Idaho,15-2041,Statisticians,2012,50,2022,70,20,20.4,0
16,Idaho,43-5081,Stock Clerks and Order Fillers,2012,5930,2022,6660,730,12.3,250
16,Idaho,47-2022,Stonemasons,2012,100,2022,150,50,44.1,10
16,Idaho,47-2221,Structural Iron and Steel Workers,2012,280,2022,350,70,26.9,20
16,Idaho,51-2041,Structural Metal Fabricators and Fitters,2012,470,2022,590,120,24.4,30
16,Idaho,21-1011,Substance Abuse and Behavioral Disorder Counselors,2012,930,2022,1160,230,23.8,40
16,Idaho,29-1067,Surgeons,2012,100,2022,120,20,20.6,10
16,Idaho,29-2055,Surgical Technologists,2012,710,2022,960,250,35.8,30
16,Idaho,19-3022,Survey Researchers,2012,370,2022,420,50,12.9,10
16,Idaho,17-3031,Surveying and Mapping Technicians,2012,300,2022,320,20,8.1,10
16,Idaho,17-1022,Surveyors,2012,290,2022,300,10,2.4,10
16,Idaho,43-2011,Switchboard Operators  Including Answering Service,2012,340,2022,310,-30,-9.6,10
16,Idaho,51-6052,Tailors  Dressmakers  and Custom Sewers,2012,240,2022,240,0,3,0
16,Idaho,47-2082,Tapers,2012,170,2022,240,70,39.1,10
16,Idaho,13-2081,Tax Examiners and Collectors  and Revenue Agents,2012,350,2022,360,10,3.1,10
16,Idaho,13-2082,Tax Preparers,2012,370,2022,370,0,1.1,10
16,Idaho,53-3041,Taxi Drivers and Chauffeurs,2012,1100,2022,1260,160,14.9,30
16,Idaho,25-9041,Teacher Assistants,2012,6700,2022,7200,500,7.4,200
16,Idaho,25-3099,Teachers and Instructors  All Other,2012,7560,2022,8210,650,8.6,190
16,Idaho,51-2092,Team Assemblers,2012,5510,2022,6440,930,16.7,180
16,Idaho,27-3042,Technical Writers,2012,210,2022,240,30,13.1,10
16,Idaho,49-2022,Telecommunications Equipment Installers and Repairers  Except Line Installers,2012,790,2022,940,150,20.1,30
16,Idaho,49-9052,Telecommunications Line Installers and Repairers,2012,110,2022,120,10,8.4,0
16,Idaho,41-9041,Telemarketers,2012,1170,2022,1280,110,9.1,40
16,Idaho,43-3071,Tellers,2012,2810,2022,3150,340,11.8,160
16,Idaho,51-6099,Textile  Apparel  and Furnishings Workers  All Other,2012,50,2022,50,0,4.2,0
16,Idaho,29-1129,Therapists  All Other,2012,70,2022,70,0,10.6,0
16,Idaho,47-2044,Tile and Marble Setters,2012,370,2022,530,160,41.8,20
16,Idaho,49-3093,Tire Repairers and Changers,2012,1180,2022,1470,290,24.5,70
16,Idaho,23-2093,Title Examiners  Abstractors  and Searchers,2012,650,2022,670,20,1.7,10
16,Idaho,51-4111,Tool and Die Makers,2012,40,2022,40,0,18.9,0
16,Idaho,51-4194,Tool Grinders  Filers  and Sharpeners,2012,180,2022,200,20,14.2,10
16,Idaho,00-0000,Total  All Occupations,2012,672020,2022,781020,109000,16.2,26780
16,Idaho,39-7011,Tour Guides and Escorts,2012,150,2022,190,40,27.5,10
16,Idaho,Nov-31,Training and Development Managers,2012,100,2022,110,10,13,0
16,Idaho,13-1151,Training and Development Specialists,2012,760,2022,870,110,15.6,30
16,Idaho,53-6061,Transportation Attendants  Except Flight Attendants,2012,160,2022,170,10,9.4,10
16,Idaho,53-6051,Transportation Inspectors,2012,90,2022,110,20,16.5,10
16,Idaho,33-9093,Transportation Security Screeners,2012,150,2022,190,40,23.7,10
16,Idaho,53-6099,Transportation Workers  All Other,2012,70,2022,80,10,4.1,0
16,Idaho,Nov-71,Transportation  Storage  and Distribution Managers,2012,540,2022,600,60,12.5,20
16,Idaho,41-3041,Travel Agents,2012,340,2022,280,-60,-15.2,10
16,Idaho,39-7012,Travel Guides,2012,80,2022,110,30,28.6,10
16,Idaho,37-3013,Tree Trimmers and Pruners,2012,470,2022,550,80,16.5,20
16,Idaho,27-2023,Umpires  Referees  and Other Sports Officials,2012,120,2022,130,10,5.9,10
16,Idaho,51-6093,Upholsterers,2012,220,2022,240,20,7.6,10
16,Idaho,19-3051,Urban and Regional Planners,2012,260,2022,270,10,5.8,10
16,Idaho,29-1131,Veterinarians,2012,710,2022,750,40,6.5,30
16,Idaho,31-9096,Veterinary Assistants and Laboratory Animal Caretakers,2012,450,2022,470,20,2.6,10
16,Idaho,29-2056,Veterinary Technologists and Technicians,2012,420,2022,510,90,19.9,10
16,Idaho,25-1194,Vocational Education Teachers  Postsecondary,2012,690,2022,800,110,17.1,20
16,Idaho,35-3031,Waiters and Waitresses,2012,10000,2022,12160,2160,21.6,700
16,Idaho,51-8031,Water and Wastewater Treatment Plant and System Operators,2012,970,2022,1100,130,13.9,50
16,Idaho,15-1134,Web Developers,2012,780,2022,930,150,19.5,30
16,Idaho,43-5111,Weighers  Measurers  Checkers  and Samplers  Recordkeeping,2012,440,2022,490,50,13.3,20
16,Idaho,51-4121,Welders  Cutters  Solderers  and Brazers,2012,2140,2022,2540,400,18.8,90
16,Idaho,51-4122,Welding  Soldering  and Brazing Machine Setters  Operators  and Tenders,2012,200,2022,290,90,41.7,10
16,Idaho,13-1022,Wholesale and Retail Buyers  Except Farm Products,2012,660,2022,780,120,18.1,30
16,Idaho,51-7042,Woodworking Machine Setters  Operators  and Tenders  Except Sawing,2012,340,2022,390,50,16.6,10
16,Idaho,43-9022,Word Processors and Typists,2012,100,2022,70,-30,-24.7,0
16,Idaho,27-3043,Writers and Authors,2012,410,2022,430,20,5.9,10
16,Idaho,19-1023,Zoologists and Wildlife Biologists,2012,510,2022,540,30,4.9,20
