STFIPS,AreaName,OccupationCode,OccupationName,BaseYear,Base,ProjYear,Proj,Change,PercentChange,AvgAnnualOpenings
21,Kentucky,13-2011,Accountants and Auditors,2012,10100,2022,11130,1030,10.2,660
21,Kentucky,27-2011,Actors,2012,140,2022,180,40,27.7,10
21,Kentucky,15-2011,Actuaries,2012,160,2022,230,70,45.3,10
21,Kentucky,51-9191,Adhesive Bonding Machine Operators and Tenders,2012,230,2022,280,50,22.7,10
21,Kentucky,23-1021,Administrative Law Judges  Adjudicators  and Hearing Officers,2012,450,2022,520,70,14.8,10
21,Kentucky,Nov-11,Administrative Services Managers,2012,2490,2022,3430,940,37.7,110
21,Kentucky,25-3011,Adult Basic and Secondary Education and Literacy Teachers and Instructors,2012,970,2022,1110,140,14.1,30
21,Kentucky,Nov-11,Advertising and Promotions Managers,2012,290,2022,330,40,12.2,10
21,Kentucky,41-3011,Advertising Sales Agents,2012,1480,2022,1560,80,5.7,50
21,Kentucky,13-1011,Agents and Business Managers of Artists  Performers  and Athletes,2012,50,2022,60,10,28.9,0
21,Kentucky,19-4011,Agricultural and Food Science Technicians,2012,160,2022,170,10,1.8,10
21,Kentucky,45-2091,Agricultural Equipment Operators,2012,1320,2022,1470,150,11.4,60
21,Kentucky,25-1041,Agricultural Sciences Teachers  Postsecondary,2012,230,2022,250,20,9.6,10
21,Kentucky,45-2099,Agricultural Workers  All Other,2012,320,2022,350,30,7.5,10
21,Kentucky,49-3011,Aircraft Mechanics and Service Technicians,2012,1290,2022,1550,260,20,60
21,Kentucky,39-3091,Amusement and Recreation Attendants,2012,1500,2022,1940,440,29.2,120
21,Kentucky,29-1061,Anesthesiologists,2012,800,2022,1050,250,32.6,50
21,Kentucky,33-9011,Animal Control Workers,2012,250,2022,330,80,34,10
21,Kentucky,39-2011,Animal Trainers,2012,920,2022,1070,150,16.8,50
21,Kentucky,19-3091,Anthropologists and Archeologists,2012,80,2022,100,20,23.1,0
21,Kentucky,25-1061,Anthropology and Archeology Teachers  Postsecondary,2012,100,2022,110,10,14.3,0
21,Kentucky,13-2021,Appraisers and Assessors of Real Estate,2012,750,2022,820,70,9.5,10
21,Kentucky,17-1011,Architects  Except Landscape and Naval,2012,780,2022,990,210,27.5,40
21,Kentucky,17-3011,Architectural and Civil Drafters,2012,820,2022,900,80,10,20
21,Kentucky,Nov-41,Architectural and Engineering Managers,2012,1880,2022,2020,140,7.7,60
21,Kentucky,25-1062,Area  Ethnic  and Cultural Studies Teachers  Postsecondary,2012,70,2022,80,10,17.6,0
21,Kentucky,27-1011,Art Directors,2012,360,2022,400,40,10.3,10
21,Kentucky,25-1121,Art  Drama  and Music Teachers  Postsecondary,2012,1170,2022,1380,210,17.7,40
21,Kentucky,51-2099,Assemblers and Fabricators  All Other,2012,6630,2022,7620,990,15,210
21,Kentucky,29-9091,Athletic Trainers,2012,460,2022,670,210,45.7,30
21,Kentucky,19-2021,Atmospheric and Space Scientists,2012,70,2022,60,-10,-7.6,0
21,Kentucky,25-1051,Atmospheric  Earth  Marine  and Space Sciences Teachers  Postsecondary,2012,90,2022,100,10,12.9,0
21,Kentucky,27-4011,Audio and Video Equipment Technicians,2012,230,2022,280,50,20.9,10
21,Kentucky,53-6031,Automotive and Watercraft Service Attendants,2012,1830,2022,2350,520,28.8,110
21,Kentucky,49-3021,Automotive Body and Related Repairers,2012,2280,2022,2770,490,21.4,90
21,Kentucky,49-3022,Automotive Glass Installers and Repairers,2012,280,2022,360,80,27.2,20
21,Kentucky,49-3023,Automotive Service Technicians and Mechanics,2012,11490,2022,13150,1660,14.5,640
21,Kentucky,39-6011,Baggage Porters and Bellhops,2012,110,2022,120,10,6.4,0
21,Kentucky,33-3011,Bailiffs,2012,600,2022,820,220,35.4,40
21,Kentucky,51-3011,Bakers,2012,1460,2022,1540,80,5.6,50
21,Kentucky,35-3011,Bartenders,2012,4670,2022,5190,520,11.3,230
21,Kentucky,43-3011,Bill and Account Collectors,2012,4820,2022,5850,1030,21.4,240
21,Kentucky,43-3021,Billing and Posting Clerks,2012,11360,2022,13950,2590,22.9,570
21,Kentucky,25-1042,Biological Science Teachers  Postsecondary,2012,750,2022,900,150,20.6,30
21,Kentucky,19-1029,Biological Scientists  All Other,2012,290,2022,280,-10,-3.1,10
21,Kentucky,19-4021,Biological Technicians,2012,350,2022,390,40,11.8,10
21,Kentucky,43-3031,Bookkeeping  Accounting  and Auditing Clerks,2012,30510,2022,34780,4270,14,810
21,Kentucky,47-2021,Brickmasons and Blockmasons,2012,1410,2022,1910,500,35.1,80
21,Kentucky,53-6011,Bridge and Lock Tenders,2012,60,2022,50,-10,-13.3,0
21,Kentucky,27-4012,Broadcast Technicians,2012,370,2022,350,-20,-5.7,10
21,Kentucky,43-4011,Brokerage Clerks,2012,1130,2022,1350,220,19.5,60
21,Kentucky,13-2031,Budget Analysts,2012,2080,2022,2430,350,16.9,120
21,Kentucky,49-3031,Bus and Truck Mechanics and Diesel Engine Specialists,2012,4270,2022,4850,580,13.6,170
21,Kentucky,53-3022,Bus Drivers  School or Special Client,2012,10120,2022,10180,60,0.6,190
21,Kentucky,53-3021,Bus Drivers  Transit and Intercity,2012,1470,2022,1940,470,31.8,70
21,Kentucky,13-1199,Business Operations Specialists  All Other,2012,11620,2022,12740,1120,9.7,360
21,Kentucky,25-1011,Business Teachers  Postsecondary,2012,1240,2022,1450,210,16.4,40
21,Kentucky,51-3021,Butchers and Meat Cutters,2012,1610,2022,1580,-30,-1.6,40
21,Kentucky,13-1021,Buyers and Purchasing Agents  Farm Products,2012,190,2022,200,10,5.9,10
21,Kentucky,51-7011,Cabinetmakers and Bench Carpenters,2012,750,2022,880,130,17.1,20
21,Kentucky,27-4031,Camera Operators  Television  Video  and Motion Picture,2012,130,2022,130,0,3.9,0
21,Kentucky,53-5021,Captains  Mates  and Pilots of Water Vessels,2012,1310,2022,1520,210,16.2,80
21,Kentucky,29-2031,Cardiovascular Technologists and Technicians,2012,1430,2022,1870,440,31.2,60
21,Kentucky,25-2032,Career/Technical Education Teachers  Secondary School,2012,480,2022,510,30,6.3,20
21,Kentucky,43-5011,Cargo and Freight Agents,2012,1980,2022,2290,310,15.8,90
21,Kentucky,47-2031,Carpenters,2012,9600,2022,10930,1330,13.9,440
21,Kentucky,47-2041,Carpet Installers,2012,350,2022,400,50,12.1,10
21,Kentucky,17-1021,Cartographers and Photogrammetrists,2012,160,2022,200,40,23.9,10
21,Kentucky,41-2011,Cashiers,2012,38480,2022,39260,780,2,1740
21,Kentucky,47-2051,Cement Masons and Concrete Finishers,2012,1320,2022,1650,330,25.5,60
21,Kentucky,35-1011,Chefs and Head Cooks,2012,750,2022,780,30,5.2,20
21,Kentucky,17-2041,Chemical Engineers,2012,400,2022,430,30,7.2,10
21,Kentucky,51-9011,Chemical Equipment Operators and Tenders,2012,1230,2022,1220,-10,-1.1,40
21,Kentucky,51-8091,Chemical Plant and System Operators,2012,980,2022,920,-60,-6.2,40
21,Kentucky,19-4031,Chemical Technicians,2012,470,2022,460,-10,-2.1,10
21,Kentucky,25-1052,Chemistry Teachers  Postsecondary,2012,320,2022,370,50,15.3,10
21,Kentucky,19-2031,Chemists,2012,700,2022,690,-10,-0.7,20
21,Kentucky,21-1021,Child  Family  and School Social Workers,2012,7940,2022,9620,1680,21.2,340
21,Kentucky,39-9011,Childcare Workers,2012,21350,2022,22980,1630,7.7,920
21,Kentucky,29-1011,Chiropractors,2012,490,2022,590,100,21,20
21,Kentucky,27-2032,Choreographers,2012,270,2022,350,80,28.6,20
21,Kentucky,17-3022,Civil Engineering Technicians,2012,1170,2022,1300,130,11.4,40
21,Kentucky,17-2051,Civil Engineers,2012,2830,2022,3210,380,13.4,160
21,Kentucky,13-1031,Claims Adjusters  Examiners  and Investigators,2012,4670,2022,4930,260,5.5,240
21,Kentucky,53-7061,Cleaners of Vehicles and Equipment,2012,4490,2022,5160,670,14.9,200
21,Kentucky,51-9192,Cleaning  Washing  and Metal Pickling Equipment Operators and Tenders,2012,190,2022,200,10,3.6,10
21,Kentucky,21-2011,Clergy,2012,260,2022,320,60,24.4,10
21,Kentucky,19-3031,Clinical  Counseling  and School Psychologists,2012,1590,2022,1860,270,17.3,70
21,Kentucky,27-2022,Coaches and Scouts,2012,1720,2022,2060,340,19.8,90
21,Kentucky,51-9121,Coating  Painting  and Spraying Machine Setters  Operators  and Tenders,2012,1780,2022,1910,130,7.3,50
21,Kentucky,51-2021,Coil Winders  Tapers  and Finishers,2012,250,2022,190,-60,-26.6,0
21,Kentucky,49-9091,Coin  Vending  and Amusement Machine Servicers and Repairers,2012,510,2022,500,-10,-0.4,10
21,Kentucky,35-3021,Combined Food Preparation and Serving Workers  Including Fast Food,2012,52330,2022,59420,7090,13.5,2710
21,Kentucky,27-1021,Commercial and Industrial Designers,2012,530,2022,610,80,15.7,20
21,Kentucky,53-2012,Commercial Pilots,2012,240,2022,400,160,63.8,20
21,Kentucky,25-1122,Communications Teachers  Postsecondary,2012,610,2022,700,90,14.5,20
21,Kentucky,21-1099,Community and Social Service Specialists  All Other,2012,1020,2022,1240,220,22.4,20
21,Kentucky,Nov-11,Compensation and Benefits Managers,2012,290,2022,320,30,10.8,10
21,Kentucky,13-1141,Compensation  Benefits  and Job Analysis Specialists,2012,880,2022,960,80,9.1,160
21,Kentucky,13-1041,Compliance Officers,2012,3100,2022,3510,410,13.2,250
21,Kentucky,Nov-21,Computer and Information Systems Managers,2012,2780,2022,3440,660,23.8,120
21,Kentucky,17-2061,Computer Hardware Engineers,2012,760,2022,960,200,26,40
21,Kentucky,15-1143,Computer Network Architects,2012,2300,2022,2800,500,22,50
21,Kentucky,51-4012,Computer Numerically Controlled Machine Tool Programmers  Metal and Plastic,2012,130,2022,170,40,30.5,10
21,Kentucky,15-1199,Computer Occupations  All Other,2012,2520,2022,2610,90,3.7,10
21,Kentucky,15-1131,Computer Programmers,2012,2660,2022,3020,360,13.4,120
21,Kentucky,25-1021,Computer Science Teachers  Postsecondary,2012,550,2022,630,80,14.6,20
21,Kentucky,15-1121,Computer Systems Analysts,2012,4730,2022,6000,1270,26.9,240
21,Kentucky,15-1151,Computer User Support Specialists,2012,7340,2022,8630,1290,17.6,150
21,Kentucky,49-2011,Computer  Automated Teller  and Office Machine Repairers,2012,3780,2022,4200,420,11.1,170
21,Kentucky,51-4011,Computer-Controlled Machine Tool Operators  Metal and Plastic,2012,2260,2022,2450,190,8.4,80
21,Kentucky,39-6012,Concierges,2012,70,2022,80,10,18.8,0
21,Kentucky,19-1031,Conservation Scientists,2012,180,2022,180,0,-0.5,10
21,Kentucky,47-4011,Construction and Building Inspectors,2012,930,2022,1160,230,24.8,50
21,Kentucky,47-4099,Construction and Related Workers  All Other,2012,260,2022,300,40,14.7,0
21,Kentucky,47-2061,Construction Laborers,2012,10830,2022,12550,1720,15.8,600
21,Kentucky,Nov-21,Construction Managers,2012,5970,2022,6450,480,8,230
21,Kentucky,47-5041,Continuous Mining Machine Operators,2012,480,2022,410,-70,-14.4,10
21,Kentucky,49-9012,Control and Valve Installers and Repairers  Except Mechanical Door,2012,580,2022,680,100,17.2,30
21,Kentucky,53-7011,Conveyor Operators and Tenders,2012,670,2022,670,0,-0.1,20
21,Kentucky,35-2019,Cooks  All Other,2012,180,2022,210,30,20.2,10
21,Kentucky,35-2011,Cooks  Fast Food,2012,5040,2022,4960,-80,-1.6,100
21,Kentucky,35-2012,Cooks  Institution and Cafeteria,2012,11930,2022,13180,1250,10.5,360
21,Kentucky,35-2014,Cooks  Restaurant,2012,13480,2022,15330,1850,13.8,450
21,Kentucky,35-2015,Cooks  Short Order,2012,1590,2022,1600,10,0.7,30
21,Kentucky,51-9193,Cooling and Freezing Equipment Operators and Tenders,2012,130,2022,140,10,10.4,0
21,Kentucky,33-3012,Correctional Officers and Jailers,2012,7190,2022,8980,1790,25,380
21,Kentucky,43-4021,Correspondence Clerks,2012,250,2022,290,40,16.7,10
21,Kentucky,13-1051,Cost Estimators,2012,1520,2022,1870,350,22.9,110
21,Kentucky,21-1019,Counselors  All Other,2012,140,2022,180,40,25.7,10
21,Kentucky,41-2021,Counter and Rental Clerks,2012,5660,2022,6650,990,17.5,250
21,Kentucky,35-3022,Counter Attendants  Cafeteria  Food Concession  and Coffee Shop,2012,4730,2022,4750,20,0.4,290
21,Kentucky,43-5021,Couriers and Messengers,2012,2840,2022,2750,-90,-3.5,50
21,Kentucky,43-4031,Court  Municipal  and License Clerks,2012,3330,2022,4480,1150,34.4,170
21,Kentucky,27-1012,Craft Artists,2012,80,2022,90,10,14.1,0
21,Kentucky,53-7021,Crane and Tower Operators,2012,780,2022,900,120,15,40
21,Kentucky,13-2041,Credit Analysts,2012,450,2022,520,70,16.1,20
21,Kentucky,43-4041,Credit Authorizers  Checkers  and Clerks,2012,210,2022,210,0,1.4,0
21,Kentucky,13-2071,Credit Counselors,2012,250,2022,300,50,19.1,10
21,Kentucky,25-1111,Criminal Justice and Law Enforcement Teachers  Postsecondary,2012,270,2022,300,30,14.3,10
21,Kentucky,33-9091,Crossing Guards,2012,260,2022,320,60,22,10
21,Kentucky,51-9021,Crushing  Grinding  and Polishing Machine Setters  Operators  and Tenders,2012,730,2022,730,0,-0.4,20
21,Kentucky,25-4012,Curators,2012,170,2022,190,20,16.4,10
21,Kentucky,43-4051,Customer Service Representatives,2012,32720,2022,37130,4410,13.5,1630
21,Kentucky,51-9031,Cutters and Trimmers  Hand,2012,110,2022,100,-10,-9.9,0
21,Kentucky,51-9032,Cutting and Slicing Machine Setters  Operators  and Tenders,2012,1370,2022,1380,10,0.9,20
21,Kentucky,51-4031,Cutting  Punching  and Press Machine Setters  Operators  and Tenders  Metal and Plastic,2012,4020,2022,3960,-60,-1.6,30
21,Kentucky,43-9021,Data Entry Keyers,2012,4580,2022,4140,-440,-9.5,60
21,Kentucky,15-1141,Database Administrators,2012,2870,2022,3360,490,17.2,110
21,Kentucky,41-9011,Demonstrators and Product Promoters,2012,660,2022,790,130,19.2,30
21,Kentucky,31-9091,Dental Assistants,2012,4130,2022,5400,1270,30.9,210
21,Kentucky,29-2021,Dental Hygienists,2012,1730,2022,2420,690,40.3,110
21,Kentucky,51-9081,Dental Laboratory Technicians,2012,350,2022,340,-10,-4.2,10
21,Kentucky,29-1029,Dentists  All Other Specialists,2012,110,2022,120,10,9.8,0
21,Kentucky,29-1021,Dentists  General,2012,1620,2022,2000,380,23.3,80
21,Kentucky,43-9031,Desktop Publishers,2012,160,2022,160,0,1.3,0
21,Kentucky,33-3021,Detectives and Criminal Investigators,2012,620,2022,710,90,14.5,20
21,Kentucky,29-2032,Diagnostic Medical Sonographers,2012,580,2022,840,260,45.3,30
21,Kentucky,29-2051,Dietetic Technicians,2012,430,2022,510,80,17.6,10
21,Kentucky,29-1031,Dietitians and Nutritionists,2012,1080,2022,1380,300,27.6,40
21,Kentucky,35-9011,Dining Room and Cafeteria Attendants and Bartender Helpers,2012,2580,2022,2750,170,6.3,130
21,Kentucky,35-9021,Dishwashers,2012,4680,2022,4910,230,5,230
21,Kentucky,43-5032,Dispatchers  Except Police  Fire  and Ambulance,2012,1870,2022,2170,300,16.2,90
21,Kentucky,41-9091,Door-to-Door Sales Workers  News and Street Vendors  and Related Workers,2012,940,2022,830,-110,-12.2,10
21,Kentucky,17-3019,Drafters  All Other,2012,400,2022,500,100,25.7,20
21,Kentucky,51-4032,Drilling and Boring Machine Tool Setters  Operators  and Tenders  Metal and Plastic,2012,420,2022,380,-40,-11.3,10
21,Kentucky,53-3031,Driver/Sales Workers,2012,6040,2022,6690,650,10.7,170
21,Kentucky,47-2081,Drywall and Ceiling Tile Installers,2012,800,2022,950,150,19.3,20
21,Kentucky,47-5021,Earth Drillers  Except Oil and Gas,2012,640,2022,710,70,10.3,20
21,Kentucky,25-1063,Economics Teachers  Postsecondary,2012,240,2022,280,40,15.5,10
21,Kentucky,19-3011,Economists,2012,130,2022,180,50,30.6,10
21,Kentucky,27-3041,Editors,2012,920,2022,1010,90,10.5,30
21,Kentucky,Nov-39,Education Administrators  All Other,2012,690,2022,700,10,2.6,20
21,Kentucky,Nov-32,Education Administrators  Elementary and Secondary School,2012,3800,2022,4070,270,7.2,130
21,Kentucky,Nov-33,Education Administrators  Postsecondary,2012,1530,2022,1790,260,16.5,70
21,Kentucky,Nov-31,Education Administrators  Preschool and Childcare Center/Program,2012,580,2022,670,90,15.8,20
21,Kentucky,25-1081,Education Teachers  Postsecondary,2012,1130,2022,1320,190,16.3,40
21,Kentucky,25-9099,Education  Training  and Library Workers  All Other,2012,5490,2022,6180,690,12.7,140
21,Kentucky,21-1012,Educational  Guidance  School  and Vocational Counselors,2012,2920,2022,3320,400,13.7,100
21,Kentucky,49-2092,Electric Motor  Power Tool  and Related Repairers,2012,470,2022,510,40,7.7,10
21,Kentucky,51-2022,Electrical and Electronic Equipment Assemblers,2012,1070,2022,1060,-10,-0.8,10
21,Kentucky,17-3012,Electrical and Electronics Drafters,2012,340,2022,430,90,26.4,10
21,Kentucky,17-3023,Electrical and Electronics Engineering Technicians,2012,2040,2022,2090,50,2.4,530
21,Kentucky,49-2093,Electrical and Electronics Installers and Repairers  Transportation Equipment,2012,190,2022,190,0,1.1,0
21,Kentucky,49-2094,Electrical and Electronics Repairers  Commercial and Industrial Equipment,2012,1030,2022,1130,100,9.9,30
21,Kentucky,49-2095,Electrical and Electronics Repairers  Powerhouse  Substation  and Relay,2012,340,2022,350,10,3.9,10
21,Kentucky,17-2071,Electrical Engineers,2012,1460,2022,1730,270,18.3,60
21,Kentucky,49-9051,Electrical Power-Line Installers and Repairers,2012,2050,2022,2210,160,7.7,120
21,Kentucky,47-2111,Electricians,2012,8050,2022,8680,630,7.8,310
21,Kentucky,51-2023,Electromechanical Equipment Assemblers,2012,480,2022,470,-10,-2.5,10
21,Kentucky,49-2096,Electronic Equipment Installers and Repairers  Motor Vehicles,2012,130,2022,140,10,4.5,0
21,Kentucky,49-2097,Electronic Home Entertainment Equipment Installers and Repairers,2012,670,2022,730,60,10.1,30
21,Kentucky,17-2072,Electronics Engineers  Except Computer,2012,640,2022,780,140,22.8,30
21,Kentucky,25-2021,Elementary School Teachers  Except Special Education,2012,20290,2022,23130,2840,14,730
21,Kentucky,47-4021,Elevator Installers and Repairers,2012,320,2022,390,70,22.3,10
21,Kentucky,43-4061,Eligibility Interviewers  Government Programs,2012,1650,2022,1820,170,10.4,50
21,Kentucky,39-4011,Embalmers,2012,170,2022,140,-30,-17.6,0
21,Kentucky,Nov-61,Emergency Management Directors,2012,120,2022,160,40,31.5,10
21,Kentucky,29-2041,Emergency Medical Technicians and Paramedics,2012,4570,2022,6190,1620,35.5,290
21,Kentucky,51-2031,Engine and Other Machine Assemblers,2012,180,2022,190,10,8.4,10
21,Kentucky,25-1032,Engineering Teachers  Postsecondary,2012,290,2022,320,30,13.3,10
21,Kentucky,17-3029,Engineering Technicians  Except Drafters  All Other,2012,640,2022,620,-20,-4.2,10
21,Kentucky,17-2199,Engineers  All Other,2012,1140,2022,1300,160,13.3,40
21,Kentucky,25-1123,English Language and Literature Teachers  Postsecondary,2012,1280,2022,1460,180,13.9,40
21,Kentucky,27-2099,Entertainers and Performers  Sports and Related Workers  All Other,2012,730,2022,760,30,4.4,10
21,Kentucky,39-3099,Entertainment Attendants and Related Workers  All Other,2012,290,2022,320,30,10.3,20
21,Kentucky,17-3025,Environmental Engineering Technicians,2012,240,2022,290,50,18,10
21,Kentucky,17-2081,Environmental Engineers,2012,300,2022,340,40,12.6,10
21,Kentucky,19-4091,Environmental Science and Protection Technicians  Including Health,2012,690,2022,800,110,16.6,40
21,Kentucky,19-2041,Environmental Scientists and Specialists  Including Health,2012,750,2022,950,200,26.1,40
21,Kentucky,19-1041,Epidemiologists,2012,90,2022,120,30,30,10
21,Kentucky,53-7032,Excavating and Loading Machine and Dragline Operators,2012,1910,2022,2100,190,10.2,40
21,Kentucky,43-6011,Executive Secretaries and Executive Administrative Assistants,2012,14050,2022,14760,710,5.1,310
21,Kentucky,29-1128,Exercise Physiologists,2012,400,2022,440,40,9.5,10
21,Kentucky,47-5031,Explosives Workers  Ordnance Handling Experts  and Blasters,2012,520,2022,580,60,10.5,20
21,Kentucky,47-5099,Extraction Workers  All Other,2012,1300,2022,1110,-190,-14.6,20
21,Kentucky,51-4021,Extruding and Drawing Machine Setters  Operators  and Tenders  Metal and Plastic,2012,1540,2022,1260,-280,-18,30
21,Kentucky,51-6091,Extruding and Forming Machine Setters  Operators  and Tenders  Synthetic and Glass Fibers,2012,640,2022,630,-10,-2.3,10
21,Kentucky,51-9041,Extruding  Forming  Pressing  and Compacting Machine Setters  Operators  and Tenders,2012,1690,2022,1660,-30,-1.5,50
21,Kentucky,29-1062,Family and General Practitioners,2012,1160,2022,1420,260,22.4,60
21,Kentucky,49-3041,Farm Equipment Mechanics and Service Technicians,2012,770,2022,910,140,18.6,50
21,Kentucky,Nov-13,Farmers  Ranchers  and Other Agricultural Managers,2012,24420,2022,20670,-3750,-15.4,390
21,Kentucky,45-2092,Farmworkers and Laborers  Crop  Nursery  and Greenhouse,2012,13100,2022,13220,120,0.9,410
21,Kentucky,45-2093,Farmworkers  Farm  Ranch  and Aquacultural Animals,2012,3440,2022,3930,490,14.3,150
21,Kentucky,47-4031,Fence Erectors,2012,1110,2022,1310,200,18.2,60
21,Kentucky,43-4071,File Clerks,2012,4300,2022,4790,490,11.4,150
21,Kentucky,27-4032,Film and Video Editors,2012,60,2022,60,0,10.5,0
21,Kentucky,13-2051,Financial Analysts,2012,1250,2022,1590,340,27.1,60
21,Kentucky,13-2061,Financial Examiners,2012,240,2022,260,20,7.6,10
21,Kentucky,Nov-31,Financial Managers,2012,9210,2022,10580,1370,14.9,360
21,Kentucky,13-2099,Financial Specialists  All Other,2012,1720,2022,1940,220,12.6,40
21,Kentucky,33-2011,Firefighters,2012,3480,2022,4560,1080,31,200
21,Kentucky,47-1011,First-Line Supervisors of Construction Trades and Extraction Workers,2012,7410,2022,8060,650,8.8,270
21,Kentucky,33-1011,First-Line Supervisors of Correctional Officers,2012,940,2022,1170,230,23.8,60
21,Kentucky,45-1011,First-Line Supervisors of Farming  Fishing  and Forestry Workers,2012,990,2022,1030,40,4.2,30
21,Kentucky,33-1021,First-Line Supervisors of Fire Fighting and Prevention Workers,2012,630,2022,850,220,34.3,50
21,Kentucky,35-1012,First-Line Supervisors of Food Preparation and Serving Workers,2012,15180,2022,16990,1810,11.9,610
21,Kentucky,37-1011,First-Line Supervisors of Housekeeping and Janitorial Workers,2012,3470,2022,3750,280,8,150
21,Kentucky,37-1012,First-Line Supervisors of Landscaping  Lawn Service  and Groundskeeping Workers,2012,2550,2022,2790,240,9.3,100
21,Kentucky,49-1011,First-Line Supervisors of Mechanics  Installers  and Repairers,2012,8050,2022,8630,580,7.1,510
21,Kentucky,41-1012,First-Line Supervisors of Non-Retail Sales Workers,2012,4140,2022,4760,620,15,100
21,Kentucky,43-1011,First-Line Supervisors of Office and Administrative Support Workers,2012,21700,2022,24810,3110,14.3,2200
21,Kentucky,39-1021,First-Line Supervisors of Personal Service Workers,2012,4710,2022,5450,740,15.8,160
21,Kentucky,33-1012,First-Line Supervisors of Police and Detectives,2012,1220,2022,1550,330,27.2,70
21,Kentucky,51-1011,First-Line Supervisors of Production and Operating Workers,2012,11050,2022,11460,410,3.7,220
21,Kentucky,33-1099,First-Line Supervisors of Protective Service Workers  All Other,2012,1800,2022,1980,180,9.6,60
21,Kentucky,41-1011,First-Line Supervisors of Retail Sales Workers,2012,22500,2022,23900,1400,6.2,710
21,Kentucky,53-1031,First-Line Supervisors of Transportation and Material-Moving Machine and Vehicle Operators,2012,11290,2022,12250,960,8.5,560
21,Kentucky,27-1023,Floral Designers,2012,840,2022,810,-30,-4.3,20
21,Kentucky,51-3091,Food and Tobacco Roasting  Baking  and Drying Machine Operators and Tenders,2012,300,2022,320,20,6.3,10
21,Kentucky,51-3092,Food Batchmakers,2012,1730,2022,1770,40,2.4,60
21,Kentucky,51-3093,Food Cooking Machine Operators and Tenders,2012,610,2022,630,20,3.8,20
21,Kentucky,35-9099,Food Preparation and Serving Related Workers  All Other,2012,120,2022,130,10,10.9,10
21,Kentucky,35-2021,Food Preparation Workers,2012,9620,2022,9530,-90,-1,280
21,Kentucky,19-1012,Food Scientists and Technologists,2012,220,2022,230,10,3.2,10
21,Kentucky,35-3041,Food Servers  Nonrestaurant,2012,1940,2022,2180,240,12.3,80
21,Kentucky,Nov-51,Food Service Managers,2012,3030,2022,3150,120,4,70
21,Kentucky,25-1124,Foreign Language and Literature Teachers  Postsecondary,2012,380,2022,440,60,16.7,10
21,Kentucky,19-4092,Forensic Science Technicians,2012,70,2022,90,20,27.9,10
21,Kentucky,19-4093,Forest and Conservation Technicians,2012,270,2022,290,20,6.3,10
21,Kentucky,19-1032,Foresters,2012,180,2022,230,50,26.4,10
21,Kentucky,51-4022,Forging Machine Setters  Operators  and Tenders  Metal and Plastic,2012,880,2022,830,-50,-5.9,20
21,Kentucky,39-4021,Funeral Attendants,2012,420,2022,410,-10,-0.5,10
21,Kentucky,51-9051,Furnace  Kiln  Oven  Drier  and Kettle Operators and Tenders,2012,420,2022,410,-10,-0.2,10
21,Kentucky,51-7021,Furniture Finishers,2012,200,2022,210,10,6.1,0
21,Kentucky,39-3012,Gaming and Sports Book Writers and Runners,2012,60,2022,80,20,31.6,0
21,Kentucky,39-1011,Gaming Supervisors,2012,50,2022,60,10,23.9,0
21,Kentucky,51-8092,Gas Plant Operators,2012,280,2022,160,-120,-43,10
21,Kentucky,11-1021,General and Operations Managers,2012,26320,2022,29990,3670,14,1090
21,Kentucky,25-1064,Geography Teachers  Postsecondary,2012,110,2022,120,10,11.1,0
21,Kentucky,19-2042,Geoscientists  Except Hydrologists and Geographers,2012,280,2022,350,70,23.9,20
21,Kentucky,47-2121,Glaziers,2012,540,2022,680,140,24.3,30
21,Kentucky,45-2041,Graders and Sorters  Agricultural Products,2012,640,2022,640,0,0.5,10
21,Kentucky,25-1191,Graduate Teaching Assistants,2012,540,2022,610,70,12,10
21,Kentucky,27-1024,Graphic Designers,2012,2200,2022,2520,320,14.2,90
21,Kentucky,51-9022,Grinding and Polishing Workers  Hand,2012,290,2022,300,10,3.1,10
21,Kentucky,51-4033,Grinding  Lapping  Polishing  and Buffing Machine Tool Setters  Operators  and Tenders  Metal and Plastic,2012,990,2022,910,-80,-7.7,20
21,Kentucky,37-3019,Grounds Maintenance Workers  All Other,2012,1460,2022,1600,140,9.9,90
21,Kentucky,39-5012,Hairdressers  Hairstylists  and Cosmetologists,2012,5950,2022,6240,290,4.8,220
21,Kentucky,47-4041,Hazardous Materials Removal Workers,2012,400,2022,240,-160,-39,10
21,Kentucky,17-2111,Health and Safety Engineers  Except Mining Safety Engineers and Inspectors,2012,250,2022,290,40,13.9,10
21,Kentucky,29-1199,Health Diagnosing and Treating Practitioners  All Other,2012,120,2022,130,10,4,0
21,Kentucky,21-1091,Health Educators,2012,470,2022,610,140,29.2,30
21,Kentucky,25-1071,Health Specialties Teachers  Postsecondary,2012,2920,2022,4040,1120,38,160
21,Kentucky,29-2099,Health Technologists and Technicians  All Other,2012,1750,2022,2140,390,22.5,40
21,Kentucky,29-9099,Healthcare Practitioners and Technical Workers  All Other,2012,250,2022,320,70,28.6,10
21,Kentucky,21-1022,Healthcare Social Workers,2012,1520,2022,1980,460,30.4,80
21,Kentucky,31-9099,Healthcare Support Workers  All Other,2012,3220,2022,3910,690,21.5,70
21,Kentucky,51-4191,Heat Treating Equipment Setters  Operators  and Tenders  Metal and Plastic,2012,290,2022,300,10,3.1,10
21,Kentucky,49-9021,Heating  Air Conditioning  and Refrigeration Mechanics and Installers,2012,4490,2022,5000,510,11.4,390
21,Kentucky,53-3032,Heavy and Tractor-Trailer Truck Drivers,2012,25220,2022,27150,1930,7.7,1340
21,Kentucky,47-3019,Helpers  Construction Trades  All Other,2012,120,2022,160,40,30.3,10
21,Kentucky,47-3011,Helpers--Brickmasons  Blockmasons  Stonemasons  and Tile and Marble Setters,2012,640,2022,960,320,49.1,40
21,Kentucky,47-3012,Helpers--Carpenters,2012,660,2022,810,150,22.2,30
21,Kentucky,47-3013,Helpers--Electricians,2012,910,2022,1300,390,43.2,50
21,Kentucky,47-5081,Helpers--Extraction Workers,2012,1190,2022,1280,90,7.7,40
21,Kentucky,49-9098,Helpers--Installation  Maintenance  and Repair Workers,2012,1280,2022,1530,250,19.5,60
21,Kentucky,47-3014,Helpers--Painters  Paperhangers  Plasterers  and Stucco Masons,2012,70,2022,80,10,15.5,0
21,Kentucky,47-3015,Helpers--Pipelayers  Plumbers  Pipefitters  and Steamfitters,2012,580,2022,770,190,34.1,30
21,Kentucky,51-9198,Helpers--Production Workers,2012,10130,2022,12470,2340,23.1,410
21,Kentucky,47-3016,Helpers--Roofers,2012,130,2022,160,30,20.5,10
21,Kentucky,47-4051,Highway Maintenance Workers,2012,2100,2022,2720,620,29.6,90
21,Kentucky,25-1125,History Teachers  Postsecondary,2012,570,2022,660,90,15.5,20
21,Kentucky,49-9031,Home Appliance Repairers,2012,800,2022,890,90,11.6,30
21,Kentucky,25-1192,Home Economics Teachers  Postsecondary,2012,120,2022,130,10,10.9,0
21,Kentucky,31-1011,Home Health Aides,2012,3870,2022,5940,2070,53.3,280
21,Kentucky,35-9031,Hosts and Hostesses  Restaurant  Lounge  and Coffee Shop,2012,4120,2022,4290,170,4.3,330
21,Kentucky,43-4081,Hotel  Motel  and Resort Desk Clerks,2012,2920,2022,3320,400,13.6,180
21,Kentucky,43-4161,Human Resources Assistants  Except Payroll and Timekeeping,2012,2240,2022,2170,-70,-3,60
21,Kentucky,Nov-21,Human Resources Managers,2012,1720,2022,1970,250,14.4,70
21,Kentucky,13-1071,Human Resources Specialists,2012,4910,2022,5650,740,15.1,140
21,Kentucky,17-3026,Industrial Engineering Technicians,2012,600,2022,550,-50,-7.8,10
21,Kentucky,17-2112,Industrial Engineers,2012,5120,2022,5320,200,4,170
21,Kentucky,49-9041,Industrial Machinery Mechanics,2012,8610,2022,9390,780,9.1,340
21,Kentucky,Nov-51,Industrial Production Managers,2012,3800,2022,3960,160,4,90
21,Kentucky,53-7051,Industrial Truck and Tractor Operators,2012,15300,2022,15730,430,2.8,430
21,Kentucky,43-4199,Information and Record Clerks  All Other,2012,2890,2022,2660,-230,-7.7,60
21,Kentucky,51-9061,Inspectors  Testers  Sorters  Samplers  and Weighers,2012,8330,2022,9240,910,11,290
21,Kentucky,49-9099,Installation  Maintenance  and Repair Workers  All Other,2012,3520,2022,3960,440,12.4,40
21,Kentucky,25-9031,Instructional Coordinators,2012,2250,2022,2580,330,14.6,50
21,Kentucky,47-2131,Insulation Workers  Floor  Ceiling  and Wall,2012,410,2022,540,130,30.9,20
21,Kentucky,13-1032,Insurance Appraisers  Auto Damage,2012,30,2022,30,0,9.7,0
21,Kentucky,43-9041,Insurance Claims and Policy Processing Clerks,2012,4400,2022,4760,360,8.2,180
21,Kentucky,41-3021,Insurance Sales Agents,2012,8290,2022,9070,780,9.4,380
21,Kentucky,13-2053,Insurance Underwriters,2012,1120,2022,1250,130,11.2,40
21,Kentucky,27-1025,Interior Designers,2012,530,2022,630,100,17.5,20
21,Kentucky,29-1063,Internists  General,2012,680,2022,840,160,22.9,30
21,Kentucky,27-3091,Interpreters and Translators,2012,610,2022,860,250,40.2,40
21,Kentucky,43-4111,Interviewers  Except Eligibility and Loan,2012,4720,2022,5300,580,12.5,160
21,Kentucky,37-2011,Janitors and Cleaners  Except Maids and Housekeeping Cleaners,2012,17410,2022,18860,1450,8.3,2010
21,Kentucky,51-9071,Jewelers and Precious Stone and Metal Workers,2012,530,2022,460,-70,-12,10
21,Kentucky,23-1023,Judges  Magistrate Judges  and Magistrates,2012,360,2022,440,80,22.5,10
21,Kentucky,25-2012,Kindergarten Teachers  Except Special Education,2012,1490,2022,1700,210,14.3,60
21,Kentucky,53-7062,Laborers and Freight  Stock  and Material Movers  Hand,2012,38620,2022,40730,2110,5.5,1790
21,Kentucky,17-1012,Landscape Architects,2012,270,2022,340,70,23.4,10
21,Kentucky,37-3011,Landscaping and Groundskeeping Workers,2012,9160,2022,10230,1070,11.7,430
21,Kentucky,51-4034,Lathe and Turning Machine Tool Setters  Operators  and Tenders  Metal and Plastic,2012,570,2022,520,-50,-9.3,10
21,Kentucky,51-6011,Laundry and Dry-Cleaning Workers,2012,2530,2022,2790,260,10.1,100
21,Kentucky,25-1112,Law Teachers  Postsecondary,2012,180,2022,210,30,18.9,10
21,Kentucky,23-1011,Lawyers,2012,5600,2022,6450,850,15.1,300
21,Kentucky,51-4192,Layout Workers  Metal and Plastic,2012,90,2022,90,0,7,0
21,Kentucky,43-6012,Legal Secretaries,2012,3050,2022,3460,410,13.4,100
21,Kentucky,23-2099,Legal Support Workers  All Other,2012,490,2022,550,60,13.6,20
21,Kentucky,25-4021,Librarians,2012,2310,2022,2540,230,10,80
21,Kentucky,43-4121,Library Assistants  Clerical,2012,1380,2022,1860,480,34.9,110
21,Kentucky,25-1082,Library Science Teachers  Postsecondary,2012,80,2022,90,10,11.8,0
21,Kentucky,25-4031,Library Technicians,2012,1530,2022,1960,430,28.3,130
21,Kentucky,29-2061,Licensed Practical and Licensed Vocational Nurses,2012,9960,2022,12130,2170,21.8,460
21,Kentucky,19-1099,Life Scientists  All Other,2012,130,2022,160,30,18.3,10
21,Kentucky,19-4099,Life  Physical  and Social Science Technicians  All Other,2012,940,2022,1070,130,13.4,50
21,Kentucky,33-9092,Lifeguards  Ski Patrol  and Other Recreational Protective Service Workers,2012,1110,2022,1410,300,26.8,110
21,Kentucky,53-3033,Light Truck or Delivery Services Drivers,2012,13600,2022,14790,1190,8.7,540
21,Kentucky,53-7033,Loading Machine Operators  Underground Mining,2012,390,2022,340,-50,-14.3,0
21,Kentucky,43-4131,Loan Interviewers and Clerks,2012,3410,2022,3660,250,7.4,70
21,Kentucky,13-2072,Loan Officers,2012,3980,2022,4190,210,5.2,110
21,Kentucky,Nov-81,Lodging Managers,2012,510,2022,530,20,3.7,20
21,Kentucky,45-4023,Log Graders and Scalers,2012,200,2022,170,-30,-11.2,0
21,Kentucky,45-4022,Logging Equipment Operators,2012,180,2022,240,60,32.8,10
21,Kentucky,13-1081,Logisticians,2012,1370,2022,1670,300,22.3,60
21,Kentucky,53-7063,Machine Feeders and Offbearers,2012,3200,2022,3660,460,14.4,110
21,Kentucky,51-4041,Machinists,2012,6960,2022,7730,770,11,240
21,Kentucky,37-2012,Maids and Housekeeping Cleaners,2012,20910,2022,21080,170,0.8,550
21,Kentucky,43-9051,Mail Clerks and Mail Machine Operators  Except Postal Service,2012,1640,2022,1530,-110,-6.5,40
21,Kentucky,49-9071,Maintenance and Repair Workers  General,2012,18130,2022,19210,1080,5.9,690
21,Kentucky,49-9043,Maintenance Workers  Machinery,2012,1740,2022,1930,190,10.7,40
21,Kentucky,Nov-99,Managers  All Other,2012,9660,2022,10590,930,9.6,340
21,Kentucky,39-5092,Manicurists and Pedicurists,2012,300,2022,350,50,16.1,10
21,Kentucky,49-9095,Manufactured Building and Mobile Home Installers,2012,140,2022,110,-30,-19.1,0
21,Kentucky,13-1161,Market Research Analysts and Marketing Specialists,2012,1880,2022,2320,440,23.4,70
21,Kentucky,Nov-21,Marketing Managers,2012,2730,2022,3130,400,14.5,240
21,Kentucky,21-1013,Marriage and Family Therapists,2012,240,2022,330,90,38.6,10
21,Kentucky,31-9011,Massage Therapists,2012,760,2022,1000,240,30.9,30
21,Kentucky,17-2131,Materials Engineers,2012,310,2022,330,20,3.8,10
21,Kentucky,15-2099,Mathematical Science Occupations  All Other,2012,20,2022,20,0,6.3,0
21,Kentucky,25-1022,Mathematical Science Teachers  Postsecondary,2012,950,2022,1080,130,13.2,30
21,Kentucky,15-2021,Mathematicians,2012,20,2022,30,10,52.4,0
21,Kentucky,51-3022,Meat  Poultry  and Fish Cutters and Trimmers,2012,2680,2022,2960,280,10.8,100
21,Kentucky,49-9011,Mechanical Door Repairers,2012,80,2022,100,20,31.2,10
21,Kentucky,17-3013,Mechanical Drafters,2012,710,2022,730,20,3.1,10
21,Kentucky,17-3027,Mechanical Engineering Technicians,2012,370,2022,340,-30,-7.9,10
21,Kentucky,17-2141,Mechanical Engineers,2012,2780,2022,2740,-40,-1.3,100
21,Kentucky,27-4099,Media and Communication Equipment Workers  All Other,2012,220,2022,240,20,10.6,10
21,Kentucky,27-3099,Media and Communication Workers  All Other,2012,220,2022,240,20,13.5,10
21,Kentucky,29-2012,Medical and Clinical Laboratory Technicians,2012,1660,2022,2140,480,28.9,90
21,Kentucky,29-2011,Medical and Clinical Laboratory Technologists,2012,1950,2022,2170,220,11.5,70
21,Kentucky,Nov-11,Medical and Health Services Managers,2012,4550,2022,5930,1380,30.4,250
21,Kentucky,31-9092,Medical Assistants,2012,7920,2022,10850,2930,37,440
21,Kentucky,31-9093,Medical Equipment Preparers,2012,840,2022,1010,170,20.4,30
21,Kentucky,49-9062,Medical Equipment Repairers,2012,1090,2022,1660,570,51.8,90
21,Kentucky,29-2071,Medical Records and Health Information Technicians,2012,2910,2022,3620,710,24.5,150
21,Kentucky,19-1042,Medical Scientists  Except Epidemiologists,2012,670,2022,760,90,13.3,20
21,Kentucky,43-6013,Medical Secretaries,2012,6510,2022,8570,2060,31.8,290
21,Kentucky,31-9094,Medical Transcriptionists,2012,1750,2022,1980,230,13.3,60
21,Kentucky,13-1121,Meeting  Convention  and Event Planners,2012,780,2022,1090,310,40.4,40
21,Kentucky,21-1023,Mental Health and Substance Abuse Social Workers,2012,1600,2022,2020,420,26.2,80
21,Kentucky,21-1014,Mental Health Counselors,2012,1250,2022,1720,470,37.4,70
21,Kentucky,27-1026,Merchandise Displayers and Window Trimmers,2012,1140,2022,1280,140,12.4,40
21,Kentucky,51-4199,Metal Workers and Plastic Workers  All Other,2012,430,2022,440,10,0.7,10
21,Kentucky,51-4051,Metal-Refining Furnace Operators and Tenders,2012,930,2022,870,-60,-6.6,10
21,Kentucky,43-5041,Meter Readers  Utilities,2012,900,2022,830,-70,-7.5,20
21,Kentucky,19-1022,Microbiologists,2012,120,2022,140,20,16.8,10
21,Kentucky,25-2022,Middle School Teachers  Except Special and Career/Technical Education,2012,8090,2022,9220,1130,14,290
21,Kentucky,51-4035,Milling and Planing Machine Setters  Operators  and Tenders  Metal and Plastic,2012,350,2022,310,-40,-11.3,10
21,Kentucky,49-9044,Millwrights,2012,610,2022,720,110,17.8,20
21,Kentucky,53-7111,Mine Shuttle Car Operators,2012,590,2022,480,-110,-18.3,20
21,Kentucky,17-2151,Mining and Geological Engineers  Including Mining Safety Engineers,2012,230,2022,260,30,13.1,10
21,Kentucky,51-9023,Mixing and Blending Machine Setters  Operators  and Tenders,2012,1800,2022,1740,-60,-3.6,50
21,Kentucky,49-3042,Mobile Heavy Equipment Mechanics  Except Engines,2012,2180,2022,2490,310,14.4,100
21,Kentucky,51-9195,Molders  Shapers  and Casters  Except Metal and Plastic,2012,680,2022,760,80,10.7,30
21,Kentucky,51-4072,Molding  Coremaking  and Casting Machine Setters  Operators  and Tenders  Metal and Plastic,2012,2690,2022,2460,-230,-8.5,30
21,Kentucky,39-4031,Morticians  Undertakers  and Funeral Directors,2012,860,2022,930,70,8.4,10
21,Kentucky,39-3021,Motion Picture Projectionists,2012,90,2022,80,-10,-9.4,0
21,Kentucky,49-3051,Motorboat Mechanics and Service Technicians,2012,210,2022,240,30,13.6,10
21,Kentucky,49-3052,Motorcycle Mechanics,2012,230,2022,260,30,9.4,10
21,Kentucky,27-1014,Multimedia Artists and Animators,2012,140,2022,160,20,12.7,10
21,Kentucky,51-4081,Multiple Machine Tool Setters  Operators  and Tenders  Metal and Plastic,2012,1310,2022,1210,-100,-7.4,30
21,Kentucky,25-4013,Museum Technicians and Conservators,2012,80,2022,90,10,15,0
21,Kentucky,49-9063,Musical Instrument Repairers and Tuners,2012,90,2022,90,0,5.7,0
21,Kentucky,27-2042,Musicians and Singers,2012,270,2022,320,50,19.2,10
21,Kentucky,Nov-21,Natural Sciences Managers,2012,260,2022,280,20,8.8,10
21,Kentucky,15-1142,Network and Computer Systems Administrators,2012,3370,2022,3980,610,18,110
21,Kentucky,43-4141,New Accounts Clerks,2012,620,2022,600,-20,-3.1,20
21,Kentucky,39-2021,Nonfarm Animal Caretakers,2012,2870,2022,3460,590,20.7,100
21,Kentucky,29-2033,Nuclear Medicine Technologists,2012,380,2022,460,80,22.1,10
21,Kentucky,25-1072,Nursing Instructors and Teachers  Postsecondary,2012,1330,2022,1820,490,37.5,70
21,Kentucky,29-1064,Obstetricians and Gynecologists,2012,270,2022,330,60,20.2,10
21,Kentucky,29-9011,Occupational Health and Safety Specialists,2012,2970,2022,3070,100,3.2,90
21,Kentucky,29-9012,Occupational Health and Safety Technicians,2012,190,2022,200,10,9.7,10
21,Kentucky,29-1122,Occupational Therapists,2012,1460,2022,1920,460,31.8,70
21,Kentucky,31-2012,Occupational Therapy Aides,2012,90,2022,110,20,26.1,0
21,Kentucky,31-2011,Occupational Therapy Assistants,2012,370,2022,550,180,48.5,30
21,Kentucky,43-9199,Office and Administrative Support Workers  All Other,2012,2760,2022,3250,490,17.9,50
21,Kentucky,43-9061,Office Clerks  General,2012,22610,2022,24390,1780,7.9,1090
21,Kentucky,43-9071,Office Machine Operators  Except Computer,2012,410,2022,410,0,-2.2,10
21,Kentucky,47-2073,Operating Engineers and Other Construction Equipment Operators,2012,7550,2022,8120,570,7.5,250
21,Kentucky,15-2031,Operations Research Analysts,2012,850,2022,1040,190,22.1,40
21,Kentucky,51-9083,Ophthalmic Laboratory Technicians,2012,210,2022,260,50,21.6,10
21,Kentucky,29-2081,Opticians  Dispensing,2012,710,2022,890,180,24.3,40
21,Kentucky,29-1041,Optometrists,2012,470,2022,610,140,31.6,30
21,Kentucky,43-4151,Order Clerks,2012,2760,2022,2920,160,6,90
21,Kentucky,31-1015,Orderlies,2012,25350,2022,29250,3900,15.3,390
21,Kentucky,29-1023,Orthodontists,2012,140,2022,170,30,23.6,10
21,Kentucky,29-2091,Orthotists and Prosthetists,2012,120,2022,140,20,21.7,0
21,Kentucky,49-3053,Outdoor Power Equipment and Other Small Engine Mechanics,2012,470,2022,520,50,10.7,20
21,Kentucky,51-9111,Packaging and Filling Machine Operators and Tenders,2012,5250,2022,5450,200,3.7,140
21,Kentucky,53-7064,Packers and Packagers  Hand,2012,9270,2022,10390,1120,12.1,370
21,Kentucky,47-2141,Painters  Construction and Maintenance,2012,2570,2022,3210,640,24.6,100
21,Kentucky,51-9122,Painters  Transportation Equipment,2012,750,2022,880,130,16.6,30
21,Kentucky,51-9123,Painting  Coating  and Decorating Workers,2012,220,2022,230,10,5,10
21,Kentucky,51-9196,Paper Goods Machine Setters  Operators  and Tenders,2012,1360,2022,1590,230,17.3,40
21,Kentucky,23-2011,Paralegals and Legal Assistants,2012,2360,2022,2670,310,12.8,150
21,Kentucky,33-3041,Parking Enforcement Workers,2012,70,2022,80,10,19.4,0
21,Kentucky,53-6021,Parking Lot Attendants,2012,530,2022,580,50,9.7,30
21,Kentucky,41-2022,Parts Salespersons,2012,3700,2022,4170,470,12.9,150
21,Kentucky,47-2071,Paving  Surfacing  and Tamping Equipment Operators,2012,860,2022,1180,320,37.9,50
21,Kentucky,43-3051,Payroll and Timekeeping Clerks,2012,3650,2022,4270,620,17,140
21,Kentucky,29-1065,Pediatricians  General,2012,440,2022,550,110,24,20
21,Kentucky,39-9021,Personal Care Aides,2012,7340,2022,10340,3000,40.8,350
21,Kentucky,13-2052,Personal Financial Advisors,2012,2900,2022,3680,780,27.1,180
21,Kentucky,37-3012,Pesticide Handlers  Sprayers  and Applicators  Vegetation,2012,410,2022,490,80,19.8,20
21,Kentucky,29-1051,Pharmacists,2012,4230,2022,4830,600,14.1,160
21,Kentucky,31-9095,Pharmacy Aides,2012,560,2022,590,30,3.7,10
21,Kentucky,29-2052,Pharmacy Technicians,2012,6850,2022,8350,1500,21.8,220
21,Kentucky,25-1126,Philosophy and Religion Teachers  Postsecondary,2012,390,2022,470,80,21,10
21,Kentucky,27-4021,Photographers,2012,1840,2022,1990,150,7.9,40
21,Kentucky,51-9151,Photographic Process Workers and Processing Machine Operators,2012,550,2022,550,0,-1.1,20
21,Kentucky,19-2099,Physical Scientists  All Other,2012,140,2022,160,20,11.2,10
21,Kentucky,31-2022,Physical Therapist Aides,2012,740,2022,1030,290,40.2,50
21,Kentucky,31-2021,Physical Therapist Assistants,2012,1430,2022,2050,620,43.4,90
21,Kentucky,29-1123,Physical Therapists,2012,2540,2022,3560,1020,40.2,160
21,Kentucky,29-1071,Physician Assistants,2012,820,2022,1190,370,45.3,50
21,Kentucky,29-1069,Physicians and Surgeons  All Other,2012,3590,2022,4420,830,22.9,170
21,Kentucky,19-2012,Physicists,2012,30,2022,30,0,17.2,0
21,Kentucky,25-1054,Physics Teachers  Postsecondary,2012,230,2022,260,30,15.1,10
21,Kentucky,47-2151,Pipelayers,2012,790,2022,1090,300,37.2,40
21,Kentucky,51-8099,Plant and System Operators  All Other,2012,330,2022,290,-40,-10.4,10
21,Kentucky,47-2161,Plasterers and Stucco Masons,2012,60,2022,80,20,23,0
21,Kentucky,51-4193,Plating and Coating Machine Setters  Operators  and Tenders  Metal and Plastic,2012,330,2022,300,-30,-6.7,10
21,Kentucky,47-2152,Plumbers  Pipefitters  and Steamfitters,2012,5600,2022,6150,550,9.7,230
21,Kentucky,29-1081,Podiatrists,2012,150,2022,200,50,31.5,10
21,Kentucky,33-3051,Police and Sheriff's Patrol Officers,2012,6310,2022,8330,2020,32,400
21,Kentucky,43-5031,Police  Fire  and Ambulance Dispatchers,2012,1420,2022,1890,470,32.8,90
21,Kentucky,25-1065,Political Science Teachers  Postsecondary,2012,240,2022,280,40,16,10
21,Kentucky,43-5051,Postal Service Clerks,2012,840,2022,500,-340,-40.5,4550
21,Kentucky,43-5052,Postal Service Mail Carriers,2012,4540,2022,4450,-90,-2,42630
21,Kentucky,43-5053,Postal Service Mail Sorters  Processors  and Processing Machine Operators,2012,1620,2022,1070,-550,-34,6250
21,Kentucky,Nov-31,Postmasters and Mail Superintendents,2012,600,2022,680,80,13.3,4530
21,Kentucky,25-1199,Postsecondary Teachers  All Other,2012,1290,2022,1480,190,14.7,40
21,Kentucky,51-4052,Pourers and Casters  Metal,2012,350,2022,300,-50,-13.8,0
21,Kentucky,51-8013,Power Plant Operators,2012,750,2022,610,-140,-19.1,20
21,Kentucky,49-9069,Precision Instrument and Equipment Repairers  All Other,2012,270,2022,280,10,1.5,10
21,Kentucky,51-5111,Prepress Technicians and Workers,2012,710,2022,690,-20,-2.7,20
21,Kentucky,25-2011,Preschool Teachers  Except Special Education,2012,3950,2022,4560,610,15.4,170
21,Kentucky,51-6021,Pressers  Textile  Garment  and Related Materials,2012,620,2022,610,-10,-0.7,10
21,Kentucky,51-5113,Print Binding and Finishing Workers,2012,1140,2022,1180,40,4,20
21,Kentucky,51-5112,Printing Press Operators,2012,3170,2022,3280,110,3.7,70
21,Kentucky,33-9021,Private Detectives and Investigators,2012,60,2022,70,10,15.8,0
21,Kentucky,21-1092,Probation Officers and Correctional Treatment Specialists,2012,770,2022,900,130,16.5,30
21,Kentucky,27-2012,Producers and Directors,2012,630,2022,670,40,7.2,30
21,Kentucky,51-9199,Production Workers  All Other,2012,5950,2022,6890,940,15.8,90
21,Kentucky,43-5061,Production  Planning  and Expediting Clerks,2012,7520,2022,7920,400,5.3,580
21,Kentucky,43-9081,Proofreaders and Copy Markers,2012,210,2022,210,0,4.4,10
21,Kentucky,Nov-41,Property  Real Estate  and Community Association Managers,2012,3170,2022,3620,450,14,120
21,Kentucky,33-9099,Protective Service Workers  All Other,2012,1740,2022,1970,230,13.2,140
21,Kentucky,31-1013,Psychiatric Aides,2012,1210,2022,1150,-60,-5,20
21,Kentucky,29-2053,Psychiatric Technicians,2012,410,2022,440,30,6.8,10
21,Kentucky,29-1066,Psychiatrists,2012,230,2022,300,70,29,10
21,Kentucky,19-3039,Psychologists  All Other,2012,190,2022,210,20,6.7,10
21,Kentucky,25-1066,Psychology Teachers  Postsecondary,2012,610,2022,700,90,16,20
21,Kentucky,Nov-31,Public Relations and Fundraising Managers,2012,1090,2022,1280,190,18,40
21,Kentucky,27-3031,Public Relations Specialists,2012,2940,2022,3460,520,17.6,90
21,Kentucky,13-1023,Purchasing Agents  Except Wholesale  Retail  and Farm Products,2012,3540,2022,3900,360,10,120
21,Kentucky,Nov-61,Purchasing Managers,2012,1060,2022,1150,90,8,30
21,Kentucky,29-1124,Radiation Therapists,2012,180,2022,220,40,19.6,10
21,Kentucky,27-3011,Radio and Television Announcers,2012,1190,2022,1060,-130,-10.6,30
21,Kentucky,49-2021,Radio  Cellular  and Tower Equipment Installers and Repairs,2012,130,2022,160,30,26,10
21,Kentucky,29-2034,Radiologic Technologists,2012,4350,2022,5300,950,21.8,100
21,Kentucky,53-4031,Railroad Conductors and Yardmasters,2012,960,2022,920,-40,-3.7,30
21,Kentucky,47-4061,Rail-Track Laying and Maintenance Equipment Operators,2012,290,2022,320,30,11.6,10
21,Kentucky,41-9021,Real Estate Brokers,2012,350,2022,400,50,12.5,10
21,Kentucky,41-9022,Real Estate Sales Agents,2012,3330,2022,3770,440,13.2,80
21,Kentucky,43-4171,Receptionists and Information Clerks,2012,19400,2022,22150,2750,14.2,1010
21,Kentucky,25-1193,Recreation and Fitness Studies Teachers  Postsecondary,2012,270,2022,310,40,13.2,10
21,Kentucky,39-9032,Recreation Workers,2012,3090,2022,3700,610,19.8,110
21,Kentucky,29-1125,Recreational Therapists,2012,180,2022,190,10,7.8,10
21,Kentucky,49-3092,Recreational Vehicle Service Technicians,2012,150,2022,170,20,11.8,10
21,Kentucky,53-7081,Refuse and Recyclable Material Collectors,2012,2100,2022,2060,-40,-2.1,40
21,Kentucky,29-1141,Registered Nurses,2012,49640,2022,59620,9980,20.1,1000
21,Kentucky,21-1015,Rehabilitation Counselors,2012,1190,2022,1490,300,24.7,60
21,Kentucky,47-2171,Reinforcing Iron and Rebar Workers,2012,110,2022,130,20,26.7,10
21,Kentucky,27-3022,Reporters and Correspondents,2012,680,2022,640,-40,-6.6,20
21,Kentucky,43-4181,Reservation and Transportation Ticket Agents and Travel Clerks,2012,1340,2022,2140,800,59.2,100
21,Kentucky,39-9041,Residential Advisors,2012,3870,2022,4470,600,15.6,240
21,Kentucky,29-1126,Respiratory Therapists,2012,2340,2022,2820,480,20.5,80
21,Kentucky,29-2054,Respiratory Therapy Technicians,2012,300,2022,340,40,15.5,10
21,Kentucky,41-2031,Retail Salespersons,2012,56420,2022,60400,3980,7,2420
21,Kentucky,49-9096,Riggers,2012,70,2022,100,30,38,10
21,Kentucky,51-4023,Rolling Machine Setters  Operators  and Tenders  Metal and Plastic,2012,620,2022,610,-10,-2.6,10
21,Kentucky,47-5061,Roof Bolters  Mining,2012,1170,2022,1000,-170,-14.3,30
21,Kentucky,47-2181,Roofers,2012,1220,2022,1400,180,15.3,50
21,Kentucky,47-5012,Rotary Drill Operators  Oil and Gas,2012,170,2022,260,90,53.6,20
21,Kentucky,47-5071,Roustabouts  Oil and Gas,2012,160,2022,190,30,23.6,10
21,Kentucky,53-5011,Sailors and Marine Oilers,2012,1300,2022,1550,250,19.2,80
21,Kentucky,41-9099,Sales and Related Workers  All Other,2012,3870,2022,4320,450,11.7,50
21,Kentucky,Nov-22,Sales Managers,2012,4440,2022,5090,650,14.6,160
21,Kentucky,41-3099,Sales Representatives  Services  All Other,2012,12060,2022,13990,1930,16,520
21,Kentucky,41-4012,Sales Representatives  Wholesale and Manufacturing  Except Technical and Scientific Products,2012,15690,2022,17700,2010,12.8,640
21,Kentucky,41-4011,Sales Representatives  Wholesale and Manufacturing  Technical and Scientific Products,2012,6140,2022,7650,1510,24.6,300
21,Kentucky,51-7041,Sawing Machine Setters  Operators  and Tenders  Wood,2012,1210,2022,1450,240,20.3,70
21,Kentucky,25-2031,Secondary School Teachers  Except Special and Career/Technical Education,2012,12390,2022,13260,870,7,420
21,Kentucky,43-6014,Secretaries and Administrative Assistants  Except Legal  Medical  and Executive,2012,25090,2022,26850,1760,7,550
21,Kentucky,41-3031,Securities  Commodities  and Financial Services Sales Agents,2012,5190,2022,5620,430,8.3,170
21,Kentucky,49-2098,Security and Fire Alarm Systems Installers,2012,690,2022,870,180,26.5,30
21,Kentucky,33-9032,Security Guards,2012,10670,2022,11660,990,9.2,420
21,Kentucky,25-3021,Self-Enrichment Education Teachers,2012,1260,2022,1440,180,14.8,40
21,Kentucky,51-9012,Separating  Filtering  Clarifying  Precipitating  and Still Machine Setters  Operators  and Tenders,2012,990,2022,920,-70,-7.4,30
21,Kentucky,47-4071,Septic Tank Servicers and Sewer Pipe Cleaners,2012,250,2022,270,20,8.9,10
21,Kentucky,47-5013,Service Unit Operators  Oil  Gas  and Mining,2012,190,2022,260,70,40.1,20
21,Kentucky,27-1027,Set and Exhibit Designers,2012,60,2022,70,10,24.1,0
21,Kentucky,51-6051,Sewers  Hand,2012,130,2022,130,0,-1.5,0
21,Kentucky,51-6031,Sewing Machine Operators,2012,3630,2022,3490,-140,-3.7,20
21,Kentucky,47-2211,Sheet Metal Workers,2012,1010,2022,1260,250,24.2,40
21,Kentucky,53-5031,Ship Engineers,2012,300,2022,320,20,7.7,20
21,Kentucky,43-5071,Shipping  Receiving  and Traffic Clerks,2012,9520,2022,10160,640,6.8,340
21,Kentucky,39-5094,Skincare Specialists,2012,90,2022,120,30,44.2,10
21,Kentucky,51-3023,Slaughterers and Meat Packers,2012,800,2022,830,30,4.2,20
21,Kentucky,Nov-51,Social and Community Service Managers,2012,2270,2022,2820,550,24.1,100
21,Kentucky,21-1093,Social and Human Service Assistants,2012,5880,2022,7340,1460,24.9,300
21,Kentucky,25-1069,Social Sciences Teachers  Postsecondary  All Other,2012,100,2022,120,20,14.7,0
21,Kentucky,19-3099,Social Scientists and Related Workers  All Other,2012,500,2022,520,20,4.8,10
21,Kentucky,25-1113,Social Work Teachers  Postsecondary,2012,260,2022,300,40,14.5,10
21,Kentucky,21-1029,Social Workers  All Other,2012,1040,2022,1070,30,3.6,180
21,Kentucky,25-1067,Sociology Teachers  Postsecondary,2012,250,2022,290,40,13.9,10
21,Kentucky,15-1132,Software Developers  Applications,2012,3880,2022,4980,1100,28.4,190
21,Kentucky,15-1133,Software Developers  Systems Software,2012,2780,2022,3360,580,20.8,90
21,Kentucky,19-1013,Soil and Plant Scientists,2012,200,2022,230,30,11.4,10
21,Kentucky,27-4014,Sound Engineering Technicians,2012,60,2022,70,10,12.5,0
21,Kentucky,25-2052,Special Education Teachers  Kindergarten and Elementary School,2012,3510,2022,3900,390,11.1,40
21,Kentucky,25-2053,Special Education Teachers  Middle School,2012,1570,2022,1680,110,6.9,40
21,Kentucky,25-2054,Special Education Teachers  Secondary School,2012,2350,2022,2490,140,6.1,50
21,Kentucky,29-1127,Speech-Language Pathologists,2012,2130,2022,2620,490,22.7,80
21,Kentucky,51-8021,Stationary Engineers and Boiler Operators,2012,300,2022,350,50,16.3,10
21,Kentucky,15-2041,Statisticians,2012,940,2022,1080,140,15.2,40
21,Kentucky,43-5081,Stock Clerks and Order Fillers,2012,30730,2022,31210,480,1.6,1320
21,Kentucky,47-2022,Stonemasons,2012,160,2022,200,40,24.8,10
21,Kentucky,47-2221,Structural Iron and Steel Workers,2012,620,2022,800,180,30.6,40
21,Kentucky,51-2041,Structural Metal Fabricators and Fitters,2012,410,2022,470,60,16.5,20
21,Kentucky,21-1011,Substance Abuse and Behavioral Disorder Counselors,2012,750,2022,1060,310,42.1,50
21,Kentucky,29-1067,Surgeons,2012,1530,2022,2030,500,32.8,90
21,Kentucky,29-2055,Surgical Technologists,2012,1980,2022,2600,620,31.3,80
21,Kentucky,19-3022,Survey Researchers,2012,60,2022,70,10,30.4,0
21,Kentucky,17-3031,Surveying and Mapping Technicians,2012,1220,2022,1420,200,16.5,50
21,Kentucky,17-1022,Surveyors,2012,480,2022,550,70,14.9,20
21,Kentucky,43-2011,Switchboard Operators  Including Answering Service,2012,1690,2022,1540,-150,-8.7,30
21,Kentucky,51-6052,Tailors  Dressmakers  and Custom Sewers,2012,490,2022,490,0,1.4,10
21,Kentucky,53-7121,Tank Car  Truck  and Ship Loaders,2012,170,2022,200,30,17.5,10
21,Kentucky,47-2082,Tapers,2012,70,2022,80,10,18.6,0
21,Kentucky,13-2081,Tax Examiners and Collectors  and Revenue Agents,2012,2440,2022,2340,-100,-4.3,80
21,Kentucky,13-2082,Tax Preparers,2012,570,2022,680,110,18.6,20
21,Kentucky,53-3041,Taxi Drivers and Chauffeurs,2012,3140,2022,3860,720,22.8,130
21,Kentucky,25-9041,Teacher Assistants,2012,19620,2022,21320,1700,8.7,620
21,Kentucky,25-3099,Teachers and Instructors  All Other,2012,3620,2022,3930,310,8.6,30
21,Kentucky,51-2092,Team Assemblers,2012,32640,2022,34900,2260,6.9,860
21,Kentucky,27-3042,Technical Writers,2012,280,2022,320,40,16.3,10
21,Kentucky,49-2022,Telecommunications Equipment Installers and Repairers  Except Line Installers,2012,2590,2022,3220,630,24.4,110
21,Kentucky,49-9052,Telecommunications Line Installers and Repairers,2012,1420,2022,1620,200,13.9,60
21,Kentucky,41-9041,Telemarketers,2012,680,2022,860,180,25.5,30
21,Kentucky,43-2021,Telephone Operators,2012,220,2022,220,0,0.9,10
21,Kentucky,43-3071,Tellers,2012,6930,2022,7210,280,4.1,350
21,Kentucky,47-2053,Terrazzo Workers and Finishers,2012,50,2022,60,10,26,0
21,Kentucky,51-6063,Textile Knitting and Weaving Machine Setters  Operators  and Tenders,2012,130,2022,130,0,4,0
21,Kentucky,47-2044,Tile and Marble Setters,2012,300,2022,360,60,17.8,10
21,Kentucky,51-9197,Tire Builders,2012,100,2022,100,0,-1,0
21,Kentucky,49-3093,Tire Repairers and Changers,2012,1490,2022,1650,160,11.2,70
21,Kentucky,51-4111,Tool and Die Makers,2012,1570,2022,1650,80,5,20
21,Kentucky,51-4194,Tool Grinders  Filers  and Sharpeners,2012,270,2022,320,50,18.6,10
21,Kentucky,00-0000,Total  All Occupations,2012,1977340,2022,2206690,229350,11.6,138050
21,Kentucky,39-7011,Tour Guides and Escorts,2012,560,2022,600,40,7.3,30
21,Kentucky,Nov-31,Training and Development Managers,2012,760,2022,890,130,16,30
21,Kentucky,13-1151,Training and Development Specialists,2012,3980,2022,4610,630,15.9,150
21,Kentucky,53-6051,Transportation Inspectors,2012,320,2022,370,50,15.5,20
21,Kentucky,33-9093,Transportation Security Screeners,2012,530,2022,540,10,1.9,10
21,Kentucky,53-6099,Transportation Workers  All Other,2012,390,2022,490,100,23.7,30
21,Kentucky,Nov-71,Transportation  Storage  and Distribution Managers,2012,2070,2022,2430,360,17.5,190
21,Kentucky,41-3041,Travel Agents,2012,570,2022,540,-30,-4.9,10
21,Kentucky,37-3013,Tree Trimmers and Pruners,2012,1210,2022,1580,370,30.8,70
21,Kentucky,27-2023,Umpires  Referees  and Other Sports Officials,2012,270,2022,320,50,20.1,10
21,Kentucky,51-6093,Upholsterers,2012,140,2022,150,10,7.3,10
21,Kentucky,19-3051,Urban and Regional Planners,2012,250,2022,340,90,34.9,20
21,Kentucky,39-3031,Ushers  Lobby Attendants  and Ticket Takers,2012,1200,2022,1400,200,17.1,80
21,Kentucky,29-1131,Veterinarians,2012,1020,2022,1210,190,18.4,50
21,Kentucky,31-9096,Veterinary Assistants and Laboratory Animal Caretakers,2012,1080,2022,1280,200,18.6,40
21,Kentucky,29-2056,Veterinary Technologists and Technicians,2012,1120,2022,1400,280,25.4,50
21,Kentucky,25-1194,Vocational Education Teachers  Postsecondary,2012,2410,2022,2750,340,13.8,70
21,Kentucky,35-3031,Waiters and Waitresses,2012,28270,2022,29510,1240,4.4,1480
21,Kentucky,51-8031,Water and Wastewater Treatment Plant and System Operators,2012,1480,2022,1940,460,30.7,100
21,Kentucky,43-5111,Weighers  Measurers  Checkers  and Samplers  Recordkeeping,2012,1110,2022,1290,180,16.6,40
21,Kentucky,51-4121,Welders  Cutters  Solderers  and Brazers,2012,7030,2022,7840,810,11.5,250
21,Kentucky,51-4122,Welding  Soldering  and Brazing Machine Setters  Operators  and Tenders,2012,1320,2022,1670,350,26.3,70
21,Kentucky,53-7073,Wellhead Pumpers,2012,200,2022,240,40,20.2,10
21,Kentucky,13-1022,Wholesale and Retail Buyers  Except Farm Products,2012,800,2022,930,130,16.3,30
21,Kentucky,51-7099,Woodworkers  All Other,2012,450,2022,520,70,16.3,20
21,Kentucky,51-7042,Woodworking Machine Setters  Operators  and Tenders  Except Sawing,2012,1690,2022,2320,630,36.9,90
21,Kentucky,43-9022,Word Processors and Typists,2012,400,2022,320,-80,-21.1,0
21,Kentucky,27-3043,Writers and Authors,2012,650,2022,720,70,9.6,20
21,Kentucky,19-1023,Zoologists and Wildlife Biologists,2012,170,2022,200,30,16.7,10
