STFIPS,AreaName,OccupationCode,OccupationName,BaseYear,Base,ProjYear,Proj,Change,PercentChange,AvgAnnualOpenings
22,Louisiana,13-2011,Accountants and Auditors,2012,13790,2022,16130,2340,17,640
22,Louisiana,27-2011,Actors,2012,1890,2022,2110,220,11.2,80
22,Louisiana,51-9191,Adhesive Bonding Machine Operators and Tenders,2012,340,2022,380,40,13,10
22,Louisiana,23-1021,Administrative Law Judges  Adjudicators  and Hearing Officers,2012,170,2022,180,10,8.3,0
22,Louisiana,Nov-11,Administrative Services Managers,2012,2820,2022,3210,390,14,90
22,Louisiana,Nov-11,Advertising and Promotions Managers,2012,250,2022,270,20,9.2,10
22,Louisiana,41-3011,Advertising Sales Agents,2012,1510,2022,1550,40,2.6,50
22,Louisiana,13-1011,Agents and Business Managers of Artists  Performers  and Athletes,2012,110,2022,120,10,10.8,0
22,Louisiana,19-4011,Agricultural and Food Science Technicians,2012,100,2022,100,0,1,0
22,Louisiana,45-2091,Agricultural Equipment Operators,2012,650,2022,680,30,5.2,20
22,Louisiana,45-2011,Agricultural Inspectors,2012,190,2022,210,20,5.7,10
22,Louisiana,25-1041,Agricultural Sciences Teachers  Postsecondary,2012,110,2022,120,10,9.8,0
22,Louisiana,45-2099,Agricultural Workers  All Other,2012,390,2022,410,20,4.7,10
22,Louisiana,53-2021,Air Traffic Controllers,2012,160,2022,190,30,17.6,10
22,Louisiana,53-1011,Aircraft Cargo Handling Supervisors,2012,80,2022,90,10,17.9,0
22,Louisiana,49-3011,Aircraft Mechanics and Service Technicians,2012,1470,2022,1830,360,23.9,80
22,Louisiana,53-2022,Airfield Operations Specialists,2012,110,2022,140,30,26.8,10
22,Louisiana,53-3011,Ambulance Drivers and Attendants  Except Emergency Medical Technicians,2012,240,2022,290,50,21.5,10
22,Louisiana,39-3091,Amusement and Recreation Attendants,2012,1300,2022,1430,130,10.1,80
22,Louisiana,29-1061,Anesthesiologists,2012,440,2022,490,50,12.4,20
22,Louisiana,45-2021,Animal Breeders,2012,0,2022,0,0,0,0
22,Louisiana,33-9011,Animal Control Workers,2012,280,2022,310,30,9.3,10
22,Louisiana,39-2011,Animal Trainers,2012,900,2022,1010,110,11.4,50
22,Louisiana,19-3091,Anthropologists and Archeologists,2012,130,2022,170,40,34.9,10
22,Louisiana,13-2021,Appraisers and Assessors of Real Estate,2012,930,2022,980,50,5.1,10
22,Louisiana,23-1022,Arbitrators  Mediators  and Conciliators,2012,50,2022,60,10,11.1,0
22,Louisiana,17-1011,Architects  Except Landscape and Naval,2012,1080,2022,1280,200,18.8,50
22,Louisiana,17-3011,Architectural and Civil Drafters,2012,1390,2022,1410,20,1.3,20
22,Louisiana,Nov-41,Architectural and Engineering Managers,2012,2060,2022,2410,350,17.4,90
22,Louisiana,25-1031,Architecture Teachers  Postsecondary,2012,80,2022,90,10,14.5,0
22,Louisiana,25-4011,Archivists,2012,100,2022,120,20,20.2,0
22,Louisiana,25-1062,Area  Ethnic  and Cultural Studies Teachers  Postsecondary,2012,30,2022,40,10,16.7,0
22,Louisiana,27-1011,Art Directors,2012,240,2022,260,20,5.7,10
22,Louisiana,25-1121,Art  Drama  and Music Teachers  Postsecondary,2012,390,2022,460,70,17.1,10
22,Louisiana,27-1019,Artists and Related Workers  All Other,2012,30,2022,30,0,6.3,0
22,Louisiana,51-2099,Assemblers and Fabricators  All Other,2012,1820,2022,2160,340,18.2,60
22,Louisiana,27-2021,Athletes and Sports Competitors,2012,260,2022,280,20,8,10
22,Louisiana,29-9091,Athletic Trainers,2012,170,2022,200,30,16.8,10
22,Louisiana,19-2021,Atmospheric and Space Scientists,2012,30,2022,40,10,14.7,0
22,Louisiana,25-1051,Atmospheric  Earth  Marine  and Space Sciences Teachers  Postsecondary,2012,60,2022,60,0,12.5,0
22,Louisiana,27-4011,Audio and Video Equipment Technicians,2012,470,2022,560,90,18.1,20
22,Louisiana,29-1181,Audiologists,2012,140,2022,180,40,25.5,10
22,Louisiana,53-6031,Automotive and Watercraft Service Attendants,2012,1360,2022,1660,300,22.5,70
22,Louisiana,49-3021,Automotive Body and Related Repairers,2012,1700,2022,1940,240,14,60
22,Louisiana,49-3022,Automotive Glass Installers and Repairers,2012,450,2022,520,70,15.2,20
22,Louisiana,49-3023,Automotive Service Technicians and Mechanics,2012,8540,2022,9360,820,9.7,300
22,Louisiana,49-2091,Avionics Technicians,2012,270,2022,340,70,25,10
22,Louisiana,39-6011,Baggage Porters and Bellhops,2012,450,2022,520,70,15.2,20
22,Louisiana,33-3011,Bailiffs,2012,450,2022,500,50,9.5,20
22,Louisiana,51-3011,Bakers,2012,2200,2022,2420,220,10.1,80
22,Louisiana,35-3011,Bartenders,2012,8980,2022,10450,1470,16.3,480
22,Louisiana,43-3011,Bill and Account Collectors,2012,4330,2022,5030,700,16.2,190
22,Louisiana,43-3021,Billing and Posting Clerks,2012,6290,2022,7270,980,15.5,210
22,Louisiana,19-1021,Biochemists and Biophysicists,2012,300,2022,350,50,15.9,10
22,Louisiana,25-1042,Biological Science Teachers  Postsecondary,2012,310,2022,370,60,20,10
22,Louisiana,19-1029,Biological Scientists  All Other,2012,370,2022,420,50,13.6,20
22,Louisiana,19-4021,Biological Technicians,2012,600,2022,700,100,15.6,30
22,Louisiana,17-2031,Biomedical Engineers,2012,30,2022,40,10,25,0
22,Louisiana,47-2011,Boilermakers,2012,440,2022,460,20,5.5,20
22,Louisiana,43-3031,Bookkeeping  Accounting  and Auditing Clerks,2012,26890,2022,30610,3720,13.8,620
22,Louisiana,47-2021,Brickmasons and Blockmasons,2012,720,2022,890,170,23.8,30
22,Louisiana,53-6011,Bridge and Lock Tenders,2012,370,2022,400,30,7.9,20
22,Louisiana,27-3021,Broadcast News Analysts,2012,30,2022,30,0,-14.7,0
22,Louisiana,27-4012,Broadcast Technicians,2012,280,2022,260,-20,-6.2,10
22,Louisiana,43-4011,Brokerage Clerks,2012,220,2022,240,20,9.5,10
22,Louisiana,13-2031,Budget Analysts,2012,410,2022,470,60,13.3,20
22,Louisiana,49-3031,Bus and Truck Mechanics and Diesel Engine Specialists,2012,3370,2022,3760,390,11.8,110
22,Louisiana,53-3022,Bus Drivers  School or Special Client,2012,9190,2022,9190,0,0,170
22,Louisiana,53-3021,Bus Drivers  Transit and Intercity,2012,1480,2022,1580,100,7,40
22,Louisiana,13-1199,Business Operations Specialists  All Other,2012,10510,2022,12170,1660,15.8,310
22,Louisiana,25-1011,Business Teachers  Postsecondary,2012,380,2022,440,60,15.8,10
22,Louisiana,51-3021,Butchers and Meat Cutters,2012,1940,2022,2030,90,4.5,60
22,Louisiana,13-1021,Buyers and Purchasing Agents  Farm Products,2012,160,2022,170,10,8.1,0
22,Louisiana,51-7011,Cabinetmakers and Bench Carpenters,2012,710,2022,740,30,3.4,10
22,Louisiana,27-4031,Camera Operators  Television  Video  and Motion Picture,2012,590,2022,590,0,1,10
22,Louisiana,53-5021,Captains  Mates  and Pilots of Water Vessels,2012,9270,2022,10930,1660,18,600
22,Louisiana,29-2031,Cardiovascular Technologists and Technicians,2012,850,2022,1070,220,26.6,30
22,Louisiana,25-2023,Career/Technical Education Teachers  Middle School,2012,70,2022,70,0,7.5,0
22,Louisiana,25-2032,Career/Technical Education Teachers  Secondary School,2012,1370,2022,1460,90,6.2,50
22,Louisiana,43-5011,Cargo and Freight Agents,2012,250,2022,300,50,22.7,10
22,Louisiana,47-2031,Carpenters,2012,18510,2022,21310,2800,15.1,840
22,Louisiana,47-2041,Carpet Installers,2012,150,2022,160,10,7.9,0
22,Louisiana,17-1021,Cartographers and Photogrammetrists,2012,90,2022,120,30,36,10
22,Louisiana,41-2011,Cashiers,2012,68250,2022,72430,4180,6.1,3370
22,Louisiana,47-2051,Cement Masons and Concrete Finishers,2012,2160,2022,2520,360,16.6,110
22,Louisiana,35-1011,Chefs and Head Cooks,2012,1840,2022,1990,150,8.1,50
22,Louisiana,17-2041,Chemical Engineers,2012,1940,2022,2340,400,20.2,80
22,Louisiana,51-9011,Chemical Equipment Operators and Tenders,2012,2420,2022,2810,390,16.3,120
22,Louisiana,51-8091,Chemical Plant and System Operators,2012,3760,2022,4240,480,12.9,190
22,Louisiana,19-4031,Chemical Technicians,2012,1520,2022,1880,360,23.7,70
22,Louisiana,25-1052,Chemistry Teachers  Postsecondary,2012,170,2022,190,20,14.5,0
22,Louisiana,19-2031,Chemists,2012,730,2022,840,110,15.3,30
22,Louisiana,11-1011,Chief Executives,2012,970,2022,1030,60,6,30
22,Louisiana,21-1021,Child  Family  and School Social Workers,2012,2360,2022,2620,260,10.9,80
22,Louisiana,39-9011,Childcare Workers,2012,12640,2022,14230,1590,12.6,530
22,Louisiana,29-1011,Chiropractors,2012,390,2022,410,20,5.4,10
22,Louisiana,27-2032,Choreographers,2012,240,2022,310,70,26.9,10
22,Louisiana,17-3022,Civil Engineering Technicians,2012,2110,2022,2150,40,1.9,50
22,Louisiana,17-2051,Civil Engineers,2012,3960,2022,4850,890,22.5,190
22,Louisiana,13-1031,Claims Adjusters  Examiners  and Investigators,2012,3820,2022,4090,270,7.3,120
22,Louisiana,53-7061,Cleaners of Vehicles and Equipment,2012,3540,2022,3980,440,12.2,140
22,Louisiana,51-9192,Cleaning  Washing  and Metal Pickling Equipment Operators and Tenders,2012,110,2022,110,0,2.7,0
22,Louisiana,21-2011,Clergy,2012,270,2022,330,60,21.9,10
22,Louisiana,19-3031,Clinical  Counseling  and School Psychologists,2012,290,2022,310,20,8.1,10
22,Louisiana,27-2022,Coaches and Scouts,2012,1600,2022,1860,260,16.1,70
22,Louisiana,51-9121,Coating  Painting  and Spraying Machine Setters  Operators  and Tenders,2012,510,2022,570,60,12.9,20
22,Louisiana,51-2021,Coil Winders  Tapers  and Finishers,2012,40,2022,40,0,-10.3,0
22,Louisiana,49-9091,Coin  Vending  and Amusement Machine Servicers and Repairers,2012,1000,2022,1070,70,6.7,20
22,Louisiana,35-3021,Combined Food Preparation and Serving Workers  Including Fast Food,2012,27780,2022,33030,5250,18.9,1590
22,Louisiana,27-1021,Commercial and Industrial Designers,2012,410,2022,460,50,9.9,20
22,Louisiana,49-9092,Commercial Divers,2012,990,2022,1290,300,30,50
22,Louisiana,53-2012,Commercial Pilots,2012,1520,2022,1830,310,21,80
22,Louisiana,21-1099,Community and Social Service Specialists  All Other,2012,4180,2022,4800,620,14.8,170
22,Louisiana,21-1094,Community Health Workers,2012,440,2022,530,90,19.4,20
22,Louisiana,Nov-11,Compensation and Benefits Managers,2012,230,2022,260,30,10.3,10
22,Louisiana,13-1141,Compensation  Benefits  and Job Analysis Specialists,2012,790,2022,850,60,7.8,20
22,Louisiana,13-1041,Compliance Officers,2012,3730,2022,4200,470,12.5,120
22,Louisiana,15-1111,Computer and Information Research Scientists,2012,40,2022,50,10,51.4,0
22,Louisiana,Nov-21,Computer and Information Systems Managers,2012,1620,2022,1970,350,21.5,60
22,Louisiana,17-2061,Computer Hardware Engineers,2012,170,2022,220,50,24.1,10
22,Louisiana,15-1143,Computer Network Architects,2012,310,2022,380,70,21.8,10
22,Louisiana,15-1152,Computer Network Support Specialists,2012,1230,2022,1550,320,25.5,50
22,Louisiana,51-4012,Computer Numerically Controlled Machine Tool Programmers  Metal and Plastic,2012,240,2022,340,100,39.8,20
22,Louisiana,15-1199,Computer Occupations  All Other,2012,1300,2022,1440,140,10.8,30
22,Louisiana,43-9011,Computer Operators,2012,860,2022,730,-130,-14.4,10
22,Louisiana,15-1131,Computer Programmers,2012,2670,2022,3550,880,32.9,160
22,Louisiana,25-1021,Computer Science Teachers  Postsecondary,2012,170,2022,190,20,14.2,0
22,Louisiana,15-1121,Computer Systems Analysts,2012,3460,2022,5070,1610,46.6,220
22,Louisiana,15-1151,Computer User Support Specialists,2012,3800,2022,4940,1140,29.9,170
22,Louisiana,49-2011,Computer  Automated Teller  and Office Machine Repairers,2012,1590,2022,1700,110,7.1,40
22,Louisiana,51-4011,Computer-Controlled Machine Tool Operators  Metal and Plastic,2012,1280,2022,1780,500,38.8,90
22,Louisiana,39-6012,Concierges,2012,450,2022,570,120,26.5,20
22,Louisiana,19-1031,Conservation Scientists,2012,160,2022,180,20,9.3,10
22,Louisiana,47-4011,Construction and Building Inspectors,2012,820,2022,930,110,12.5,30
22,Louisiana,47-2061,Construction Laborers,2012,23700,2022,27190,3490,14.7,930
22,Louisiana,Nov-21,Construction Managers,2012,8780,2022,9820,1040,11.8,240
22,Louisiana,47-5041,Continuous Mining Machine Operators,2012,50,2022,50,0,2.2,0
22,Louisiana,49-9012,Control and Valve Installers and Repairers  Except Mechanical Door,2012,670,2022,720,50,7.5,30
22,Louisiana,53-7011,Conveyor Operators and Tenders,2012,430,2022,440,10,4,10
22,Louisiana,35-2019,Cooks  All Other,2012,1180,2022,1390,210,17.3,40
22,Louisiana,35-2011,Cooks  Fast Food,2012,5640,2022,5870,230,4.1,130
22,Louisiana,35-2012,Cooks  Institution and Cafeteria,2012,7300,2022,8100,800,11,220
22,Louisiana,35-2013,Cooks  Private Household,2012,20,2022,20,0,-5.6,0
22,Louisiana,35-2014,Cooks  Restaurant,2012,13820,2022,16550,2730,19.8,550
22,Louisiana,35-2015,Cooks  Short Order,2012,5930,2022,6160,230,4,140
22,Louisiana,51-9193,Cooling and Freezing Equipment Operators and Tenders,2012,70,2022,80,10,15.4,0
22,Louisiana,33-3012,Correctional Officers and Jailers,2012,9730,2022,10800,1070,11,370
22,Louisiana,43-4021,Correspondence Clerks,2012,40,2022,50,10,13.6,0
22,Louisiana,13-1051,Cost Estimators,2012,2470,2022,2980,510,20.4,130
22,Louisiana,39-3092,Costume Attendants,2012,30,2022,30,0,6.5,0
22,Louisiana,21-1019,Counselors  All Other,2012,860,2022,990,130,14.9,30
22,Louisiana,41-2021,Counter and Rental Clerks,2012,5200,2022,5820,620,12,200
22,Louisiana,35-3022,Counter Attendants  Cafeteria  Food Concession  and Coffee Shop,2012,3400,2022,3540,140,3.9,220
22,Louisiana,43-5021,Couriers and Messengers,2012,1660,2022,1540,-120,-7,20
22,Louisiana,23-2091,Court Reporters,2012,590,2022,660,70,12.8,20
22,Louisiana,43-4031,Court  Municipal  and License Clerks,2012,1630,2022,1870,240,14.9,50
22,Louisiana,53-7021,Crane and Tower Operators,2012,4640,2022,5480,840,18.1,240
22,Louisiana,13-2041,Credit Analysts,2012,250,2022,290,40,16.3,10
22,Louisiana,43-4041,Credit Authorizers  Checkers  and Clerks,2012,1680,2022,1600,-80,-4.5,20
22,Louisiana,13-2071,Credit Counselors,2012,110,2022,130,20,23.6,0
22,Louisiana,25-1111,Criminal Justice and Law Enforcement Teachers  Postsecondary,2012,130,2022,140,10,14.3,0
22,Louisiana,33-9091,Crossing Guards,2012,1100,2022,1100,0,0.5,20
22,Louisiana,51-9021,Crushing  Grinding  and Polishing Machine Setters  Operators  and Tenders,2012,400,2022,380,-20,-5,10
22,Louisiana,25-4012,Curators,2012,180,2022,200,20,12.4,10
22,Louisiana,43-4051,Customer Service Representatives,2012,22200,2022,25830,3630,16.4,970
22,Louisiana,51-9032,Cutting and Slicing Machine Setters  Operators  and Tenders,2012,380,2022,380,0,1.6,10
22,Louisiana,51-4031,Cutting  Punching  and Press Machine Setters  Operators  and Tenders  Metal and Plastic,2012,880,2022,900,20,1.8,10
22,Louisiana,27-2031,Dancers,2012,110,2022,130,20,16.2,10
22,Louisiana,43-9021,Data Entry Keyers,2012,2690,2022,2110,-580,-21.6,30
22,Louisiana,15-1141,Database Administrators,2012,430,2022,560,130,29.2,20
22,Louisiana,41-9011,Demonstrators and Product Promoters,2012,300,2022,360,60,18.6,10
22,Louisiana,31-9091,Dental Assistants,2012,3560,2022,3950,390,10.7,110
22,Louisiana,29-2021,Dental Hygienists,2012,1650,2022,1950,300,18.1,70
22,Louisiana,51-9081,Dental Laboratory Technicians,2012,570,2022,670,100,18.5,30
22,Louisiana,29-1029,Dentists  All Other Specialists,2012,50,2022,50,0,6,0
22,Louisiana,29-1021,Dentists  General,2012,1070,2022,1130,60,6,30
22,Louisiana,47-5011,Derrick Operators  Oil and Gas,2012,1380,2022,1560,180,12.9,70
22,Louisiana,27-1029,Designers  All Other,2012,110,2022,120,10,16,10
22,Louisiana,43-9031,Desktop Publishers,2012,80,2022,90,10,2.4,0
22,Louisiana,33-3021,Detectives and Criminal Investigators,2012,1900,2022,2100,200,10.4,60
22,Louisiana,29-2032,Diagnostic Medical Sonographers,2012,890,2022,1230,340,38.8,50
22,Louisiana,29-2051,Dietetic Technicians,2012,360,2022,410,50,14,10
22,Louisiana,29-1031,Dietitians and Nutritionists,2012,910,2022,1100,190,20.6,30
22,Louisiana,35-9011,Dining Room and Cafeteria Attendants and Bartender Helpers,2012,4820,2022,5340,520,10.8,260
22,Louisiana,35-9021,Dishwashers,2012,5300,2022,5840,540,10,290
22,Louisiana,43-5032,Dispatchers  Except Police  Fire  and Ambulance,2012,5810,2022,6700,890,15.4,260
22,Louisiana,41-9091,Door-to-Door Sales Workers  News and Street Vendors  and Related Workers,2012,680,2022,580,-100,-15.4,10
22,Louisiana,17-3019,Drafters  All Other,2012,650,2022,790,140,21.5,20
22,Louisiana,51-4032,Drilling and Boring Machine Tool Setters  Operators  and Tenders  Metal and Plastic,2012,330,2022,290,-40,-11.9,10
22,Louisiana,53-3031,Driver/Sales Workers,2012,5170,2022,5870,700,13.6,150
22,Louisiana,47-2081,Drywall and Ceiling Tile Installers,2012,750,2022,800,50,6,10
22,Louisiana,47-5021,Earth Drillers  Except Oil and Gas,2012,240,2022,270,30,13.5,10
22,Louisiana,25-1063,Economics Teachers  Postsecondary,2012,110,2022,120,10,15.2,0
22,Louisiana,19-3011,Economists,2012,60,2022,70,10,10.2,0
22,Louisiana,27-3041,Editors,2012,610,2022,670,60,10,20
22,Louisiana,Nov-39,Education Administrators  All Other,2012,230,2022,270,40,15.1,10
22,Louisiana,Nov-32,Education Administrators  Elementary and Secondary School,2012,4060,2022,4330,270,6.6,140
22,Louisiana,Nov-33,Education Administrators  Postsecondary,2012,2090,2022,2420,330,15.7,90
22,Louisiana,Nov-31,Education Administrators  Preschool and Childcare Center/Program,2012,290,2022,320,30,10.3,10
22,Louisiana,25-1081,Education Teachers  Postsecondary,2012,210,2022,250,40,16.1,10
22,Louisiana,21-1012,Educational  Guidance  School  and Vocational Counselors,2012,3890,2022,4350,460,11.9,130
22,Louisiana,49-2092,Electric Motor  Power Tool  and Related Repairers,2012,160,2022,160,0,1.9,0
22,Louisiana,51-2022,Electrical and Electronic Equipment Assemblers,2012,170,2022,190,20,12.2,0
22,Louisiana,17-3023,Electrical and Electronics Engineering Technicians,2012,1880,2022,2110,230,12.2,60
22,Louisiana,49-2093,Electrical and Electronics Installers and Repairers  Transportation Equipment,2012,180,2022,200,20,11.9,10
22,Louisiana,49-2094,Electrical and Electronics Repairers  Commercial and Industrial Equipment,2012,920,2022,1050,130,14.7,30
22,Louisiana,49-2095,Electrical and Electronics Repairers  Powerhouse  Substation  and Relay,2012,110,2022,130,20,15,0
22,Louisiana,17-2071,Electrical Engineers,2012,1100,2022,1280,180,16,40
22,Louisiana,49-9051,Electrical Power-Line Installers and Repairers,2012,1480,2022,1730,250,16.3,80
22,Louisiana,47-2111,Electricians,2012,10830,2022,12300,1470,13.5,470
22,Louisiana,17-3024,Electro-Mechanical Technicians,2012,610,2022,700,90,14.7,20
22,Louisiana,49-2096,Electronic Equipment Installers and Repairers  Motor Vehicles,2012,150,2022,150,0,-1.4,0
22,Louisiana,49-2097,Electronic Home Entertainment Equipment Installers and Repairers,2012,200,2022,190,-10,-5.6,10
22,Louisiana,17-2072,Electronics Engineers  Except Computer,2012,940,2022,1120,180,18.3,40
22,Louisiana,25-2021,Elementary School Teachers  Except Special Education,2012,12160,2022,13830,1670,13.7,440
22,Louisiana,47-4021,Elevator Installers and Repairers,2012,180,2022,210,30,16.3,10
22,Louisiana,43-4061,Eligibility Interviewers  Government Programs,2012,1060,2022,1260,200,19,40
22,Louisiana,39-4011,Embalmers,2012,200,2022,180,-20,-12.9,0
22,Louisiana,Nov-61,Emergency Management Directors,2012,210,2022,240,30,14.6,10
22,Louisiana,29-2041,Emergency Medical Technicians and Paramedics,2012,3760,2022,4430,670,17.9,170
22,Louisiana,51-2031,Engine and Other Machine Assemblers,2012,290,2022,340,50,15.5,10
22,Louisiana,25-1032,Engineering Teachers  Postsecondary,2012,240,2022,270,30,12.9,10
22,Louisiana,17-3029,Engineering Technicians  Except Drafters  All Other,2012,730,2022,800,70,10.5,20
22,Louisiana,17-2199,Engineers  All Other,2012,2540,2022,2890,350,13.7,80
22,Louisiana,25-1123,English Language and Literature Teachers  Postsecondary,2012,350,2022,400,50,13.1,10
22,Louisiana,27-2099,Entertainers and Performers  Sports and Related Workers  All Other,2012,2890,2022,3170,280,9.7,60
22,Louisiana,39-3099,Entertainment Attendants and Related Workers  All Other,2012,900,2022,1000,100,11.1,60
22,Louisiana,17-3025,Environmental Engineering Technicians,2012,300,2022,370,70,22.8,10
22,Louisiana,17-2081,Environmental Engineers,2012,540,2022,660,120,21.8,30
22,Louisiana,19-4091,Environmental Science and Protection Technicians  Including Health,2012,350,2022,400,50,16.5,20
22,Louisiana,25-1053,Environmental Science Teachers  Postsecondary,2012,60,2022,70,10,15.3,0
22,Louisiana,19-2041,Environmental Scientists and Specialists  Including Health,2012,1660,2022,1950,290,17.4,80
22,Louisiana,19-1041,Epidemiologists,2012,140,2022,150,10,9.6,0
22,Louisiana,51-9194,Etchers and Engravers,2012,260,2022,270,10,1.5,10
22,Louisiana,53-7032,Excavating and Loading Machine and Dragline Operators,2012,770,2022,870,100,12,20
22,Louisiana,43-6011,Executive Secretaries and Executive Administrative Assistants,2012,15260,2022,15250,-10,-0.1,180
22,Louisiana,29-1128,Exercise Physiologists,2012,110,2022,120,10,3.6,0
22,Louisiana,47-5099,Extraction Workers  All Other,2012,800,2022,890,90,12.2,20
22,Louisiana,51-4021,Extruding and Drawing Machine Setters  Operators  and Tenders  Metal and Plastic,2012,280,2022,280,0,-0.7,10
22,Louisiana,51-6091,Extruding and Forming Machine Setters  Operators  and Tenders  Synthetic and Glass Fibers,2012,60,2022,60,0,-5.1,0
22,Louisiana,51-9041,Extruding  Forming  Pressing  and Compacting Machine Setters  Operators  and Tenders,2012,860,2022,950,90,10.4,30
22,Louisiana,29-1062,Family and General Practitioners,2012,1410,2022,1830,420,29.1,80
22,Louisiana,49-3041,Farm Equipment Mechanics and Service Technicians,2012,500,2022,610,110,22.5,30
22,Louisiana,Nov-13,Farmers  Ranchers  and Other Agricultural Managers,2012,5820,2022,4730,-1090,-18.7,90
22,Louisiana,45-2092,Farmworkers and Laborers  Crop  Nursery  and Greenhouse,2012,5370,2022,5150,-220,-4.2,160
22,Louisiana,45-2093,Farmworkers  Farm  Ranch  and Aquacultural Animals,2012,510,2022,510,0,1.2,20
22,Louisiana,51-2091,Fiberglass Laminators and Fabricators,2012,340,2022,360,20,6.1,10
22,Louisiana,43-4071,File Clerks,2012,2200,2022,2100,-100,-4.5,50
22,Louisiana,27-4032,Film and Video Editors,2012,110,2022,110,0,4.8,0
22,Louisiana,13-2051,Financial Analysts,2012,650,2022,780,130,20.1,30
22,Louisiana,43-3099,Financial Clerks  All Other,2012,140,2022,170,30,19.3,10
22,Louisiana,13-2061,Financial Examiners,2012,140,2022,160,20,9.9,10
22,Louisiana,Nov-31,Financial Managers,2012,4870,2022,5520,650,13.4,160
22,Louisiana,13-2099,Financial Specialists  All Other,2012,820,2022,930,110,13,20
22,Louisiana,27-1013,Fine Artists  Including Painters  Sculptors  and Illustrators,2012,190,2022,200,10,7,10
22,Louisiana,33-2011,Firefighters,2012,5340,2022,5840,500,9.5,200
22,Louisiana,47-1011,First-Line Supervisors of Construction Trades and Extraction Workers,2012,12050,2022,13940,1890,15.7,320
22,Louisiana,33-1011,First-Line Supervisors of Correctional Officers,2012,1600,2022,1750,150,9.5,70
22,Louisiana,45-1011,First-Line Supervisors of Farming  Fishing  and Forestry Workers,2012,740,2022,720,-20,-3,20
22,Louisiana,33-1021,First-Line Supervisors of Fire Fighting and Prevention Workers,2012,1440,2022,1580,140,9.5,80
22,Louisiana,35-1012,First-Line Supervisors of Food Preparation and Serving Workers,2012,13730,2022,16070,2340,17,620
22,Louisiana,53-1021,First-Line Supervisors of Helpers  Laborers  and Material Movers  Hand,2012,2780,2022,3200,420,15.1,120
22,Louisiana,37-1011,First-Line Supervisors of Housekeeping and Janitorial Workers,2012,4020,2022,4540,520,13,150
22,Louisiana,37-1012,First-Line Supervisors of Landscaping  Lawn Service  and Groundskeeping Workers,2012,1560,2022,1750,190,12.4,40
22,Louisiana,49-1011,First-Line Supervisors of Mechanics  Installers  and Repairers,2012,9000,2022,10120,1120,12.5,360
22,Louisiana,41-1012,First-Line Supervisors of Non-Retail Sales Workers,2012,3610,2022,3690,80,2.2,50
22,Louisiana,43-1011,First-Line Supervisors of Office and Administrative Support Workers,2012,20820,2022,23770,2950,14.2,790
22,Louisiana,39-1021,First-Line Supervisors of Personal Service Workers,2012,4280,2022,4730,450,10.5,120
22,Louisiana,33-1012,First-Line Supervisors of Police and Detectives,2012,2070,2022,2260,190,9.4,80
22,Louisiana,51-1011,First-Line Supervisors of Production and Operating Workers,2012,10420,2022,11540,1120,10.7,260
22,Louisiana,33-1099,First-Line Supervisors of Protective Service Workers  All Other,2012,580,2022,640,60,10.7,20
22,Louisiana,41-1011,First-Line Supervisors of Retail Sales Workers,2012,27640,2022,29740,2100,7.6,810
22,Louisiana,53-1031,First-Line Supervisors of Transportation and Material-Moving Machine and Vehicle Operators,2012,3650,2022,4190,540,14.8,150
22,Louisiana,45-3011,Fishers and Related Fishing Workers,2012,240,2022,230,-10,-2.5,10
22,Louisiana,39-9031,Fitness Trainers and Aerobics Instructors,2012,2360,2022,2630,270,11.5,60
22,Louisiana,47-2042,Floor Layers  Except Carpet  Wood  and Hard Tiles,2012,140,2022,150,10,9.3,0
22,Louisiana,27-1023,Floral Designers,2012,920,2022,890,-30,-3.3,20
22,Louisiana,51-3091,Food and Tobacco Roasting  Baking  and Drying Machine Operators and Tenders,2012,80,2022,90,10,7.3,0
22,Louisiana,51-3092,Food Batchmakers,2012,800,2022,790,-10,-2.2,30
22,Louisiana,51-3093,Food Cooking Machine Operators and Tenders,2012,200,2022,200,0,1,10
22,Louisiana,35-9099,Food Preparation and Serving Related Workers  All Other,2012,770,2022,860,90,11.6,50
22,Louisiana,35-2021,Food Preparation Workers,2012,28070,2022,30120,2050,7.3,1010
22,Louisiana,51-3099,Food Processing Workers  All Other,2012,460,2022,520,60,13.8,20
22,Louisiana,19-1012,Food Scientists and Technologists,2012,60,2022,70,10,8.3,0
22,Louisiana,35-3041,Food Servers  Nonrestaurant,2012,2740,2022,3120,380,13.7,120
22,Louisiana,Nov-51,Food Service Managers,2012,2650,2022,2760,110,4.1,60
22,Louisiana,25-1124,Foreign Language and Literature Teachers  Postsecondary,2012,210,2022,240,30,16.3,10
22,Louisiana,19-4092,Forensic Science Technicians,2012,110,2022,120,10,8.8,10
22,Louisiana,19-4093,Forest and Conservation Technicians,2012,160,2022,180,20,11.5,10
22,Louisiana,45-4011,Forest and Conservation Workers,2012,420,2022,450,30,8.7,10
22,Louisiana,19-1032,Foresters,2012,70,2022,80,10,5.5,0
22,Louisiana,25-1043,Forestry and Conservation Science Teachers  Postsecondary,2012,20,2022,20,0,9.1,0
22,Louisiana,51-4022,Forging Machine Setters  Operators  and Tenders  Metal and Plastic,2012,50,2022,50,0,4.4,0
22,Louisiana,13-1131,Fundraisers,2012,270,2022,330,60,19.5,10
22,Louisiana,39-4021,Funeral Attendants,2012,560,2022,590,30,4.4,10
22,Louisiana,Nov-61,Funeral Service Managers,2012,260,2022,310,50,16,10
22,Louisiana,51-9051,Furnace  Kiln  Oven  Drier  and Kettle Operators and Tenders,2012,220,2022,220,0,4.2,10
22,Louisiana,51-7021,Furniture Finishers,2012,50,2022,50,0,8.9,0
22,Louisiana,39-3012,Gaming and Sports Book Writers and Runners,2012,70,2022,80,10,9.5,0
22,Louisiana,43-3041,Gaming Cage Workers,2012,460,2022,510,50,9.7,10
22,Louisiana,41-2012,Gaming Change Persons and Booth Cashiers,2012,730,2022,700,-30,-4.1,30
22,Louisiana,39-3011,Gaming Dealers,2012,3560,2022,4040,480,13.4,110
22,Louisiana,Nov-71,Gaming Managers,2012,130,2022,150,20,12.1,10
22,Louisiana,39-3019,Gaming Service Workers  All Other,2012,180,2022,190,10,5.6,0
22,Louisiana,39-1011,Gaming Supervisors,2012,1320,2022,1450,130,9.2,40
22,Louisiana,33-9031,Gaming Surveillance Officers and Gaming Investigators,2012,210,2022,220,10,6.7,0
22,Louisiana,51-8092,Gas Plant Operators,2012,630,2022,710,80,13.4,30
22,Louisiana,11-1021,General and Operations Managers,2012,31060,2022,35860,4800,15.4,1060
22,Louisiana,19-4041,Geological and Petroleum Technicians,2012,1070,2022,1250,180,15.9,60
22,Louisiana,19-2042,Geoscientists  Except Hydrologists and Geographers,2012,900,2022,1040,140,16.3,40
22,Louisiana,47-2121,Glaziers,2012,800,2022,910,110,14.4,30
22,Louisiana,45-2041,Graders and Sorters  Agricultural Products,2012,1120,2022,1100,-20,-2,20
22,Louisiana,25-1191,Graduate Teaching Assistants,2012,1620,2022,1800,180,11.4,40
22,Louisiana,27-1024,Graphic Designers,2012,1870,2022,2100,230,12.1,70
22,Louisiana,51-9022,Grinding and Polishing Workers  Hand,2012,170,2022,180,10,7.8,10
22,Louisiana,51-4033,Grinding  Lapping  Polishing  and Buffing Machine Tool Setters  Operators  and Tenders  Metal and Plastic,2012,420,2022,420,0,0.5,10
22,Louisiana,37-3019,Grounds Maintenance Workers  All Other,2012,140,2022,160,20,9.2,10
22,Louisiana,39-5012,Hairdressers  Hairstylists  and Cosmetologists,2012,4550,2022,5190,640,14.3,170
22,Louisiana,47-4041,Hazardous Materials Removal Workers,2012,560,2022,590,30,5.1,20
22,Louisiana,17-2111,Health and Safety Engineers  Except Mining Safety Engineers and Inspectors,2012,780,2022,900,120,15.5,40
22,Louisiana,29-1199,Health Diagnosing and Treating Practitioners  All Other,2012,150,2022,170,20,9.9,10
22,Louisiana,21-1091,Health Educators,2012,590,2022,680,90,15.8,20
22,Louisiana,25-1071,Health Specialties Teachers  Postsecondary,2012,1060,2022,1460,400,37.4,60
22,Louisiana,29-2099,Health Technologists and Technicians  All Other,2012,1500,2022,1830,330,22.2,50
22,Louisiana,29-9099,Healthcare Practitioners and Technical Workers  All Other,2012,2050,2022,2310,260,12.6,80
22,Louisiana,21-1022,Healthcare Social Workers,2012,1530,2022,1830,300,19.3,60
22,Louisiana,31-9099,Healthcare Support Workers  All Other,2012,2060,2022,2420,360,17.4,80
22,Louisiana,51-4191,Heat Treating Equipment Setters  Operators  and Tenders  Metal and Plastic,2012,230,2022,270,40,16.2,10
22,Louisiana,49-9021,Heating  Air Conditioning  and Refrigeration Mechanics and Installers,2012,5260,2022,6100,840,15.9,220
22,Louisiana,53-3032,Heavy and Tractor-Trailer Truck Drivers,2012,27860,2022,31790,3930,14.1,840
22,Louisiana,47-3019,Helpers  Construction Trades  All Other,2012,920,2022,1080,160,17.5,30
22,Louisiana,47-3011,Helpers--Brickmasons  Blockmasons  Stonemasons  and Tile and Marble Setters,2012,640,2022,800,160,24.6,30
22,Louisiana,47-3012,Helpers--Carpenters,2012,1640,2022,1870,230,14.1,50
22,Louisiana,47-3013,Helpers--Electricians,2012,2350,2022,2970,620,26.2,100
22,Louisiana,47-5081,Helpers--Extraction Workers,2012,660,2022,760,100,14,30
22,Louisiana,49-9098,Helpers--Installation  Maintenance  and Repair Workers,2012,3950,2022,4510,560,14.3,180
22,Louisiana,47-3014,Helpers--Painters  Paperhangers  Plasterers  and Stucco Masons,2012,250,2022,260,10,4,10
22,Louisiana,47-3015,Helpers--Pipelayers  Plumbers  Pipefitters  and Steamfitters,2012,2260,2022,2650,390,17,70
22,Louisiana,51-9198,Helpers--Production Workers,2012,5280,2022,5890,610,11.4,150
22,Louisiana,47-3016,Helpers--Roofers,2012,200,2022,210,10,7.1,0
22,Louisiana,47-4051,Highway Maintenance Workers,2012,1510,2022,1660,150,9.6,40
22,Louisiana,19-3093,Historians,2012,30,2022,30,0,23.1,0
22,Louisiana,25-1125,History Teachers  Postsecondary,2012,180,2022,210,30,15,10
22,Louisiana,53-7041,Hoist and Winch Operators,2012,210,2022,210,0,0,10
22,Louisiana,49-9031,Home Appliance Repairers,2012,550,2022,580,30,5.2,20
22,Louisiana,31-1011,Home Health Aides,2012,11560,2022,16250,4690,40.6,690
22,Louisiana,35-9031,Hosts and Hostesses  Restaurant  Lounge  and Coffee Shop,2012,5180,2022,5690,510,9.8,440
22,Louisiana,43-4081,Hotel  Motel  and Resort Desk Clerks,2012,3760,2022,4470,710,18.8,250
22,Louisiana,43-4161,Human Resources Assistants  Except Payroll and Timekeeping,2012,1450,2022,1510,60,3.6,40
22,Louisiana,Nov-21,Human Resources Managers,2012,1170,2022,1370,200,17.6,50
22,Louisiana,13-1071,Human Resources Specialists,2012,3520,2022,3870,350,9.7,100
22,Louisiana,19-2043,Hydrologists,2012,40,2022,50,10,17.9,0
22,Louisiana,17-3026,Industrial Engineering Technicians,2012,390,2022,470,80,18.6,20
22,Louisiana,17-2112,Industrial Engineers,2012,1830,2022,2080,250,13.6,80
22,Louisiana,49-9041,Industrial Machinery Mechanics,2012,6890,2022,9140,2250,32.6,420
22,Louisiana,Nov-51,Industrial Production Managers,2012,1960,2022,2170,210,10.2,60
22,Louisiana,53-7051,Industrial Truck and Tractor Operators,2012,7080,2022,7080,0,0,160
22,Louisiana,43-4199,Information and Record Clerks  All Other,2012,3540,2022,3570,30,0.8,80
22,Louisiana,15-1122,Information Security Analysts,2012,530,2022,740,210,39.6,30
22,Louisiana,51-9061,Inspectors  Testers  Sorters  Samplers  and Weighers,2012,7550,2022,9120,1570,20.9,320
22,Louisiana,49-9099,Installation  Maintenance  and Repair Workers  All Other,2012,3300,2022,3750,450,13.7,100
22,Louisiana,25-9031,Instructional Coordinators,2012,2200,2022,2490,290,13.4,50
22,Louisiana,47-2131,Insulation Workers  Floor  Ceiling  and Wall,2012,830,2022,960,130,15.3,20
22,Louisiana,47-2132,Insulation Workers  Mechanical,2012,2910,2022,3960,1050,35.9,140
22,Louisiana,13-1032,Insurance Appraisers  Auto Damage,2012,90,2022,90,0,-2.3,0
22,Louisiana,43-9041,Insurance Claims and Policy Processing Clerks,2012,1750,2022,1900,150,9,60
22,Louisiana,41-3021,Insurance Sales Agents,2012,8450,2022,9420,970,11.6,300
22,Louisiana,13-2053,Insurance Underwriters,2012,830,2022,790,-40,-4.7,20
22,Louisiana,27-1025,Interior Designers,2012,490,2022,580,90,17.7,20
22,Louisiana,29-1063,Internists  General,2012,2180,2022,2130,-50,-2.1,60
22,Louisiana,27-3091,Interpreters and Translators,2012,440,2022,710,270,62.5,30
22,Louisiana,43-4111,Interviewers  Except Eligibility and Loan,2012,1210,2022,1260,50,3.6,30
22,Louisiana,37-2011,Janitors and Cleaners  Except Maids and Housekeeping Cleaners,2012,30050,2022,33710,3660,12.2,930
22,Louisiana,51-9071,Jewelers and Precious Stone and Metal Workers,2012,800,2022,720,-80,-9.6,20
22,Louisiana,23-1023,Judges  Magistrate Judges  and Magistrates,2012,250,2022,260,10,6,10
22,Louisiana,23-1012,Judicial Law Clerks,2012,180,2022,190,10,9.1,10
22,Louisiana,25-2012,Kindergarten Teachers  Except Special Education,2012,2860,2022,3250,390,13.5,120
22,Louisiana,13-1075,Labor Relations Specialists,2012,240,2022,250,10,4.2,10
22,Louisiana,53-7062,Laborers and Freight  Stock  and Material Movers  Hand,2012,39440,2022,45610,6170,15.7,1840
22,Louisiana,17-1012,Landscape Architects,2012,90,2022,100,10,20,0
22,Louisiana,37-3011,Landscaping and Groundskeeping Workers,2012,9620,2022,10750,1130,11.8,360
22,Louisiana,51-4034,Lathe and Turning Machine Tool Setters  Operators  and Tenders  Metal and Plastic,2012,140,2022,140,0,-2.2,0
22,Louisiana,51-6011,Laundry and Dry-Cleaning Workers,2012,3630,2022,4010,380,10.4,150
22,Louisiana,25-1112,Law Teachers  Postsecondary,2012,50,2022,60,10,18.5,0
22,Louisiana,23-1011,Lawyers,2012,9310,2022,10490,1180,12.7,270
22,Louisiana,51-4192,Layout Workers  Metal and Plastic,2012,770,2022,780,10,1.4,20
22,Louisiana,43-6012,Legal Secretaries,2012,4150,2022,4120,-30,-0.8,50
22,Louisiana,23-2099,Legal Support Workers  All Other,2012,310,2022,340,30,11,10
22,Louisiana,11-1031,Legislators,2012,860,2022,940,80,9.6,30
22,Louisiana,25-4021,Librarians,2012,2050,2022,2250,200,9.8,70
22,Louisiana,43-4121,Library Assistants  Clerical,2012,560,2022,670,110,18.9,40
22,Louisiana,25-4031,Library Technicians,2012,1900,2022,2090,190,10.1,120
22,Louisiana,29-2061,Licensed Practical and Licensed Vocational Nurses,2012,22930,2022,27360,4430,19.3,1000
22,Louisiana,19-4099,Life  Physical  and Social Science Technicians  All Other,2012,440,2022,490,50,12.6,20
22,Louisiana,33-9092,Lifeguards  Ski Patrol  and Other Recreational Protective Service Workers,2012,850,2022,940,90,10.7,70
22,Louisiana,53-3033,Light Truck or Delivery Services Drivers,2012,13850,2022,15440,1590,11.5,380
22,Louisiana,43-4131,Loan Interviewers and Clerks,2012,2300,2022,2550,250,11,40
22,Louisiana,13-2072,Loan Officers,2012,4020,2022,4460,440,11,120
22,Louisiana,39-3093,Locker Room  Coatroom  and Dressing Room Attendants,2012,150,2022,170,20,12.2,10
22,Louisiana,49-9094,Locksmiths and Safe Repairers,2012,400,2022,430,30,7.3,20
22,Louisiana,53-4011,Locomotive Engineers,2012,560,2022,600,40,7.3,20
22,Louisiana,Nov-81,Lodging Managers,2012,620,2022,650,30,4.5,20
22,Louisiana,45-4023,Log Graders and Scalers,2012,170,2022,110,-60,-36.9,0
22,Louisiana,45-4022,Logging Equipment Operators,2012,1460,2022,1560,100,6.7,30
22,Louisiana,13-1081,Logisticians,2012,930,2022,1280,350,38.7,50
22,Louisiana,53-7063,Machine Feeders and Offbearers,2012,630,2022,680,50,8.9,20
22,Louisiana,51-4041,Machinists,2012,6540,2022,7920,1380,21,350
22,Louisiana,29-2035,Magnetic Resonance Imaging Technologists,2012,380,2022,450,70,18.3,10
22,Louisiana,37-2012,Maids and Housekeeping Cleaners,2012,18930,2022,21610,2680,14.2,640
22,Louisiana,43-9051,Mail Clerks and Mail Machine Operators  Except Postal Service,2012,950,2022,910,-40,-4.4,20
22,Louisiana,49-9071,Maintenance and Repair Workers  General,2012,28650,2022,32430,3780,13.2,930
22,Louisiana,49-9043,Maintenance Workers  Machinery,2012,2320,2022,2770,450,19.3,70
22,Louisiana,13-1111,Management Analysts,2012,3220,2022,3980,760,23.5,130
22,Louisiana,Nov-99,Managers  All Other,2012,10620,2022,11620,1000,9.4,330
22,Louisiana,39-5092,Manicurists and Pedicurists,2012,960,2022,1120,160,17.6,30
22,Louisiana,49-9095,Manufactured Building and Mobile Home Installers,2012,70,2022,60,-10,-15.7,0
22,Louisiana,17-2121,Marine Engineers and Naval Architects,2012,330,2022,360,30,11.1,10
22,Louisiana,13-1161,Market Research Analysts and Marketing Specialists,2012,1730,2022,2300,570,33.2,80
22,Louisiana,Nov-21,Marketing Managers,2012,900,2022,1080,180,19.6,40
22,Louisiana,21-1013,Marriage and Family Therapists,2012,100,2022,130,30,24,0
22,Louisiana,31-9011,Massage Therapists,2012,550,2022,650,100,18.4,20
22,Louisiana,53-7199,Material Moving Workers  All Other,2012,750,2022,830,80,10.5,30
22,Louisiana,17-2131,Materials Engineers,2012,50,2022,60,10,13.5,0
22,Louisiana,25-1022,Mathematical Science Teachers  Postsecondary,2012,350,2022,390,40,12.6,10
22,Louisiana,51-3022,Meat  Poultry  and Fish Cutters and Trimmers,2012,1690,2022,1820,130,8.2,60
22,Louisiana,49-9011,Mechanical Door Repairers,2012,70,2022,90,20,17.8,0
22,Louisiana,17-3013,Mechanical Drafters,2012,1050,2022,1130,80,7,20
22,Louisiana,17-3027,Mechanical Engineering Technicians,2012,530,2022,610,80,14.5,20
22,Louisiana,17-2141,Mechanical Engineers,2012,2580,2022,3020,440,16.8,130
22,Louisiana,27-3099,Media and Communication Workers  All Other,2012,120,2022,130,10,6.6,0
22,Louisiana,29-2012,Medical and Clinical Laboratory Technicians,2012,2160,2022,2650,490,22.7,110
22,Louisiana,29-2011,Medical and Clinical Laboratory Technologists,2012,3080,2022,3380,300,9.7,110
22,Louisiana,Nov-11,Medical and Health Services Managers,2012,3710,2022,4370,660,17.9,160
22,Louisiana,51-9082,Medical Appliance Technicians,2012,90,2022,100,10,18.2,10
22,Louisiana,31-9092,Medical Assistants,2012,6860,2022,8370,1510,22,280
22,Louisiana,31-9093,Medical Equipment Preparers,2012,480,2022,560,80,16,20
22,Louisiana,49-9062,Medical Equipment Repairers,2012,330,2022,440,110,35,20
22,Louisiana,29-2071,Medical Records and Health Information Technicians,2012,2680,2022,3450,770,28.8,150
22,Louisiana,19-1042,Medical Scientists  Except Epidemiologists,2012,280,2022,320,40,13.2,10
22,Louisiana,43-6013,Medical Secretaries,2012,2710,2022,3370,660,24.2,100
22,Louisiana,31-9094,Medical Transcriptionists,2012,1240,2022,1250,10,1,30
22,Louisiana,13-1121,Meeting  Convention  and Event Planners,2012,640,2022,850,210,34.1,30
22,Louisiana,21-1023,Mental Health and Substance Abuse Social Workers,2012,1490,2022,1700,210,14.3,50
22,Louisiana,21-1014,Mental Health Counselors,2012,1560,2022,1860,300,19.5,60
22,Louisiana,27-1026,Merchandise Displayers and Window Trimmers,2012,430,2022,480,50,11.4,20
22,Louisiana,51-4051,Metal-Refining Furnace Operators and Tenders,2012,370,2022,500,130,35.9,20
22,Louisiana,43-5041,Meter Readers  Utilities,2012,880,2022,760,-120,-13.8,20
22,Louisiana,19-1022,Microbiologists,2012,60,2022,70,10,19.3,0
22,Louisiana,25-2022,Middle School Teachers  Except Special and Career/Technical Education,2012,12730,2022,14450,1720,13.6,450
22,Louisiana,51-4035,Milling and Planing Machine Setters  Operators  and Tenders  Metal and Plastic,2012,320,2022,320,0,0.3,10
22,Louisiana,49-9044,Millwrights,2012,600,2022,690,90,14.1,30
22,Louisiana,17-2151,Mining and Geological Engineers  Including Mining Safety Engineers,2012,280,2022,340,60,20.5,10
22,Louisiana,47-5049,Mining Machine Operators  All Other,2012,140,2022,150,10,12.4,0
22,Louisiana,51-9023,Mixing and Blending Machine Setters  Operators  and Tenders,2012,970,2022,1070,100,11,40
22,Louisiana,49-3042,Mobile Heavy Equipment Mechanics  Except Engines,2012,3490,2022,3970,480,13.7,150
22,Louisiana,51-4061,Model Makers  Metal and Plastic,2012,30,2022,40,10,6.1,0
22,Louisiana,51-9195,Molders  Shapers  and Casters  Except Metal and Plastic,2012,330,2022,350,20,8,10
22,Louisiana,51-4072,Molding  Coremaking  and Casting Machine Setters  Operators  and Tenders  Metal and Plastic,2012,190,2022,200,10,6.3,0
22,Louisiana,39-4031,Morticians  Undertakers  and Funeral Directors,2012,400,2022,470,70,16.1,20
22,Louisiana,39-3021,Motion Picture Projectionists,2012,140,2022,110,-30,-19.3,10
22,Louisiana,53-3099,Motor Vehicle Operators  All Other,2012,170,2022,180,10,9.5,10
22,Louisiana,49-3051,Motorboat Mechanics and Service Technicians,2012,520,2022,550,30,4.4,10
22,Louisiana,53-5022,Motorboat Operators,2012,80,2022,100,20,21.3,10
22,Louisiana,49-3052,Motorcycle Mechanics,2012,290,2022,320,30,7.8,10
22,Louisiana,27-1014,Multimedia Artists and Animators,2012,370,2022,390,20,7.4,10
22,Louisiana,51-4081,Multiple Machine Tool Setters  Operators  and Tenders  Metal and Plastic,2012,190,2022,190,0,-1.5,0
22,Louisiana,25-4013,Museum Technicians and Conservators,2012,40,2022,40,0,10.3,0
22,Louisiana,27-2041,Music Directors and Composers,2012,60,2022,60,0,0,0
22,Louisiana,27-2042,Musicians and Singers,2012,570,2022,600,30,4.9,20
22,Louisiana,Nov-21,Natural Sciences Managers,2012,400,2022,450,50,12.9,10
22,Louisiana,15-1142,Network and Computer Systems Administrators,2012,2680,2022,3360,680,25.1,110
22,Louisiana,43-4141,New Accounts Clerks,2012,830,2022,810,-20,-2.6,20
22,Louisiana,39-2021,Nonfarm Animal Caretakers,2012,2490,2022,2900,410,16.8,70
22,Louisiana,17-2161,Nuclear Engineers,2012,190,2022,220,30,20.4,10
22,Louisiana,29-2033,Nuclear Medicine Technologists,2012,350,2022,410,60,15,10
22,Louisiana,29-1151,Nurse Anesthetists,2012,1430,2022,1650,220,15.8,50
22,Louisiana,29-1161,Nurse Midwives,2012,40,2022,40,0,17.1,0
22,Louisiana,29-1171,Nurse Practitioners,2012,2110,2022,2230,120,5.5,80
22,Louisiana,31-1014,Nursing Assistants,2012,23500,2022,27450,3950,16.8,840
22,Louisiana,25-1072,Nursing Instructors and Teachers  Postsecondary,2012,800,2022,1090,290,36.7,40
22,Louisiana,29-1064,Obstetricians and Gynecologists,2012,720,2022,730,10,1.2,30
22,Louisiana,29-9011,Occupational Health and Safety Specialists,2012,920,2022,1060,140,15.3,40
22,Louisiana,29-9012,Occupational Health and Safety Technicians,2012,100,2022,120,20,12.5,0
22,Louisiana,29-1122,Occupational Therapists,2012,1430,2022,1770,340,23.6,50
22,Louisiana,31-2012,Occupational Therapy Aides,2012,80,2022,100,20,30.8,0
22,Louisiana,31-2011,Occupational Therapy Assistants,2012,230,2022,300,70,34.7,10
22,Louisiana,43-9199,Office and Administrative Support Workers  All Other,2012,1140,2022,1230,90,8.3,40
22,Louisiana,43-9061,Office Clerks  General,2012,38140,2022,40600,2460,6.4,1050
22,Louisiana,43-9071,Office Machine Operators  Except Computer,2012,590,2022,540,-50,-8,10
22,Louisiana,47-2073,Operating Engineers and Other Construction Equipment Operators,2012,9430,2022,10760,1330,14.2,440
22,Louisiana,15-2031,Operations Research Analysts,2012,690,2022,900,210,30.3,40
22,Louisiana,51-9083,Ophthalmic Laboratory Technicians,2012,430,2022,500,70,16.2,20
22,Louisiana,29-2057,Ophthalmic Medical Technicians,2012,570,2022,660,90,15.5,20
22,Louisiana,29-2081,Opticians  Dispensing,2012,670,2022,770,100,15.4,30
22,Louisiana,29-1041,Optometrists,2012,350,2022,400,50,13.3,20
22,Louisiana,43-4151,Order Clerks,2012,1240,2022,1250,10,1,30
22,Louisiana,31-1015,Orderlies,2012,880,2022,1010,130,14.9,30
22,Louisiana,29-1023,Orthodontists,2012,120,2022,130,10,5.9,0
22,Louisiana,49-3053,Outdoor Power Equipment and Other Small Engine Mechanics,2012,340,2022,370,30,11.6,10
22,Louisiana,51-9111,Packaging and Filling Machine Operators and Tenders,2012,2580,2022,2660,80,3.1,70
22,Louisiana,53-7064,Packers and Packagers  Hand,2012,3390,2022,3640,250,7.5,120
22,Louisiana,47-2141,Painters  Construction and Maintenance,2012,8550,2022,9800,1250,14.6,260
22,Louisiana,51-9122,Painters  Transportation Equipment,2012,760,2022,860,100,13.1,20
22,Louisiana,51-9123,Painting  Coating  and Decorating Workers,2012,130,2022,140,10,7.1,0
22,Louisiana,51-9196,Paper Goods Machine Setters  Operators  and Tenders,2012,920,2022,900,-20,-2,10
22,Louisiana,47-2142,Paperhangers,2012,20,2022,10,-10,-13.3,0
22,Louisiana,23-2011,Paralegals and Legal Assistants,2012,3920,2022,4780,860,21.8,150
22,Louisiana,53-6021,Parking Lot Attendants,2012,1340,2022,1470,130,10.3,80
22,Louisiana,41-2022,Parts Salespersons,2012,4760,2022,5280,520,11,170
22,Louisiana,47-2071,Paving  Surfacing  and Tamping Equipment Operators,2012,900,2022,1020,120,12.6,20
22,Louisiana,43-3051,Payroll and Timekeeping Clerks,2012,3580,2022,4110,530,15.1,130
22,Louisiana,29-1065,Pediatricians  General,2012,1050,2022,1060,10,1,30
22,Louisiana,39-9021,Personal Care Aides,2012,24990,2022,35060,10070,40.3,1190
22,Louisiana,39-9099,Personal Care and Service Workers  All Other,2012,2470,2022,2810,340,14.1,100
22,Louisiana,13-2052,Personal Financial Advisors,2012,1410,2022,1880,470,33.4,70
22,Louisiana,37-3012,Pesticide Handlers  Sprayers  and Applicators  Vegetation,2012,450,2022,500,50,12.4,20
22,Louisiana,17-2171,Petroleum Engineers,2012,2130,2022,2560,430,20.5,100
22,Louisiana,51-8093,Petroleum Pump System Operators  Refinery Operators  and Gaugers,2012,5920,2022,6360,440,7.4,260
22,Louisiana,29-1051,Pharmacists,2012,4620,2022,5250,630,13.5,170
22,Louisiana,31-9095,Pharmacy Aides,2012,850,2022,940,90,10.7,30
22,Louisiana,29-2052,Pharmacy Technicians,2012,5620,2022,6710,1090,19.4,170
22,Louisiana,25-1126,Philosophy and Religion Teachers  Postsecondary,2012,60,2022,70,10,21.1,0
22,Louisiana,31-9097,Phlebotomists,2012,1930,2022,2260,330,17.5,70
22,Louisiana,27-4021,Photographers,2012,1290,2022,1360,70,5,20
22,Louisiana,51-9151,Photographic Process Workers and Processing Machine Operators,2012,630,2022,630,0,1.1,20
22,Louisiana,31-2022,Physical Therapist Aides,2012,1380,2022,1790,410,29.7,70
22,Louisiana,31-2021,Physical Therapist Assistants,2012,900,2022,1170,270,30.3,50
22,Louisiana,29-1123,Physical Therapists,2012,2430,2022,3080,650,26.8,130
22,Louisiana,29-1071,Physician Assistants,2012,700,2022,880,180,26.3,30
22,Louisiana,29-1069,Physicians and Surgeons  All Other,2012,2690,2022,3180,490,18.4,120
22,Louisiana,19-2012,Physicists,2012,40,2022,50,10,16.7,0
22,Louisiana,25-1054,Physics Teachers  Postsecondary,2012,170,2022,190,20,14.5,0
22,Louisiana,47-2072,Pile-Driver Operators,2012,660,2022,790,130,18.6,20
22,Louisiana,47-2151,Pipelayers,2012,830,2022,970,140,16.3,20
22,Louisiana,51-8099,Plant and System Operators  All Other,2012,390,2022,450,60,16,20
22,Louisiana,47-2161,Plasterers and Stucco Masons,2012,130,2022,140,10,5.3,0
22,Louisiana,47-2152,Plumbers  Pipefitters  and Steamfitters,2012,8040,2022,9160,1120,13.9,310
22,Louisiana,29-1081,Podiatrists,2012,100,2022,110,10,12.2,0
22,Louisiana,33-3051,Police and Sheriff's Patrol Officers,2012,11750,2022,12870,1120,9.6,480
22,Louisiana,43-5031,Police  Fire  and Ambulance Dispatchers,2012,1480,2022,1600,120,8.3,60
22,Louisiana,25-1065,Political Science Teachers  Postsecondary,2012,90,2022,100,10,15.9,0
22,Louisiana,43-5051,Postal Service Clerks,2012,1480,2022,1280,-200,-13.4,20
22,Louisiana,43-5052,Postal Service Mail Carriers,2012,6490,2022,5780,-710,-10.8,230
22,Louisiana,43-5053,Postal Service Mail Sorters  Processors  and Processing Machine Operators,2012,2530,2022,2230,-300,-11.7,20
22,Louisiana,Nov-31,Postmasters and Mail Superintendents,2012,530,2022,480,-50,-9.6,10
22,Louisiana,25-1199,Postsecondary Teachers  All Other,2012,3060,2022,3480,420,13.6,90
22,Louisiana,51-4052,Pourers and Casters  Metal,2012,100,2022,130,30,26.3,0
22,Louisiana,51-8012,Power Distributors and Dispatchers,2012,510,2022,570,60,13.3,20
22,Louisiana,49-9069,Precision Instrument and Equipment Repairers  All Other,2012,690,2022,780,90,12.2,30
22,Louisiana,51-5111,Prepress Technicians and Workers,2012,270,2022,250,-20,-9.2,10
22,Louisiana,25-2011,Preschool Teachers  Except Special Education,2012,2800,2022,3080,280,10,110
22,Louisiana,51-6021,Pressers  Textile  Garment  and Related Materials,2012,400,2022,430,30,7.7,10
22,Louisiana,51-5113,Print Binding and Finishing Workers,2012,360,2022,350,-10,-2.5,10
22,Louisiana,51-5112,Printing Press Operators,2012,1210,2022,1210,0,0.5,20
22,Louisiana,33-9021,Private Detectives and Investigators,2012,90,2022,100,10,14.8,0
22,Louisiana,21-1092,Probation Officers and Correctional Treatment Specialists,2012,1450,2022,1500,50,3.3,40
22,Louisiana,43-3061,Procurement Clerks,2012,820,2022,920,100,11.4,40
22,Louisiana,27-2012,Producers and Directors,2012,690,2022,710,20,2.9,30
22,Louisiana,51-9199,Production Workers  All Other,2012,6720,2022,7440,720,10.7,250
22,Louisiana,43-5061,Production  Planning  and Expediting Clerks,2012,2420,2022,2720,300,12.5,90
22,Louisiana,Nov-41,Property  Real Estate  and Community Association Managers,2012,5360,2022,5940,580,10.9,180
22,Louisiana,33-9099,Protective Service Workers  All Other,2012,1410,2022,1570,160,11.2,110
22,Louisiana,31-1013,Psychiatric Aides,2012,2220,2022,2270,50,2.2,50
22,Louisiana,29-2053,Psychiatric Technicians,2012,760,2022,770,10,1.8,10
22,Louisiana,19-3039,Psychologists  All Other,2012,260,2022,300,40,13.7,10
22,Louisiana,25-1066,Psychology Teachers  Postsecondary,2012,130,2022,150,20,15.3,0
22,Louisiana,27-3012,Public Address System and Other Announcers,2012,110,2022,120,10,11.9,0
22,Louisiana,Nov-31,Public Relations and Fundraising Managers,2012,350,2022,400,50,14,10
22,Louisiana,27-3031,Public Relations Specialists,2012,2010,2022,2310,300,14.6,60
22,Louisiana,53-7072,Pump Operators  Except Wellhead Pumpers,2012,950,2022,1050,100,11.1,40
22,Louisiana,13-1023,Purchasing Agents  Except Wholesale  Retail  and Farm Products,2012,3140,2022,3570,430,13.7,100
22,Louisiana,Nov-61,Purchasing Managers,2012,780,2022,880,100,13.7,30
22,Louisiana,29-1124,Radiation Therapists,2012,250,2022,290,40,17.7,10
22,Louisiana,27-3011,Radio and Television Announcers,2012,830,2022,750,-80,-10,20
22,Louisiana,49-2021,Radio  Cellular  and Tower Equipment Installers and Repairs,2012,270,2022,300,30,9.9,10
22,Louisiana,29-2034,Radiologic Technologists,2012,3000,2022,3470,470,15.7,90
22,Louisiana,49-3043,Rail Car Repairers,2012,280,2022,310,30,12.6,10
22,Louisiana,53-4021,Railroad Brake  Signal  and Switch Operators,2012,630,2022,690,60,9.2,30
22,Louisiana,47-4061,Rail-Track Laying and Maintenance Equipment Operators,2012,390,2022,420,30,9.3,10
22,Louisiana,41-9021,Real Estate Brokers,2012,420,2022,460,40,10.6,10
22,Louisiana,41-9022,Real Estate Sales Agents,2012,2340,2022,2570,230,10.1,50
22,Louisiana,43-4171,Receptionists and Information Clerks,2012,16140,2022,17330,1190,7.3,550
22,Louisiana,25-1193,Recreation and Fitness Studies Teachers  Postsecondary,2012,100,2022,110,10,13,0
22,Louisiana,39-9032,Recreation Workers,2012,3860,2022,4350,490,12.9,100
22,Louisiana,29-1125,Recreational Therapists,2012,510,2022,550,40,8.2,20
22,Louisiana,49-9045,Refractory Materials Repairers  Except Brickmasons,2012,40,2022,50,10,23.1,0
22,Louisiana,53-7081,Refuse and Recyclable Material Collectors,2012,1410,2022,1560,150,10.5,40
22,Louisiana,29-1141,Registered Nurses,2012,41270,2022,48690,7420,18,1820
22,Louisiana,21-1015,Rehabilitation Counselors,2012,710,2022,810,100,14.7,30
22,Louisiana,47-2171,Reinforcing Iron and Rebar Workers,2012,360,2022,410,50,12.4,10
22,Louisiana,27-3022,Reporters and Correspondents,2012,630,2022,580,-50,-7.5,20
22,Louisiana,43-4181,Reservation and Transportation Ticket Agents and Travel Clerks,2012,730,2022,790,60,7.4,20
22,Louisiana,39-9041,Residential Advisors,2012,2060,2022,2330,270,13,120
22,Louisiana,29-1126,Respiratory Therapists,2012,1940,2022,2270,330,17,60
22,Louisiana,29-2054,Respiratory Therapy Technicians,2012,430,2022,490,60,14.6,10
22,Louisiana,41-2031,Retail Salespersons,2012,58870,2022,67040,8170,13.9,2830
22,Louisiana,49-9096,Riggers,2012,3550,2022,4600,1050,29.6,190
22,Louisiana,51-4023,Rolling Machine Setters  Operators  and Tenders  Metal and Plastic,2012,250,2022,300,50,18.9,10
22,Louisiana,47-2181,Roofers,2012,1140,2022,1180,40,4.1,30
22,Louisiana,47-5012,Rotary Drill Operators  Oil and Gas,2012,1470,2022,1670,200,13.7,80
22,Louisiana,47-5071,Roustabouts  Oil and Gas,2012,4590,2022,5270,680,14.9,190
22,Louisiana,53-5011,Sailors and Marine Oilers,2012,6010,2022,7190,1180,19.6,390
22,Louisiana,41-9099,Sales and Related Workers  All Other,2012,1430,2022,1670,240,16.8,50
22,Louisiana,41-9031,Sales Engineers,2012,400,2022,440,40,9.8,10
22,Louisiana,Nov-22,Sales Managers,2012,3420,2022,3870,450,13.2,120
22,Louisiana,41-3099,Sales Representatives  Services  All Other,2012,4560,2022,5350,790,17.4,200
22,Louisiana,41-4012,Sales Representatives  Wholesale and Manufacturing  Except Technical and Scientific Products,2012,25470,2022,28740,3270,12.8,820
22,Louisiana,41-4011,Sales Representatives  Wholesale and Manufacturing  Technical and Scientific Products,2012,3890,2022,4280,390,10.1,120
22,Louisiana,51-7041,Sawing Machine Setters  Operators  and Tenders  Wood,2012,510,2022,540,30,6.5,20
22,Louisiana,25-2031,Secondary School Teachers  Except Special and Career/Technical Education,2012,16180,2022,17250,1070,6.6,550
22,Louisiana,43-6014,Secretaries and Administrative Assistants  Except Legal  Medical  and Executive,2012,40400,2022,46010,5610,13.9,1050
22,Louisiana,41-3031,Securities  Commodities  and Financial Services Sales Agents,2012,1930,2022,2200,270,13.9,70
22,Louisiana,49-2098,Security and Fire Alarm Systems Installers,2012,810,2022,910,100,11.9,30
22,Louisiana,33-9032,Security Guards,2012,15660,2022,17450,1790,11.4,420
22,Louisiana,25-3021,Self-Enrichment Education Teachers,2012,1990,2022,2350,360,17.9,70
22,Louisiana,51-9012,Separating  Filtering  Clarifying  Precipitating  and Still Machine Setters  Operators  and Tenders,2012,320,2022,330,10,3.1,10
22,Louisiana,47-4071,Septic Tank Servicers and Sewer Pipe Cleaners,2012,550,2022,640,90,16.8,20
22,Louisiana,47-5013,Service Unit Operators  Oil  Gas  and Mining,2012,5230,2022,6110,880,16.8,300
22,Louisiana,27-1027,Set and Exhibit Designers,2012,120,2022,130,10,10.4,0
22,Louisiana,51-6051,Sewers  Hand,2012,110,2022,100,-10,-11,0
22,Louisiana,51-6031,Sewing Machine Operators,2012,640,2022,710,70,10.9,10
22,Louisiana,39-5093,Shampooers,2012,510,2022,520,10,0.8,0
22,Louisiana,47-2211,Sheet Metal Workers,2012,1530,2022,1700,170,10.9,60
22,Louisiana,53-5031,Ship Engineers,2012,1530,2022,1670,140,9.7,80
22,Louisiana,43-5071,Shipping  Receiving  and Traffic Clerks,2012,7630,2022,8400,770,10,280
22,Louisiana,49-9097,Signal and Track Switch Repairers,2012,120,2022,140,20,15.1,10
22,Louisiana,39-5094,Skincare Specialists,2012,410,2022,570,160,39.2,20
22,Louisiana,51-3023,Slaughterers and Meat Packers,2012,280,2022,280,0,-1.4,10
22,Louisiana,39-1012,Slot Supervisors,2012,850,2022,880,30,2.8,20
22,Louisiana,Nov-51,Social and Community Service Managers,2012,1740,2022,1970,230,13.7,60
22,Louisiana,21-1093,Social and Human Service Assistants,2012,5460,2022,6200,740,13.5,220
22,Louisiana,19-3099,Social Scientists and Related Workers  All Other,2012,140,2022,150,10,7.8,0
22,Louisiana,25-1113,Social Work Teachers  Postsecondary,2012,120,2022,140,20,14.3,0
22,Louisiana,21-1029,Social Workers  All Other,2012,850,2022,930,80,9.8,30
22,Louisiana,25-1067,Sociology Teachers  Postsecondary,2012,120,2022,140,20,13.9,0
22,Louisiana,15-1132,Software Developers  Applications,2012,1220,2022,2100,880,72.3,100
22,Louisiana,15-1133,Software Developers  Systems Software,2012,1110,2022,2010,900,80.6,100
22,Louisiana,19-1013,Soil and Plant Scientists,2012,70,2022,80,10,10.1,0
22,Louisiana,27-4014,Sound Engineering Technicians,2012,130,2022,130,0,2.3,0
22,Louisiana,25-2059,Special Education Teachers  All Other,2012,570,2022,610,40,7,10
22,Louisiana,25-2052,Special Education Teachers  Kindergarten and Elementary School,2012,2750,2022,2920,170,6.2,60
22,Louisiana,25-2053,Special Education Teachers  Middle School,2012,1850,2022,1960,110,6.2,40
22,Louisiana,25-2051,Special Education Teachers  Preschool,2012,1580,2022,1680,100,6.1,40
22,Louisiana,25-2054,Special Education Teachers  Secondary School,2012,2030,2022,2140,110,5.6,50
22,Louisiana,29-1127,Speech-Language Pathologists,2012,1580,2022,1790,210,13.1,50
22,Louisiana,51-8021,Stationary Engineers and Boiler Operators,2012,560,2022,580,20,3.6,20
22,Louisiana,15-2041,Statisticians,2012,30,2022,40,10,25,0
22,Louisiana,43-5081,Stock Clerks and Order Fillers,2012,21980,2022,22390,410,1.8,700
22,Louisiana,47-2022,Stonemasons,2012,110,2022,130,20,24.1,0
22,Louisiana,47-2221,Structural Iron and Steel Workers,2012,2020,2022,2320,300,14.8,100
22,Louisiana,51-2041,Structural Metal Fabricators and Fitters,2012,2610,2022,3000,390,14.7,140
22,Louisiana,21-1011,Substance Abuse and Behavioral Disorder Counselors,2012,640,2022,760,120,18.5,30
22,Louisiana,29-1067,Surgeons,2012,580,2022,650,70,11.4,30
22,Louisiana,29-2055,Surgical Technologists,2012,1720,2022,2160,440,25.9,60
22,Louisiana,17-3031,Surveying and Mapping Technicians,2012,1400,2022,1670,270,19.4,50
22,Louisiana,17-1022,Surveyors,2012,1290,2022,1460,170,13.1,50
22,Louisiana,43-2011,Switchboard Operators  Including Answering Service,2012,2880,2022,2500,-380,-13.5,50
22,Louisiana,51-6052,Tailors  Dressmakers  and Custom Sewers,2012,610,2022,600,-10,-1.5,10
22,Louisiana,53-7121,Tank Car  Truck  and Ship Loaders,2012,1000,2022,1140,140,13.7,40
22,Louisiana,13-2081,Tax Examiners and Collectors  and Revenue Agents,2012,670,2022,720,50,7.9,30
22,Louisiana,13-2082,Tax Preparers,2012,1730,2022,1940,210,11.9,60
22,Louisiana,53-3041,Taxi Drivers and Chauffeurs,2012,3160,2022,3590,430,13.7,80
22,Louisiana,25-9041,Teacher Assistants,2012,15010,2022,16130,1120,7.4,450
22,Louisiana,51-2092,Team Assemblers,2012,5310,2022,5820,510,9.6,140
22,Louisiana,27-3042,Technical Writers,2012,180,2022,220,40,21.3,10
22,Louisiana,49-2022,Telecommunications Equipment Installers and Repairers  Except Line Installers,2012,4300,2022,4900,600,13.9,120
22,Louisiana,49-9052,Telecommunications Line Installers and Repairers,2012,1250,2022,1490,240,19.3,60
22,Louisiana,41-9041,Telemarketers,2012,1470,2022,1560,90,6,40
22,Louisiana,43-3071,Tellers,2012,10150,2022,10590,440,4.3,520
22,Louisiana,51-6062,Textile Cutting Machine Setters  Operators  and Tenders,2012,40,2022,40,0,-2.6,0
22,Louisiana,51-6063,Textile Knitting and Weaving Machine Setters  Operators  and Tenders,2012,60,2022,50,-10,-1.8,0
22,Louisiana,29-1129,Therapists  All Other,2012,570,2022,720,150,26.9,20
22,Louisiana,47-2044,Tile and Marble Setters,2012,400,2022,430,30,7.6,10
22,Louisiana,49-3093,Tire Repairers and Changers,2012,1660,2022,1850,190,11.5,80
22,Louisiana,23-2093,Title Examiners  Abstractors  and Searchers,2012,1500,2022,1700,200,13.8,50
22,Louisiana,51-4111,Tool and Die Makers,2012,410,2022,470,60,15,10
22,Louisiana,51-4194,Tool Grinders  Filers  and Sharpeners,2012,120,2022,120,0,6.9,0
22,Louisiana,00-0000,Total  All Occupations,2012,2004830,2022,2264490,259660,13,75850
22,Louisiana,39-7011,Tour Guides and Escorts,2012,900,2022,1000,100,10.6,50
22,Louisiana,53-6041,Traffic Technicians,2012,60,2022,60,0,9.1,0
22,Louisiana,Nov-31,Training and Development Managers,2012,260,2022,310,50,17.2,10
22,Louisiana,13-1151,Training and Development Specialists,2012,1900,2022,2190,290,15.5,60
22,Louisiana,33-3052,Transit and Railroad Police,2012,220,2022,240,20,9.2,10
22,Louisiana,53-6061,Transportation Attendants  Except Flight Attendants,2012,780,2022,830,50,7.1,20
22,Louisiana,53-6051,Transportation Inspectors,2012,270,2022,330,60,22.6,20
22,Louisiana,33-9093,Transportation Security Screeners,2012,450,2022,560,110,25.6,20
22,Louisiana,53-6099,Transportation Workers  All Other,2012,310,2022,370,60,19,20
22,Louisiana,Nov-71,Transportation  Storage  and Distribution Managers,2012,1340,2022,1520,180,13.6,50
22,Louisiana,41-3041,Travel Agents,2012,600,2022,560,-40,-7.3,10
22,Louisiana,39-7012,Travel Guides,2012,20,2022,20,0,9.5,0
22,Louisiana,37-3013,Tree Trimmers and Pruners,2012,360,2022,400,40,11.8,10
22,Louisiana,27-2023,Umpires  Referees  and Other Sports Officials,2012,220,2022,240,20,8.8,10
22,Louisiana,51-6093,Upholsterers,2012,130,2022,130,0,2.3,0
22,Louisiana,19-3051,Urban and Regional Planners,2012,70,2022,80,10,11.8,0
22,Louisiana,39-3031,Ushers  Lobby Attendants  and Ticket Takers,2012,1420,2022,1500,80,5.8,80
22,Louisiana,29-1131,Veterinarians,2012,740,2022,840,100,14.8,40
22,Louisiana,31-9096,Veterinary Assistants and Laboratory Animal Caretakers,2012,1190,2022,1340,150,12.4,40
22,Louisiana,29-2056,Veterinary Technologists and Technicians,2012,1230,2022,1620,390,32.6,50
22,Louisiana,25-1194,Vocational Education Teachers  Postsecondary,2012,1840,2022,2030,190,10,50
22,Louisiana,35-3031,Waiters and Waitresses,2012,34660,2022,38130,3470,10,2020
22,Louisiana,51-8031,Water and Wastewater Treatment Plant and System Operators,2012,1890,2022,2130,240,12.4,90
22,Louisiana,15-1134,Web Developers,2012,620,2022,790,170,27.3,30
22,Louisiana,43-5111,Weighers  Measurers  Checkers  and Samplers  Recordkeeping,2012,820,2022,930,110,13.5,30
22,Louisiana,51-4121,Welders  Cutters  Solderers  and Brazers,2012,14590,2022,16640,2050,14,650
22,Louisiana,51-4122,Welding  Soldering  and Brazing Machine Setters  Operators  and Tenders,2012,660,2022,910,250,36.7,40
22,Louisiana,53-7073,Wellhead Pumpers,2012,420,2022,460,40,9.9,20
22,Louisiana,13-1022,Wholesale and Retail Buyers  Except Farm Products,2012,780,2022,880,100,12.7,30
22,Louisiana,51-7042,Woodworking Machine Setters  Operators  and Tenders  Except Sawing,2012,240,2022,250,10,3.8,0
22,Louisiana,43-9022,Word Processors and Typists,2012,300,2022,240,-60,-19,0
22,Louisiana,27-3043,Writers and Authors,2012,570,2022,590,20,3.5,10
22,Louisiana,19-1023,Zoologists and Wildlife Biologists,2012,80,2022,100,20,14.3,0
