STFIPS,AreaName,OccupationCode,OccupationName,BaseYear,Base,ProjYear,Proj,Change,PercentChange,AvgAnnualOpenings
23,Maine,13-2011,Accountants and Auditors,2012,4250,2022,4440,190,4.5,150
23,Maine,15-2011,Actuaries,2012,240,2022,280,40,18.1,10
23,Maine,51-9191,Adhesive Bonding Machine Operators and Tenders,2012,60,2022,50,-10,-8.5,0
23,Maine,23-1021,Administrative Law Judges  Adjudicators  and Hearing Officers,2012,160,2022,160,0,-3.1,0
23,Maine,Nov-11,Administrative Services Managers,2012,1230,2022,1290,60,5,30
23,Maine,25-3011,Adult Basic and Secondary Education and Literacy Teachers and Instructors,2012,130,2022,130,0,3.1,0
23,Maine,Nov-11,Advertising and Promotions Managers,2012,180,2022,180,0,0.6,10
23,Maine,41-3011,Advertising Sales Agents,2012,680,2022,620,-60,-8.6,20
23,Maine,19-4011,Agricultural and Food Science Technicians,2012,30,2022,30,0,0,0
23,Maine,45-2011,Agricultural Inspectors,2012,110,2022,120,10,1.8,0
23,Maine,25-1041,Agricultural Sciences Teachers  Postsecondary,2012,30,2022,30,0,0,0
23,Maine,45-2099,Agricultural Workers  All Other,2012,20,2022,20,0,4.5,0
23,Maine,49-3011,Aircraft Mechanics and Service Technicians,2012,130,2022,140,10,5.5,0
23,Maine,53-3011,Ambulance Drivers and Attendants  Except Emergency Medical Technicians,2012,190,2022,210,20,12.6,10
23,Maine,39-3091,Amusement and Recreation Attendants,2012,800,2022,800,0,0.6,40
23,Maine,29-1061,Anesthesiologists,2012,100,2022,110,10,6.8,0
23,Maine,33-9011,Animal Control Workers,2012,180,2022,170,-10,-2.8,0
23,Maine,39-2011,Animal Trainers,2012,120,2022,130,10,10.7,10
23,Maine,25-1061,Anthropology and Archeology Teachers  Postsecondary,2012,40,2022,40,0,5,0
23,Maine,13-2021,Appraisers and Assessors of Real Estate,2012,520,2022,520,0,0,10
23,Maine,23-1022,Arbitrators  Mediators  and Conciliators,2012,80,2022,80,0,-2.6,0
23,Maine,17-1011,Architects  Except Landscape and Naval,2012,410,2022,420,10,1.7,10
23,Maine,17-3011,Architectural and Civil Drafters,2012,480,2022,410,-70,-13.8,10
23,Maine,Nov-41,Architectural and Engineering Managers,2012,660,2022,650,-10,-2.1,20
23,Maine,25-1031,Architecture Teachers  Postsecondary,2012,20,2022,20,0,6.7,0
23,Maine,25-4011,Archivists,2012,40,2022,40,0,8.1,0
23,Maine,25-1062,Area  Ethnic  and Cultural Studies Teachers  Postsecondary,2012,40,2022,40,0,7.7,0
23,Maine,27-1011,Art Directors,2012,160,2022,150,-10,-4.5,0
23,Maine,25-1121,Art  Drama  and Music Teachers  Postsecondary,2012,280,2022,310,30,8.1,10
23,Maine,51-2099,Assemblers and Fabricators  All Other,2012,450,2022,470,20,3.1,10
23,Maine,29-9091,Athletic Trainers,2012,160,2022,170,10,6.3,10
23,Maine,19-2021,Atmospheric and Space Scientists,2012,50,2022,60,10,13,0
23,Maine,25-1051,Atmospheric  Earth  Marine  and Space Sciences Teachers  Postsecondary,2012,140,2022,140,0,3.7,0
23,Maine,27-4011,Audio and Video Equipment Technicians,2012,150,2022,160,10,6.8,0
23,Maine,29-1181,Audiologists,2012,80,2022,70,-10,-8,0
23,Maine,25-9011,Audio-Visual and Multimedia Collections Specialists,2012,30,2022,30,0,-6.5,0
23,Maine,53-6031,Automotive and Watercraft Service Attendants,2012,1000,2022,1050,50,5.1,30
23,Maine,49-3021,Automotive Body and Related Repairers,2012,680,2022,670,-10,-1.8,10
23,Maine,49-3022,Automotive Glass Installers and Repairers,2012,40,2022,40,0,-4.8,0
23,Maine,49-3023,Automotive Service Technicians and Mechanics,2012,3950,2022,3890,-60,-1.6,100
23,Maine,49-2091,Avionics Technicians,2012,10,2022,10,0,0,0
23,Maine,39-6011,Baggage Porters and Bellhops,2012,100,2022,100,0,3,0
23,Maine,33-3011,Bailiffs,2012,100,2022,100,0,-2,0
23,Maine,51-3011,Bakers,2012,840,2022,820,-20,-2.1,20
23,Maine,39-5011,Barbers,2012,380,2022,400,20,3.9,10
23,Maine,35-3011,Bartenders,2012,2170,2022,2310,140,6.3,90
23,Maine,43-3011,Bill and Account Collectors,2012,1670,2022,1720,50,2.9,50
23,Maine,43-3021,Billing and Posting Clerks,2012,2570,2022,2700,130,5.3,60
23,Maine,19-1021,Biochemists and Biophysicists,2012,80,2022,100,20,24.4,0
23,Maine,25-1042,Biological Science Teachers  Postsecondary,2012,370,2022,410,40,12.3,10
23,Maine,19-4021,Biological Technicians,2012,600,2022,660,60,10.3,20
23,Maine,43-3031,Bookkeeping  Accounting  and Auditing Clerks,2012,8740,2022,8850,110,1.3,90
23,Maine,47-2021,Brickmasons and Blockmasons,2012,250,2022,270,20,10,10
23,Maine,27-3021,Broadcast News Analysts,2012,20,2022,20,0,-10.5,0
23,Maine,27-4012,Broadcast Technicians,2012,110,2022,100,-10,-5.6,0
23,Maine,43-4011,Brokerage Clerks,2012,160,2022,150,-10,-8.1,0
23,Maine,13-2031,Budget Analysts,2012,170,2022,180,10,5.8,10
23,Maine,49-3031,Bus and Truck Mechanics and Diesel Engine Specialists,2012,1780,2022,1760,-20,-1.2,40
23,Maine,53-3022,Bus Drivers  School or Special Client,2012,1720,2022,1570,-150,-8.8,30
23,Maine,53-3021,Bus Drivers  Transit and Intercity,2012,350,2022,350,0,-0.3,10
23,Maine,13-1199,Business Operations Specialists  All Other,2012,3010,2022,3060,50,1.9,50
23,Maine,25-1011,Business Teachers  Postsecondary,2012,410,2022,440,30,8.1,10
23,Maine,51-3021,Butchers and Meat Cutters,2012,720,2022,720,0,0.1,20
23,Maine,51-7011,Cabinetmakers and Bench Carpenters,2012,590,2022,520,-70,-12.1,10
23,Maine,27-4031,Camera Operators  Television  Video  and Motion Picture,2012,210,2022,210,0,1,0
23,Maine,53-5021,Captains  Mates  and Pilots of Water Vessels,2012,240,2022,250,10,1.7,10
23,Maine,29-2031,Cardiovascular Technologists and Technicians,2012,250,2022,310,60,24.8,10
23,Maine,25-2032,Career/Technical Education Teachers  Secondary School,2012,110,2022,100,-10,-5.5,0
23,Maine,43-5011,Cargo and Freight Agents,2012,150,2022,160,10,6.9,10
23,Maine,47-2031,Carpenters,2012,10880,2022,11650,770,7.1,210
23,Maine,17-1021,Cartographers and Photogrammetrists,2012,50,2022,50,0,0,0
23,Maine,41-2011,Cashiers,2012,16700,2022,16460,-240,-1.4,720
23,Maine,47-2051,Cement Masons and Concrete Finishers,2012,450,2022,460,10,2.7,10
23,Maine,35-1011,Chefs and Head Cooks,2012,650,2022,650,0,0.2,10
23,Maine,17-2041,Chemical Engineers,2012,130,2022,140,10,8.6,0
23,Maine,51-9011,Chemical Equipment Operators and Tenders,2012,170,2022,170,0,0.6,10
23,Maine,51-8091,Chemical Plant and System Operators,2012,130,2022,120,-10,-14.2,10
23,Maine,19-4031,Chemical Technicians,2012,210,2022,220,10,2.8,10
23,Maine,25-1052,Chemistry Teachers  Postsecondary,2012,140,2022,150,10,6.4,0
23,Maine,19-2031,Chemists,2012,140,2022,140,0,1.4,0
23,Maine,11-1011,Chief Executives,2012,1120,2022,1110,-10,-1.6,20
23,Maine,21-1021,Child  Family  and School Social Workers,2012,1830,2022,1850,20,1.1,40
23,Maine,39-9011,Childcare Workers,2012,6200,2022,6720,520,8.3,230
23,Maine,29-1011,Chiropractors,2012,330,2022,320,-10,-4.5,10
23,Maine,17-3022,Civil Engineering Technicians,2012,400,2022,350,-50,-12,10
23,Maine,17-2051,Civil Engineers,2012,940,2022,970,30,3.1,30
23,Maine,13-1031,Claims Adjusters  Examiners  and Investigators,2012,1680,2022,1670,-10,-0.8,40
23,Maine,53-7061,Cleaners of Vehicles and Equipment,2012,780,2022,790,10,1,20
23,Maine,51-9192,Cleaning  Washing  and Metal Pickling Equipment Operators and Tenders,2012,80,2022,80,0,-1.3,0
23,Maine,21-2011,Clergy,2012,2340,2022,2320,-20,-0.8,50
23,Maine,19-3031,Clinical  Counseling  and School Psychologists,2012,540,2022,550,10,2.2,20
23,Maine,27-2022,Coaches and Scouts,2012,2170,2022,2160,-10,-0.4,60
23,Maine,51-9121,Coating  Painting  and Spraying Machine Setters  Operators  and Tenders,2012,620,2022,540,-80,-11.5,10
23,Maine,51-2021,Coil Winders  Tapers  and Finishers,2012,30,2022,20,-10,-16,0
23,Maine,49-9091,Coin  Vending  and Amusement Machine Servicers and Repairers,2012,170,2022,150,-20,-11.9,0
23,Maine,35-3021,Combined Food Preparation and Serving Workers  Including Fast Food,2012,10930,2022,12000,1070,9.8,520
23,Maine,27-1021,Commercial and Industrial Designers,2012,200,2022,190,-10,-4.5,10
23,Maine,53-2012,Commercial Pilots,2012,130,2022,140,10,3,0
23,Maine,25-1122,Communications Teachers  Postsecondary,2012,80,2022,90,10,7.3,0
23,Maine,21-1099,Community and Social Service Specialists  All Other,2012,260,2022,280,20,8.5,10
23,Maine,21-1094,Community Health Workers,2012,160,2022,170,10,8.1,10
23,Maine,Nov-11,Compensation and Benefits Managers,2012,120,2022,120,0,-2.4,0
23,Maine,13-1141,Compensation  Benefits  and Job Analysis Specialists,2012,380,2022,380,0,-2.1,10
23,Maine,13-1041,Compliance Officers,2012,990,2022,1010,20,1.7,20
23,Maine,Nov-21,Computer and Information Systems Managers,2012,940,2022,1010,70,7.4,20
23,Maine,15-1143,Computer Network Architects,2012,320,2022,340,20,5.3,10
23,Maine,15-1152,Computer Network Support Specialists,2012,580,2022,550,-30,-4.8,10
23,Maine,51-4012,Computer Numerically Controlled Machine Tool Programmers  Metal and Plastic,2012,70,2022,90,20,21.1,0
23,Maine,15-1199,Computer Occupations  All Other,2012,340,2022,350,10,2.3,10
23,Maine,43-9011,Computer Operators,2012,330,2022,270,-60,-18.8,0
23,Maine,15-1131,Computer Programmers,2012,880,2022,850,-30,-2.7,20
23,Maine,25-1021,Computer Science Teachers  Postsecondary,2012,110,2022,120,10,10.3,0
23,Maine,15-1121,Computer Systems Analysts,2012,1690,2022,1980,290,17.1,60
23,Maine,15-1151,Computer User Support Specialists,2012,1640,2022,1780,140,8.5,40
23,Maine,49-2011,Computer  Automated Teller  and Office Machine Repairers,2012,740,2022,700,-40,-6.6,20
23,Maine,51-4011,Computer-Controlled Machine Tool Operators  Metal and Plastic,2012,850,2022,900,50,5.7,30
23,Maine,39-6012,Concierges,2012,20,2022,30,10,20.8,0
23,Maine,19-1031,Conservation Scientists,2012,170,2022,170,0,-1.2,10
23,Maine,47-4011,Construction and Building Inspectors,2012,560,2022,550,-10,-1.1,10
23,Maine,47-4099,Construction and Related Workers  All Other,2012,100,2022,100,0,0,0
23,Maine,47-2061,Construction Laborers,2012,3790,2022,3930,140,3.8,100
23,Maine,Nov-21,Construction Managers,2012,3560,2022,3660,100,2.8,70
23,Maine,49-9012,Control and Valve Installers and Repairers  Except Mechanical Door,2012,120,2022,110,-10,-5,0
23,Maine,53-7011,Conveyor Operators and Tenders,2012,230,2022,220,-10,-6.5,10
23,Maine,35-2019,Cooks  All Other,2012,160,2022,180,20,8,0
23,Maine,35-2011,Cooks  Fast Food,2012,1030,2022,980,-50,-4.7,20
23,Maine,35-2012,Cooks  Institution and Cafeteria,2012,1770,2022,1900,130,7.1,50
23,Maine,35-2013,Cooks  Private Household,2012,10,2022,10,0,0,0
23,Maine,35-2014,Cooks  Restaurant,2012,5830,2022,6390,560,9.7,170
23,Maine,35-2015,Cooks  Short Order,2012,1140,2022,1060,-80,-6.8,20
23,Maine,33-3012,Correctional Officers and Jailers,2012,1130,2022,1090,-40,-3.2,30
23,Maine,43-4021,Correspondence Clerks,2012,40,2022,40,0,2.3,0
23,Maine,13-1051,Cost Estimators,2012,750,2022,790,40,5.1,30
23,Maine,21-1019,Counselors  All Other,2012,40,2022,50,10,7.1,0
23,Maine,41-2021,Counter and Rental Clerks,2012,2010,2022,2010,0,-0.1,50
23,Maine,35-3022,Counter Attendants  Cafeteria  Food Concession  and Coffee Shop,2012,2910,2022,2720,-190,-6.5,180
23,Maine,43-5021,Couriers and Messengers,2012,200,2022,170,-30,-13.3,0
23,Maine,43-4031,Court  Municipal  and License Clerks,2012,1020,2022,1040,20,2,20
23,Maine,27-1012,Craft Artists,2012,510,2022,480,-30,-5.1,10
23,Maine,53-7021,Crane and Tower Operators,2012,220,2022,220,0,0.5,10
23,Maine,13-2041,Credit Analysts,2012,330,2022,350,20,5.4,10
23,Maine,43-4041,Credit Authorizers  Checkers  and Clerks,2012,240,2022,220,-20,-11.9,0
23,Maine,13-2071,Credit Counselors,2012,160,2022,170,10,8.8,0
23,Maine,25-1111,Criminal Justice and Law Enforcement Teachers  Postsecondary,2012,50,2022,50,0,8.7,0
23,Maine,33-9091,Crossing Guards,2012,710,2022,800,90,12,20
23,Maine,51-9021,Crushing  Grinding  and Polishing Machine Setters  Operators  and Tenders,2012,220,2022,190,-30,-14.7,10
23,Maine,25-4012,Curators,2012,80,2022,90,10,6.3,0
23,Maine,43-4051,Customer Service Representatives,2012,8100,2022,8540,440,5.4,260
23,Maine,51-9031,Cutters and Trimmers  Hand,2012,60,2022,50,-10,-8.6,0
23,Maine,51-9032,Cutting and Slicing Machine Setters  Operators  and Tenders,2012,520,2022,430,-90,-16.1,10
23,Maine,51-4031,Cutting  Punching  and Press Machine Setters  Operators  and Tenders  Metal and Plastic,2012,250,2022,210,-40,-18.3,0
23,Maine,43-9021,Data Entry Keyers,2012,670,2022,470,-200,-30,10
23,Maine,15-1141,Database Administrators,2012,270,2022,280,10,2.9,10
23,Maine,41-9011,Demonstrators and Product Promoters,2012,290,2022,290,0,0.3,10
23,Maine,31-9091,Dental Assistants,2012,1130,2022,1250,120,11,40
23,Maine,29-2021,Dental Hygienists,2012,1070,2022,1260,190,18,50
23,Maine,51-9081,Dental Laboratory Technicians,2012,110,2022,120,10,6.2,10
23,Maine,29-1021,Dentists  General,2012,640,2022,640,0,-0.5,20
23,Maine,43-9031,Desktop Publishers,2012,110,2022,100,-10,-9.4,0
23,Maine,33-3021,Detectives and Criminal Investigators,2012,530,2022,540,10,0.4,10
23,Maine,29-2032,Diagnostic Medical Sonographers,2012,250,2022,340,90,35.3,10
23,Maine,29-2051,Dietetic Technicians,2012,130,2022,150,20,9.8,0
23,Maine,29-1031,Dietitians and Nutritionists,2012,300,2022,330,30,12.2,10
23,Maine,35-9011,Dining Room and Cafeteria Attendants and Bartender Helpers,2012,1090,2022,1110,20,2.3,50
23,Maine,21-2021,Directors  Religious Activities and Education,2012,290,2022,290,0,0,10
23,Maine,35-9021,Dishwashers,2012,2870,2022,2920,50,1.8,130
23,Maine,43-5032,Dispatchers  Except Police  Fire  and Ambulance,2012,810,2022,800,-10,-1.2,20
23,Maine,41-9091,Door-to-Door Sales Workers  News and Street Vendors  and Related Workers,2012,520,2022,420,-100,-18.5,10
23,Maine,17-3019,Drafters  All Other,2012,10,2022,10,0,0,0
23,Maine,51-4032,Drilling and Boring Machine Tool Setters  Operators  and Tenders  Metal and Plastic,2012,250,2022,180,-70,-27.1,10
23,Maine,53-3031,Driver/Sales Workers,2012,1450,2022,1460,10,0.6,20
23,Maine,47-2081,Drywall and Ceiling Tile Installers,2012,400,2022,400,0,1.5,10
23,Maine,47-5021,Earth Drillers  Except Oil and Gas,2012,90,2022,90,0,1.1,0
23,Maine,25-1063,Economics Teachers  Postsecondary,2012,80,2022,80,0,6.7,0
23,Maine,19-3011,Economists,2012,50,2022,50,0,6.5,0
23,Maine,27-3041,Editors,2012,420,2022,380,-40,-9.6,10
23,Maine,Nov-39,Education Administrators  All Other,2012,210,2022,210,0,1.4,10
23,Maine,Nov-32,Education Administrators  Elementary and Secondary School,2012,1360,2022,1290,-70,-5.2,40
23,Maine,Nov-33,Education Administrators  Postsecondary,2012,790,2022,850,60,7.3,30
23,Maine,Nov-31,Education Administrators  Preschool and Childcare Center/Program,2012,220,2022,230,10,2.2,10
23,Maine,25-1081,Education Teachers  Postsecondary,2012,420,2022,450,30,6.2,10
23,Maine,25-9099,Education  Training  and Library Workers  All Other,2012,100,2022,100,0,-2,0
23,Maine,21-1012,Educational  Guidance  School  and Vocational Counselors,2012,1380,2022,1410,30,2.8,30
23,Maine,49-2092,Electric Motor  Power Tool  and Related Repairers,2012,100,2022,90,-10,-11,0
23,Maine,51-2022,Electrical and Electronic Equipment Assemblers,2012,240,2022,210,-30,-11.9,0
23,Maine,17-3012,Electrical and Electronics Drafters,2012,140,2022,130,-10,-5.1,0
23,Maine,17-3023,Electrical and Electronics Engineering Technicians,2012,270,2022,250,-20,-6.6,10
23,Maine,49-2093,Electrical and Electronics Installers and Repairers  Transportation Equipment,2012,120,2022,110,-10,-3.4,0
23,Maine,49-2094,Electrical and Electronics Repairers  Commercial and Industrial Equipment,2012,900,2022,850,-50,-5.3,20
23,Maine,49-2095,Electrical and Electronics Repairers  Powerhouse  Substation  and Relay,2012,20,2022,20,0,0,0
23,Maine,17-2071,Electrical Engineers,2012,430,2022,410,-20,-3.5,10
23,Maine,49-9051,Electrical Power-Line Installers and Repairers,2012,420,2022,420,0,1.7,20
23,Maine,47-2111,Electricians,2012,3710,2022,3710,0,0.2,70
23,Maine,51-2023,Electromechanical Equipment Assemblers,2012,50,2022,50,0,-7.7,0
23,Maine,17-2072,Electronics Engineers  Except Computer,2012,210,2022,200,-10,-1.9,0
23,Maine,25-2021,Elementary School Teachers  Except Special Education,2012,6510,2022,6530,20,0.4,150
23,Maine,43-4061,Eligibility Interviewers  Government Programs,2012,620,2022,660,40,6.9,20
23,Maine,Nov-61,Emergency Management Directors,2012,80,2022,80,0,0,0
23,Maine,29-2041,Emergency Medical Technicians and Paramedics,2012,1870,2022,2080,210,11.7,70
23,Maine,51-2031,Engine and Other Machine Assemblers,2012,20,2022,20,0,-4.8,0
23,Maine,25-1032,Engineering Teachers  Postsecondary,2012,110,2022,110,0,4.7,0
23,Maine,17-3029,Engineering Technicians  Except Drafters  All Other,2012,670,2022,650,-20,-3.3,10
23,Maine,17-2199,Engineers  All Other,2012,420,2022,410,-10,-2.1,10
23,Maine,25-1123,English Language and Literature Teachers  Postsecondary,2012,370,2022,400,30,7.6,10
23,Maine,17-3025,Environmental Engineering Technicians,2012,100,2022,100,0,0,0
23,Maine,17-2081,Environmental Engineers,2012,340,2022,340,0,-0.6,10
23,Maine,19-4091,Environmental Science and Protection Technicians  Including Health,2012,140,2022,140,0,-2.1,10
23,Maine,25-1053,Environmental Science Teachers  Postsecondary,2012,60,2022,60,0,5,0
23,Maine,19-2041,Environmental Scientists and Specialists  Including Health,2012,480,2022,470,-10,-0.8,10
23,Maine,19-1041,Epidemiologists,2012,30,2022,30,0,3.3,0
23,Maine,53-7032,Excavating and Loading Machine and Dragline Operators,2012,770,2022,770,0,1,10
23,Maine,43-6011,Executive Secretaries and Executive Administrative Assistants,2012,2160,2022,1960,-200,-9,30
23,Maine,29-1128,Exercise Physiologists,2012,100,2022,100,0,-1,0
23,Maine,51-4021,Extruding and Drawing Machine Setters  Operators  and Tenders  Metal and Plastic,2012,130,2022,100,-30,-17.6,0
23,Maine,51-6091,Extruding and Forming Machine Setters  Operators  and Tenders  Synthetic and Glass Fibers,2012,110,2022,90,-20,-16.8,0
23,Maine,51-9041,Extruding  Forming  Pressing  and Compacting Machine Setters  Operators  and Tenders,2012,410,2022,400,-10,-2,10
23,Maine,29-1062,Family and General Practitioners,2012,930,2022,920,-10,-0.6,20
23,Maine,49-3041,Farm Equipment Mechanics and Service Technicians,2012,70,2022,60,-10,-6.1,0
23,Maine,Nov-13,Farmers  Ranchers  and Other Agricultural Managers,2012,3220,2022,3220,0,0,50
23,Maine,45-2092,Farmworkers and Laborers  Crop  Nursery  and Greenhouse,2012,1720,2022,1720,0,-0.1,50
23,Maine,45-2093,Farmworkers  Farm  Ranch  and Aquacultural Animals,2012,270,2022,280,10,3.7,10
23,Maine,27-1022,Fashion Designers,2012,70,2022,70,0,6.1,0
23,Maine,47-4031,Fence Erectors,2012,250,2022,260,10,4,10
23,Maine,51-2091,Fiberglass Laminators and Fabricators,2012,200,2022,180,-20,-7.1,0
23,Maine,43-4071,File Clerks,2012,430,2022,380,-50,-11.1,10
23,Maine,27-4032,Film and Video Editors,2012,70,2022,80,10,1.4,0
23,Maine,13-2051,Financial Analysts,2012,360,2022,380,20,5.3,10
23,Maine,43-3099,Financial Clerks  All Other,2012,40,2022,40,0,-2.7,0
23,Maine,13-2061,Financial Examiners,2012,90,2022,90,0,2.3,0
23,Maine,Nov-31,Financial Managers,2012,2790,2022,2860,70,2.5,60
23,Maine,13-2099,Financial Specialists  All Other,2012,430,2022,440,10,0.7,0
23,Maine,27-1013,Fine Artists  Including Painters  Sculptors  and Illustrators,2012,1050,2022,1010,-40,-3.8,30
23,Maine,33-2021,Fire Inspectors and Investigators,2012,80,2022,80,0,-2.6,0
23,Maine,33-2011,Firefighters,2012,2330,2022,2270,-60,-2.6,60
23,Maine,47-1011,First-Line Supervisors of Construction Trades and Extraction Workers,2012,2740,2022,2820,80,2.8,40
23,Maine,33-1011,First-Line Supervisors of Correctional Officers,2012,160,2022,150,-10,-3.2,10
23,Maine,45-1011,First-Line Supervisors of Farming  Fishing  and Forestry Workers,2012,330,2022,300,-30,-9.9,10
23,Maine,33-1021,First-Line Supervisors of Fire Fighting and Prevention Workers,2012,250,2022,250,0,-2.4,10
23,Maine,35-1012,First-Line Supervisors of Food Preparation and Serving Workers,2012,3890,2022,4140,250,6.4,140
23,Maine,53-1021,First-Line Supervisors of Helpers  Laborers  and Material Movers  Hand,2012,450,2022,460,10,2.7,10
23,Maine,37-1011,First-Line Supervisors of Housekeeping and Janitorial Workers,2012,1110,2022,1180,70,6.3,30
23,Maine,37-1012,First-Line Supervisors of Landscaping  Lawn Service  and Groundskeeping Workers,2012,1110,2022,1180,70,6,20
23,Maine,49-1011,First-Line Supervisors of Mechanics  Installers  and Repairers,2012,2120,2022,2100,-20,-1,60
23,Maine,41-1012,First-Line Supervisors of Non-Retail Sales Workers,2012,1370,2022,1250,-120,-8.6,20
23,Maine,43-1011,First-Line Supervisors of Office and Administrative Support Workers,2012,5690,2022,5900,210,3.6,160
23,Maine,39-1021,First-Line Supervisors of Personal Service Workers,2012,1250,2022,1300,50,3.7,30
23,Maine,33-1012,First-Line Supervisors of Police and Detectives,2012,320,2022,320,0,-2.5,10
23,Maine,51-1011,First-Line Supervisors of Production and Operating Workers,2012,3070,2022,2860,-210,-6.8,40
23,Maine,33-1099,First-Line Supervisors of Protective Service Workers  All Other,2012,210,2022,220,10,3.3,10
23,Maine,41-1011,First-Line Supervisors of Retail Sales Workers,2012,9480,2022,9250,-230,-2.4,210
23,Maine,53-1031,First-Line Supervisors of Transportation and Material-Moving Machine and Vehicle Operators,2012,900,2022,910,10,0.6,30
23,Maine,33-3031,Fish and Game Wardens,2012,130,2022,130,0,-3.8,0
23,Maine,45-3011,Fishers and Related Fishing Workers,2012,520,2022,460,-60,-11.5,10
23,Maine,39-9031,Fitness Trainers and Aerobics Instructors,2012,1050,2022,1090,40,3.9,20
23,Maine,27-1023,Floral Designers,2012,310,2022,280,-30,-10.3,10
23,Maine,51-3091,Food and Tobacco Roasting  Baking  and Drying Machine Operators and Tenders,2012,100,2022,100,0,1,0
23,Maine,51-3092,Food Batchmakers,2012,240,2022,220,-20,-4.7,10
23,Maine,35-9099,Food Preparation and Serving Related Workers  All Other,2012,10,2022,10,0,8.3,0
23,Maine,35-2021,Food Preparation Workers,2012,5310,2022,5090,-220,-4.3,150
23,Maine,51-3099,Food Processing Workers  All Other,2012,100,2022,100,0,3,0
23,Maine,19-1012,Food Scientists and Technologists,2012,30,2022,30,0,7.4,0
23,Maine,35-3041,Food Servers  Nonrestaurant,2012,1370,2022,1540,170,12.7,60
23,Maine,Nov-51,Food Service Managers,2012,1960,2022,1890,-70,-3.2,40
23,Maine,25-1124,Foreign Language and Literature Teachers  Postsecondary,2012,110,2022,120,10,7.2,0
23,Maine,19-4092,Forensic Science Technicians,2012,40,2022,40,0,-2.5,0
23,Maine,19-4093,Forest and Conservation Technicians,2012,40,2022,40,0,2.5,0
23,Maine,19-1032,Foresters,2012,120,2022,120,0,1.7,0
23,Maine,25-1043,Forestry and Conservation Science Teachers  Postsecondary,2012,40,2022,40,0,2.7,0
23,Maine,51-4022,Forging Machine Setters  Operators  and Tenders  Metal and Plastic,2012,20,2022,10,-10,-12.5,0
23,Maine,13-1131,Fundraisers,2012,310,2022,320,10,5.6,10
23,Maine,39-4021,Funeral Attendants,2012,160,2022,160,0,1.3,0
23,Maine,Nov-61,Funeral Service Managers,2012,90,2022,100,10,13.5,0
23,Maine,51-9051,Furnace  Kiln  Oven  Drier  and Kettle Operators and Tenders,2012,90,2022,80,-10,-11.1,0
23,Maine,51-7021,Furniture Finishers,2012,290,2022,260,-30,-8.8,0
23,Maine,41-2012,Gaming Change Persons and Booth Cashiers,2012,80,2022,80,0,3.9,0
23,Maine,11-1021,General and Operations Managers,2012,11290,2022,11530,240,2.1,240
23,Maine,19-4041,Geological and Petroleum Technicians,2012,20,2022,20,0,0,0
23,Maine,19-2042,Geoscientists  Except Hydrologists and Geographers,2012,110,2022,110,0,6.5,0
23,Maine,45-2041,Graders and Sorters  Agricultural Products,2012,140,2022,140,0,-1.4,0
23,Maine,25-1191,Graduate Teaching Assistants,2012,640,2022,650,10,1.4,10
23,Maine,27-1024,Graphic Designers,2012,880,2022,840,-40,-4,20
23,Maine,51-9022,Grinding and Polishing Workers  Hand,2012,100,2022,90,-10,-9.9,0
23,Maine,51-4033,Grinding  Lapping  Polishing  and Buffing Machine Tool Setters  Operators  and Tenders  Metal and Plastic,2012,280,2022,230,-50,-19.8,10
23,Maine,37-3019,Grounds Maintenance Workers  All Other,2012,80,2022,90,10,6,0
23,Maine,39-5012,Hairdressers  Hairstylists  and Cosmetologists,2012,4180,2022,4460,280,6.7,130
23,Maine,47-4041,Hazardous Materials Removal Workers,2012,140,2022,130,-10,-5.7,0
23,Maine,17-2111,Health and Safety Engineers  Except Mining Safety Engineers and Inspectors,2012,90,2022,90,0,4.7,0
23,Maine,29-1199,Health Diagnosing and Treating Practitioners  All Other,2012,130,2022,130,0,5.5,0
23,Maine,21-1091,Health Educators,2012,540,2022,590,50,8.3,20
23,Maine,25-1071,Health Specialties Teachers  Postsecondary,2012,290,2022,370,80,27.6,10
23,Maine,29-2099,Health Technologists and Technicians  All Other,2012,370,2022,430,60,15.4,10
23,Maine,29-9099,Healthcare Practitioners and Technical Workers  All Other,2012,140,2022,150,10,10.9,10
23,Maine,21-1022,Healthcare Social Workers,2012,690,2022,780,90,13.3,20
23,Maine,31-9099,Healthcare Support Workers  All Other,2012,320,2022,350,30,9.3,10
23,Maine,51-4191,Heat Treating Equipment Setters  Operators  and Tenders  Metal and Plastic,2012,60,2022,50,-10,-11.5,0
23,Maine,49-9021,Heating  Air Conditioning  and Refrigeration Mechanics and Installers,2012,2010,2022,1970,-40,-2.1,50
23,Maine,53-3032,Heavy and Tractor-Trailer Truck Drivers,2012,9580,2022,9530,-50,-0.5,150
23,Maine,47-3019,Helpers  Construction Trades  All Other,2012,60,2022,60,0,-1.7,0
23,Maine,47-3011,Helpers--Brickmasons  Blockmasons  Stonemasons  and Tile and Marble Setters,2012,170,2022,200,30,15.4,10
23,Maine,47-3012,Helpers--Carpenters,2012,350,2022,360,10,1.4,10
23,Maine,47-3013,Helpers--Electricians,2012,350,2022,370,20,6.3,10
23,Maine,49-9098,Helpers--Installation  Maintenance  and Repair Workers,2012,300,2022,300,0,1,10
23,Maine,51-9198,Helpers--Production Workers,2012,2070,2022,1960,-110,-5.2,40
23,Maine,47-3016,Helpers--Roofers,2012,120,2022,110,-10,-9,0
23,Maine,47-4051,Highway Maintenance Workers,2012,2020,2022,1960,-60,-2.9,30
23,Maine,19-3093,Historians,2012,20,2022,20,0,5.9,0
23,Maine,25-1125,History Teachers  Postsecondary,2012,150,2022,160,10,6.8,0
23,Maine,53-7041,Hoist and Winch Operators,2012,50,2022,40,-10,-22.2,0
23,Maine,49-9031,Home Appliance Repairers,2012,170,2022,170,0,-3.4,10
23,Maine,31-1011,Home Health Aides,2012,3800,2022,4520,720,19,140
23,Maine,35-9031,Hosts and Hostesses  Restaurant  Lounge  and Coffee Shop,2012,900,2022,910,10,0.8,70
23,Maine,43-4081,Hotel  Motel  and Resort Desk Clerks,2012,1880,2022,2010,130,7.2,100
23,Maine,43-4161,Human Resources Assistants  Except Payroll and Timekeeping,2012,510,2022,470,-40,-7.1,10
23,Maine,Nov-21,Human Resources Managers,2012,420,2022,450,30,7.6,10
23,Maine,13-1071,Human Resources Specialists,2012,1080,2022,1070,-10,-0.3,20
23,Maine,19-2043,Hydrologists,2012,50,2022,50,0,2.1,0
23,Maine,17-3026,Industrial Engineering Technicians,2012,160,2022,150,-10,-5,0
23,Maine,17-2112,Industrial Engineers,2012,590,2022,580,-10,-1.5,20
23,Maine,49-9041,Industrial Machinery Mechanics,2012,1200,2022,1320,120,10.3,50
23,Maine,Nov-51,Industrial Production Managers,2012,590,2022,550,-40,-6,10
23,Maine,53-7051,Industrial Truck and Tractor Operators,2012,2370,2022,2100,-270,-11.5,50
23,Maine,43-4199,Information and Record Clerks  All Other,2012,530,2022,470,-60,-10.6,10
23,Maine,15-1122,Information Security Analysts,2012,240,2022,290,50,23.4,10
23,Maine,51-9061,Inspectors  Testers  Sorters  Samplers  and Weighers,2012,1180,2022,1140,-40,-3.1,30
23,Maine,49-9099,Installation  Maintenance  and Repair Workers  All Other,2012,840,2022,820,-20,-2.1,10
23,Maine,25-9031,Instructional Coordinators,2012,450,2022,470,20,3.5,10
23,Maine,47-2131,Insulation Workers  Floor  Ceiling  and Wall,2012,260,2022,280,20,6.2,10
23,Maine,47-2132,Insulation Workers  Mechanical,2012,310,2022,360,50,17.9,10
23,Maine,43-9041,Insurance Claims and Policy Processing Clerks,2012,1280,2022,1300,20,1.5,40
23,Maine,41-3021,Insurance Sales Agents,2012,3800,2022,3790,-10,-0.2,90
23,Maine,13-2053,Insurance Underwriters,2012,470,2022,430,-40,-9.7,10
23,Maine,27-1025,Interior Designers,2012,170,2022,170,0,-0.6,0
23,Maine,29-1063,Internists  General,2012,310,2022,300,-10,-3.5,10
23,Maine,27-3091,Interpreters and Translators,2012,190,2022,270,80,42,10
23,Maine,43-4111,Interviewers  Except Eligibility and Loan,2012,660,2022,670,10,2.9,10
23,Maine,37-2011,Janitors and Cleaners  Except Maids and Housekeeping Cleaners,2012,10010,2022,10270,260,2.6,210
23,Maine,51-9071,Jewelers and Precious Stone and Metal Workers,2012,170,2022,160,-10,-6.5,0
23,Maine,23-1023,Judges  Magistrate Judges  and Magistrates,2012,110,2022,110,0,-2.7,0
23,Maine,23-1012,Judicial Law Clerks,2012,60,2022,50,-10,-3.6,0
23,Maine,25-2012,Kindergarten Teachers  Except Special Education,2012,890,2022,900,10,0.7,30
23,Maine,13-1075,Labor Relations Specialists,2012,230,2022,210,-20,-7,0
23,Maine,53-7062,Laborers and Freight  Stock  and Material Movers  Hand,2012,6150,2022,6220,70,1.2,200
23,Maine,37-3011,Landscaping and Groundskeeping Workers,2012,5860,2022,6180,320,5.5,180
23,Maine,51-4034,Lathe and Turning Machine Tool Setters  Operators  and Tenders  Metal and Plastic,2012,180,2022,150,-30,-16.5,0
23,Maine,51-6011,Laundry and Dry-Cleaning Workers,2012,900,2022,910,10,0.7,30
23,Maine,23-1011,Lawyers,2012,2930,2022,3010,80,2.7,60
23,Maine,51-4192,Layout Workers  Metal and Plastic,2012,190,2022,180,-10,-5.2,0
23,Maine,43-6012,Legal Secretaries,2012,940,2022,840,-100,-10.7,10
23,Maine,23-2099,Legal Support Workers  All Other,2012,190,2022,200,10,4.6,0
23,Maine,25-4021,Librarians,2012,770,2022,740,-30,-3.5,20
23,Maine,43-4121,Library Assistants  Clerical,2012,330,2022,350,20,4.5,20
23,Maine,25-4031,Library Technicians,2012,1040,2022,1020,-20,-1.5,60
23,Maine,29-2061,Licensed Practical and Licensed Vocational Nurses,2012,1470,2022,1690,220,14.8,60
23,Maine,19-1099,Life Scientists  All Other,2012,50,2022,60,10,17,0
23,Maine,19-4099,Life  Physical  and Social Science Technicians  All Other,2012,180,2022,190,10,4.4,10
23,Maine,33-9092,Lifeguards  Ski Patrol  and Other Recreational Protective Service Workers,2012,400,2022,410,10,2.8,30
23,Maine,53-3033,Light Truck or Delivery Services Drivers,2012,4110,2022,4150,40,1,70
23,Maine,43-4131,Loan Interviewers and Clerks,2012,660,2022,680,20,3.5,10
23,Maine,13-2072,Loan Officers,2012,1250,2022,1320,70,5.3,30
23,Maine,39-3093,Locker Room  Coatroom  and Dressing Room Attendants,2012,200,2022,220,20,5.9,10
23,Maine,49-9094,Locksmiths and Safe Repairers,2012,120,2022,110,-10,-0.9,0
23,Maine,53-4011,Locomotive Engineers,2012,50,2022,40,-10,-10.9,0
23,Maine,Nov-81,Lodging Managers,2012,570,2022,580,10,2.8,20
23,Maine,45-4023,Log Graders and Scalers,2012,100,2022,50,-50,-43.2,0
23,Maine,45-4022,Logging Equipment Operators,2012,1860,2022,1760,-100,-5.2,30
23,Maine,45-4029,Logging Workers  All Other,2012,60,2022,50,-10,-16.7,0
23,Maine,13-1081,Logisticians,2012,200,2022,230,30,15.6,10
23,Maine,53-7063,Machine Feeders and Offbearers,2012,360,2022,330,-30,-9.1,10
23,Maine,51-4041,Machinists,2012,1560,2022,1580,20,1.3,40
23,Maine,29-2035,Magnetic Resonance Imaging Technologists,2012,150,2022,170,20,18.4,10
23,Maine,37-2012,Maids and Housekeeping Cleaners,2012,7640,2022,8180,540,7.2,210
23,Maine,43-9051,Mail Clerks and Mail Machine Operators  Except Postal Service,2012,280,2022,240,-40,-14.7,10
23,Maine,49-9071,Maintenance and Repair Workers  General,2012,5230,2022,5330,100,1.7,110
23,Maine,49-9043,Maintenance Workers  Machinery,2012,300,2022,300,0,1,0
23,Maine,39-5091,Makeup Artists  Theatrical and Performance,2012,20,2022,20,0,-4.2,0
23,Maine,13-1111,Management Analysts,2012,1510,2022,1630,120,8,40
23,Maine,Nov-99,Managers  All Other,2012,2280,2022,2310,30,1.2,50
23,Maine,49-9095,Manufactured Building and Mobile Home Installers,2012,50,2022,30,-20,-27.7,0
23,Maine,13-1161,Market Research Analysts and Marketing Specialists,2012,720,2022,890,170,22.8,30
23,Maine,Nov-21,Marketing Managers,2012,710,2022,740,30,4.8,20
23,Maine,21-1013,Marriage and Family Therapists,2012,90,2022,90,0,6.9,0
23,Maine,31-9011,Massage Therapists,2012,1460,2022,1560,100,6.9,30
23,Maine,17-2131,Materials Engineers,2012,40,2022,30,-10,-5.7,0
23,Maine,19-2032,Materials Scientists,2012,40,2022,40,0,2.8,0
23,Maine,25-1022,Mathematical Science Teachers  Postsecondary,2012,240,2022,250,10,7.6,10
23,Maine,15-2091,Mathematical Technicians,2012,10,2022,10,0,9.1,0
23,Maine,51-3022,Meat  Poultry  and Fish Cutters and Trimmers,2012,540,2022,540,0,-0.7,10
23,Maine,49-9011,Mechanical Door Repairers,2012,130,2022,150,20,9,10
23,Maine,17-3013,Mechanical Drafters,2012,630,2022,530,-100,-16.1,10
23,Maine,17-3027,Mechanical Engineering Technicians,2012,200,2022,190,-10,-5.6,0
23,Maine,17-2141,Mechanical Engineers,2012,710,2022,710,0,-0.7,20
23,Maine,27-4099,Media and Communication Equipment Workers  All Other,2012,40,2022,40,0,2.4,0
23,Maine,29-2012,Medical and Clinical Laboratory Technicians,2012,750,2022,910,160,21.5,40
23,Maine,29-2011,Medical and Clinical Laboratory Technologists,2012,590,2022,630,40,7.5,20
23,Maine,Nov-11,Medical and Health Services Managers,2012,1670,2022,1880,210,12.6,60
23,Maine,51-9082,Medical Appliance Technicians,2012,30,2022,30,0,6.7,0
23,Maine,31-9092,Medical Assistants,2012,2860,2022,3200,340,11.9,90
23,Maine,31-9093,Medical Equipment Preparers,2012,290,2022,330,40,12.1,10
23,Maine,49-9062,Medical Equipment Repairers,2012,150,2022,170,20,18.6,10
23,Maine,29-2071,Medical Records and Health Information Technicians,2012,1140,2022,1280,140,12.3,40
23,Maine,19-1042,Medical Scientists  Except Epidemiologists,2012,120,2022,130,10,8.3,0
23,Maine,43-6013,Medical Secretaries,2012,3400,2022,4110,710,20.9,110
23,Maine,31-9094,Medical Transcriptionists,2012,750,2022,760,10,1.2,20
23,Maine,13-1121,Meeting  Convention  and Event Planners,2012,310,2022,390,80,25.2,10
23,Maine,21-1023,Mental Health and Substance Abuse Social Workers,2012,1460,2022,1580,120,8.2,40
23,Maine,21-1014,Mental Health Counselors,2012,590,2022,660,70,12.8,20
23,Maine,27-1026,Merchandise Displayers and Window Trimmers,2012,960,2022,1020,60,5.9,30
23,Maine,51-4199,Metal Workers and Plastic Workers  All Other,2012,70,2022,60,-10,-5.9,0
23,Maine,43-5041,Meter Readers  Utilities,2012,210,2022,180,-30,-14.8,10
23,Maine,19-1022,Microbiologists,2012,120,2022,130,10,9.3,0
23,Maine,25-2022,Middle School Teachers  Except Special and Career/Technical Education,2012,2660,2022,2670,10,0.4,60
23,Maine,51-4035,Milling and Planing Machine Setters  Operators  and Tenders  Metal and Plastic,2012,90,2022,80,-10,-12.2,0
23,Maine,49-9044,Millwrights,2012,440,2022,420,-20,-4.4,10
23,Maine,51-9023,Mixing and Blending Machine Setters  Operators  and Tenders,2012,370,2022,340,-30,-7.9,10
23,Maine,49-3042,Mobile Heavy Equipment Mechanics  Except Engines,2012,910,2022,880,-30,-3.3,30
23,Maine,51-9195,Molders  Shapers  and Casters  Except Metal and Plastic,2012,130,2022,110,-20,-14.3,0
23,Maine,39-3021,Motion Picture Projectionists,2012,60,2022,50,-10,-12.9,0
23,Maine,53-3099,Motor Vehicle Operators  All Other,2012,260,2022,270,10,2.7,10
23,Maine,49-3051,Motorboat Mechanics and Service Technicians,2012,640,2022,640,0,-1.1,10
23,Maine,49-3052,Motorcycle Mechanics,2012,70,2022,80,10,2.7,0
23,Maine,27-1014,Multimedia Artists and Animators,2012,60,2022,70,10,3.1,0
23,Maine,25-4013,Museum Technicians and Conservators,2012,80,2022,90,10,6.2,0
23,Maine,27-2041,Music Directors and Composers,2012,200,2022,200,0,-2,10
23,Maine,27-2042,Musicians and Singers,2012,480,2022,470,-10,-1.5,10
23,Maine,Nov-21,Natural Sciences Managers,2012,250,2022,260,10,2.8,10
23,Maine,15-1142,Network and Computer Systems Administrators,2012,930,2022,930,0,-0.1,20
23,Maine,43-4141,New Accounts Clerks,2012,200,2022,190,-10,-6.5,10
23,Maine,39-2021,Nonfarm Animal Caretakers,2012,1140,2022,1220,80,7.3,20
23,Maine,29-2033,Nuclear Medicine Technologists,2012,130,2022,140,10,12.7,0
23,Maine,29-1151,Nurse Anesthetists,2012,140,2022,150,10,11.1,10
23,Maine,29-1161,Nurse Midwives,2012,30,2022,30,0,13.3,0
23,Maine,29-1171,Nurse Practitioners,2012,880,2022,1050,170,20,40
23,Maine,31-1014,Nursing Assistants,2012,9330,2022,10300,970,10.4,270
23,Maine,25-1072,Nursing Instructors and Teachers  Postsecondary,2012,400,2022,510,110,28.8,20
23,Maine,29-1064,Obstetricians and Gynecologists,2012,140,2022,140,0,0,0
23,Maine,29-9011,Occupational Health and Safety Specialists,2012,280,2022,270,-10,-1.1,10
23,Maine,29-9012,Occupational Health and Safety Technicians,2012,30,2022,20,-10,-4,0
23,Maine,29-1122,Occupational Therapists,2012,1100,2022,1240,140,12.9,30
23,Maine,31-2012,Occupational Therapy Aides,2012,20,2022,30,10,18.2,0
23,Maine,31-2011,Occupational Therapy Assistants,2012,180,2022,210,30,18.8,10
23,Maine,43-9199,Office and Administrative Support Workers  All Other,2012,500,2022,500,0,0.6,10
23,Maine,43-9061,Office Clerks  General,2012,12610,2022,12160,-450,-3.6,270
23,Maine,43-9071,Office Machine Operators  Except Computer,2012,200,2022,160,-40,-20.2,10
23,Maine,47-2073,Operating Engineers and Other Construction Equipment Operators,2012,1780,2022,1780,0,0.2,40
23,Maine,15-2031,Operations Research Analysts,2012,240,2022,280,40,17,10
23,Maine,51-9083,Ophthalmic Laboratory Technicians,2012,50,2022,50,0,0,0
23,Maine,29-2057,Ophthalmic Medical Technicians,2012,180,2022,200,20,12,0
23,Maine,29-2081,Opticians  Dispensing,2012,370,2022,410,40,8.6,10
23,Maine,29-1041,Optometrists,2012,180,2022,180,0,-1.6,10
23,Maine,43-4151,Order Clerks,2012,3550,2022,3640,90,2.5,100
23,Maine,31-1015,Orderlies,2012,430,2022,440,10,4.2,10
23,Maine,29-2091,Orthotists and Prosthetists,2012,40,2022,50,10,23.1,0
23,Maine,49-3053,Outdoor Power Equipment and Other Small Engine Mechanics,2012,450,2022,450,0,1.3,10
23,Maine,51-9111,Packaging and Filling Machine Operators and Tenders,2012,2100,2022,2050,-50,-2.2,50
23,Maine,53-7064,Packers and Packagers  Hand,2012,2550,2022,2480,-70,-2.6,70
23,Maine,47-2141,Painters  Construction and Maintenance,2012,2730,2022,2970,240,8.9,70
23,Maine,51-9122,Painters  Transportation Equipment,2012,330,2022,330,0,-2.4,10
23,Maine,51-9123,Painting  Coating  and Decorating Workers,2012,100,2022,100,0,-2.1,0
23,Maine,51-9196,Paper Goods Machine Setters  Operators  and Tenders,2012,500,2022,430,-70,-15.3,0
23,Maine,23-2011,Paralegals and Legal Assistants,2012,1170,2022,1280,110,9.4,30
23,Maine,33-3041,Parking Enforcement Workers,2012,60,2022,50,-10,-10.7,0
23,Maine,53-6021,Parking Lot Attendants,2012,70,2022,70,0,0,0
23,Maine,41-2022,Parts Salespersons,2012,1610,2022,1620,10,0.5,40
23,Maine,47-2071,Paving  Surfacing  and Tamping Equipment Operators,2012,210,2022,210,0,1,0
23,Maine,43-3051,Payroll and Timekeeping Clerks,2012,800,2022,820,20,2.8,20
23,Maine,29-1065,Pediatricians  General,2012,210,2022,210,0,0,10
23,Maine,39-9021,Personal Care Aides,2012,7980,2022,9740,1760,22,230
23,Maine,13-2052,Personal Financial Advisors,2012,440,2022,470,30,8.3,10
23,Maine,37-2021,Pest Control Workers,2012,160,2022,190,30,12.8,10
23,Maine,51-8093,Petroleum Pump System Operators  Refinery Operators  and Gaugers,2012,80,2022,70,-10,-5.3,0
23,Maine,29-1051,Pharmacists,2012,1360,2022,1470,110,7.8,40
23,Maine,31-9095,Pharmacy Aides,2012,80,2022,80,0,2.5,0
23,Maine,29-2052,Pharmacy Technicians,2012,2160,2022,2460,300,13.6,50
23,Maine,25-1126,Philosophy and Religion Teachers  Postsecondary,2012,170,2022,190,20,11.8,0
23,Maine,31-9097,Phlebotomists,2012,690,2022,820,130,18.3,30
23,Maine,27-4021,Photographers,2012,520,2022,510,-10,-2.3,10
23,Maine,51-9151,Photographic Process Workers and Processing Machine Operators,2012,120,2022,110,-10,-7.8,0
23,Maine,31-2022,Physical Therapist Aides,2012,160,2022,190,30,16,10
23,Maine,31-2021,Physical Therapist Assistants,2012,310,2022,360,50,17.8,10
23,Maine,29-1123,Physical Therapists,2012,1490,2022,1730,240,16,60
23,Maine,29-1071,Physician Assistants,2012,920,2022,1120,200,22.1,40
23,Maine,29-1069,Physicians and Surgeons  All Other,2012,2300,2022,2490,190,8.2,80
23,Maine,19-2012,Physicists,2012,40,2022,40,0,0,0
23,Maine,25-1054,Physics Teachers  Postsecondary,2012,40,2022,40,0,5,0
23,Maine,47-2151,Pipelayers,2012,130,2022,130,0,-0.8,0
23,Maine,51-4193,Plating and Coating Machine Setters  Operators  and Tenders  Metal and Plastic,2012,220,2022,200,-20,-12.6,0
23,Maine,47-2152,Plumbers  Pipefitters  and Steamfitters,2012,2040,2022,2020,-20,-1.1,30
23,Maine,29-1081,Podiatrists,2012,60,2022,60,0,-1.6,0
23,Maine,33-3051,Police and Sheriff's Patrol Officers,2012,2060,2022,2010,-50,-2.6,70
23,Maine,43-5031,Police  Fire  and Ambulance Dispatchers,2012,600,2022,590,-10,-2.5,20
23,Maine,25-1065,Political Science Teachers  Postsecondary,2012,110,2022,120,10,8,0
23,Maine,19-3094,Political Scientists,2012,100,2022,120,20,17.6,0
23,Maine,43-5051,Postal Service Clerks,2012,500,2022,400,-100,-19.9,10
23,Maine,43-5052,Postal Service Mail Carriers,2012,1510,2022,1300,-210,-14,50
23,Maine,43-5053,Postal Service Mail Sorters  Processors  and Processing Machine Operators,2012,670,2022,550,-120,-17.4,10
23,Maine,Nov-31,Postmasters and Mail Superintendents,2012,350,2022,320,-30,-11,10
23,Maine,25-1199,Postsecondary Teachers  All Other,2012,440,2022,470,30,5.9,10
23,Maine,51-8012,Power Distributors and Dispatchers,2012,10,2022,10,0,0,0
23,Maine,51-8013,Power Plant Operators,2012,180,2022,160,-20,-13.1,10
23,Maine,49-9069,Precision Instrument and Equipment Repairers  All Other,2012,110,2022,110,0,-0.9,0
23,Maine,51-5111,Prepress Technicians and Workers,2012,110,2022,90,-20,-22.5,0
23,Maine,25-2011,Preschool Teachers  Except Special Education,2012,1370,2022,1400,30,2,40
23,Maine,51-6021,Pressers  Textile  Garment  and Related Materials,2012,140,2022,120,-20,-13.5,0
23,Maine,51-5113,Print Binding and Finishing Workers,2012,250,2022,210,-40,-15.4,0
23,Maine,51-5112,Printing Press Operators,2012,520,2022,440,-80,-15.5,10
23,Maine,21-1092,Probation Officers and Correctional Treatment Specialists,2012,360,2022,330,-30,-8.8,10
23,Maine,43-3061,Procurement Clerks,2012,330,2022,320,-10,-0.6,10
23,Maine,27-2012,Producers and Directors,2012,260,2022,250,-10,-3.1,10
23,Maine,51-9199,Production Workers  All Other,2012,1290,2022,1210,-80,-6.4,30
23,Maine,43-5061,Production  Planning  and Expediting Clerks,2012,1050,2022,1020,-30,-3.1,30
23,Maine,43-9081,Proofreaders and Copy Markers,2012,60,2022,50,-10,-15.5,0
23,Maine,Nov-41,Property  Real Estate  and Community Association Managers,2012,1090,2022,1150,60,5.1,30
23,Maine,33-9099,Protective Service Workers  All Other,2012,390,2022,370,-20,-3.9,30
23,Maine,31-1013,Psychiatric Aides,2012,1950,2022,2260,310,16.1,70
23,Maine,29-2053,Psychiatric Technicians,2012,430,2022,460,30,8.4,10
23,Maine,29-1066,Psychiatrists,2012,170,2022,180,10,7.8,10
23,Maine,25-1066,Psychology Teachers  Postsecondary,2012,180,2022,190,10,8,0
23,Maine,Nov-31,Public Relations and Fundraising Managers,2012,610,2022,640,30,5.6,20
23,Maine,27-3031,Public Relations Specialists,2012,1080,2022,1110,30,3.2,20
23,Maine,13-1023,Purchasing Agents  Except Wholesale  Retail  and Farm Products,2012,760,2022,740,-20,-2.6,10
23,Maine,Nov-61,Purchasing Managers,2012,250,2022,250,0,-1.2,10
23,Maine,29-1124,Radiation Therapists,2012,90,2022,100,10,12,0
23,Maine,27-3011,Radio and Television Announcers,2012,180,2022,170,-10,-6.1,0
23,Maine,49-2021,Radio  Cellular  and Tower Equipment Installers and Repairs,2012,60,2022,60,0,3.3,0
23,Maine,29-2034,Radiologic Technologists,2012,970,2022,1100,130,13.2,30
23,Maine,49-3043,Rail Car Repairers,2012,50,2022,40,-10,-6.5,0
23,Maine,53-4031,Railroad Conductors and Yardmasters,2012,50,2022,40,-10,-10.4,0
23,Maine,47-4061,Rail-Track Laying and Maintenance Equipment Operators,2012,80,2022,80,0,-5.1,0
23,Maine,41-9021,Real Estate Brokers,2012,460,2022,480,20,3.3,10
23,Maine,41-9022,Real Estate Sales Agents,2012,470,2022,490,20,3.6,10
23,Maine,43-4171,Receptionists and Information Clerks,2012,3770,2022,3760,-10,-0.2,100
23,Maine,25-1193,Recreation and Fitness Studies Teachers  Postsecondary,2012,110,2022,120,10,5.4,0
23,Maine,39-9032,Recreation Workers,2012,1440,2022,1510,70,4.4,20
23,Maine,29-1125,Recreational Therapists,2012,80,2022,90,10,9.6,0
23,Maine,49-3092,Recreational Vehicle Service Technicians,2012,50,2022,60,10,1.9,0
23,Maine,53-7081,Refuse and Recyclable Material Collectors,2012,1060,2022,1000,-60,-5,20
23,Maine,29-1141,Registered Nurses,2012,14730,2022,16480,1750,11.8,460
23,Maine,21-1015,Rehabilitation Counselors,2012,430,2022,480,50,10.9,10
23,Maine,47-2171,Reinforcing Iron and Rebar Workers,2012,110,2022,100,-10,-3.7,0
23,Maine,21-2099,Religious Workers  All Other,2012,120,2022,120,0,0,0
23,Maine,27-3022,Reporters and Correspondents,2012,330,2022,270,-60,-18.7,10
23,Maine,43-4181,Reservation and Transportation Ticket Agents and Travel Clerks,2012,460,2022,430,-30,-7.3,10
23,Maine,39-9041,Residential Advisors,2012,320,2022,350,30,9.3,20
23,Maine,29-1126,Respiratory Therapists,2012,510,2022,570,60,12.5,10
23,Maine,29-2054,Respiratory Therapy Technicians,2012,30,2022,40,10,12.1,0
23,Maine,41-2031,Retail Salespersons,2012,17640,2022,18130,490,2.8,650
23,Maine,49-9096,Riggers,2012,240,2022,250,10,3.3,10
23,Maine,47-2181,Roofers,2012,430,2022,400,-30,-6.8,10
23,Maine,53-5011,Sailors and Marine Oilers,2012,210,2022,210,0,0.9,10
23,Maine,41-9099,Sales and Related Workers  All Other,2012,450,2022,470,20,3.8,10
23,Maine,41-9031,Sales Engineers,2012,270,2022,280,10,4,10
23,Maine,Nov-22,Sales Managers,2012,1470,2022,1480,10,0.8,30
23,Maine,41-3099,Sales Representatives  Services  All Other,2012,2640,2022,2770,130,5,90
23,Maine,41-4012,Sales Representatives  Wholesale and Manufacturing  Except Technical and Scientific Products,2012,4150,2022,4170,20,0.5,80
23,Maine,41-4011,Sales Representatives  Wholesale and Manufacturing  Technical and Scientific Products,2012,710,2022,710,0,0.7,10
23,Maine,51-7041,Sawing Machine Setters  Operators  and Tenders  Wood,2012,620,2022,590,-30,-4.5,20
23,Maine,25-2031,Secondary School Teachers  Except Special and Career/Technical Education,2012,4980,2022,4700,-280,-5.7,140
23,Maine,43-6014,Secretaries and Administrative Assistants  Except Legal  Medical  and Executive,2012,11360,2022,11280,-80,-0.7,140
23,Maine,41-3031,Securities  Commodities  and Financial Services Sales Agents,2012,660,2022,660,0,0,20
23,Maine,49-2098,Security and Fire Alarm Systems Installers,2012,210,2022,240,30,12.1,10
23,Maine,33-9032,Security Guards,2012,2240,2022,2470,230,10.3,60
23,Maine,25-3021,Self-Enrichment Education Teachers,2012,1360,2022,1410,50,3.5,30
23,Maine,51-9141,Semiconductor Processors,2012,320,2022,210,-110,-34,10
23,Maine,51-9012,Separating  Filtering  Clarifying  Precipitating  and Still Machine Setters  Operators  and Tenders,2012,270,2022,250,-20,-8.8,10
23,Maine,47-4071,Septic Tank Servicers and Sewer Pipe Cleaners,2012,230,2022,260,30,12.8,10
23,Maine,51-6051,Sewers  Hand,2012,110,2022,100,-10,-7.4,0
23,Maine,51-6031,Sewing Machine Operators,2012,940,2022,760,-180,-18.6,0
23,Maine,47-2211,Sheet Metal Workers,2012,1080,2022,1030,-50,-5,20
23,Maine,53-5031,Ship Engineers,2012,30,2022,30,0,-3.4,0
23,Maine,43-5071,Shipping  Receiving  and Traffic Clerks,2012,2170,2022,2080,-90,-4.2,60
23,Maine,49-9097,Signal and Track Switch Repairers,2012,10,2022,10,0,-7.7,0
23,Maine,39-5094,Skincare Specialists,2012,150,2022,190,40,28.3,10
23,Maine,51-3023,Slaughterers and Meat Packers,2012,50,2022,40,-10,-20.4,0
23,Maine,Nov-51,Social and Community Service Managers,2012,1300,2022,1370,70,5.6,30
23,Maine,21-1093,Social and Human Service Assistants,2012,4200,2022,4550,350,8.3,150
23,Maine,19-4061,Social Science Research Assistants,2012,230,2022,230,0,1.8,10
23,Maine,25-1069,Social Sciences Teachers  Postsecondary  All Other,2012,30,2022,30,0,10.7,0
23,Maine,19-3099,Social Scientists and Related Workers  All Other,2012,90,2022,90,0,0,0
23,Maine,25-1113,Social Work Teachers  Postsecondary,2012,100,2022,100,0,4.2,0
23,Maine,21-1029,Social Workers  All Other,2012,310,2022,310,0,1.9,10
23,Maine,25-1067,Sociology Teachers  Postsecondary,2012,130,2022,130,0,6.3,0
23,Maine,15-1132,Software Developers  Applications,2012,1420,2022,1630,210,14.8,40
23,Maine,15-1133,Software Developers  Systems Software,2012,240,2022,270,30,10.7,10
23,Maine,19-1013,Soil and Plant Scientists,2012,40,2022,40,0,0,0
23,Maine,27-4014,Sound Engineering Technicians,2012,20,2022,20,0,0,0
23,Maine,25-2052,Special Education Teachers  Kindergarten and Elementary School,2012,1370,2022,1300,-70,-5.5,20
23,Maine,25-2053,Special Education Teachers  Middle School,2012,550,2022,520,-30,-5.9,10
23,Maine,25-2051,Special Education Teachers  Preschool,2012,200,2022,210,10,5.1,0
23,Maine,25-2054,Special Education Teachers  Secondary School,2012,720,2022,680,-40,-6.4,10
23,Maine,29-1127,Speech-Language Pathologists,2012,810,2022,860,50,6.7,20
23,Maine,51-8021,Stationary Engineers and Boiler Operators,2012,480,2022,440,-40,-9.3,20
23,Maine,43-9111,Statistical Assistants,2012,130,2022,140,10,9.3,10
23,Maine,15-2041,Statisticians,2012,40,2022,50,10,18.6,0
23,Maine,43-5081,Stock Clerks and Order Fillers,2012,8600,2022,8020,-580,-6.8,260
23,Maine,47-2221,Structural Iron and Steel Workers,2012,250,2022,240,-10,-1.2,10
23,Maine,51-2041,Structural Metal Fabricators and Fitters,2012,630,2022,590,-40,-7.1,30
23,Maine,21-1011,Substance Abuse and Behavioral Disorder Counselors,2012,790,2022,1040,250,31.5,40
23,Maine,29-1067,Surgeons,2012,300,2022,320,20,7.5,10
23,Maine,29-2055,Surgical Technologists,2012,610,2022,740,130,21.8,20
23,Maine,19-3022,Survey Researchers,2012,50,2022,60,10,5.8,0
23,Maine,17-3031,Surveying and Mapping Technicians,2012,170,2022,170,0,-4.6,0
23,Maine,17-1022,Surveyors,2012,450,2022,420,-30,-7.3,10
23,Maine,43-2011,Switchboard Operators  Including Answering Service,2012,620,2022,500,-120,-20.3,10
23,Maine,13-2081,Tax Examiners and Collectors  and Revenue Agents,2012,370,2022,360,-10,-3,10
23,Maine,13-2082,Tax Preparers,2012,380,2022,380,0,-0.8,10
23,Maine,53-3041,Taxi Drivers and Chauffeurs,2012,1390,2022,1440,50,3.8,20
23,Maine,25-9041,Teacher Assistants,2012,7540,2022,7230,-310,-4.1,170
23,Maine,25-3099,Teachers and Instructors  All Other,2012,2930,2022,2810,-120,-4.2,50
23,Maine,51-2092,Team Assemblers,2012,3270,2022,3040,-230,-6.8,50
23,Maine,27-3042,Technical Writers,2012,100,2022,100,0,5.1,0
23,Maine,49-2022,Telecommunications Equipment Installers and Repairers  Except Line Installers,2012,670,2022,670,0,0.4,10
23,Maine,49-9052,Telecommunications Line Installers and Repairers,2012,600,2022,580,-20,-4,20
23,Maine,41-9041,Telemarketers,2012,1720,2022,1650,-70,-4,40
23,Maine,43-3071,Tellers,2012,3010,2022,2960,-50,-1.9,140
23,Maine,51-6061,Textile Bleaching and Dyeing Machine Operators and Tenders,2012,80,2022,70,-10,-8.9,0
23,Maine,51-6062,Textile Cutting Machine Setters  Operators  and Tenders,2012,60,2022,50,-10,-13.8,0
23,Maine,51-6063,Textile Knitting and Weaving Machine Setters  Operators  and Tenders,2012,230,2022,190,-40,-16.2,0
23,Maine,51-6064,Textile Winding  Twisting  and Drawing Out Machine Setters  Operators  and Tenders,2012,170,2022,140,-30,-18.7,0
23,Maine,51-6099,Textile  Apparel  and Furnishings Workers  All Other,2012,120,2022,110,-10,-10,0
23,Maine,29-1129,Therapists  All Other,2012,10,2022,10,0,9.1,0
23,Maine,47-2044,Tile and Marble Setters,2012,70,2022,70,0,2.9,0
23,Maine,49-3093,Tire Repairers and Changers,2012,400,2022,400,0,-0.3,10
23,Maine,51-4111,Tool and Die Makers,2012,150,2022,140,-10,-4,0
23,Maine,51-4194,Tool Grinders  Filers  and Sharpeners,2012,70,2022,70,0,-4.2,0
23,Maine,00-0000,Total  All Occupations,2012,654770,2022,669770,15000,2.3,17770
23,Maine,39-7011,Tour Guides and Escorts,2012,140,2022,150,10,10.9,10
23,Maine,Nov-31,Training and Development Managers,2012,130,2022,140,10,6,10
23,Maine,13-1151,Training and Development Specialists,2012,1060,2022,1150,90,8.4,30
23,Maine,53-6061,Transportation Attendants  Except Flight Attendants,2012,50,2022,50,0,-3.9,0
23,Maine,53-6051,Transportation Inspectors,2012,50,2022,50,0,4.4,0
23,Maine,33-9093,Transportation Security Screeners,2012,180,2022,200,20,15.3,10
23,Maine,53-6099,Transportation Workers  All Other,2012,140,2022,140,0,0.7,10
23,Maine,Nov-71,Transportation  Storage  and Distribution Managers,2012,690,2022,690,0,0.6,20
23,Maine,41-3041,Travel Agents,2012,160,2022,140,-20,-11.8,0
23,Maine,37-3013,Tree Trimmers and Pruners,2012,400,2022,450,50,11.4,20
23,Maine,51-6093,Upholsterers,2012,60,2022,50,-10,-5.5,0
23,Maine,19-3051,Urban and Regional Planners,2012,120,2022,120,0,-2.4,10
23,Maine,39-3031,Ushers  Lobby Attendants  and Ticket Takers,2012,210,2022,200,-10,-4.4,10
23,Maine,29-1131,Veterinarians,2012,480,2022,500,20,3.5,20
23,Maine,31-9096,Veterinary Assistants and Laboratory Animal Caretakers,2012,530,2022,560,30,6,10
23,Maine,29-2056,Veterinary Technologists and Technicians,2012,640,2022,770,130,19,20
23,Maine,25-1194,Vocational Education Teachers  Postsecondary,2012,370,2022,390,20,5.5,10
23,Maine,35-3031,Waiters and Waitresses,2012,11600,2022,11700,100,0.9,570
23,Maine,51-8031,Water and Wastewater Treatment Plant and System Operators,2012,610,2022,590,-20,-3.5,20
23,Maine,15-1134,Web Developers,2012,430,2022,470,40,9.3,10
23,Maine,43-5111,Weighers  Measurers  Checkers  and Samplers  Recordkeeping,2012,560,2022,580,20,3.2,10
23,Maine,51-4121,Welders  Cutters  Solderers  and Brazers,2012,2000,2022,1890,-110,-5.2,50
23,Maine,51-4122,Welding  Soldering  and Brazing Machine Setters  Operators  and Tenders,2012,100,2022,110,10,9.2,0
23,Maine,13-1022,Wholesale and Retail Buyers  Except Farm Products,2012,550,2022,570,20,4,20
23,Maine,51-7042,Woodworking Machine Setters  Operators  and Tenders  Except Sawing,2012,540,2022,460,-80,-13.8,0
23,Maine,43-9022,Word Processors and Typists,2012,150,2022,110,-40,-27,0
23,Maine,27-3043,Writers and Authors,2012,410,2022,390,-20,-5.4,10
23,Maine,19-1023,Zoologists and Wildlife Biologists,2012,310,2022,310,0,0,10
