STFIPS,AreaName,OccupationCode,OccupationName,BaseYear,Base,ProjYear,Proj,Change,PercentChange,AvgAnnualOpenings
25,Massachusetts,13-2011,Accountants and Auditors,2012,37130,2022,41590,4460,12,1550
25,Massachusetts,15-2011,Actuaries,2012,970,2022,1210,240,24.6,50
25,Massachusetts,51-9191,Adhesive Bonding Machine Operators and Tenders,2012,250,2022,270,20,6.9,10
25,Massachusetts,Nov-11,Administrative Services Managers,2012,10800,2022,12100,1300,12.1,310
25,Massachusetts,25-3011,Adult Basic and Secondary Education and Literacy Teachers and Instructors,2012,2170,2022,2360,190,8.6,60
25,Massachusetts,Nov-11,Advertising and Promotions Managers,2012,930,2022,1020,90,9.2,40
25,Massachusetts,41-3011,Advertising Sales Agents,2012,3190,2022,3190,0,0.2,100
25,Massachusetts,17-2011,Aerospace Engineers,2012,990,2022,970,-20,-2.2,20
25,Massachusetts,13-1011,Agents and Business Managers of Artists  Performers  and Athletes,2012,310,2022,360,50,16.3,10
25,Massachusetts,19-4011,Agricultural and Food Science Technicians,2012,170,2022,190,20,8.7,10
25,Massachusetts,45-2091,Agricultural Equipment Operators,2012,40,2022,40,0,0,0
25,Massachusetts,45-2099,Agricultural Workers  All Other,2012,20,2022,30,10,16.7,0
25,Massachusetts,53-2021,Air Traffic Controllers,2012,160,2022,170,10,6.9,10
25,Massachusetts,53-1011,Aircraft Cargo Handling Supervisors,2012,170,2022,180,10,4.6,10
25,Massachusetts,49-3011,Aircraft Mechanics and Service Technicians,2012,1280,2022,1180,-100,-8.1,30
25,Massachusetts,53-2022,Airfield Operations Specialists,2012,60,2022,60,0,3.6,0
25,Massachusetts,53-2011,Airline Pilots  Copilots  and Flight Engineers,2012,660,2022,650,-10,-1.8,20
25,Massachusetts,53-3011,Ambulance Drivers and Attendants  Except Emergency Medical Technicians,2012,940,2022,1150,210,22.3,40
25,Massachusetts,39-3091,Amusement and Recreation Attendants,2012,5780,2022,7390,1610,27.8,450
25,Massachusetts,29-1061,Anesthesiologists,2012,560,2022,640,80,14,20
25,Massachusetts,33-9011,Animal Control Workers,2012,430,2022,470,40,7.4,10
25,Massachusetts,19-1011,Animal Scientists,2012,60,2022,70,10,13.8,0
25,Massachusetts,39-2011,Animal Trainers,2012,360,2022,500,140,42,30
25,Massachusetts,19-3091,Anthropologists and Archeologists,2012,80,2022,90,10,17.3,0
25,Massachusetts,25-1061,Anthropology and Archeology Teachers  Postsecondary,2012,150,2022,160,10,11.6,0
25,Massachusetts,13-2021,Appraisers and Assessors of Real Estate,2012,1860,2022,1950,90,4.4,30
25,Massachusetts,23-1022,Arbitrators  Mediators  and Conciliators,2012,240,2022,280,40,16.4,10
25,Massachusetts,17-1011,Architects  Except Landscape and Naval,2012,4400,2022,5040,640,14.5,170
25,Massachusetts,17-3011,Architectural and Civil Drafters,2012,2170,2022,2100,-70,-3.4,30
25,Massachusetts,Nov-41,Architectural and Engineering Managers,2012,6470,2022,6680,210,3.3,180
25,Massachusetts,25-4011,Archivists,2012,220,2022,270,50,21.5,10
25,Massachusetts,25-1062,Area  Ethnic  and Cultural Studies Teachers  Postsecondary,2012,460,2022,530,70,14.4,10
25,Massachusetts,27-1011,Art Directors,2012,2770,2022,2680,-90,-3.1,70
25,Massachusetts,25-1121,Art  Drama  and Music Teachers  Postsecondary,2012,4930,2022,5660,730,14.8,150
25,Massachusetts,27-1019,Artists and Related Workers  All Other,2012,240,2022,270,30,11.6,10
25,Massachusetts,51-2099,Assemblers and Fabricators  All Other,2012,4570,2022,4960,390,8.6,110
25,Massachusetts,19-2011,Astronomers,2012,150,2022,160,10,8.9,10
25,Massachusetts,27-2021,Athletes and Sports Competitors,2012,440,2022,520,80,16.5,20
25,Massachusetts,29-9091,Athletic Trainers,2012,630,2022,740,110,18.7,30
25,Massachusetts,19-2021,Atmospheric and Space Scientists,2012,640,2022,750,110,17.6,30
25,Massachusetts,25-1051,Atmospheric  Earth  Marine  and Space Sciences Teachers  Postsecondary,2012,300,2022,330,30,10.3,10
25,Massachusetts,27-4011,Audio and Video Equipment Technicians,2012,2150,2022,2480,330,15.7,70
25,Massachusetts,29-1181,Audiologists,2012,290,2022,360,70,26.2,10
25,Massachusetts,25-9011,Audio-Visual and Multimedia Collections Specialists,2012,290,2022,290,0,-1.4,0
25,Massachusetts,53-6031,Automotive and Watercraft Service Attendants,2012,2320,2022,2520,200,8.4,90
25,Massachusetts,49-3021,Automotive Body and Related Repairers,2012,3820,2022,3920,100,2.7,80
25,Massachusetts,49-3022,Automotive Glass Installers and Repairers,2012,530,2022,530,0,1.5,10
25,Massachusetts,49-3023,Automotive Service Technicians and Mechanics,2012,16230,2022,17030,800,4.9,490
25,Massachusetts,39-6011,Baggage Porters and Bellhops,2012,680,2022,780,100,15.1,30
25,Massachusetts,51-3011,Bakers,2012,3880,2022,4240,360,9.2,130
25,Massachusetts,35-3011,Bartenders,2012,18200,2022,22400,4200,23.1,1090
25,Massachusetts,49-3091,Bicycle Repairers,2012,310,2022,370,60,19.2,20
25,Massachusetts,43-3011,Bill and Account Collectors,2012,6400,2022,7110,710,11.1,250
25,Massachusetts,43-3021,Billing and Posting Clerks,2012,11560,2022,13030,1470,12.8,360
25,Massachusetts,19-1021,Biochemists and Biophysicists,2012,3230,2022,3920,690,21.2,160
25,Massachusetts,25-1042,Biological Science Teachers  Postsecondary,2012,2110,2022,2470,360,17.4,70
25,Massachusetts,19-1029,Biological Scientists  All Other,2012,1070,2022,1180,110,10,40
25,Massachusetts,19-4021,Biological Technicians,2012,5640,2022,6540,900,16.1,260
25,Massachusetts,17-2031,Biomedical Engineers,2012,1740,2022,2220,480,27.5,90
25,Massachusetts,47-2011,Boilermakers,2012,370,2022,400,30,6.5,20
25,Massachusetts,43-3031,Bookkeeping  Accounting  and Auditing Clerks,2012,41190,2022,45730,4540,11,830
25,Massachusetts,47-2021,Brickmasons and Blockmasons,2012,1540,2022,2110,570,37,70
25,Massachusetts,27-3021,Broadcast News Analysts,2012,130,2022,120,-10,-12.7,10
25,Massachusetts,27-4012,Broadcast Technicians,2012,780,2022,740,-40,-4.6,10
25,Massachusetts,43-4011,Brokerage Clerks,2012,1730,2022,1650,-80,-4.6,50
25,Massachusetts,13-2031,Budget Analysts,2012,1900,2022,2020,120,6.3,90
25,Massachusetts,37-2019,Building Cleaning Workers  All Other,2012,180,2022,190,10,5.6,0
25,Massachusetts,49-3031,Bus and Truck Mechanics and Diesel Engine Specialists,2012,3310,2022,3560,250,7.7,100
25,Massachusetts,53-3022,Bus Drivers  School or Special Client,2012,11530,2022,13060,1530,13.3,370
25,Massachusetts,53-3021,Bus Drivers  Transit and Intercity,2012,2690,2022,2890,200,7.6,70
25,Massachusetts,13-1199,Business Operations Specialists  All Other,2012,13930,2022,15500,1570,11.2,350
25,Massachusetts,25-1011,Business Teachers  Postsecondary,2012,2040,2022,2300,260,12.8,60
25,Massachusetts,51-3021,Butchers and Meat Cutters,2012,2030,2022,2150,120,5.6,60
25,Massachusetts,13-1021,Buyers and Purchasing Agents  Farm Products,2012,290,2022,310,20,7.2,10
25,Massachusetts,51-7011,Cabinetmakers and Bench Carpenters,2012,1880,2022,1760,-120,-6.3,20
25,Massachusetts,49-9061,Camera and Photographic Equipment Repairers,2012,60,2022,70,10,6.3,0
25,Massachusetts,27-4031,Camera Operators  Television  Video  and Motion Picture,2012,580,2022,610,30,4.5,10
25,Massachusetts,53-5021,Captains  Mates  and Pilots of Water Vessels,2012,510,2022,540,30,7.1,30
25,Massachusetts,29-2031,Cardiovascular Technologists and Technicians,2012,1190,2022,1550,360,29.9,50
25,Massachusetts,25-2023,Career/Technical Education Teachers  Middle School,2012,330,2022,340,10,4.2,10
25,Massachusetts,25-2032,Career/Technical Education Teachers  Secondary School,2012,2950,2022,3070,120,3.9,90
25,Massachusetts,43-5011,Cargo and Freight Agents,2012,1110,2022,1160,50,4.6,40
25,Massachusetts,47-2031,Carpenters,2012,22230,2022,26620,4390,19.7,710
25,Massachusetts,47-2041,Carpet Installers,2012,830,2022,900,70,8.7,20
25,Massachusetts,17-1021,Cartographers and Photogrammetrists,2012,60,2022,70,10,27.6,0
25,Massachusetts,41-2011,Cashiers,2012,72580,2022,75190,2610,3.6,3400
25,Massachusetts,47-2051,Cement Masons and Concrete Finishers,2012,1230,2022,1530,300,25.1,50
25,Massachusetts,35-1011,Chefs and Head Cooks,2012,3890,2022,4410,520,13.4,120
25,Massachusetts,17-2041,Chemical Engineers,2012,1200,2022,1300,100,8.3,40
25,Massachusetts,51-9011,Chemical Equipment Operators and Tenders,2012,770,2022,780,10,0.4,30
25,Massachusetts,51-8091,Chemical Plant and System Operators,2012,400,2022,400,0,-0.7,20
25,Massachusetts,19-4031,Chemical Technicians,2012,2210,2022,2450,240,10.8,80
25,Massachusetts,25-1052,Chemistry Teachers  Postsecondary,2012,640,2022,720,80,12.4,20
25,Massachusetts,19-2031,Chemists,2012,3850,2022,4190,340,8.7,130
25,Massachusetts,21-1021,Child  Family  and School Social Workers,2012,10190,2022,12020,1830,17.9,400
25,Massachusetts,39-9011,Childcare Workers,2012,16600,2022,19680,3080,18.6,800
25,Massachusetts,29-1011,Chiropractors,2012,730,2022,750,20,2.9,20
25,Massachusetts,17-3022,Civil Engineering Technicians,2012,800,2022,820,20,2.1,20
25,Massachusetts,17-2051,Civil Engineers,2012,6550,2022,7740,1190,18.1,280
25,Massachusetts,13-1031,Claims Adjusters  Examiners  and Investigators,2012,9950,2022,10330,380,3.8,270
25,Massachusetts,53-7061,Cleaners of Vehicles and Equipment,2012,3670,2022,3780,110,3,110
25,Massachusetts,51-9192,Cleaning  Washing  and Metal Pickling Equipment Operators and Tenders,2012,570,2022,570,0,0.5,10
25,Massachusetts,21-2011,Clergy,2012,460,2022,550,90,21.3,20
25,Massachusetts,19-3031,Clinical  Counseling  and School Psychologists,2012,5540,2022,6010,470,8.4,200
25,Massachusetts,27-2022,Coaches and Scouts,2012,6930,2022,8210,1280,18.5,330
25,Massachusetts,51-9121,Coating  Painting  and Spraying Machine Setters  Operators  and Tenders,2012,1370,2022,1230,-140,-10.2,30
25,Massachusetts,51-2021,Coil Winders  Tapers  and Finishers,2012,270,2022,220,-50,-20.6,0
25,Massachusetts,49-9091,Coin  Vending  and Amusement Machine Servicers and Repairers,2012,680,2022,730,50,7.1,10
25,Massachusetts,35-3021,Combined Food Preparation and Serving Workers  Including Fast Food,2012,58250,2022,70750,12500,21.4,3470
25,Massachusetts,27-1021,Commercial and Industrial Designers,2012,1040,2022,1020,-20,-2.3,30
25,Massachusetts,53-2012,Commercial Pilots,2012,540,2022,570,30,5.8,20
25,Massachusetts,43-2099,Communications Equipment Operators  All Other,2012,40,2022,40,0,8.1,0
25,Massachusetts,25-1122,Communications Teachers  Postsecondary,2012,640,2022,710,70,11.7,20
25,Massachusetts,21-1099,Community and Social Service Specialists  All Other,2012,1590,2022,1940,350,22,80
25,Massachusetts,21-1094,Community Health Workers,2012,1300,2022,1590,290,22.1,60
25,Massachusetts,Nov-11,Compensation and Benefits Managers,2012,1110,2022,1160,50,4.5,30
25,Massachusetts,13-1141,Compensation  Benefits  and Job Analysis Specialists,2012,3720,2022,4010,290,7.6,100
25,Massachusetts,13-1041,Compliance Officers,2012,6220,2022,6800,580,9.4,170
25,Massachusetts,15-1111,Computer and Information Research Scientists,2012,870,2022,990,120,13.9,30
25,Massachusetts,Nov-21,Computer and Information Systems Managers,2012,16460,2022,19000,2540,15.4,480
25,Massachusetts,17-2061,Computer Hardware Engineers,2012,3790,2022,4150,360,9.6,120
25,Massachusetts,15-1143,Computer Network Architects,2012,4900,2022,5780,880,18,170
25,Massachusetts,15-1152,Computer Network Support Specialists,2012,5110,2022,5710,600,11.9,140
25,Massachusetts,51-4012,Computer Numerically Controlled Machine Tool Programmers  Metal and Plastic,2012,490,2022,570,80,15.8,20
25,Massachusetts,15-1199,Computer Occupations  All Other,2012,3660,2022,4010,350,9.4,90
25,Massachusetts,43-9011,Computer Operators,2012,2000,2022,1630,-370,-18.3,20
25,Massachusetts,15-1131,Computer Programmers,2012,8510,2022,9100,590,6.9,280
25,Massachusetts,25-1021,Computer Science Teachers  Postsecondary,2012,760,2022,850,90,11.5,20
25,Massachusetts,15-1121,Computer Systems Analysts,2012,16820,2022,20840,4020,23.9,670
25,Massachusetts,15-1151,Computer User Support Specialists,2012,17620,2022,21050,3430,19.4,620
25,Massachusetts,49-2011,Computer  Automated Teller  and Office Machine Repairers,2012,2600,2022,2660,60,2.3,60
25,Massachusetts,51-4011,Computer-Controlled Machine Tool Operators  Metal and Plastic,2012,2560,2022,2670,110,4.4,80
25,Massachusetts,39-6012,Concierges,2012,1230,2022,1590,360,29.8,70
25,Massachusetts,19-1031,Conservation Scientists,2012,550,2022,630,80,13.4,20
25,Massachusetts,47-4011,Construction and Building Inspectors,2012,2280,2022,2440,160,6.8,70
25,Massachusetts,47-2061,Construction Laborers,2012,20620,2022,24920,4300,20.8,870
25,Massachusetts,Nov-21,Construction Managers,2012,10100,2022,11280,1180,11.7,280
25,Massachusetts,49-9012,Control and Valve Installers and Repairers  Except Mechanical Door,2012,1000,2022,1030,30,3.6,40
25,Massachusetts,53-7011,Conveyor Operators and Tenders,2012,210,2022,220,10,4.8,10
25,Massachusetts,35-2011,Cooks  Fast Food,2012,10030,2022,10790,760,7.6,270
25,Massachusetts,35-2012,Cooks  Institution and Cafeteria,2012,9330,2022,10840,1510,16.2,340
25,Massachusetts,35-2014,Cooks  Restaurant,2012,23390,2022,29040,5650,24.2,1030
25,Massachusetts,35-2015,Cooks  Short Order,2012,4970,2022,5390,420,8.4,140
25,Massachusetts,33-3012,Correctional Officers and Jailers,2012,6260,2022,6560,300,4.8,200
25,Massachusetts,43-4021,Correspondence Clerks,2012,230,2022,250,20,6,10
25,Massachusetts,13-1051,Cost Estimators,2012,5080,2022,6290,1210,23.7,280
25,Massachusetts,39-3092,Costume Attendants,2012,80,2022,80,0,10.7,10
25,Massachusetts,21-1019,Counselors  All Other,2012,480,2022,590,110,23.8,20
25,Massachusetts,41-2021,Counter and Rental Clerks,2012,7960,2022,8750,790,10,280
25,Massachusetts,35-3022,Counter Attendants  Cafeteria  Food Concession  and Coffee Shop,2012,17240,2022,18190,950,5.5,1150
25,Massachusetts,43-5021,Couriers and Messengers,2012,2970,2022,2690,-280,-9.5,40
25,Massachusetts,23-2091,Court Reporters,2012,160,2022,170,10,7,0
25,Massachusetts,43-4031,Court  Municipal  and License Clerks,2012,1930,2022,2160,230,12,50
25,Massachusetts,27-1012,Craft Artists,2012,310,2022,340,30,8,10
25,Massachusetts,53-7021,Crane and Tower Operators,2012,350,2022,430,80,24.6,20
25,Massachusetts,13-2041,Credit Analysts,2012,1730,2022,1990,260,15.1,70
25,Massachusetts,43-4041,Credit Authorizers  Checkers  and Clerks,2012,840,2022,890,50,5,10
25,Massachusetts,13-2071,Credit Counselors,2012,720,2022,880,160,21,30
25,Massachusetts,25-1111,Criminal Justice and Law Enforcement Teachers  Postsecondary,2012,180,2022,200,20,11.8,10
25,Massachusetts,33-9091,Crossing Guards,2012,1760,2022,1760,0,-0.2,30
25,Massachusetts,51-9021,Crushing  Grinding  and Polishing Machine Setters  Operators  and Tenders,2012,420,2022,370,-50,-12.4,10
25,Massachusetts,25-4012,Curators,2012,570,2022,640,70,14,20
25,Massachusetts,43-4051,Customer Service Representatives,2012,50090,2022,55740,5650,11.3,1930
25,Massachusetts,51-9031,Cutters and Trimmers  Hand,2012,210,2022,170,-40,-16.6,0
25,Massachusetts,51-9032,Cutting and Slicing Machine Setters  Operators  and Tenders,2012,1390,2022,1230,-160,-11.5,20
25,Massachusetts,51-4031,Cutting  Punching  and Press Machine Setters  Operators  and Tenders  Metal and Plastic,2012,2570,2022,2240,-330,-13.1,20
25,Massachusetts,43-9021,Data Entry Keyers,2012,3800,2022,2820,-980,-25.7,50
25,Massachusetts,15-1141,Database Administrators,2012,4500,2022,5410,910,20.3,180
25,Massachusetts,31-9091,Dental Assistants,2012,7020,2022,7900,880,12.5,230
25,Massachusetts,29-2021,Dental Hygienists,2012,5850,2022,7010,1160,19.9,270
25,Massachusetts,51-9081,Dental Laboratory Technicians,2012,690,2022,650,-40,-6.8,20
25,Massachusetts,29-1029,Dentists  All Other Specialists,2012,80,2022,80,0,1.3,0
25,Massachusetts,29-1021,Dentists  General,2012,4670,2022,4910,240,5,140
25,Massachusetts,27-1029,Designers  All Other,2012,80,2022,80,0,3.7,0
25,Massachusetts,43-9031,Desktop Publishers,2012,720,2022,740,20,3.6,20
25,Massachusetts,33-3021,Detectives and Criminal Investigators,2012,2070,2022,2180,110,5.6,60
25,Massachusetts,29-2032,Diagnostic Medical Sonographers,2012,1460,2022,2080,620,42.1,80
25,Massachusetts,29-2051,Dietetic Technicians,2012,1440,2022,1710,270,18.4,40
25,Massachusetts,29-1031,Dietitians and Nutritionists,2012,1990,2022,2410,420,21.1,70
25,Massachusetts,35-9011,Dining Room and Cafeteria Attendants and Bartender Helpers,2012,8520,2022,9820,1300,15.2,500
25,Massachusetts,21-2021,Directors  Religious Activities and Education,2012,50,2022,60,10,11.5,0
25,Massachusetts,35-9021,Dishwashers,2012,13990,2022,15950,1960,14,810
25,Massachusetts,43-5032,Dispatchers  Except Police  Fire  and Ambulance,2012,3760,2022,4070,310,8.2,140
25,Massachusetts,41-9091,Door-to-Door Sales Workers  News and Street Vendors  and Related Workers,2012,1100,2022,1110,10,1.6,10
25,Massachusetts,51-4032,Drilling and Boring Machine Tool Setters  Operators  and Tenders  Metal and Plastic,2012,380,2022,270,-110,-29.6,10
25,Massachusetts,53-3031,Driver/Sales Workers,2012,8430,2022,9510,1080,12.8,240
25,Massachusetts,47-2081,Drywall and Ceiling Tile Installers,2012,1370,2022,1560,190,14,30
25,Massachusetts,47-5021,Earth Drillers  Except Oil and Gas,2012,130,2022,170,40,29.9,10
25,Massachusetts,25-1063,Economics Teachers  Postsecondary,2012,680,2022,770,90,13.2,20
25,Massachusetts,19-3011,Economists,2012,850,2022,1030,180,22,40
25,Massachusetts,27-3041,Editors,2012,4580,2022,4610,30,0.7,110
25,Massachusetts,Nov-39,Education Administrators  All Other,2012,1210,2022,1390,180,15.1,50
25,Massachusetts,Nov-32,Education Administrators  Elementary and Secondary School,2012,5970,2022,6250,280,4.7,190
25,Massachusetts,Nov-33,Education Administrators  Postsecondary,2012,7590,2022,8600,1010,13.4,300
25,Massachusetts,Nov-31,Education Administrators  Preschool and Childcare Center/Program,2012,2260,2022,2620,360,16,100
25,Massachusetts,25-1081,Education Teachers  Postsecondary,2012,1380,2022,1570,190,13.4,40
25,Massachusetts,21-1012,Educational  Guidance  School  and Vocational Counselors,2012,6430,2022,7130,700,10.9,210
25,Massachusetts,49-2092,Electric Motor  Power Tool  and Related Repairers,2012,290,2022,280,-10,-4.8,10
25,Massachusetts,51-2022,Electrical and Electronic Equipment Assemblers,2012,6570,2022,5590,-980,-14.8,80
25,Massachusetts,17-3012,Electrical and Electronics Drafters,2012,600,2022,610,10,1.2,10
25,Massachusetts,17-3023,Electrical and Electronics Engineering Technicians,2012,6060,2022,5770,-290,-4.8,130
25,Massachusetts,49-2093,Electrical and Electronics Installers and Repairers  Transportation Equipment,2012,110,2022,120,10,4.4,0
25,Massachusetts,49-2094,Electrical and Electronics Repairers  Commercial and Industrial Equipment,2012,1580,2022,1590,10,0.8,30
25,Massachusetts,17-2071,Electrical Engineers,2012,7680,2022,7980,300,3.9,200
25,Massachusetts,49-9051,Electrical Power-Line Installers and Repairers,2012,2070,2022,2440,370,17.7,110
25,Massachusetts,47-2111,Electricians,2012,13660,2022,16620,2960,21.7,550
25,Massachusetts,51-2023,Electromechanical Equipment Assemblers,2012,2890,2022,2650,-240,-8.2,40
25,Massachusetts,17-3024,Electro-Mechanical Technicians,2012,1530,2022,1530,0,0.6,30
25,Massachusetts,49-2096,Electronic Equipment Installers and Repairers  Motor Vehicles,2012,120,2022,110,-10,-3.4,0
25,Massachusetts,49-2097,Electronic Home Entertainment Equipment Installers and Repairers,2012,570,2022,610,40,7,20
25,Massachusetts,17-2072,Electronics Engineers  Except Computer,2012,5200,2022,5600,400,7.9,150
25,Massachusetts,25-2021,Elementary School Teachers  Except Special Education,2012,25470,2022,28340,2870,11.3,850
25,Massachusetts,47-4021,Elevator Installers and Repairers,2012,330,2022,420,90,27.1,10
25,Massachusetts,43-4061,Eligibility Interviewers  Government Programs,2012,1480,2022,1650,170,11.1,50
25,Massachusetts,Nov-61,Emergency Management Directors,2012,150,2022,170,20,9.2,0
25,Massachusetts,29-2041,Emergency Medical Technicians and Paramedics,2012,6920,2022,8190,1270,18.4,320
25,Massachusetts,51-2031,Engine and Other Machine Assemblers,2012,430,2022,450,20,5.2,10
25,Massachusetts,25-1032,Engineering Teachers  Postsecondary,2012,1310,2022,1450,140,10.6,30
25,Massachusetts,17-3029,Engineering Technicians  Except Drafters  All Other,2012,1220,2022,1160,-60,-5.4,30
25,Massachusetts,17-2199,Engineers  All Other,2012,1730,2022,1790,60,3.6,40
25,Massachusetts,25-1123,English Language and Literature Teachers  Postsecondary,2012,1970,2022,2180,210,11,50
25,Massachusetts,27-2099,Entertainers and Performers  Sports and Related Workers  All Other,2012,140,2022,160,20,13.9,0
25,Massachusetts,17-3025,Environmental Engineering Technicians,2012,520,2022,620,100,19.5,20
25,Massachusetts,17-2081,Environmental Engineers,2012,2960,2022,3320,360,12.1,110
25,Massachusetts,19-4091,Environmental Science and Protection Technicians  Including Health,2012,1110,2022,1370,260,23.9,70
25,Massachusetts,25-1053,Environmental Science Teachers  Postsecondary,2012,220,2022,240,20,12,10
25,Massachusetts,19-2041,Environmental Scientists and Specialists  Including Health,2012,2430,2022,2930,500,20.6,120
25,Massachusetts,19-1041,Epidemiologists,2012,410,2022,470,60,15,20
25,Massachusetts,51-9194,Etchers and Engravers,2012,430,2022,390,-40,-8.4,10
25,Massachusetts,53-7032,Excavating and Loading Machine and Dragline Operators,2012,1280,2022,1590,310,23.9,40
25,Massachusetts,43-6011,Executive Secretaries and Executive Administrative Assistants,2012,26570,2022,25960,-610,-2.3,320
25,Massachusetts,29-1128,Exercise Physiologists,2012,110,2022,120,10,7.2,0
25,Massachusetts,47-5031,Explosives Workers  Ordnance Handling Experts  and Blasters,2012,30,2022,30,0,19.2,0
25,Massachusetts,51-4021,Extruding and Drawing Machine Setters  Operators  and Tenders  Metal and Plastic,2012,2810,2022,2370,-440,-15.6,50
25,Massachusetts,51-6091,Extruding and Forming Machine Setters  Operators  and Tenders  Synthetic and Glass Fibers,2012,230,2022,220,-10,-3.5,0
25,Massachusetts,51-9041,Extruding  Forming  Pressing  and Compacting Machine Setters  Operators  and Tenders,2012,700,2022,620,-80,-12.3,20
25,Massachusetts,51-6092,Fabric and Apparel Patternmakers,2012,20,2022,20,0,-13,0
25,Massachusetts,29-1062,Family and General Practitioners,2012,1070,2022,1130,60,6.1,30
25,Massachusetts,49-3041,Farm Equipment Mechanics and Service Technicians,2012,180,2022,200,20,7.1,10
25,Massachusetts,45-2092,Farmworkers and Laborers  Crop  Nursery  and Greenhouse,2012,700,2022,690,-10,-0.7,20
25,Massachusetts,45-2093,Farmworkers  Farm  Ranch  and Aquacultural Animals,2012,270,2022,320,50,19.8,10
25,Massachusetts,27-1022,Fashion Designers,2012,190,2022,180,-10,-2.2,10
25,Massachusetts,47-4031,Fence Erectors,2012,230,2022,310,80,33.8,10
25,Massachusetts,51-2091,Fiberglass Laminators and Fabricators,2012,80,2022,90,10,9.5,0
25,Massachusetts,43-4071,File Clerks,2012,2620,2022,2500,-120,-4.8,60
25,Massachusetts,27-4032,Film and Video Editors,2012,340,2022,370,30,7.4,10
25,Massachusetts,13-2051,Financial Analysts,2012,15160,2022,17460,2300,15.2,600
25,Massachusetts,13-2061,Financial Examiners,2012,1200,2022,1310,110,9,40
25,Massachusetts,Nov-31,Financial Managers,2012,21960,2022,24170,2210,10,630
25,Massachusetts,13-2099,Financial Specialists  All Other,2012,2240,2022,2430,190,8.6,40
25,Massachusetts,27-1013,Fine Artists  Including Painters  Sculptors  and Illustrators,2012,760,2022,790,30,3.1,20
25,Massachusetts,33-2011,Firefighters,2012,11700,2022,12480,780,6.7,400
25,Massachusetts,47-1011,First-Line Supervisors of Construction Trades and Extraction Workers,2012,10190,2022,12400,2210,21.6,330
25,Massachusetts,33-1011,First-Line Supervisors of Correctional Officers,2012,20,2022,20,0,-5,0
25,Massachusetts,45-1011,First-Line Supervisors of Farming  Fishing  and Forestry Workers,2012,190,2022,210,20,7.9,10
25,Massachusetts,33-1021,First-Line Supervisors of Fire Fighting and Prevention Workers,2012,3240,2022,3460,220,6.7,160
25,Massachusetts,35-1012,First-Line Supervisors of Food Preparation and Serving Workers,2012,19710,2022,23900,4190,21.3,980
25,Massachusetts,53-1021,First-Line Supervisors of Helpers  Laborers  and Material Movers  Hand,2012,2980,2022,3280,300,10.2,110
25,Massachusetts,37-1011,First-Line Supervisors of Housekeeping and Janitorial Workers,2012,5670,2022,6330,660,11.5,200
25,Massachusetts,37-1012,First-Line Supervisors of Landscaping  Lawn Service  and Groundskeeping Workers,2012,5820,2022,6340,520,9,120
25,Massachusetts,49-1011,First-Line Supervisors of Mechanics  Installers  and Repairers,2012,9040,2022,9740,700,7.7,310
25,Massachusetts,41-1012,First-Line Supervisors of Non-Retail Sales Workers,2012,9880,2022,9720,-160,-1.6,130
25,Massachusetts,43-1011,First-Line Supervisors of Office and Administrative Support Workers,2012,35430,2022,39490,4060,11.5,1250
25,Massachusetts,33-1012,First-Line Supervisors of Police and Detectives,2012,4250,2022,4520,270,6.2,150
25,Massachusetts,51-1011,First-Line Supervisors of Production and Operating Workers,2012,11600,2022,11100,-500,-4.3,160
25,Massachusetts,33-1099,First-Line Supervisors of Protective Service Workers  All Other,2012,1700,2022,1780,80,4.9,50
25,Massachusetts,41-1011,First-Line Supervisors of Retail Sales Workers,2012,36540,2022,37670,1130,3.1,910
25,Massachusetts,53-1031,First-Line Supervisors of Transportation and Material-Moving Machine and Vehicle Operators,2012,3550,2022,3850,300,8.4,130
25,Massachusetts,33-3031,Fish and Game Wardens,2012,100,2022,110,10,6.7,0
25,Massachusetts,39-9031,Fitness Trainers and Aerobics Instructors,2012,10680,2022,13830,3150,29.5,440
25,Massachusetts,53-2031,Flight Attendants,2012,1940,2022,1900,-40,-2.2,30
25,Massachusetts,47-2042,Floor Layers  Except Carpet  Wood  and Hard Tiles,2012,440,2022,510,70,16,20
25,Massachusetts,47-2043,Floor Sanders and Finishers,2012,320,2022,360,40,14.2,10
25,Massachusetts,27-1023,Floral Designers,2012,1590,2022,1570,-20,-1.4,40
25,Massachusetts,51-3092,Food Batchmakers,2012,2030,2022,2170,140,7.1,80
25,Massachusetts,51-3093,Food Cooking Machine Operators and Tenders,2012,310,2022,330,20,9.2,10
25,Massachusetts,35-9099,Food Preparation and Serving Related Workers  All Other,2012,670,2022,760,90,13.7,50
25,Massachusetts,35-2021,Food Preparation Workers,2012,19170,2022,20570,1400,7.3,690
25,Massachusetts,51-3099,Food Processing Workers  All Other,2012,390,2022,430,40,11.6,10
25,Massachusetts,19-1012,Food Scientists and Technologists,2012,230,2022,280,50,20.3,10
25,Massachusetts,35-3041,Food Servers  Nonrestaurant,2012,6800,2022,8300,1500,22,350
25,Massachusetts,Nov-51,Food Service Managers,2012,8200,2022,8930,730,8.9,220
25,Massachusetts,25-1124,Foreign Language and Literature Teachers  Postsecondary,2012,1420,2022,1620,200,14,40
25,Massachusetts,19-4093,Forest and Conservation Technicians,2012,230,2022,280,50,21.8,10
25,Massachusetts,45-4011,Forest and Conservation Workers,2012,80,2022,80,0,5.1,0
25,Massachusetts,19-1032,Foresters,2012,130,2022,150,20,15,10
25,Massachusetts,51-4022,Forging Machine Setters  Operators  and Tenders  Metal and Plastic,2012,470,2022,370,-100,-21.7,10
25,Massachusetts,51-4071,Foundry Mold and Coremakers,2012,210,2022,170,-40,-19.8,0
25,Massachusetts,13-1131,Fundraisers,2012,2860,2022,3490,630,22.1,120
25,Massachusetts,39-4021,Funeral Attendants,2012,840,2022,940,100,12.1,30
25,Massachusetts,Nov-61,Funeral Service Managers,2012,270,2022,340,70,24.5,10
25,Massachusetts,51-9051,Furnace  Kiln  Oven  Drier  and Kettle Operators and Tenders,2012,220,2022,190,-30,-13.3,10
25,Massachusetts,51-7021,Furniture Finishers,2012,190,2022,170,-20,-10.8,0
25,Massachusetts,51-8092,Gas Plant Operators,2012,260,2022,260,0,-1.5,10
25,Massachusetts,11-1021,General and Operations Managers,2012,55960,2022,62610,6650,11.9,1710
25,Massachusetts,29-9092,Genetic Counselors,2012,100,2022,130,30,30.7,10
25,Massachusetts,25-1064,Geography Teachers  Postsecondary,2012,110,2022,120,10,9,0
25,Massachusetts,19-4041,Geological and Petroleum Technicians,2012,100,2022,120,20,20.2,10
25,Massachusetts,19-2042,Geoscientists  Except Hydrologists and Geographers,2012,220,2022,250,30,12.3,10
25,Massachusetts,47-2121,Glaziers,2012,1090,2022,1260,170,15.5,40
25,Massachusetts,25-1191,Graduate Teaching Assistants,2012,2360,2022,2580,220,9.4,60
25,Massachusetts,27-1024,Graphic Designers,2012,6810,2022,7120,310,4.5,210
25,Massachusetts,51-9022,Grinding and Polishing Workers  Hand,2012,570,2022,520,-50,-8.3,20
25,Massachusetts,51-4033,Grinding  Lapping  Polishing  and Buffing Machine Tool Setters  Operators  and Tenders  Metal and Plastic,2012,1810,2022,1400,-410,-22.5,40
25,Massachusetts,39-5012,Hairdressers  Hairstylists  and Cosmetologists,2012,18460,2022,22930,4470,24.2,880
25,Massachusetts,47-4041,Hazardous Materials Removal Workers,2012,1210,2022,1280,70,6,30
25,Massachusetts,17-2111,Health and Safety Engineers  Except Mining Safety Engineers and Inspectors,2012,480,2022,510,30,5.2,20
25,Massachusetts,29-1199,Health Diagnosing and Treating Practitioners  All Other,2012,710,2022,760,50,6.8,20
25,Massachusetts,21-1091,Health Educators,2012,1850,2022,2300,450,23.8,90
25,Massachusetts,25-1071,Health Specialties Teachers  Postsecondary,2012,2670,2022,3600,930,34.8,130
25,Massachusetts,29-2099,Health Technologists and Technicians  All Other,2012,1600,2022,2030,430,26.6,60
25,Massachusetts,29-9099,Healthcare Practitioners and Technical Workers  All Other,2012,420,2022,470,50,11.1,20
25,Massachusetts,21-1022,Healthcare Social Workers,2012,11060,2022,13200,2140,19.4,450
25,Massachusetts,31-9099,Healthcare Support Workers  All Other,2012,1230,2022,1350,120,10,40
25,Massachusetts,51-4191,Heat Treating Equipment Setters  Operators  and Tenders  Metal and Plastic,2012,340,2022,310,-30,-10.8,10
25,Massachusetts,49-9021,Heating  Air Conditioning  and Refrigeration Mechanics and Installers,2012,7910,2022,9410,1500,18.9,350
25,Massachusetts,53-3032,Heavy and Tractor-Trailer Truck Drivers,2012,22430,2022,24800,2370,10.6,600
25,Massachusetts,47-3019,Helpers  Construction Trades  All Other,2012,540,2022,610,70,11.9,10
25,Massachusetts,47-3011,Helpers--Brickmasons  Blockmasons  Stonemasons  and Tile and Marble Setters,2012,550,2022,790,240,44,30
25,Massachusetts,47-3012,Helpers--Carpenters,2012,1230,2022,1520,290,23.8,50
25,Massachusetts,47-3013,Helpers--Electricians,2012,920,2022,1270,350,37.7,50
25,Massachusetts,47-5081,Helpers--Extraction Workers,2012,50,2022,70,20,29.6,0
25,Massachusetts,49-9098,Helpers--Installation  Maintenance  and Repair Workers,2012,1340,2022,1530,190,14,60
25,Massachusetts,47-3014,Helpers--Painters  Paperhangers  Plasterers  and Stucco Masons,2012,240,2022,280,40,16,10
25,Massachusetts,47-3015,Helpers--Pipelayers  Plumbers  Pipefitters  and Steamfitters,2012,520,2022,660,140,26.7,20
25,Massachusetts,51-9198,Helpers--Production Workers,2012,6380,2022,6440,60,1.1,120
25,Massachusetts,47-3016,Helpers--Roofers,2012,150,2022,180,30,17.4,10
25,Massachusetts,47-4051,Highway Maintenance Workers,2012,2310,2022,2520,210,9.2,60
25,Massachusetts,19-3093,Historians,2012,60,2022,70,10,15.5,0
25,Massachusetts,25-1125,History Teachers  Postsecondary,2012,810,2022,910,100,12.3,20
25,Massachusetts,53-7041,Hoist and Winch Operators,2012,100,2022,120,20,16.8,10
25,Massachusetts,49-9031,Home Appliance Repairers,2012,1000,2022,1070,70,6.1,40
25,Massachusetts,25-1192,Home Economics Teachers  Postsecondary,2012,30,2022,30,0,6.7,0
25,Massachusetts,31-1011,Home Health Aides,2012,19760,2022,27740,7980,40.4,1170
25,Massachusetts,35-9031,Hosts and Hostesses  Restaurant  Lounge  and Coffee Shop,2012,7980,2022,9100,1120,14,710
25,Massachusetts,43-4081,Hotel  Motel  and Resort Desk Clerks,2012,3870,2022,4790,920,23.6,280
25,Massachusetts,43-4161,Human Resources Assistants  Except Payroll and Timekeeping,2012,3300,2022,3270,-30,-0.9,80
25,Massachusetts,Nov-21,Human Resources Managers,2012,3320,2022,3770,450,13.5,130
25,Massachusetts,13-1071,Human Resources Specialists,2012,10980,2022,11790,810,7.5,280
25,Massachusetts,19-2043,Hydrologists,2012,160,2022,180,20,17.9,10
25,Massachusetts,17-3026,Industrial Engineering Technicians,2012,3000,2022,2810,-190,-6.3,60
25,Massachusetts,17-2112,Industrial Engineers,2012,6100,2022,6030,-70,-1.2,180
25,Massachusetts,49-9041,Industrial Machinery Mechanics,2012,3920,2022,4590,670,17.2,180
25,Massachusetts,Nov-51,Industrial Production Managers,2012,3880,2022,3700,-180,-4.6,70
25,Massachusetts,53-7051,Industrial Truck and Tractor Operators,2012,7210,2022,7260,50,0.7,170
25,Massachusetts,19-3032,Industrial-Organizational Psychologists,2012,300,2022,380,80,27.4,20
25,Massachusetts,43-4199,Information and Record Clerks  All Other,2012,2100,2022,1890,-210,-10.3,50
25,Massachusetts,15-1122,Information Security Analysts,2012,2640,2022,3660,1020,39.1,140
25,Massachusetts,51-9061,Inspectors  Testers  Sorters  Samplers  and Weighers,2012,8520,2022,8610,90,1.1,200
25,Massachusetts,49-9099,Installation  Maintenance  and Repair Workers  All Other,2012,2980,2022,3240,260,8.6,80
25,Massachusetts,25-9031,Instructional Coordinators,2012,3770,2022,4240,470,12.5,80
25,Massachusetts,47-2131,Insulation Workers  Floor  Ceiling  and Wall,2012,600,2022,750,150,26.5,20
25,Massachusetts,47-2132,Insulation Workers  Mechanical,2012,240,2022,350,110,49.4,20
25,Massachusetts,13-1032,Insurance Appraisers  Auto Damage,2012,680,2022,650,-30,-5.3,20
25,Massachusetts,43-9041,Insurance Claims and Policy Processing Clerks,2012,6990,2022,7380,390,5.7,230
25,Massachusetts,41-3021,Insurance Sales Agents,2012,8200,2022,8830,630,7.8,260
25,Massachusetts,13-2053,Insurance Underwriters,2012,3500,2022,3230,-270,-7.7,100
25,Massachusetts,27-1025,Interior Designers,2012,1520,2022,1710,190,13.1,60
25,Massachusetts,29-1063,Internists  General,2012,2890,2022,3040,150,5.5,90
25,Massachusetts,27-3091,Interpreters and Translators,2012,2200,2022,3130,930,42.1,120
25,Massachusetts,43-4111,Interviewers  Except Eligibility and Loan,2012,2960,2022,3210,250,8.1,80
25,Massachusetts,37-2011,Janitors and Cleaners  Except Maids and Housekeeping Cleaners,2012,55460,2022,59570,4110,7.4,1460
25,Massachusetts,51-9071,Jewelers and Precious Stone and Metal Workers,2012,1220,2022,1010,-210,-17,30
25,Massachusetts,25-2012,Kindergarten Teachers  Except Special Education,2012,3390,2022,3830,440,13.2,140
25,Massachusetts,13-1075,Labor Relations Specialists,2012,2270,2022,2560,290,12.7,70
25,Massachusetts,53-7062,Laborers and Freight  Stock  and Material Movers  Hand,2012,28530,2022,31130,2600,9.1,1140
25,Massachusetts,17-1012,Landscape Architects,2012,700,2022,780,80,11.6,30
25,Massachusetts,37-3011,Landscaping and Groundskeeping Workers,2012,25560,2022,27990,2430,9.5,890
25,Massachusetts,51-4034,Lathe and Turning Machine Tool Setters  Operators  and Tenders  Metal and Plastic,2012,970,2022,730,-240,-24.3,20
25,Massachusetts,51-6011,Laundry and Dry-Cleaning Workers,2012,6180,2022,7160,980,15.9,280
25,Massachusetts,25-1112,Law Teachers  Postsecondary,2012,1020,2022,1190,170,16.4,30
25,Massachusetts,23-1011,Lawyers,2012,22640,2022,24590,1950,8.6,560
25,Massachusetts,51-4192,Layout Workers  Metal and Plastic,2012,120,2022,110,-10,-11.3,0
25,Massachusetts,43-6012,Legal Secretaries,2012,5640,2022,5290,-350,-6.2,70
25,Massachusetts,23-2099,Legal Support Workers  All Other,2012,300,2022,300,0,2.4,10
25,Massachusetts,25-4021,Librarians,2012,4550,2022,4890,340,7.5,140
25,Massachusetts,43-4121,Library Assistants  Clerical,2012,2790,2022,3200,410,14.7,160
25,Massachusetts,25-4031,Library Technicians,2012,3470,2022,3770,300,8.7,220
25,Massachusetts,29-2061,Licensed Practical and Licensed Vocational Nurses,2012,17730,2022,21320,3590,20.3,790
25,Massachusetts,19-1099,Life Scientists  All Other,2012,630,2022,680,50,8.5,20
25,Massachusetts,19-4099,Life  Physical  and Social Science Technicians  All Other,2012,1100,2022,1200,100,9.7,50
25,Massachusetts,33-9092,Lifeguards  Ski Patrol  and Other Recreational Protective Service Workers,2012,3040,2022,3780,740,24.3,280
25,Massachusetts,53-3033,Light Truck or Delivery Services Drivers,2012,24300,2022,25950,1650,6.8,550
25,Massachusetts,43-4131,Loan Interviewers and Clerks,2012,2960,2022,3390,430,14.4,60
25,Massachusetts,13-2072,Loan Officers,2012,5170,2022,5870,700,13.5,170
25,Massachusetts,39-3093,Locker Room  Coatroom  and Dressing Room Attendants,2012,1090,2022,1340,250,22.5,80
25,Massachusetts,49-9094,Locksmiths and Safe Repairers,2012,560,2022,560,0,1.6,20
25,Massachusetts,53-4011,Locomotive Engineers,2012,880,2022,930,50,6.6,30
25,Massachusetts,Nov-81,Lodging Managers,2012,1340,2022,1470,130,9.6,50
25,Massachusetts,45-4022,Logging Equipment Operators,2012,50,2022,70,20,35.2,0
25,Massachusetts,13-1081,Logisticians,2012,2080,2022,2560,480,23.2,70
25,Massachusetts,53-7063,Machine Feeders and Offbearers,2012,1190,2022,1120,-70,-6,20
25,Massachusetts,51-4041,Machinists,2012,9150,2022,9120,-30,-0.2,210
25,Massachusetts,29-2035,Magnetic Resonance Imaging Technologists,2012,920,2022,1090,170,19.3,30
25,Massachusetts,37-2012,Maids and Housekeeping Cleaners,2012,18140,2022,21410,3270,18,690
25,Massachusetts,43-9051,Mail Clerks and Mail Machine Operators  Except Postal Service,2012,2370,2022,2140,-230,-9.6,50
25,Massachusetts,49-9071,Maintenance and Repair Workers  General,2012,21860,2022,24280,2420,11.1,660
25,Massachusetts,49-9043,Maintenance Workers  Machinery,2012,1450,2022,1610,160,10.8,30
25,Massachusetts,13-1111,Management Analysts,2012,27100,2022,33070,5970,22,1020
25,Massachusetts,Nov-99,Managers  All Other,2012,10000,2022,10680,680,6.8,290
25,Massachusetts,39-5092,Manicurists and Pedicurists,2012,2230,2022,2850,620,28.1,80
25,Massachusetts,17-2121,Marine Engineers and Naval Architects,2012,320,2022,370,50,16.1,10
25,Massachusetts,13-1161,Market Research Analysts and Marketing Specialists,2012,15070,2022,19850,4780,31.7,690
25,Massachusetts,Nov-21,Marketing Managers,2012,7630,2022,8480,850,11.1,250
25,Massachusetts,21-1013,Marriage and Family Therapists,2012,1370,2022,1780,410,30,70
25,Massachusetts,31-9011,Massage Therapists,2012,3990,2022,4970,980,24.7,140
25,Massachusetts,53-7199,Material Moving Workers  All Other,2012,640,2022,650,10,1.2,20
25,Massachusetts,17-2131,Materials Engineers,2012,1220,2022,1210,-10,-0.9,40
25,Massachusetts,19-2032,Materials Scientists,2012,510,2022,520,10,2.8,10
25,Massachusetts,25-1022,Mathematical Science Teachers  Postsecondary,2012,1350,2022,1490,140,10.3,30
25,Massachusetts,51-3022,Meat  Poultry  and Fish Cutters and Trimmers,2012,940,2022,1020,80,7.9,30
25,Massachusetts,49-9011,Mechanical Door Repairers,2012,240,2022,280,40,18.2,10
25,Massachusetts,17-3013,Mechanical Drafters,2012,1150,2022,1020,-130,-12,20
25,Massachusetts,17-3027,Mechanical Engineering Technicians,2012,1250,2022,1240,-10,-0.8,30
25,Massachusetts,17-2141,Mechanical Engineers,2012,8320,2022,8400,80,1,290
25,Massachusetts,27-4099,Media and Communication Equipment Workers  All Other,2012,80,2022,70,-10,-1.3,0
25,Massachusetts,27-3099,Media and Communication Workers  All Other,2012,130,2022,140,10,6.9,0
25,Massachusetts,29-2012,Medical and Clinical Laboratory Technicians,2012,5300,2022,6580,1280,24,270
25,Massachusetts,29-2011,Medical and Clinical Laboratory Technologists,2012,6540,2022,7300,760,11.6,250
25,Massachusetts,Nov-11,Medical and Health Services Managers,2012,10460,2022,12670,2210,21.2,480
25,Massachusetts,51-9082,Medical Appliance Technicians,2012,600,2022,560,-40,-6,20
25,Massachusetts,31-9092,Medical Assistants,2012,13760,2022,16310,2550,18.5,520
25,Massachusetts,31-9093,Medical Equipment Preparers,2012,1250,2022,1470,220,17.3,50
25,Massachusetts,49-9062,Medical Equipment Repairers,2012,990,2022,1260,270,26.9,60
25,Massachusetts,29-2071,Medical Records and Health Information Technicians,2012,6070,2022,7190,1120,18.5,270
25,Massachusetts,19-1042,Medical Scientists  Except Epidemiologists,2012,9350,2022,10530,1180,12.6,320
25,Massachusetts,43-6013,Medical Secretaries,2012,19030,2022,24190,5160,27.1,750
25,Massachusetts,31-9094,Medical Transcriptionists,2012,1510,2022,1520,10,0.5,30
25,Massachusetts,13-1121,Meeting  Convention  and Event Planners,2012,2300,2022,3100,800,35,110
25,Massachusetts,21-1023,Mental Health and Substance Abuse Social Workers,2012,4700,2022,5480,780,16.7,180
25,Massachusetts,21-1014,Mental Health Counselors,2012,8180,2022,9940,1760,21.6,350
25,Massachusetts,27-1026,Merchandise Displayers and Window Trimmers,2012,1610,2022,1690,80,4.5,50
25,Massachusetts,51-4199,Metal Workers and Plastic Workers  All Other,2012,370,2022,380,10,1.6,10
25,Massachusetts,51-4051,Metal-Refining Furnace Operators and Tenders,2012,180,2022,160,-20,-8.4,0
25,Massachusetts,43-5041,Meter Readers  Utilities,2012,720,2022,610,-110,-15.4,20
25,Massachusetts,19-1022,Microbiologists,2012,1680,2022,1890,210,12.2,70
25,Massachusetts,25-2022,Middle School Teachers  Except Special and Career/Technical Education,2012,15660,2022,17410,1750,11.1,520
25,Massachusetts,51-4035,Milling and Planing Machine Setters  Operators  and Tenders  Metal and Plastic,2012,780,2022,620,-160,-20.8,20
25,Massachusetts,49-9044,Millwrights,2012,520,2022,600,80,15.4,20
25,Massachusetts,17-2151,Mining and Geological Engineers  Including Mining Safety Engineers,2012,70,2022,90,20,27.9,0
25,Massachusetts,51-9023,Mixing and Blending Machine Setters  Operators  and Tenders,2012,1510,2022,1490,-20,-1.5,40
25,Massachusetts,49-3042,Mobile Heavy Equipment Mechanics  Except Engines,2012,1000,2022,1130,130,12.6,40
25,Massachusetts,51-4061,Model Makers  Metal and Plastic,2012,60,2022,50,-10,-15.3,0
25,Massachusetts,51-9195,Molders  Shapers  and Casters  Except Metal and Plastic,2012,1400,2022,1450,50,3.3,50
25,Massachusetts,51-4072,Molding  Coremaking  and Casting Machine Setters  Operators  and Tenders  Metal and Plastic,2012,3200,2022,2710,-490,-15.3,40
25,Massachusetts,39-3021,Motion Picture Projectionists,2012,200,2022,160,-40,-18.8,10
25,Massachusetts,53-3099,Motor Vehicle Operators  All Other,2012,410,2022,450,40,8.2,20
25,Massachusetts,49-3051,Motorboat Mechanics and Service Technicians,2012,480,2022,530,50,9.5,20
25,Massachusetts,53-5022,Motorboat Operators,2012,160,2022,190,30,17,10
25,Massachusetts,49-3052,Motorcycle Mechanics,2012,150,2022,150,0,2.7,0
25,Massachusetts,27-1014,Multimedia Artists and Animators,2012,1400,2022,1540,140,10.3,50
25,Massachusetts,51-4081,Multiple Machine Tool Setters  Operators  and Tenders  Metal and Plastic,2012,2330,2022,1820,-510,-21.7,50
25,Massachusetts,25-4013,Museum Technicians and Conservators,2012,470,2022,530,60,12.1,20
25,Massachusetts,27-2041,Music Directors and Composers,2012,630,2022,630,0,0.6,20
25,Massachusetts,49-9063,Musical Instrument Repairers and Tuners,2012,270,2022,270,0,-1.1,10
25,Massachusetts,27-2042,Musicians and Singers,2012,810,2022,870,60,7.3,30
25,Massachusetts,Nov-21,Natural Sciences Managers,2012,2630,2022,2950,320,12.4,90
25,Massachusetts,15-1142,Network and Computer Systems Administrators,2012,10020,2022,11280,1260,12.6,280
25,Massachusetts,43-4141,New Accounts Clerks,2012,1540,2022,1550,10,1,40
25,Massachusetts,39-2021,Nonfarm Animal Caretakers,2012,3730,2022,4750,1020,27.4,150
25,Massachusetts,17-2161,Nuclear Engineers,2012,190,2022,220,30,16.2,10
25,Massachusetts,29-2033,Nuclear Medicine Technologists,2012,640,2022,750,110,18.2,20
25,Massachusetts,29-1151,Nurse Anesthetists,2012,440,2022,510,70,16.9,20
25,Massachusetts,29-1161,Nurse Midwives,2012,180,2022,230,50,24.7,10
25,Massachusetts,29-1171,Nurse Practitioners,2012,4460,2022,5600,1140,25.7,200
25,Massachusetts,31-1014,Nursing Assistants,2012,39170,2022,45940,6770,17.3,1420
25,Massachusetts,25-1072,Nursing Instructors and Teachers  Postsecondary,2012,1080,2022,1450,370,34.3,50
25,Massachusetts,29-1064,Obstetricians and Gynecologists,2012,610,2022,640,30,5.1,20
25,Massachusetts,29-9011,Occupational Health and Safety Specialists,2012,1060,2022,1160,100,9.7,40
25,Massachusetts,29-9012,Occupational Health and Safety Technicians,2012,200,2022,220,20,8,10
25,Massachusetts,29-1122,Occupational Therapists,2012,5060,2022,6140,1080,21.3,180
25,Massachusetts,31-2012,Occupational Therapy Aides,2012,770,2022,990,220,29.8,40
25,Massachusetts,31-2011,Occupational Therapy Assistants,2012,1330,2022,1700,370,27.4,70
25,Massachusetts,43-9199,Office and Administrative Support Workers  All Other,2012,2070,2022,2130,60,2.6,60
25,Massachusetts,43-9061,Office Clerks  General,2012,59160,2022,61860,2700,4.6,1510
25,Massachusetts,43-9071,Office Machine Operators  Except Computer,2012,2020,2022,1790,-230,-11.1,50
25,Massachusetts,47-2073,Operating Engineers and Other Construction Equipment Operators,2012,4960,2022,6030,1070,21.6,220
25,Massachusetts,15-2031,Operations Research Analysts,2012,2610,2022,3440,830,31.9,140
25,Massachusetts,51-9083,Ophthalmic Laboratory Technicians,2012,720,2022,710,-10,-1.9,20
25,Massachusetts,29-2057,Ophthalmic Medical Technicians,2012,1370,2022,1630,260,18.3,40
25,Massachusetts,29-2081,Opticians  Dispensing,2012,1540,2022,1720,180,11.8,60
25,Massachusetts,29-1041,Optometrists,2012,810,2022,910,100,12.2,30
25,Massachusetts,29-1022,Oral and Maxillofacial Surgeons,2012,480,2022,510,30,5,10
25,Massachusetts,43-4151,Order Clerks,2012,4610,2022,4460,-150,-3.3,120
25,Massachusetts,31-1015,Orderlies,2012,1930,2022,2280,350,18,70
25,Massachusetts,29-1023,Orthodontists,2012,330,2022,340,10,4.6,10
25,Massachusetts,29-2091,Orthotists and Prosthetists,2012,160,2022,200,40,29.3,10
25,Massachusetts,49-3053,Outdoor Power Equipment and Other Small Engine Mechanics,2012,680,2022,740,60,9.5,20
25,Massachusetts,51-9111,Packaging and Filling Machine Operators and Tenders,2012,7690,2022,8110,420,5.5,220
25,Massachusetts,53-7064,Packers and Packagers  Hand,2012,13880,2022,14340,460,3.4,410
25,Massachusetts,47-2141,Painters  Construction and Maintenance,2012,6380,2022,7590,1210,19,220
25,Massachusetts,51-9122,Painters  Transportation Equipment,2012,390,2022,410,20,6.5,10
25,Massachusetts,51-9123,Painting  Coating  and Decorating Workers,2012,240,2022,230,-10,-2.5,0
25,Massachusetts,51-9196,Paper Goods Machine Setters  Operators  and Tenders,2012,2050,2022,1950,-100,-5,20
25,Massachusetts,47-2142,Paperhangers,2012,40,2022,30,-10,-5.7,0
25,Massachusetts,23-2011,Paralegals and Legal Assistants,2012,6990,2022,8070,1080,15.4,220
25,Massachusetts,33-3041,Parking Enforcement Workers,2012,720,2022,720,0,-0.3,20
25,Massachusetts,53-6021,Parking Lot Attendants,2012,4030,2022,4650,620,15.6,260
25,Massachusetts,41-2022,Parts Salespersons,2012,4070,2022,4520,450,10.9,150
25,Massachusetts,47-2071,Paving  Surfacing  and Tamping Equipment Operators,2012,1060,2022,1340,280,25.8,40
25,Massachusetts,43-3051,Payroll and Timekeeping Clerks,2012,4320,2022,4830,510,11.8,150
25,Massachusetts,29-1065,Pediatricians  General,2012,3120,2022,3310,190,6.1,100
25,Massachusetts,39-9021,Personal Care Aides,2012,21690,2022,29940,8250,38.1,980
25,Massachusetts,39-9099,Personal Care and Service Workers  All Other,2012,690,2022,820,130,20.3,30
25,Massachusetts,13-2052,Personal Financial Advisors,2012,8120,2022,9860,1740,21.4,310
25,Massachusetts,37-2021,Pest Control Workers,2012,940,2022,1020,80,8.4,30
25,Massachusetts,37-3012,Pesticide Handlers  Sprayers  and Applicators  Vegetation,2012,470,2022,500,30,6,20
25,Massachusetts,29-1051,Pharmacists,2012,6650,2022,7410,760,11.4,240
25,Massachusetts,31-9095,Pharmacy Aides,2012,1150,2022,1230,80,6.8,30
25,Massachusetts,29-2052,Pharmacy Technicians,2012,7480,2022,8610,1130,15.2,190
25,Massachusetts,25-1126,Philosophy and Religion Teachers  Postsecondary,2012,740,2022,880,140,18.4,30
25,Massachusetts,31-9097,Phlebotomists,2012,2830,2022,3380,550,19.6,110
25,Massachusetts,27-4021,Photographers,2012,3550,2022,3570,20,0.5,40
25,Massachusetts,51-9151,Photographic Process Workers and Processing Machine Operators,2012,880,2022,850,-30,-4,30
25,Massachusetts,19-2099,Physical Scientists  All Other,2012,520,2022,550,30,5.6,10
25,Massachusetts,31-2022,Physical Therapist Aides,2012,1030,2022,1340,310,30.5,50
25,Massachusetts,31-2021,Physical Therapist Assistants,2012,2110,2022,2760,650,30.5,110
25,Massachusetts,29-1123,Physical Therapists,2012,7340,2022,9320,1980,27,380
25,Massachusetts,29-1071,Physician Assistants,2012,2910,2022,3750,840,28.8,140
25,Massachusetts,29-1069,Physicians and Surgeons  All Other,2012,9480,2022,10810,1330,14,370
25,Massachusetts,19-2012,Physicists,2012,470,2022,530,60,12.3,20
25,Massachusetts,25-1054,Physics Teachers  Postsecondary,2012,570,2022,640,70,12.5,20
25,Massachusetts,47-2151,Pipelayers,2012,460,2022,550,90,18.9,20
25,Massachusetts,51-8099,Plant and System Operators  All Other,2012,90,2022,90,0,0,0
25,Massachusetts,47-2161,Plasterers and Stucco Masons,2012,250,2022,290,40,16.7,10
25,Massachusetts,51-4193,Plating and Coating Machine Setters  Operators  and Tenders  Metal and Plastic,2012,1150,2022,920,-230,-19.5,20
25,Massachusetts,47-2152,Plumbers  Pipefitters  and Steamfitters,2012,9160,2022,11270,2110,22.9,320
25,Massachusetts,29-1081,Podiatrists,2012,300,2022,340,40,12.4,10
25,Massachusetts,33-3051,Police and Sheriff's Patrol Officers,2012,16550,2022,17630,1080,6.5,630
25,Massachusetts,43-5031,Police  Fire  and Ambulance Dispatchers,2012,2710,2022,2950,240,8.5,100
25,Massachusetts,25-1065,Political Science Teachers  Postsecondary,2012,620,2022,700,80,13.5,20
25,Massachusetts,43-5051,Postal Service Clerks,2012,2270,2022,1660,-610,-26.9,30
25,Massachusetts,43-5052,Postal Service Mail Carriers,2012,7920,2022,6210,-1710,-21.6,280
25,Massachusetts,43-5053,Postal Service Mail Sorters  Processors  and Processing Machine Operators,2012,3790,2022,2860,-930,-24.7,30
25,Massachusetts,Nov-31,Postmasters and Mail Superintendents,2012,360,2022,290,-70,-18.8,10
25,Massachusetts,25-1199,Postsecondary Teachers  All Other,2012,6760,2022,7560,800,11.8,180
25,Massachusetts,51-8012,Power Distributors and Dispatchers,2012,270,2022,290,20,10.2,10
25,Massachusetts,51-8013,Power Plant Operators,2012,570,2022,570,0,0.9,20
25,Massachusetts,49-9069,Precision Instrument and Equipment Repairers  All Other,2012,190,2022,200,10,6.3,10
25,Massachusetts,51-5111,Prepress Technicians and Workers,2012,1100,2022,930,-170,-15.3,30
25,Massachusetts,25-2011,Preschool Teachers  Except Special Education,2012,15160,2022,17740,2580,17,680
25,Massachusetts,51-6021,Pressers  Textile  Garment  and Related Materials,2012,610,2022,680,70,10.4,10
25,Massachusetts,51-5113,Print Binding and Finishing Workers,2012,1480,2022,1370,-110,-7.8,30
25,Massachusetts,51-5112,Printing Press Operators,2012,3680,2022,3490,-190,-5.3,70
25,Massachusetts,33-9021,Private Detectives and Investigators,2012,690,2022,710,20,3.5,20
25,Massachusetts,21-1092,Probation Officers and Correctional Treatment Specialists,2012,410,2022,420,10,1,10
25,Massachusetts,43-3061,Procurement Clerks,2012,1390,2022,1460,70,4.9,60
25,Massachusetts,27-2012,Producers and Directors,2012,2720,2022,2850,130,4.9,110
25,Massachusetts,51-9199,Production Workers  All Other,2012,2460,2022,2410,-50,-2.3,60
25,Massachusetts,43-5061,Production  Planning  and Expediting Clerks,2012,7220,2022,7410,190,2.7,200
25,Massachusetts,Nov-41,Property  Real Estate  and Community Association Managers,2012,7780,2022,8710,930,11.9,270
25,Massachusetts,33-9099,Protective Service Workers  All Other,2012,1240,2022,1380,140,12,100
25,Massachusetts,31-1013,Psychiatric Aides,2012,3820,2022,4160,340,9,110
25,Massachusetts,29-1066,Psychiatrists,2012,950,2022,1060,110,11.4,40
25,Massachusetts,19-3039,Psychologists  All Other,2012,480,2022,540,60,12.8,20
25,Massachusetts,25-1066,Psychology Teachers  Postsecondary,2012,1160,2022,1310,150,13.1,30
25,Massachusetts,27-3012,Public Address System and Other Announcers,2012,70,2022,70,0,10.4,0
25,Massachusetts,Nov-31,Public Relations and Fundraising Managers,2012,2620,2022,3000,380,14.9,100
25,Massachusetts,27-3031,Public Relations Specialists,2012,8090,2022,9280,1190,14.8,230
25,Massachusetts,53-7072,Pump Operators  Except Wellhead Pumpers,2012,80,2022,80,0,5.3,0
25,Massachusetts,13-1023,Purchasing Agents  Except Wholesale  Retail  and Farm Products,2012,6900,2022,7000,100,1.4,140
25,Massachusetts,Nov-61,Purchasing Managers,2012,2300,2022,2360,60,2.5,60
25,Massachusetts,29-1124,Radiation Therapists,2012,500,2022,600,100,20.1,20
25,Massachusetts,27-3011,Radio and Television Announcers,2012,880,2022,820,-60,-7.7,20
25,Massachusetts,27-4013,Radio Operators,2012,220,2022,230,10,4.6,10
25,Massachusetts,49-2021,Radio  Cellular  and Tower Equipment Installers and Repairs,2012,140,2022,150,10,7,0
25,Massachusetts,29-2034,Radiologic Technologists,2012,5490,2022,6490,1000,18.2,180
25,Massachusetts,53-4021,Railroad Brake  Signal  and Switch Operators,2012,560,2022,600,40,6.4,20
25,Massachusetts,53-4031,Railroad Conductors and Yardmasters,2012,690,2022,740,50,6.6,30
25,Massachusetts,47-4061,Rail-Track Laying and Maintenance Equipment Operators,2012,330,2022,360,30,11,10
25,Massachusetts,41-9021,Real Estate Brokers,2012,1700,2022,1880,180,10.6,30
25,Massachusetts,41-9022,Real Estate Sales Agents,2012,4590,2022,5030,440,9.5,90
25,Massachusetts,43-4171,Receptionists and Information Clerks,2012,19290,2022,20920,1630,8.5,680
25,Massachusetts,25-1193,Recreation and Fitness Studies Teachers  Postsecondary,2012,420,2022,470,50,10.9,10
25,Massachusetts,39-9032,Recreation Workers,2012,9090,2022,10740,1650,18.1,270
25,Massachusetts,29-1125,Recreational Therapists,2012,1110,2022,1250,140,12.2,40
25,Massachusetts,53-7081,Refuse and Recyclable Material Collectors,2012,1630,2022,1850,220,13.4,60
25,Massachusetts,29-1141,Registered Nurses,2012,78750,2022,93310,14560,18.5,2980
25,Massachusetts,21-1015,Rehabilitation Counselors,2012,4410,2022,5070,660,15.1,160
25,Massachusetts,47-2171,Reinforcing Iron and Rebar Workers,2012,80,2022,100,20,19.5,0
25,Massachusetts,21-2099,Religious Workers  All Other,2012,30,2022,40,10,29.6,0
25,Massachusetts,27-3022,Reporters and Correspondents,2012,1350,2022,1220,-130,-9.6,50
25,Massachusetts,43-4181,Reservation and Transportation Ticket Agents and Travel Clerks,2012,2750,2022,2380,-370,-13.3,40
25,Massachusetts,39-9041,Residential Advisors,2012,4010,2022,4610,600,15.1,230
25,Massachusetts,29-1126,Respiratory Therapists,2012,2280,2022,2730,450,19.6,80
25,Massachusetts,29-2054,Respiratory Therapy Technicians,2012,220,2022,250,30,14.6,10
25,Massachusetts,41-2031,Retail Salespersons,2012,109830,2022,119160,9330,8.5,4690
25,Massachusetts,49-9096,Riggers,2012,220,2022,290,70,30,10
25,Massachusetts,51-4023,Rolling Machine Setters  Operators  and Tenders  Metal and Plastic,2012,670,2022,620,-50,-7.4,10
25,Massachusetts,47-2181,Roofers,2012,2690,2022,2980,290,10.8,90
25,Massachusetts,53-5011,Sailors and Marine Oilers,2012,490,2022,550,60,11.5,30
25,Massachusetts,41-9099,Sales and Related Workers  All Other,2012,1170,2022,1300,130,11.5,40
25,Massachusetts,41-9031,Sales Engineers,2012,3620,2022,4010,390,10.7,100
25,Massachusetts,Nov-22,Sales Managers,2012,11950,2022,12980,1030,8.6,360
25,Massachusetts,41-3099,Sales Representatives  Services  All Other,2012,15100,2022,17590,2490,16.5,660
25,Massachusetts,41-4012,Sales Representatives  Wholesale and Manufacturing  Except Technical and Scientific Products,2012,32340,2022,34810,2470,7.6,880
25,Massachusetts,41-4011,Sales Representatives  Wholesale and Manufacturing  Technical and Scientific Products,2012,15100,2022,16830,1730,11.5,470
25,Massachusetts,51-7041,Sawing Machine Setters  Operators  and Tenders  Wood,2012,150,2022,160,10,4.7,10
25,Massachusetts,25-2031,Secondary School Teachers  Except Special and Career/Technical Education,2012,21570,2022,22510,940,4.3,680
25,Massachusetts,43-6014,Secretaries and Administrative Assistants  Except Legal  Medical  and Executive,2012,46120,2022,50450,4330,9.4,990
25,Massachusetts,41-3031,Securities  Commodities  and Financial Services Sales Agents,2012,8460,2022,9000,540,6.5,250
25,Massachusetts,49-2098,Security and Fire Alarm Systems Installers,2012,1030,2022,1120,90,8.9,30
25,Massachusetts,33-9032,Security Guards,2012,19480,2022,20740,1260,6.5,420
25,Massachusetts,25-3021,Self-Enrichment Education Teachers,2012,8530,2022,10110,1580,18.5,300
25,Massachusetts,51-9141,Semiconductor Processors,2012,900,2022,650,-250,-28,20
25,Massachusetts,51-9012,Separating  Filtering  Clarifying  Precipitating  and Still Machine Setters  Operators  and Tenders,2012,260,2022,270,10,4.6,10
25,Massachusetts,47-4071,Septic Tank Servicers and Sewer Pipe Cleaners,2012,900,2022,1110,210,23.2,40
25,Massachusetts,27-1027,Set and Exhibit Designers,2012,180,2022,190,10,10.9,10
25,Massachusetts,51-6051,Sewers  Hand,2012,400,2022,400,0,0,0
25,Massachusetts,51-6031,Sewing Machine Operators,2012,3230,2022,2960,-270,-8.5,20
25,Massachusetts,39-5093,Shampooers,2012,360,2022,390,30,9,10
25,Massachusetts,47-2211,Sheet Metal Workers,2012,2310,2022,2600,290,12.9,70
25,Massachusetts,53-5031,Ship Engineers,2012,180,2022,200,20,13.6,10
25,Massachusetts,43-5071,Shipping  Receiving  and Traffic Clerks,2012,17840,2022,18070,230,1.3,490
25,Massachusetts,51-6041,Shoe and Leather Workers and Repairers,2012,180,2022,160,-20,-9.4,0
25,Massachusetts,51-6042,Shoe Machine Operators and Tenders,2012,250,2022,220,-30,-12.1,0
25,Massachusetts,49-9097,Signal and Track Switch Repairers,2012,100,2022,110,10,6.9,0
25,Massachusetts,39-5094,Skincare Specialists,2012,2520,2022,3840,1320,52.6,150
25,Massachusetts,Nov-51,Social and Community Service Managers,2012,5720,2022,7000,1280,22.2,250
25,Massachusetts,21-1093,Social and Human Service Assistants,2012,18260,2022,21680,3420,18.7,820
25,Massachusetts,19-4061,Social Science Research Assistants,2012,1860,2022,2110,250,13.3,100
25,Massachusetts,25-1069,Social Sciences Teachers  Postsecondary  All Other,2012,180,2022,200,20,12.4,10
25,Massachusetts,19-3099,Social Scientists and Related Workers  All Other,2012,720,2022,810,90,12.2,20
25,Massachusetts,25-1113,Social Work Teachers  Postsecondary,2012,260,2022,300,40,11.7,10
25,Massachusetts,21-1029,Social Workers  All Other,2012,720,2022,820,100,12.6,20
25,Massachusetts,19-3041,Sociologists,2012,170,2022,200,30,17.4,10
25,Massachusetts,25-1067,Sociology Teachers  Postsecondary,2012,700,2022,780,80,11.7,20
25,Massachusetts,15-1132,Software Developers  Applications,2012,27350,2022,32940,5590,20.4,910
25,Massachusetts,15-1133,Software Developers  Systems Software,2012,30030,2022,36290,6260,20.8,1010
25,Massachusetts,19-1013,Soil and Plant Scientists,2012,90,2022,100,10,17,10
25,Massachusetts,27-4014,Sound Engineering Technicians,2012,280,2022,300,20,6.1,10
25,Massachusetts,25-2059,Special Education Teachers  All Other,2012,1470,2022,1760,290,19.3,50
25,Massachusetts,25-2052,Special Education Teachers  Kindergarten and Elementary School,2012,6770,2022,7070,300,4.5,150
25,Massachusetts,25-2053,Special Education Teachers  Middle School,2012,3880,2022,4040,160,4.2,80
25,Massachusetts,25-2051,Special Education Teachers  Preschool,2012,500,2022,540,40,7.8,10
25,Massachusetts,25-2054,Special Education Teachers  Secondary School,2012,4380,2022,4530,150,3.4,90
25,Massachusetts,29-1127,Speech-Language Pathologists,2012,4050,2022,4650,600,14.7,120
25,Massachusetts,51-8021,Stationary Engineers and Boiler Operators,2012,1040,2022,1100,60,5.4,40
25,Massachusetts,15-2041,Statisticians,2012,1700,2022,2270,570,33.2,110
25,Massachusetts,43-5081,Stock Clerks and Order Fillers,2012,46850,2022,45870,-980,-2.1,1420
25,Massachusetts,47-2022,Stonemasons,2012,900,2022,1140,240,26.8,30
25,Massachusetts,47-2221,Structural Iron and Steel Workers,2012,730,2022,870,140,20.6,40
25,Massachusetts,51-2041,Structural Metal Fabricators and Fitters,2012,1700,2022,1650,-50,-2.6,70
25,Massachusetts,21-1011,Substance Abuse and Behavioral Disorder Counselors,2012,3530,2022,4560,1030,29,180
25,Massachusetts,29-1067,Surgeons,2012,1160,2022,1330,170,14,50
25,Massachusetts,29-2055,Surgical Technologists,2012,2360,2022,3030,670,28.7,90
25,Massachusetts,19-3022,Survey Researchers,2012,520,2022,620,100,18.5,20
25,Massachusetts,17-3031,Surveying and Mapping Technicians,2012,610,2022,710,100,15.1,20
25,Massachusetts,17-1022,Surveyors,2012,670,2022,720,50,7.7,20
25,Massachusetts,43-2011,Switchboard Operators  Including Answering Service,2012,3450,2022,2940,-510,-14.8,60
25,Massachusetts,51-6052,Tailors  Dressmakers  and Custom Sewers,2012,1400,2022,1300,-100,-7.1,20
25,Massachusetts,53-7121,Tank Car  Truck  and Ship Loaders,2012,120,2022,130,10,7.7,0
25,Massachusetts,47-2082,Tapers,2012,390,2022,450,60,13.8,10
25,Massachusetts,13-2081,Tax Examiners and Collectors  and Revenue Agents,2012,2290,2022,2300,10,0.3,80
25,Massachusetts,13-2082,Tax Preparers,2012,1970,2022,2100,130,6.6,50
25,Massachusetts,53-3041,Taxi Drivers and Chauffeurs,2012,8950,2022,9990,1040,11.7,210
25,Massachusetts,25-9041,Teacher Assistants,2012,32490,2022,34790,2300,7.1,970
25,Massachusetts,25-3099,Teachers and Instructors  All Other,2012,13860,2022,14990,1130,8.2,350
25,Massachusetts,51-2092,Team Assemblers,2012,16280,2022,16210,-70,-0.5,260
25,Massachusetts,27-3042,Technical Writers,2012,1970,2022,2250,280,14,90
25,Massachusetts,49-2022,Telecommunications Equipment Installers and Repairers  Except Line Installers,2012,4520,2022,4690,170,3.6,80
25,Massachusetts,49-9052,Telecommunications Line Installers and Repairers,2012,5570,2022,5650,80,1.5,150
25,Massachusetts,41-9041,Telemarketers,2012,3870,2022,4220,350,9,120
25,Massachusetts,43-2021,Telephone Operators,2012,340,2022,310,-30,-8.2,10
25,Massachusetts,43-3071,Tellers,2012,11940,2022,12870,930,7.7,650
25,Massachusetts,47-2053,Terrazzo Workers and Finishers,2012,30,2022,30,0,19.2,0
25,Massachusetts,51-6061,Textile Bleaching and Dyeing Machine Operators and Tenders,2012,260,2022,190,-70,-28,0
25,Massachusetts,51-6062,Textile Cutting Machine Setters  Operators  and Tenders,2012,390,2022,290,-100,-26.9,10
25,Massachusetts,51-6063,Textile Knitting and Weaving Machine Setters  Operators  and Tenders,2012,560,2022,410,-150,-26,10
25,Massachusetts,51-6064,Textile Winding  Twisting  and Drawing Out Machine Setters  Operators  and Tenders,2012,160,2022,120,-40,-25.8,0
25,Massachusetts,51-6099,Textile  Apparel  and Furnishings Workers  All Other,2012,110,2022,80,-30,-21.9,0
25,Massachusetts,29-1129,Therapists  All Other,2012,290,2022,350,60,19.5,10
25,Massachusetts,47-2044,Tile and Marble Setters,2012,560,2022,630,70,13.7,20
25,Massachusetts,49-3093,Tire Repairers and Changers,2012,1250,2022,1410,160,12.7,60
25,Massachusetts,23-2093,Title Examiners  Abstractors  and Searchers,2012,930,2022,1010,80,8.5,20
25,Massachusetts,51-4111,Tool and Die Makers,2012,1270,2022,1150,-120,-9.2,10
25,Massachusetts,51-4194,Tool Grinders  Filers  and Sharpeners,2012,240,2022,210,-30,-12,10
25,Massachusetts,00-0000,Total  All Occupations,2012,3401540,2022,3787110,385570,11.3,119680
25,Massachusetts,53-6041,Traffic Technicians,2012,50,2022,60,10,20,0
25,Massachusetts,Nov-31,Training and Development Managers,2012,1160,2022,1310,150,12.7,50
25,Massachusetts,13-1151,Training and Development Specialists,2012,5350,2022,6210,860,15.9,180
25,Massachusetts,33-3052,Transit and Railroad Police,2012,100,2022,110,10,9.6,0
25,Massachusetts,53-6061,Transportation Attendants  Except Flight Attendants,2012,640,2022,690,50,6.7,20
25,Massachusetts,53-6099,Transportation Workers  All Other,2012,620,2022,610,-10,-2.1,20
25,Massachusetts,Nov-71,Transportation  Storage  and Distribution Managers,2012,2180,2022,2340,160,7.1,70
25,Massachusetts,41-3041,Travel Agents,2012,2100,2022,1690,-410,-19.5,30
25,Massachusetts,27-2023,Umpires  Referees  and Other Sports Officials,2012,330,2022,370,40,10.8,10
25,Massachusetts,51-6093,Upholsterers,2012,550,2022,470,-80,-14.8,20
25,Massachusetts,19-3051,Urban and Regional Planners,2012,1500,2022,1630,130,8.5,80
25,Massachusetts,39-3031,Ushers  Lobby Attendants  and Ticket Takers,2012,1740,2022,1780,40,2.4,100
25,Massachusetts,29-1131,Veterinarians,2012,1540,2022,1690,150,9.7,60
25,Massachusetts,31-9096,Veterinary Assistants and Laboratory Animal Caretakers,2012,2200,2022,2430,230,10.7,70
25,Massachusetts,29-2056,Veterinary Technologists and Technicians,2012,2540,2022,3180,640,25.3,90
25,Massachusetts,25-1194,Vocational Education Teachers  Postsecondary,2012,2080,2022,2280,200,9.8,50
25,Massachusetts,35-3031,Waiters and Waitresses,2012,58570,2022,66840,8270,14.1,3640
25,Massachusetts,51-8031,Water and Wastewater Treatment Plant and System Operators,2012,2530,2022,2860,330,12.9,120
25,Massachusetts,15-1134,Web Developers,2012,6070,2022,7440,1370,22.6,230
25,Massachusetts,43-5111,Weighers  Measurers  Checkers  and Samplers  Recordkeeping,2012,930,2022,1040,110,11.6,30
25,Massachusetts,51-4121,Welders  Cutters  Solderers  and Brazers,2012,2990,2022,2950,-40,-1.3,70
25,Massachusetts,51-4122,Welding  Soldering  and Brazing Machine Setters  Operators  and Tenders,2012,540,2022,570,30,6.5,20
25,Massachusetts,13-1022,Wholesale and Retail Buyers  Except Farm Products,2012,3750,2022,4110,360,9.6,130
25,Massachusetts,51-7042,Woodworking Machine Setters  Operators  and Tenders  Except Sawing,2012,320,2022,310,-10,-3.1,0
25,Massachusetts,43-9022,Word Processors and Typists,2012,1270,2022,960,-310,-24.6,0
25,Massachusetts,27-3043,Writers and Authors,2012,2730,2022,2800,70,2.6,70
25,Massachusetts,19-1023,Zoologists and Wildlife Biologists,2012,790,2022,910,120,15.7,30
