STFIPS,AreaName,OccupationCode,OccupationName,BaseYear,Base,ProjYear,Proj,Change,PercentChange,AvgAnnualOpenings
27,Minnesota,13-2011,Accountants and Auditors,2012,25750,2022,27610,1860,7.2,950
27,Minnesota,27-2011,Actors,2012,910,2022,950,40,4.5,30
27,Minnesota,15-2011,Actuaries,2012,810,2022,1020,210,25.6,40
27,Minnesota,51-9191,Adhesive Bonding Machine Operators and Tenders,2012,450,2022,490,40,8.7,20
27,Minnesota,23-1021,Administrative Law Judges  Adjudicators  and Hearing Officers,2012,130,2022,120,-10,-4.7,0
27,Minnesota,Nov-11,Administrative Services Managers,2012,7870,2022,8470,600,7.7,190
27,Minnesota,25-3011,Adult Basic and Secondary Education and Literacy Teachers and Instructors,2012,1430,2022,1450,20,2,30
27,Minnesota,Nov-11,Advertising and Promotions Managers,2012,850,2022,900,50,5.7,30
27,Minnesota,41-3011,Advertising Sales Agents,2012,3070,2022,2930,-140,-4.4,90
27,Minnesota,17-3021,Aerospace Engineering and Operations Technicians,2012,20,2022,20,0,-4.2,0
27,Minnesota,17-2011,Aerospace Engineers,2012,290,2022,310,20,4.8,10
27,Minnesota,13-1011,Agents and Business Managers of Artists  Performers  and Athletes,2012,240,2022,260,20,6.6,10
27,Minnesota,19-4011,Agricultural and Food Science Technicians,2012,820,2022,830,10,0.9,30
27,Minnesota,17-2021,Agricultural Engineers,2012,40,2022,40,0,-2.7,0
27,Minnesota,45-2091,Agricultural Equipment Operators,2012,1320,2022,1390,70,5.5,50
27,Minnesota,45-2011,Agricultural Inspectors,2012,260,2022,240,-20,-5.1,10
27,Minnesota,25-1041,Agricultural Sciences Teachers  Postsecondary,2012,320,2022,340,20,5.6,10
27,Minnesota,45-2099,Agricultural Workers  All Other,2012,1110,2022,1010,-100,-8.7,30
27,Minnesota,53-1011,Aircraft Cargo Handling Supervisors,2012,30,2022,20,-10,-11.1,0
27,Minnesota,49-3011,Aircraft Mechanics and Service Technicians,2012,1270,2022,1160,-110,-8.3,30
27,Minnesota,53-2022,Airfield Operations Specialists,2012,70,2022,70,0,-5.8,0
27,Minnesota,53-3011,Ambulance Drivers and Attendants  Except Emergency Medical Technicians,2012,60,2022,70,10,15.6,0
27,Minnesota,39-3091,Amusement and Recreation Attendants,2012,5810,2022,6290,480,8.2,340
27,Minnesota,29-1061,Anesthesiologists,2012,1320,2022,1610,290,21.6,60
27,Minnesota,33-9011,Animal Control Workers,2012,120,2022,120,0,1.7,0
27,Minnesota,19-1011,Animal Scientists,2012,180,2022,190,10,6.6,10
27,Minnesota,39-2011,Animal Trainers,2012,640,2022,730,90,14.2,40
27,Minnesota,19-3091,Anthropologists and Archeologists,2012,30,2022,20,-10,-4,0
27,Minnesota,25-1061,Anthropology and Archeology Teachers  Postsecondary,2012,100,2022,100,0,5.2,0
27,Minnesota,13-2021,Appraisers and Assessors of Real Estate,2012,2450,2022,2530,80,3.2,30
27,Minnesota,23-1022,Arbitrators  Mediators  and Conciliators,2012,210,2022,220,10,5.8,0
27,Minnesota,17-1011,Architects  Except Landscape and Naval,2012,1450,2022,1680,230,15.8,60
27,Minnesota,17-3011,Architectural and Civil Drafters,2012,1590,2022,1600,10,0.3,20
27,Minnesota,Nov-41,Architectural and Engineering Managers,2012,5100,2022,5220,120,2.3,140
27,Minnesota,25-4011,Archivists,2012,130,2022,140,10,10.9,0
27,Minnesota,25-1062,Area  Ethnic  and Cultural Studies Teachers  Postsecondary,2012,170,2022,180,10,5.2,0
27,Minnesota,27-1011,Art Directors,2012,1500,2022,1480,-20,-1.2,40
27,Minnesota,25-1121,Art  Drama  and Music Teachers  Postsecondary,2012,1770,2022,1860,90,5,40
27,Minnesota,27-1019,Artists and Related Workers  All Other,2012,140,2022,130,-10,-3.7,0
27,Minnesota,51-2099,Assemblers and Fabricators  All Other,2012,16470,2022,17920,1450,8.8,410
27,Minnesota,27-2021,Athletes and Sports Competitors,2012,590,2022,640,50,8.1,20
27,Minnesota,29-9091,Athletic Trainers,2012,510,2022,600,90,17.1,20
27,Minnesota,19-2021,Atmospheric and Space Scientists,2012,60,2022,60,0,1.7,0
27,Minnesota,25-1051,Atmospheric  Earth  Marine  and Space Sciences Teachers  Postsecondary,2012,80,2022,90,10,6.2,0
27,Minnesota,27-4011,Audio and Video Equipment Technicians,2012,830,2022,890,60,7.5,20
27,Minnesota,29-1181,Audiologists,2012,380,2022,450,70,19.5,20
27,Minnesota,25-9011,Audio-Visual and Multimedia Collections Specialists,2012,300,2022,310,10,2.3,0
27,Minnesota,53-6031,Automotive and Watercraft Service Attendants,2012,1770,2022,2050,280,15.7,80
27,Minnesota,49-3021,Automotive Body and Related Repairers,2012,2710,2022,2900,190,7.2,70
27,Minnesota,49-3022,Automotive Glass Installers and Repairers,2012,340,2022,380,40,12.4,10
27,Minnesota,49-3023,Automotive Service Technicians and Mechanics,2012,12620,2022,13180,560,4.4,380
27,Minnesota,49-2091,Avionics Technicians,2012,140,2022,150,10,7,0
27,Minnesota,39-6011,Baggage Porters and Bellhops,2012,450,2022,490,40,9.9,20
27,Minnesota,51-3011,Bakers,2012,2490,2022,2580,90,3.4,70
27,Minnesota,35-3011,Bartenders,2012,15730,2022,16020,290,1.8,610
27,Minnesota,43-3011,Bill and Account Collectors,2012,6520,2022,7060,540,8.2,240
27,Minnesota,43-3021,Billing and Posting Clerks,2012,9670,2022,10760,1090,11.3,290
27,Minnesota,19-1021,Biochemists and Biophysicists,2012,560,2022,710,150,25.2,30
27,Minnesota,25-1042,Biological Science Teachers  Postsecondary,2012,660,2022,690,30,4.4,10
27,Minnesota,19-1029,Biological Scientists  All Other,2012,570,2022,580,10,0.9,20
27,Minnesota,19-4021,Biological Technicians,2012,1120,2022,1210,90,8.4,40
27,Minnesota,17-2031,Biomedical Engineers,2012,1120,2022,1250,130,12.2,40
27,Minnesota,43-3031,Bookkeeping  Accounting  and Auditing Clerks,2012,39130,2022,41900,2770,7.1,640
27,Minnesota,47-2021,Brickmasons and Blockmasons,2012,1370,2022,1810,440,31.9,60
27,Minnesota,53-6011,Bridge and Lock Tenders,2012,120,2022,110,-10,-9.2,10
27,Minnesota,27-3021,Broadcast News Analysts,2012,140,2022,130,-10,-2.2,10
27,Minnesota,27-4012,Broadcast Technicians,2012,580,2022,570,-10,-2.9,10
27,Minnesota,43-4011,Brokerage Clerks,2012,1870,2022,1830,-40,-2.5,50
27,Minnesota,13-2031,Budget Analysts,2012,500,2022,490,-10,-1.6,20
27,Minnesota,49-3031,Bus and Truck Mechanics and Diesel Engine Specialists,2012,5900,2022,6170,270,4.7,150
27,Minnesota,53-3022,Bus Drivers  School or Special Client,2012,13050,2022,13960,910,7,330
27,Minnesota,53-3021,Bus Drivers  Transit and Intercity,2012,3220,2022,3470,250,7.8,80
27,Minnesota,13-1199,Business Operations Specialists  All Other,2012,26130,2022,27410,1280,4.9,490
27,Minnesota,25-1011,Business Teachers  Postsecondary,2012,1470,2022,1530,60,4.6,30
27,Minnesota,51-3021,Butchers and Meat Cutters,2012,2400,2022,2370,-30,-1.5,60
27,Minnesota,13-1021,Buyers and Purchasing Agents  Farm Products,2012,360,2022,380,20,5.3,10
27,Minnesota,51-7011,Cabinetmakers and Bench Carpenters,2012,2520,2022,2610,90,3.6,30
27,Minnesota,27-4031,Camera Operators  Television  Video  and Motion Picture,2012,250,2022,260,10,3.6,0
27,Minnesota,53-5021,Captains  Mates  and Pilots of Water Vessels,2012,130,2022,140,10,8.3,10
27,Minnesota,29-2031,Cardiovascular Technologists and Technicians,2012,920,2022,1130,210,23.2,30
27,Minnesota,25-2032,Career/Technical Education Teachers  Secondary School,2012,690,2022,690,0,0.9,20
27,Minnesota,43-5011,Cargo and Freight Agents,2012,1140,2022,1250,110,9.2,40
27,Minnesota,47-2031,Carpenters,2012,19610,2022,24100,4490,22.9,690
27,Minnesota,47-2041,Carpet Installers,2012,790,2022,840,50,6.6,20
27,Minnesota,17-1021,Cartographers and Photogrammetrists,2012,190,2022,200,10,6.8,10
27,Minnesota,41-2011,Cashiers,2012,59430,2022,58370,-1060,-1.8,2570
27,Minnesota,47-2051,Cement Masons and Concrete Finishers,2012,2930,2022,3830,900,30.7,120
27,Minnesota,35-1011,Chefs and Head Cooks,2012,1680,2022,1720,40,2.1,30
27,Minnesota,17-2041,Chemical Engineers,2012,490,2022,520,30,4.9,10
27,Minnesota,51-9011,Chemical Equipment Operators and Tenders,2012,310,2022,300,-10,-4.8,10
27,Minnesota,51-8091,Chemical Plant and System Operators,2012,110,2022,110,0,2.8,0
27,Minnesota,19-4031,Chemical Technicians,2012,1050,2022,1170,120,12,40
27,Minnesota,25-1052,Chemistry Teachers  Postsecondary,2012,310,2022,320,10,4.6,10
27,Minnesota,19-2031,Chemists,2012,1960,2022,2070,110,5.2,60
27,Minnesota,11-1011,Chief Executives,2012,9000,2022,9270,270,3,220
27,Minnesota,21-1021,Child  Family  and School Social Workers,2012,6380,2022,6730,350,5.4,170
27,Minnesota,39-9011,Childcare Workers,2012,30870,2022,34870,4000,13,1310
27,Minnesota,29-1011,Chiropractors,2012,1580,2022,1580,0,0.1,30
27,Minnesota,17-3022,Civil Engineering Technicians,2012,2280,2022,2170,-110,-5.1,50
27,Minnesota,17-2051,Civil Engineers,2012,3600,2022,4150,550,15.4,140
27,Minnesota,13-1031,Claims Adjusters  Examiners  and Investigators,2012,4250,2022,4320,70,1.6,110
27,Minnesota,53-7061,Cleaners of Vehicles and Equipment,2012,7280,2022,7750,470,6.4,250
27,Minnesota,51-9192,Cleaning  Washing  and Metal Pickling Equipment Operators and Tenders,2012,340,2022,340,0,1.8,10
27,Minnesota,21-2011,Clergy,2012,5430,2022,5750,320,6,140
27,Minnesota,19-3031,Clinical  Counseling  and School Psychologists,2012,3880,2022,4150,270,7,130
27,Minnesota,27-2022,Coaches and Scouts,2012,4620,2022,4860,240,5.4,160
27,Minnesota,51-9121,Coating  Painting  and Spraying Machine Setters  Operators  and Tenders,2012,2490,2022,2480,-10,-0.4,50
27,Minnesota,51-2021,Coil Winders  Tapers  and Finishers,2012,430,2022,390,-40,-11.3,10
27,Minnesota,49-9091,Coin  Vending  and Amusement Machine Servicers and Repairers,2012,760,2022,710,-50,-6.6,10
27,Minnesota,35-3021,Combined Food Preparation and Serving Workers  Including Fast Food,2012,56120,2022,61580,5460,9.7,2690
27,Minnesota,27-1021,Commercial and Industrial Designers,2012,650,2022,660,10,1.2,20
27,Minnesota,53-2012,Commercial Pilots,2012,390,2022,410,20,5.1,10
27,Minnesota,25-1122,Communications Teachers  Postsecondary,2012,460,2022,480,20,4.6,10
27,Minnesota,21-1099,Community and Social Service Specialists  All Other,2012,5430,2022,6040,610,11.2,200
27,Minnesota,21-1094,Community Health Workers,2012,670,2022,760,90,12.8,30
27,Minnesota,Nov-11,Compensation and Benefits Managers,2012,700,2022,700,0,-0.9,20
27,Minnesota,13-1141,Compensation  Benefits  and Job Analysis Specialists,2012,2280,2022,2380,100,4.2,50
27,Minnesota,13-1041,Compliance Officers,2012,4260,2022,4410,150,3.5,90
27,Minnesota,Nov-21,Computer and Information Systems Managers,2012,9580,2022,10490,910,9.5,220
27,Minnesota,17-2061,Computer Hardware Engineers,2012,1570,2022,1500,-70,-4.2,30
27,Minnesota,15-1143,Computer Network Architects,2012,3750,2022,3980,230,6.1,80
27,Minnesota,15-1152,Computer Network Support Specialists,2012,3330,2022,3380,50,1.7,60
27,Minnesota,51-4012,Computer Numerically Controlled Machine Tool Programmers  Metal and Plastic,2012,810,2022,1080,270,33.3,50
27,Minnesota,15-1199,Computer Occupations  All Other,2012,7260,2022,7950,690,9.5,180
27,Minnesota,43-9011,Computer Operators,2012,910,2022,780,-130,-13.8,10
27,Minnesota,15-1131,Computer Programmers,2012,6280,2022,6140,-140,-2.2,160
27,Minnesota,25-1021,Computer Science Teachers  Postsecondary,2012,370,2022,380,10,3.8,10
27,Minnesota,15-1121,Computer Systems Analysts,2012,13090,2022,15310,2220,17,430
27,Minnesota,15-1151,Computer User Support Specialists,2012,10870,2022,12070,1200,11,290
27,Minnesota,49-2011,Computer  Automated Teller  and Office Machine Repairers,2012,2320,2022,2340,20,1.1,50
27,Minnesota,51-4011,Computer-Controlled Machine Tool Operators  Metal and Plastic,2012,3990,2022,4690,700,17.6,180
27,Minnesota,39-6012,Concierges,2012,290,2022,350,60,22.6,10
27,Minnesota,19-1031,Conservation Scientists,2012,810,2022,810,0,0.2,20
27,Minnesota,47-4011,Construction and Building Inspectors,2012,1750,2022,1900,150,8.5,60
27,Minnesota,47-4099,Construction and Related Workers  All Other,2012,680,2022,770,90,13.6,20
27,Minnesota,47-2061,Construction Laborers,2012,11110,2022,12970,1860,16.8,420
27,Minnesota,Nov-21,Construction Managers,2012,5280,2022,6020,740,14.1,160
27,Minnesota,49-9012,Control and Valve Installers and Repairers  Except Mechanical Door,2012,580,2022,560,-20,-3.8,20
27,Minnesota,53-7011,Conveyor Operators and Tenders,2012,990,2022,1030,40,4.9,30
27,Minnesota,35-2019,Cooks  All Other,2012,660,2022,710,50,8.1,20
27,Minnesota,35-2012,Cooks  Institution and Cafeteria,2012,8390,2022,9200,810,9.6,250
27,Minnesota,35-2013,Cooks  Private Household,2012,40,2022,50,10,4.7,0
27,Minnesota,35-2014,Cooks  Restaurant,2012,24770,2022,27040,2270,9.2,720
27,Minnesota,35-2015,Cooks  Short Order,2012,2180,2022,2160,-20,-1.1,40
27,Minnesota,51-9193,Cooling and Freezing Equipment Operators and Tenders,2012,160,2022,160,0,1.9,0
27,Minnesota,33-3012,Correctional Officers and Jailers,2012,5190,2022,5250,60,1.2,140
27,Minnesota,43-4021,Correspondence Clerks,2012,40,2022,40,0,5.1,0
27,Minnesota,13-1051,Cost Estimators,2012,3800,2022,4520,720,19,190
27,Minnesota,39-3092,Costume Attendants,2012,30,2022,30,0,3.8,0
27,Minnesota,21-1019,Counselors  All Other,2012,280,2022,330,50,17.7,10
27,Minnesota,41-2021,Counter and Rental Clerks,2012,7430,2022,7810,380,5.2,230
27,Minnesota,35-3022,Counter Attendants  Cafeteria  Food Concession  and Coffee Shop,2012,12060,2022,11440,-620,-5.1,740
27,Minnesota,43-5021,Couriers and Messengers,2012,1570,2022,1360,-210,-13.3,20
27,Minnesota,23-2091,Court Reporters,2012,390,2022,400,10,4.2,10
27,Minnesota,43-4031,Court  Municipal  and License Clerks,2012,2790,2022,3000,210,7.4,60
27,Minnesota,27-1012,Craft Artists,2012,100,2022,100,0,2.1,0
27,Minnesota,53-7021,Crane and Tower Operators,2012,900,2022,1120,220,24.7,50
27,Minnesota,13-2041,Credit Analysts,2012,1800,2022,1980,180,9.6,60
27,Minnesota,43-4041,Credit Authorizers  Checkers  and Clerks,2012,740,2022,700,-40,-6.2,10
27,Minnesota,25-1111,Criminal Justice and Law Enforcement Teachers  Postsecondary,2012,120,2022,120,0,4.3,0
27,Minnesota,33-9091,Crossing Guards,2012,170,2022,170,0,1.2,0
27,Minnesota,51-9021,Crushing  Grinding  and Polishing Machine Setters  Operators  and Tenders,2012,1100,2022,1130,30,2.8,30
27,Minnesota,25-4012,Curators,2012,250,2022,270,20,6,10
27,Minnesota,43-4051,Customer Service Representatives,2012,48000,2022,51210,3210,6.7,1630
27,Minnesota,51-9031,Cutters and Trimmers  Hand,2012,250,2022,250,0,0,0
27,Minnesota,51-9032,Cutting and Slicing Machine Setters  Operators  and Tenders,2012,2100,2022,1920,-180,-8.7,40
27,Minnesota,51-4031,Cutting  Punching  and Press Machine Setters  Operators  and Tenders  Metal and Plastic,2012,6260,2022,6010,-250,-4.1,50
27,Minnesota,27-2031,Dancers,2012,550,2022,530,-20,-4.9,20
27,Minnesota,43-9021,Data Entry Keyers,2012,4770,2022,3620,-1150,-24,60
27,Minnesota,15-1141,Database Administrators,2012,2560,2022,2860,300,11.6,80
27,Minnesota,41-9011,Demonstrators and Product Promoters,2012,1980,2022,2160,180,9.3,70
27,Minnesota,31-9091,Dental Assistants,2012,5150,2022,5390,240,4.7,130
27,Minnesota,29-2021,Dental Hygienists,2012,4600,2022,5130,530,11.5,170
27,Minnesota,51-9081,Dental Laboratory Technicians,2012,780,2022,790,10,0.9,30
27,Minnesota,29-1029,Dentists  All Other Specialists,2012,110,2022,120,10,5.5,0
27,Minnesota,29-1021,Dentists  General,2012,1830,2022,1900,70,4,50
27,Minnesota,27-1029,Designers  All Other,2012,850,2022,950,100,12.4,30
27,Minnesota,43-9031,Desktop Publishers,2012,590,2022,570,-20,-4.1,10
27,Minnesota,33-3021,Detectives and Criminal Investigators,2012,1280,2022,1290,10,0.8,30
27,Minnesota,29-2032,Diagnostic Medical Sonographers,2012,1380,2022,1810,430,31.1,60
27,Minnesota,29-2051,Dietetic Technicians,2012,280,2022,310,30,10.5,10
27,Minnesota,29-1031,Dietitians and Nutritionists,2012,1690,2022,1910,220,13,40
27,Minnesota,35-9011,Dining Room and Cafeteria Attendants and Bartender Helpers,2012,7740,2022,8150,410,5.3,380
27,Minnesota,21-2021,Directors  Religious Activities and Education,2012,2920,2022,3050,130,4.5,110
27,Minnesota,35-9021,Dishwashers,2012,8970,2022,9150,180,2,410
27,Minnesota,43-5032,Dispatchers  Except Police  Fire  and Ambulance,2012,3830,2022,4080,250,6.4,140
27,Minnesota,17-3019,Drafters  All Other,2012,610,2022,710,100,16.6,20
27,Minnesota,51-4032,Drilling and Boring Machine Tool Setters  Operators  and Tenders  Metal and Plastic,2012,510,2022,400,-110,-20.6,10
27,Minnesota,53-3031,Driver/Sales Workers,2012,8740,2022,9040,300,3.4,170
27,Minnesota,47-2081,Drywall and Ceiling Tile Installers,2012,1020,2022,1110,90,8.9,20
27,Minnesota,47-5021,Earth Drillers  Except Oil and Gas,2012,350,2022,400,50,12.4,10
27,Minnesota,25-1063,Economics Teachers  Postsecondary,2012,280,2022,290,10,5.1,10
27,Minnesota,19-3011,Economists,2012,220,2022,220,0,0.5,10
27,Minnesota,27-3041,Editors,2012,4030,2022,3730,-300,-7.3,100
27,Minnesota,Nov-39,Education Administrators  All Other,2012,940,2022,1000,60,6.4,30
27,Minnesota,Nov-32,Education Administrators  Elementary and Secondary School,2012,2830,2022,2890,60,1.8,80
27,Minnesota,Nov-33,Education Administrators  Postsecondary,2012,3260,2022,3410,150,4.6,100
27,Minnesota,Nov-31,Education Administrators  Preschool and Childcare Center/Program,2012,1200,2022,1330,130,11.2,50
27,Minnesota,25-1081,Education Teachers  Postsecondary,2012,1140,2022,1210,70,5.3,20
27,Minnesota,25-9099,Education  Training  and Library Workers  All Other,2012,680,2022,720,40,6.3,10
27,Minnesota,21-1012,Educational  Guidance  School  and Vocational Counselors,2012,4170,2022,4450,280,6.7,120
27,Minnesota,49-2092,Electric Motor  Power Tool  and Related Repairers,2012,430,2022,420,-10,-2.8,10
27,Minnesota,51-2022,Electrical and Electronic Equipment Assemblers,2012,5230,2022,4930,-300,-5.8,60
27,Minnesota,17-3012,Electrical and Electronics Drafters,2012,630,2022,630,0,-0.8,10
27,Minnesota,17-3023,Electrical and Electronics Engineering Technicians,2012,2910,2022,2700,-210,-7.4,60
27,Minnesota,49-2093,Electrical and Electronics Installers and Repairers  Transportation Equipment,2012,160,2022,160,0,0.6,0
27,Minnesota,49-2094,Electrical and Electronics Repairers  Commercial and Industrial Equipment,2012,600,2022,600,0,-0.2,10
27,Minnesota,49-2095,Electrical and Electronics Repairers  Powerhouse  Substation  and Relay,2012,320,2022,330,10,2.8,10
27,Minnesota,17-2071,Electrical Engineers,2012,4130,2022,4260,130,3.1,100
27,Minnesota,49-9051,Electrical Power-Line Installers and Repairers,2012,3160,2022,3370,210,6.8,130
27,Minnesota,47-2111,Electricians,2012,10860,2022,12600,1740,16,380
27,Minnesota,51-2023,Electromechanical Equipment Assemblers,2012,2340,2022,2280,-60,-2.4,30
27,Minnesota,17-3024,Electro-Mechanical Technicians,2012,330,2022,330,0,-1.2,10
27,Minnesota,49-2096,Electronic Equipment Installers and Repairers  Motor Vehicles,2012,310,2022,300,-10,-2.3,0
27,Minnesota,49-2097,Electronic Home Entertainment Equipment Installers and Repairers,2012,320,2022,310,-10,-3.5,10
27,Minnesota,17-2072,Electronics Engineers  Except Computer,2012,1970,2022,1820,-150,-7.3,40
27,Minnesota,25-2021,Elementary School Teachers  Except Special Education,2012,26330,2022,26850,520,2,630
27,Minnesota,47-4021,Elevator Installers and Repairers,2012,400,2022,480,80,20.1,10
27,Minnesota,43-4061,Eligibility Interviewers  Government Programs,2012,3180,2022,3310,130,4,80
27,Minnesota,39-4011,Embalmers,2012,70,2022,60,-10,-21.9,0
27,Minnesota,Nov-61,Emergency Management Directors,2012,190,2022,200,10,3.7,0
27,Minnesota,29-2041,Emergency Medical Technicians and Paramedics,2012,4400,2022,5050,650,14.7,190
27,Minnesota,51-2031,Engine and Other Machine Assemblers,2012,180,2022,180,0,-1.1,0
27,Minnesota,25-1032,Engineering Teachers  Postsecondary,2012,730,2022,770,40,5.4,20
27,Minnesota,17-3029,Engineering Technicians  Except Drafters  All Other,2012,1150,2022,1170,20,1.9,30
27,Minnesota,17-2199,Engineers  All Other,2012,2650,2022,2710,60,2.5,60
27,Minnesota,25-1123,English Language and Literature Teachers  Postsecondary,2012,1100,2022,1140,40,3.9,20
27,Minnesota,27-2099,Entertainers and Performers  Sports and Related Workers  All Other,2012,350,2022,370,20,3.4,10
27,Minnesota,39-3099,Entertainment Attendants and Related Workers  All Other,2012,250,2022,260,10,3.2,10
27,Minnesota,17-3025,Environmental Engineering Technicians,2012,180,2022,200,20,12.1,10
27,Minnesota,17-2081,Environmental Engineers,2012,510,2022,570,60,11.5,20
27,Minnesota,19-4091,Environmental Science and Protection Technicians  Including Health,2012,500,2022,570,70,13.9,30
27,Minnesota,25-1053,Environmental Science Teachers  Postsecondary,2012,40,2022,40,0,7.3,0
27,Minnesota,19-2041,Environmental Scientists and Specialists  Including Health,2012,1470,2022,1610,140,9.3,60
27,Minnesota,19-1041,Epidemiologists,2012,130,2022,140,10,4.5,0
27,Minnesota,51-9194,Etchers and Engravers,2012,100,2022,100,0,2.1,0
27,Minnesota,53-7032,Excavating and Loading Machine and Dragline Operators,2012,1350,2022,1590,240,17.4,40
27,Minnesota,43-6011,Executive Secretaries and Executive Administrative Assistants,2012,22900,2022,22080,-820,-3.6,280
27,Minnesota,29-1128,Exercise Physiologists,2012,220,2022,240,20,9.5,10
27,Minnesota,47-5031,Explosives Workers  Ordnance Handling Experts  and Blasters,2012,10,2022,20,10,7.1,0
27,Minnesota,51-4021,Extruding and Drawing Machine Setters  Operators  and Tenders  Metal and Plastic,2012,1520,2022,1390,-130,-9.1,30
27,Minnesota,51-9041,Extruding  Forming  Pressing  and Compacting Machine Setters  Operators  and Tenders,2012,1250,2022,1280,30,2.4,40
27,Minnesota,51-6092,Fabric and Apparel Patternmakers,2012,670,2022,780,110,17.4,20
27,Minnesota,45-4021,Fallers,2012,30,2022,20,-10,-17.2,0
27,Minnesota,29-1062,Family and General Practitioners,2012,2810,2022,3170,360,12.8,110
27,Minnesota,25-9021,Farm and Home Management Advisors,2012,110,2022,110,0,-1.8,0
27,Minnesota,49-3041,Farm Equipment Mechanics and Service Technicians,2012,2300,2022,2490,190,8.1,90
27,Minnesota,Nov-13,Farmers  Ranchers  and Other Agricultural Managers,2012,46490,2022,44280,-2210,-4.8,750
27,Minnesota,45-2092,Farmworkers and Laborers  Crop  Nursery  and Greenhouse,2012,9620,2022,9500,-120,-1.2,290
27,Minnesota,45-2093,Farmworkers  Farm  Ranch  and Aquacultural Animals,2012,1570,2022,1660,90,5.7,60
27,Minnesota,27-1022,Fashion Designers,2012,170,2022,170,0,0.6,10
27,Minnesota,51-2091,Fiberglass Laminators and Fabricators,2012,80,2022,80,0,8,0
27,Minnesota,43-4071,File Clerks,2012,2970,2022,2910,-60,-2.2,70
27,Minnesota,27-4032,Film and Video Editors,2012,410,2022,410,0,1,0
27,Minnesota,13-2051,Financial Analysts,2012,5860,2022,6250,390,6.7,180
27,Minnesota,43-3099,Financial Clerks  All Other,2012,610,2022,660,50,7.4,20
27,Minnesota,13-2061,Financial Examiners,2012,680,2022,680,0,0.1,20
27,Minnesota,Nov-31,Financial Managers,2012,14180,2022,14970,790,5.6,350
27,Minnesota,13-2099,Financial Specialists  All Other,2012,2730,2022,2820,90,3.3,40
27,Minnesota,27-1013,Fine Artists  Including Painters  Sculptors  and Illustrators,2012,190,2022,190,0,0.5,10
27,Minnesota,33-2021,Fire Inspectors and Investigators,2012,170,2022,170,0,1.2,10
27,Minnesota,33-2011,Firefighters,2012,5250,2022,5380,130,2.5,160
27,Minnesota,47-1011,First-Line Supervisors of Construction Trades and Extraction Workers,2012,7260,2022,8540,1280,17.7,210
27,Minnesota,33-1011,First-Line Supervisors of Correctional Officers,2012,710,2022,720,10,1.4,30
27,Minnesota,45-1011,First-Line Supervisors of Farming  Fishing  and Forestry Workers,2012,580,2022,600,20,2.4,10
27,Minnesota,33-1021,First-Line Supervisors of Fire Fighting and Prevention Workers,2012,840,2022,860,20,2.5,40
27,Minnesota,35-1012,First-Line Supervisors of Food Preparation and Serving Workers,2012,14540,2022,15640,1100,7.6,520
27,Minnesota,53-1021,First-Line Supervisors of Helpers  Laborers  and Material Movers  Hand,2012,2940,2022,2990,50,1.9,90
27,Minnesota,37-1011,First-Line Supervisors of Housekeeping and Janitorial Workers,2012,4000,2022,4310,310,7.8,130
27,Minnesota,37-1012,First-Line Supervisors of Landscaping  Lawn Service  and Groundskeeping Workers,2012,1720,2022,1860,140,8.6,40
27,Minnesota,49-1011,First-Line Supervisors of Mechanics  Installers  and Repairers,2012,7340,2022,7620,280,3.9,230
27,Minnesota,41-1012,First-Line Supervisors of Non-Retail Sales Workers,2012,6390,2022,6340,-50,-0.8,80
27,Minnesota,43-1011,First-Line Supervisors of Office and Administrative Support Workers,2012,23910,2022,25430,1520,6.4,720
27,Minnesota,39-1021,First-Line Supervisors of Personal Service Workers,2012,3910,2022,4250,340,8.8,110
27,Minnesota,33-1012,First-Line Supervisors of Police and Detectives,2012,2430,2022,2490,60,2.3,80
27,Minnesota,51-1011,First-Line Supervisors of Production and Operating Workers,2012,13140,2022,13170,30,0.2,190
27,Minnesota,33-1099,First-Line Supervisors of Protective Service Workers  All Other,2012,1160,2022,1220,60,5.4,30
27,Minnesota,41-1011,First-Line Supervisors of Retail Sales Workers,2012,24800,2022,25840,1040,4.2,640
27,Minnesota,53-1031,First-Line Supervisors of Transportation and Material-Moving Machine and Vehicle Operators,2012,3690,2022,3860,170,4.6,120
27,Minnesota,33-3031,Fish and Game Wardens,2012,10,2022,10,0,0,0
27,Minnesota,39-9031,Fitness Trainers and Aerobics Instructors,2012,4460,2022,4840,380,8.4,90
27,Minnesota,47-2042,Floor Layers  Except Carpet  Wood  and Hard Tiles,2012,150,2022,160,10,9.6,0
27,Minnesota,47-2043,Floor Sanders and Finishers,2012,450,2022,510,60,12.1,10
27,Minnesota,27-1023,Floral Designers,2012,990,2022,850,-140,-13.4,30
27,Minnesota,51-3091,Food and Tobacco Roasting  Baking  and Drying Machine Operators and Tenders,2012,850,2022,850,0,0.6,20
27,Minnesota,51-3092,Food Batchmakers,2012,2390,2022,2340,-50,-1.8,80
27,Minnesota,51-3093,Food Cooking Machine Operators and Tenders,2012,1450,2022,1440,-10,-0.9,40
27,Minnesota,35-9099,Food Preparation and Serving Related Workers  All Other,2012,1020,2022,1090,70,6.3,60
27,Minnesota,35-2021,Food Preparation Workers,2012,8920,2022,9080,160,1.8,270
27,Minnesota,51-3099,Food Processing Workers  All Other,2012,3860,2022,3870,10,0.3,100
27,Minnesota,19-1012,Food Scientists and Technologists,2012,1450,2022,1630,180,12.7,70
27,Minnesota,35-3041,Food Servers  Nonrestaurant,2012,6440,2022,7520,1080,16.7,300
27,Minnesota,Nov-51,Food Service Managers,2012,5820,2022,5870,50,0.8,110
27,Minnesota,25-1124,Foreign Language and Literature Teachers  Postsecondary,2012,510,2022,550,40,6.7,10
27,Minnesota,19-4092,Forensic Science Technicians,2012,120,2022,120,0,2.5,10
27,Minnesota,19-4093,Forest and Conservation Technicians,2012,590,2022,560,-30,-5.7,20
27,Minnesota,19-1032,Foresters,2012,720,2022,760,40,5.8,30
27,Minnesota,25-1043,Forestry and Conservation Science Teachers  Postsecondary,2012,30,2022,30,0,3.6,0
27,Minnesota,51-4022,Forging Machine Setters  Operators  and Tenders  Metal and Plastic,2012,350,2022,310,-40,-9.8,10
27,Minnesota,51-4071,Foundry Mold and Coremakers,2012,140,2022,130,-10,-9.7,0
27,Minnesota,13-1131,Fundraisers,2012,1660,2022,1770,110,6.9,40
27,Minnesota,39-4021,Funeral Attendants,2012,460,2022,430,-30,-6.7,10
27,Minnesota,Nov-61,Funeral Service Managers,2012,110,2022,120,10,4.5,0
27,Minnesota,51-9051,Furnace  Kiln  Oven  Drier  and Kettle Operators and Tenders,2012,610,2022,630,20,4.6,20
27,Minnesota,51-7021,Furniture Finishers,2012,480,2022,490,10,2.5,10
27,Minnesota,39-3012,Gaming and Sports Book Writers and Runners,2012,1110,2022,1140,30,2.4,20
27,Minnesota,43-3041,Gaming Cage Workers,2012,470,2022,480,10,3,10
27,Minnesota,39-3011,Gaming Dealers,2012,3250,2022,3500,250,7.8,80
27,Minnesota,Nov-71,Gaming Managers,2012,120,2022,130,10,2.4,0
27,Minnesota,39-1011,Gaming Supervisors,2012,770,2022,790,20,3,20
27,Minnesota,33-9031,Gaming Surveillance Officers and Gaming Investigators,2012,280,2022,280,0,2.5,10
27,Minnesota,53-7071,Gas Compressor and Gas Pumping Station Operators,2012,30,2022,40,10,8.8,0
27,Minnesota,51-8092,Gas Plant Operators,2012,250,2022,230,-20,-6,10
27,Minnesota,11-1021,General and Operations Managers,2012,36860,2022,39700,2840,7.7,970
27,Minnesota,29-9092,Genetic Counselors,2012,60,2022,80,20,30.6,0
27,Minnesota,25-1064,Geography Teachers  Postsecondary,2012,90,2022,90,0,4.7,0
27,Minnesota,19-2042,Geoscientists  Except Hydrologists and Geographers,2012,120,2022,150,30,22.9,10
27,Minnesota,47-2121,Glaziers,2012,550,2022,660,110,20,20
27,Minnesota,45-2041,Graders and Sorters  Agricultural Products,2012,340,2022,340,0,0.9,10
27,Minnesota,25-1191,Graduate Teaching Assistants,2012,1250,2022,1320,70,5.4,30
27,Minnesota,27-1024,Graphic Designers,2012,6600,2022,6730,130,2,190
27,Minnesota,51-9022,Grinding and Polishing Workers  Hand,2012,690,2022,720,30,4,20
27,Minnesota,51-4033,Grinding  Lapping  Polishing  and Buffing Machine Tool Setters  Operators  and Tenders  Metal and Plastic,2012,1740,2022,1610,-130,-7.8,40
27,Minnesota,37-3019,Grounds Maintenance Workers  All Other,2012,510,2022,540,30,5.9,20
27,Minnesota,39-5012,Hairdressers  Hairstylists  and Cosmetologists,2012,15340,2022,16240,900,5.8,450
27,Minnesota,47-4041,Hazardous Materials Removal Workers,2012,450,2022,450,0,-2,10
27,Minnesota,17-2111,Health and Safety Engineers  Except Mining Safety Engineers and Inspectors,2012,280,2022,290,10,4,10
27,Minnesota,29-1199,Health Diagnosing and Treating Practitioners  All Other,2012,450,2022,470,20,5.8,10
27,Minnesota,21-1091,Health Educators,2012,1060,2022,1140,80,7.3,40
27,Minnesota,25-1071,Health Specialties Teachers  Postsecondary,2012,2710,2022,2910,200,7.2,60
27,Minnesota,29-2099,Health Technologists and Technicians  All Other,2012,1510,2022,1830,320,20.8,50
27,Minnesota,29-9099,Healthcare Practitioners and Technical Workers  All Other,2012,550,2022,580,30,5.3,20
27,Minnesota,21-1022,Healthcare Social Workers,2012,2670,2022,3110,440,16.2,100
27,Minnesota,31-9099,Healthcare Support Workers  All Other,2012,2970,2022,3520,550,18.9,110
27,Minnesota,29-2092,Hearing Aid Specialists,2012,50,2022,60,10,19.1,0
27,Minnesota,51-4191,Heat Treating Equipment Setters  Operators  and Tenders  Metal and Plastic,2012,160,2022,160,0,0,0
27,Minnesota,49-9021,Heating  Air Conditioning  and Refrigeration Mechanics and Installers,2012,2390,2022,2700,310,13.1,90
27,Minnesota,53-3032,Heavy and Tractor-Trailer Truck Drivers,2012,35940,2022,38480,2540,7.1,830
27,Minnesota,47-3019,Helpers  Construction Trades  All Other,2012,260,2022,320,60,22.6,10
27,Minnesota,47-3011,Helpers--Brickmasons  Blockmasons  Stonemasons  and Tile and Marble Setters,2012,220,2022,300,80,36.2,10
27,Minnesota,47-3012,Helpers--Carpenters,2012,510,2022,680,170,32.9,30
27,Minnesota,47-3013,Helpers--Electricians,2012,220,2022,260,40,20,10
27,Minnesota,47-5081,Helpers--Extraction Workers,2012,100,2022,130,30,22.1,10
27,Minnesota,49-9098,Helpers--Installation  Maintenance  and Repair Workers,2012,2030,2022,2170,140,7.1,80
27,Minnesota,47-3014,Helpers--Painters  Paperhangers  Plasterers  and Stucco Masons,2012,100,2022,130,30,26.3,10
27,Minnesota,47-3015,Helpers--Pipelayers  Plumbers  Pipefitters  and Steamfitters,2012,280,2022,350,70,22.8,10
27,Minnesota,51-9198,Helpers--Production Workers,2012,11450,2022,12460,1010,8.8,300
27,Minnesota,47-3016,Helpers--Roofers,2012,50,2022,60,10,21.6,0
27,Minnesota,47-4051,Highway Maintenance Workers,2012,4850,2022,4960,110,2.3,80
27,Minnesota,25-1125,History Teachers  Postsecondary,2012,360,2022,380,20,4.7,10
27,Minnesota,49-9031,Home Appliance Repairers,2012,890,2022,890,0,-0.6,30
27,Minnesota,31-1011,Home Health Aides,2012,34520,2022,44660,10140,29.3,1670
27,Minnesota,35-9031,Hosts and Hostesses  Restaurant  Lounge  and Coffee Shop,2012,5900,2022,5970,70,1.2,450
27,Minnesota,43-4081,Hotel  Motel  and Resort Desk Clerks,2012,4410,2022,4880,470,10.5,260
27,Minnesota,43-4161,Human Resources Assistants  Except Payroll and Timekeeping,2012,3490,2022,3450,-40,-1.1,90
27,Minnesota,Nov-21,Human Resources Managers,2012,3340,2022,3700,360,10.8,120
27,Minnesota,13-1071,Human Resources Specialists,2012,10520,2022,10900,380,3.6,230
27,Minnesota,19-2043,Hydrologists,2012,290,2022,300,10,2.7,10
27,Minnesota,17-3026,Industrial Engineering Technicians,2012,2950,2022,2970,20,0.5,60
27,Minnesota,17-2112,Industrial Engineers,2012,7790,2022,8160,370,4.7,270
27,Minnesota,49-9041,Industrial Machinery Mechanics,2012,6390,2022,7540,1150,18,300
27,Minnesota,Nov-51,Industrial Production Managers,2012,5170,2022,5190,20,0.3,100
27,Minnesota,53-7051,Industrial Truck and Tractor Operators,2012,8850,2022,8210,-640,-7.2,200
27,Minnesota,19-3032,Industrial-Organizational Psychologists,2012,110,2022,150,40,39.6,10
27,Minnesota,43-4199,Information and Record Clerks  All Other,2012,3350,2022,3040,-310,-9.2,70
27,Minnesota,15-1122,Information Security Analysts,2012,1320,2022,1580,260,19.7,50
27,Minnesota,51-9061,Inspectors  Testers  Sorters  Samplers  and Weighers,2012,8300,2022,8730,430,5.3,230
27,Minnesota,49-9099,Installation  Maintenance  and Repair Workers  All Other,2012,4560,2022,4860,300,6.5,110
27,Minnesota,25-9031,Instructional Coordinators,2012,1860,2022,1980,120,6,30
27,Minnesota,47-2131,Insulation Workers  Floor  Ceiling  and Wall,2012,400,2022,480,80,20,10
27,Minnesota,47-2132,Insulation Workers  Mechanical,2012,470,2022,660,190,40.6,30
27,Minnesota,13-1032,Insurance Appraisers  Auto Damage,2012,110,2022,100,-10,-7.5,0
27,Minnesota,43-9041,Insurance Claims and Policy Processing Clerks,2012,2740,2022,2910,170,6,90
27,Minnesota,41-3021,Insurance Sales Agents,2012,7540,2022,8170,630,8.3,240
27,Minnesota,13-2053,Insurance Underwriters,2012,1960,2022,1830,-130,-6.7,50
27,Minnesota,27-1025,Interior Designers,2012,970,2022,1020,50,5.4,30
27,Minnesota,29-1063,Internists  General,2012,770,2022,850,80,11.5,30
27,Minnesota,27-3091,Interpreters and Translators,2012,1490,2022,1960,470,31.4,70
27,Minnesota,43-4111,Interviewers  Except Eligibility and Loan,2012,2850,2022,3190,340,12.3,90
27,Minnesota,37-2011,Janitors and Cleaners  Except Maids and Housekeeping Cleaners,2012,46140,2022,49920,3780,8.2,1250
27,Minnesota,51-9071,Jewelers and Precious Stone and Metal Workers,2012,440,2022,420,-20,-4.1,10
27,Minnesota,23-1023,Judges  Magistrate Judges  and Magistrates,2012,450,2022,460,10,2.5,10
27,Minnesota,23-1012,Judicial Law Clerks,2012,370,2022,380,10,1.6,10
27,Minnesota,25-2012,Kindergarten Teachers  Except Special Education,2012,3020,2022,3130,110,3.4,100
27,Minnesota,13-1075,Labor Relations Specialists,2012,1810,2022,1750,-60,-3.2,30
27,Minnesota,53-7062,Laborers and Freight  Stock  and Material Movers  Hand,2012,32940,2022,34300,1360,4.1,1160
27,Minnesota,17-1012,Landscape Architects,2012,610,2022,650,40,5.5,20
27,Minnesota,37-3011,Landscaping and Groundskeeping Workers,2012,16810,2022,18200,1390,8.3,560
27,Minnesota,51-4034,Lathe and Turning Machine Tool Setters  Operators  and Tenders  Metal and Plastic,2012,930,2022,840,-90,-9.1,20
27,Minnesota,51-6011,Laundry and Dry-Cleaning Workers,2012,3130,2022,3340,210,6.7,110
27,Minnesota,25-1112,Law Teachers  Postsecondary,2012,430,2022,450,20,5.6,10
27,Minnesota,23-1011,Lawyers,2012,12550,2022,13080,530,4.3,260
27,Minnesota,51-4192,Layout Workers  Metal and Plastic,2012,40,2022,50,10,9.5,0
27,Minnesota,43-6012,Legal Secretaries,2012,4410,2022,4000,-410,-9.2,50
27,Minnesota,23-2099,Legal Support Workers  All Other,2012,620,2022,640,20,3.4,10
27,Minnesota,11-1031,Legislators,2012,810,2022,830,20,2.6,20
27,Minnesota,25-4021,Librarians,2012,2280,2022,2340,60,3,60
27,Minnesota,43-4121,Library Assistants  Clerical,2012,1430,2022,1580,150,10.6,80
27,Minnesota,25-1082,Library Science Teachers  Postsecondary,2012,60,2022,60,0,3.6,0
27,Minnesota,25-4031,Library Technicians,2012,1950,2022,2030,80,3.8,110
27,Minnesota,29-2061,Licensed Practical and Licensed Vocational Nurses,2012,17420,2022,20660,3240,18.6,750
27,Minnesota,19-1099,Life Scientists  All Other,2012,1010,2022,1100,90,8.7,30
27,Minnesota,19-4099,Life  Physical  and Social Science Technicians  All Other,2012,1480,2022,1640,160,10.5,70
27,Minnesota,33-9092,Lifeguards  Ski Patrol  and Other Recreational Protective Service Workers,2012,2450,2022,2570,120,5.1,180
27,Minnesota,53-3033,Light Truck or Delivery Services Drivers,2012,14790,2022,14800,10,0.1,240
27,Minnesota,43-4131,Loan Interviewers and Clerks,2012,5550,2022,5930,380,6.8,80
27,Minnesota,13-2072,Loan Officers,2012,7010,2022,7370,360,5.2,160
27,Minnesota,39-3093,Locker Room  Coatroom  and Dressing Room Attendants,2012,340,2022,360,20,5.3,20
27,Minnesota,49-9094,Locksmiths and Safe Repairers,2012,420,2022,420,0,0,10
27,Minnesota,53-4011,Locomotive Engineers,2012,850,2022,810,-40,-4.9,30
27,Minnesota,Nov-81,Lodging Managers,2012,1250,2022,1230,-20,-1,40
27,Minnesota,45-4023,Log Graders and Scalers,2012,80,2022,60,-20,-22.8,0
27,Minnesota,45-4022,Logging Equipment Operators,2012,1060,2022,1150,90,8,20
27,Minnesota,13-1081,Logisticians,2012,2540,2022,3040,500,19.6,80
27,Minnesota,53-7063,Machine Feeders and Offbearers,2012,1590,2022,1490,-100,-6.3,30
27,Minnesota,51-4041,Machinists,2012,10840,2022,12110,1270,11.7,370
27,Minnesota,29-2035,Magnetic Resonance Imaging Technologists,2012,830,2022,1030,200,23.9,30
27,Minnesota,37-2012,Maids and Housekeeping Cleaners,2012,27450,2022,30190,2740,10,820
27,Minnesota,43-9051,Mail Clerks and Mail Machine Operators  Except Postal Service,2012,2350,2022,2040,-310,-13.2,50
27,Minnesota,49-9071,Maintenance and Repair Workers  General,2012,19740,2022,20890,1150,5.8,490
27,Minnesota,49-9043,Maintenance Workers  Machinery,2012,920,2022,1010,90,9.9,20
27,Minnesota,13-1111,Management Analysts,2012,11740,2022,13270,1530,13.1,340
27,Minnesota,Nov-99,Managers  All Other,2012,17870,2022,18520,650,3.6,460
27,Minnesota,39-5092,Manicurists and Pedicurists,2012,2520,2022,2720,200,7.7,40
27,Minnesota,49-9095,Manufactured Building and Mobile Home Installers,2012,30,2022,20,-10,-24,0
27,Minnesota,13-1161,Market Research Analysts and Marketing Specialists,2012,11350,2022,13860,2510,22.1,410
27,Minnesota,Nov-21,Marketing Managers,2012,7630,2022,8180,550,7.1,220
27,Minnesota,21-1013,Marriage and Family Therapists,2012,840,2022,1000,160,18.3,30
27,Minnesota,31-9011,Massage Therapists,2012,3580,2022,4200,620,17.5,100
27,Minnesota,53-7199,Material Moving Workers  All Other,2012,320,2022,350,30,7.7,10
27,Minnesota,17-2131,Materials Engineers,2012,220,2022,220,0,0,10
27,Minnesota,19-2032,Materials Scientists,2012,20,2022,20,0,4.5,0
27,Minnesota,15-2099,Mathematical Science Occupations  All Other,2012,30,2022,30,0,3.2,0
27,Minnesota,25-1022,Mathematical Science Teachers  Postsecondary,2012,650,2022,680,30,4,10
27,Minnesota,15-2091,Mathematical Technicians,2012,290,2022,320,30,9.2,10
27,Minnesota,51-3022,Meat  Poultry  and Fish Cutters and Trimmers,2012,1910,2022,2030,120,6.1,60
27,Minnesota,49-9011,Mechanical Door Repairers,2012,770,2022,910,140,18.9,40
27,Minnesota,17-3013,Mechanical Drafters,2012,2840,2022,2720,-120,-4,40
27,Minnesota,17-3027,Mechanical Engineering Technicians,2012,1750,2022,1780,30,2.1,40
27,Minnesota,17-2141,Mechanical Engineers,2012,6150,2022,6360,210,3.4,230
27,Minnesota,27-4099,Media and Communication Equipment Workers  All Other,2012,240,2022,240,0,0.4,0
27,Minnesota,27-3099,Media and Communication Workers  All Other,2012,2060,2022,2200,140,7.1,40
27,Minnesota,29-2012,Medical and Clinical Laboratory Technicians,2012,3280,2022,4040,760,23.4,160
27,Minnesota,29-2011,Medical and Clinical Laboratory Technologists,2012,3510,2022,4120,610,17.3,150
27,Minnesota,Nov-11,Medical and Health Services Managers,2012,6070,2022,7130,1060,17.4,250
27,Minnesota,51-9082,Medical Appliance Technicians,2012,460,2022,470,10,3.1,20
27,Minnesota,31-9092,Medical Assistants,2012,8590,2022,10280,1690,19.7,330
27,Minnesota,31-9093,Medical Equipment Preparers,2012,1700,2022,2040,340,19.8,70
27,Minnesota,49-9062,Medical Equipment Repairers,2012,1310,2022,1660,350,26.8,70
27,Minnesota,29-2071,Medical Records and Health Information Technicians,2012,3500,2022,4090,590,16.8,150
27,Minnesota,19-1042,Medical Scientists  Except Epidemiologists,2012,2590,2022,2880,290,11.2,80
27,Minnesota,43-6013,Medical Secretaries,2012,7890,2022,9810,1920,24.2,290
27,Minnesota,31-9094,Medical Transcriptionists,2012,3090,2022,3380,290,9.6,90
27,Minnesota,13-1121,Meeting  Convention  and Event Planners,2012,1950,2022,2540,590,29.8,90
27,Minnesota,21-1023,Mental Health and Substance Abuse Social Workers,2012,2280,2022,2630,350,15.4,80
27,Minnesota,21-1014,Mental Health Counselors,2012,2250,2022,2680,430,19.1,90
27,Minnesota,27-1026,Merchandise Displayers and Window Trimmers,2012,1790,2022,1910,120,6.4,60
27,Minnesota,51-4199,Metal Workers and Plastic Workers  All Other,2012,680,2022,680,0,-0.6,10
27,Minnesota,51-4051,Metal-Refining Furnace Operators and Tenders,2012,130,2022,130,0,-3.1,0
27,Minnesota,43-5041,Meter Readers  Utilities,2012,440,2022,350,-90,-21.1,10
27,Minnesota,19-1022,Microbiologists,2012,370,2022,420,50,12.8,20
27,Minnesota,25-2022,Middle School Teachers  Except Special and Career/Technical Education,2012,8880,2022,9050,170,1.9,210
27,Minnesota,51-4035,Milling and Planing Machine Setters  Operators  and Tenders  Metal and Plastic,2012,840,2022,780,-60,-6.7,20
27,Minnesota,49-9044,Millwrights,2012,1020,2022,1190,170,16.3,30
27,Minnesota,47-5042,Mine Cutting and Channeling Machine Operators,2012,60,2022,60,0,5,0
27,Minnesota,17-2151,Mining and Geological Engineers  Including Mining Safety Engineers,2012,120,2022,140,20,21.7,10
27,Minnesota,51-9023,Mixing and Blending Machine Setters  Operators  and Tenders,2012,1980,2022,1930,-50,-2.5,60
27,Minnesota,49-3042,Mobile Heavy Equipment Mechanics  Except Engines,2012,3520,2022,3780,260,7.4,130
27,Minnesota,51-9195,Molders  Shapers  and Casters  Except Metal and Plastic,2012,470,2022,510,40,8.6,20
27,Minnesota,51-4072,Molding  Coremaking  and Casting Machine Setters  Operators  and Tenders  Metal and Plastic,2012,2880,2022,2560,-320,-11.1,40
27,Minnesota,39-4031,Morticians  Undertakers  and Funeral Directors,2012,300,2022,310,10,3.4,10
27,Minnesota,39-3021,Motion Picture Projectionists,2012,160,2022,130,-30,-18.4,10
27,Minnesota,53-3099,Motor Vehicle Operators  All Other,2012,2290,2022,2540,250,10.7,90
27,Minnesota,49-3051,Motorboat Mechanics and Service Technicians,2012,570,2022,590,20,3.7,10
27,Minnesota,49-3052,Motorcycle Mechanics,2012,360,2022,360,0,1.1,10
27,Minnesota,27-1014,Multimedia Artists and Animators,2012,960,2022,990,30,2.8,30
27,Minnesota,51-4081,Multiple Machine Tool Setters  Operators  and Tenders  Metal and Plastic,2012,1630,2022,1470,-160,-10.2,30
27,Minnesota,25-4013,Museum Technicians and Conservators,2012,140,2022,140,0,5.9,0
27,Minnesota,27-2041,Music Directors and Composers,2012,1720,2022,1770,50,2.9,50
27,Minnesota,27-2042,Musicians and Singers,2012,3450,2022,3510,60,1.5,100
27,Minnesota,Nov-21,Natural Sciences Managers,2012,1030,2022,1080,50,5.1,30
27,Minnesota,15-1142,Network and Computer Systems Administrators,2012,8680,2022,9050,370,4.3,170
27,Minnesota,43-4141,New Accounts Clerks,2012,1220,2022,1170,-50,-4.2,30
27,Minnesota,39-2021,Nonfarm Animal Caretakers,2012,2830,2022,3160,330,11.6,70
27,Minnesota,29-2033,Nuclear Medicine Technologists,2012,310,2022,370,60,20.3,10
27,Minnesota,29-1151,Nurse Anesthetists,2012,1210,2022,1440,230,19,50
27,Minnesota,29-1161,Nurse Midwives,2012,160,2022,200,40,27.5,10
27,Minnesota,29-1171,Nurse Practitioners,2012,2760,2022,3480,720,26.1,130
27,Minnesota,31-1014,Nursing Assistants,2012,30180,2022,32930,2750,9.1,850
27,Minnesota,25-1072,Nursing Instructors and Teachers  Postsecondary,2012,890,2022,950,60,6,20
27,Minnesota,29-1064,Obstetricians and Gynecologists,2012,370,2022,420,50,13.3,10
27,Minnesota,29-9011,Occupational Health and Safety Specialists,2012,1460,2022,1560,100,6.8,50
27,Minnesota,29-9012,Occupational Health and Safety Technicians,2012,100,2022,110,10,9.1,0
27,Minnesota,29-1122,Occupational Therapists,2012,2320,2022,2680,360,15.3,70
27,Minnesota,31-2012,Occupational Therapy Aides,2012,50,2022,60,10,16.7,0
27,Minnesota,31-2011,Occupational Therapy Assistants,2012,580,2022,700,120,19.6,30
27,Minnesota,43-9199,Office and Administrative Support Workers  All Other,2012,6110,2022,6470,360,5.8,210
27,Minnesota,43-9061,Office Clerks  General,2012,58110,2022,59330,1220,2.1,1340
27,Minnesota,43-9071,Office Machine Operators  Except Computer,2012,1450,2022,1280,-170,-12,30
27,Minnesota,47-2073,Operating Engineers and Other Construction Equipment Operators,2012,8350,2022,9760,1410,16.9,330
27,Minnesota,15-2031,Operations Research Analysts,2012,1610,2022,1930,320,20.2,70
27,Minnesota,51-9083,Ophthalmic Laboratory Technicians,2012,1100,2022,1170,70,6.4,40
27,Minnesota,29-2057,Ophthalmic Medical Technicians,2012,680,2022,820,140,21.3,20
27,Minnesota,29-2081,Opticians  Dispensing,2012,1650,2022,1840,190,10.9,70
27,Minnesota,29-1041,Optometrists,2012,820,2022,930,110,13.3,40
27,Minnesota,43-4151,Order Clerks,2012,3840,2022,3550,-290,-7.6,100
27,Minnesota,31-1015,Orderlies,2012,430,2022,500,70,15.4,20
27,Minnesota,29-2091,Orthotists and Prosthetists,2012,200,2022,250,50,26.7,10
27,Minnesota,49-3053,Outdoor Power Equipment and Other Small Engine Mechanics,2012,570,2022,610,40,6.9,20
27,Minnesota,51-9111,Packaging and Filling Machine Operators and Tenders,2012,9200,2022,9010,-190,-2.1,220
27,Minnesota,53-7064,Packers and Packagers  Hand,2012,11250,2022,11470,220,2,320
27,Minnesota,47-2141,Painters  Construction and Maintenance,2012,6620,2022,7810,1190,18,220
27,Minnesota,51-9122,Painters  Transportation Equipment,2012,1090,2022,1210,120,10.8,30
27,Minnesota,51-9123,Painting  Coating  and Decorating Workers,2012,530,2022,530,0,0.8,10
27,Minnesota,51-9196,Paper Goods Machine Setters  Operators  and Tenders,2012,2610,2022,2370,-240,-9.3,20
27,Minnesota,23-2011,Paralegals and Legal Assistants,2012,4610,2022,5090,480,10.4,120
27,Minnesota,33-3041,Parking Enforcement Workers,2012,80,2022,80,0,-2.6,0
27,Minnesota,53-6021,Parking Lot Attendants,2012,1810,2022,1920,110,5.8,100
27,Minnesota,41-2022,Parts Salespersons,2012,4900,2022,5160,260,5.3,150
27,Minnesota,51-4062,Patternmakers  Metal and Plastic,2012,90,2022,100,10,13.5,0
27,Minnesota,51-7032,Patternmakers  Wood,2012,20,2022,20,0,12.5,0
27,Minnesota,47-2071,Paving  Surfacing  and Tamping Equipment Operators,2012,1290,2022,1610,320,24.4,50
27,Minnesota,43-3051,Payroll and Timekeeping Clerks,2012,4380,2022,4720,340,7.8,130
27,Minnesota,29-1065,Pediatricians  General,2012,390,2022,440,50,12.5,20
27,Minnesota,39-9021,Personal Care Aides,2012,50550,2022,73150,22600,44.7,2620
27,Minnesota,39-9099,Personal Care and Service Workers  All Other,2012,2300,2022,2410,110,4.7,80
27,Minnesota,13-2052,Personal Financial Advisors,2012,5750,2022,6740,990,17.3,190
27,Minnesota,37-2021,Pest Control Workers,2012,250,2022,290,40,14.6,10
27,Minnesota,37-3012,Pesticide Handlers  Sprayers  and Applicators  Vegetation,2012,1400,2022,1460,60,4.6,40
27,Minnesota,29-1051,Pharmacists,2012,5390,2022,5810,420,7.7,170
27,Minnesota,31-9095,Pharmacy Aides,2012,890,2022,950,60,6.4,20
27,Minnesota,29-2052,Pharmacy Technicians,2012,6870,2022,7810,940,13.8,160
27,Minnesota,25-1126,Philosophy and Religion Teachers  Postsecondary,2012,830,2022,870,40,5.3,20
27,Minnesota,31-9097,Phlebotomists,2012,2450,2022,3000,550,22.5,100
27,Minnesota,27-4021,Photographers,2012,2620,2022,2680,60,2.3,30
27,Minnesota,51-9151,Photographic Process Workers and Processing Machine Operators,2012,1120,2022,1030,-90,-7.9,30
27,Minnesota,19-2099,Physical Scientists  All Other,2012,790,2022,810,20,2.3,20
27,Minnesota,31-2022,Physical Therapist Aides,2012,260,2022,310,50,18.3,10
27,Minnesota,31-2021,Physical Therapist Assistants,2012,1090,2022,1350,260,24.4,50
27,Minnesota,29-1123,Physical Therapists,2012,3440,2022,4220,780,22.6,160
27,Minnesota,29-1071,Physician Assistants,2012,1650,2022,2220,570,34.5,90
27,Minnesota,29-1069,Physicians and Surgeons  All Other,2012,2960,2022,3480,520,17.7,130
27,Minnesota,19-2012,Physicists,2012,120,2022,150,30,20.2,10
27,Minnesota,25-1054,Physics Teachers  Postsecondary,2012,170,2022,170,0,4.2,0
27,Minnesota,47-2151,Pipelayers,2012,670,2022,770,100,15,20
27,Minnesota,51-8099,Plant and System Operators  All Other,2012,300,2022,270,-30,-8.1,10
27,Minnesota,51-4193,Plating and Coating Machine Setters  Operators  and Tenders  Metal and Plastic,2012,1210,2022,1130,-80,-6.5,20
27,Minnesota,47-2152,Plumbers  Pipefitters  and Steamfitters,2012,7960,2022,9480,1520,19.1,250
27,Minnesota,29-1081,Podiatrists,2012,170,2022,210,40,24.4,10
27,Minnesota,33-3051,Police and Sheriff's Patrol Officers,2012,9380,2022,9610,230,2.5,320
27,Minnesota,43-5031,Police  Fire  and Ambulance Dispatchers,2012,1530,2022,1590,60,4,50
27,Minnesota,25-1065,Political Science Teachers  Postsecondary,2012,240,2022,260,20,4.9,10
27,Minnesota,43-5051,Postal Service Clerks,2012,1050,2022,720,-330,-31.7,20
27,Minnesota,43-5052,Postal Service Mail Carriers,2012,5960,2022,4380,-1580,-26.5,210
27,Minnesota,43-5053,Postal Service Mail Sorters  Processors  and Processing Machine Operators,2012,2740,2022,1930,-810,-29.5,20
27,Minnesota,Nov-31,Postmasters and Mail Superintendents,2012,640,2022,480,-160,-24,10
27,Minnesota,25-1199,Postsecondary Teachers  All Other,2012,3310,2022,3470,160,4.8,70
27,Minnesota,51-4052,Pourers and Casters  Metal,2012,350,2022,320,-30,-8.6,0
27,Minnesota,51-8012,Power Distributors and Dispatchers,2012,300,2022,300,0,1,10
27,Minnesota,51-8013,Power Plant Operators,2012,1060,2022,980,-80,-7.9,30
27,Minnesota,49-9069,Precision Instrument and Equipment Repairers  All Other,2012,340,2022,350,10,0.9,10
27,Minnesota,51-5111,Prepress Technicians and Workers,2012,1730,2022,1470,-260,-15.2,40
27,Minnesota,25-2011,Preschool Teachers  Except Special Education,2012,8120,2022,8940,820,10.1,310
27,Minnesota,51-6021,Pressers  Textile  Garment  and Related Materials,2012,1390,2022,1380,-10,-1,10
27,Minnesota,51-5113,Print Binding and Finishing Workers,2012,2280,2022,2110,-170,-7.4,40
27,Minnesota,51-5112,Printing Press Operators,2012,5830,2022,5430,-400,-6.8,100
27,Minnesota,33-9021,Private Detectives and Investigators,2012,200,2022,210,10,5.1,10
27,Minnesota,21-1092,Probation Officers and Correctional Treatment Specialists,2012,1680,2022,1630,-50,-2.6,40
27,Minnesota,43-3061,Procurement Clerks,2012,1940,2022,2050,110,5.6,80
27,Minnesota,27-2012,Producers and Directors,2012,1310,2022,1310,0,0.3,40
27,Minnesota,51-9199,Production Workers  All Other,2012,8080,2022,8620,540,6.6,270
27,Minnesota,43-5061,Production  Planning  and Expediting Clerks,2012,5580,2022,5490,-90,-1.8,140
27,Minnesota,43-9081,Proofreaders and Copy Markers,2012,510,2022,530,20,3.8,10
27,Minnesota,Nov-41,Property  Real Estate  and Community Association Managers,2012,4940,2022,5510,570,11.6,170
27,Minnesota,33-9099,Protective Service Workers  All Other,2012,3230,2022,3380,150,4.6,240
27,Minnesota,31-1013,Psychiatric Aides,2012,190,2022,220,30,16.1,10
27,Minnesota,29-2053,Psychiatric Technicians,2012,170,2022,200,30,18.6,10
27,Minnesota,29-1066,Psychiatrists,2012,310,2022,360,50,18.6,10
27,Minnesota,19-3039,Psychologists  All Other,2012,330,2022,350,20,7.1,10
27,Minnesota,25-1066,Psychology Teachers  Postsecondary,2012,530,2022,560,30,4.5,10
27,Minnesota,27-3012,Public Address System and Other Announcers,2012,740,2022,730,-10,-1.9,20
27,Minnesota,Nov-31,Public Relations and Fundraising Managers,2012,1560,2022,1650,90,5.6,40
27,Minnesota,27-3031,Public Relations Specialists,2012,3780,2022,3920,140,3.8,70
27,Minnesota,13-1023,Purchasing Agents  Except Wholesale  Retail  and Farm Products,2012,5900,2022,6020,120,2,120
27,Minnesota,Nov-61,Purchasing Managers,2012,2510,2022,2550,40,1.8,60
27,Minnesota,29-1124,Radiation Therapists,2012,410,2022,480,70,18.9,20
27,Minnesota,27-3011,Radio and Television Announcers,2012,830,2022,770,-60,-7.3,20
27,Minnesota,27-4013,Radio Operators,2012,150,2022,150,0,2,0
27,Minnesota,49-2021,Radio  Cellular  and Tower Equipment Installers and Repairs,2012,150,2022,160,10,5.4,0
27,Minnesota,29-2034,Radiologic Technologists,2012,3840,2022,4640,800,20.7,130
27,Minnesota,49-3043,Rail Car Repairers,2012,400,2022,380,-20,-4.3,10
27,Minnesota,53-4099,Rail Transportation Workers  All Other,2012,50,2022,60,10,5.8,0
27,Minnesota,53-4013,Rail Yard Engineers  Dinkey Operators  and Hostlers,2012,110,2022,110,0,4.7,0
27,Minnesota,53-4031,Railroad Conductors and Yardmasters,2012,770,2022,710,-60,-7.5,20
27,Minnesota,47-4061,Rail-Track Laying and Maintenance Equipment Operators,2012,790,2022,840,50,6.9,20
27,Minnesota,41-9021,Real Estate Brokers,2012,690,2022,780,90,12.1,10
27,Minnesota,41-9022,Real Estate Sales Agents,2012,5350,2022,5880,530,9.9,100
27,Minnesota,43-4171,Receptionists and Information Clerks,2012,20890,2022,22030,1140,5.4,680
27,Minnesota,25-1193,Recreation and Fitness Studies Teachers  Postsecondary,2012,300,2022,310,10,4.4,10
27,Minnesota,39-9032,Recreation Workers,2012,6030,2022,6600,570,9.4,130
27,Minnesota,29-1125,Recreational Therapists,2012,380,2022,410,30,7.7,10
27,Minnesota,49-3092,Recreational Vehicle Service Technicians,2012,480,2022,480,0,1.3,20
27,Minnesota,53-7081,Refuse and Recyclable Material Collectors,2012,2680,2022,3280,600,22.3,120
27,Minnesota,29-1141,Registered Nurses,2012,55950,2022,65430,9480,16.9,2030
27,Minnesota,21-1015,Rehabilitation Counselors,2012,2640,2022,2980,340,12.9,90
27,Minnesota,47-2171,Reinforcing Iron and Rebar Workers,2012,340,2022,430,90,26,20
27,Minnesota,21-2099,Religious Workers  All Other,2012,1600,2022,1710,110,7,50
27,Minnesota,27-3022,Reporters and Correspondents,2012,1480,2022,1350,-130,-8.5,50
27,Minnesota,43-4181,Reservation and Transportation Ticket Agents and Travel Clerks,2012,3530,2022,2900,-630,-17.8,50
27,Minnesota,39-9041,Residential Advisors,2012,1660,2022,1960,300,18.3,100
27,Minnesota,29-1126,Respiratory Therapists,2012,1630,2022,1920,290,17.8,50
27,Minnesota,29-2054,Respiratory Therapy Technicians,2012,100,2022,110,10,17.7,0
27,Minnesota,41-2031,Retail Salespersons,2012,85800,2022,92450,6650,7.8,3600
27,Minnesota,49-9096,Riggers,2012,60,2022,60,0,-1.6,0
27,Minnesota,51-4023,Rolling Machine Setters  Operators  and Tenders  Metal and Plastic,2012,830,2022,780,-50,-6,20
27,Minnesota,47-2181,Roofers,2012,1980,2022,2260,280,14.3,70
27,Minnesota,53-5011,Sailors and Marine Oilers,2012,200,2022,220,20,9.5,10
27,Minnesota,41-9099,Sales and Related Workers  All Other,2012,8640,2022,9330,690,7.9,240
27,Minnesota,41-9031,Sales Engineers,2012,2000,2022,2090,90,4.5,40
27,Minnesota,Nov-22,Sales Managers,2012,12310,2022,12790,480,3.9,310
27,Minnesota,41-3099,Sales Representatives  Services  All Other,2012,15340,2022,17010,1670,10.9,590
27,Minnesota,41-4012,Sales Representatives  Wholesale and Manufacturing  Except Technical and Scientific Products,2012,31390,2022,32890,1500,4.8,760
27,Minnesota,41-4011,Sales Representatives  Wholesale and Manufacturing  Technical and Scientific Products,2012,7930,2022,8090,160,2,170
27,Minnesota,51-7041,Sawing Machine Setters  Operators  and Tenders  Wood,2012,1020,2022,1150,130,12.1,40
27,Minnesota,25-2031,Secondary School Teachers  Except Special and Career/Technical Education,2012,15070,2022,15370,300,2,440
27,Minnesota,43-6014,Secretaries and Administrative Assistants  Except Legal  Medical  and Executive,2012,24270,2022,26740,2470,10.1,540
27,Minnesota,41-3031,Securities  Commodities  and Financial Services Sales Agents,2012,8510,2022,9020,510,6.1,250
27,Minnesota,49-2098,Security and Fire Alarm Systems Installers,2012,840,2022,950,110,13.1,30
27,Minnesota,33-9032,Security Guards,2012,11530,2022,12560,1030,8.9,280
27,Minnesota,25-3021,Self-Enrichment Education Teachers,2012,7610,2022,8550,940,12.3,220
27,Minnesota,51-9141,Semiconductor Processors,2012,750,2022,490,-260,-35.2,20
27,Minnesota,51-9012,Separating  Filtering  Clarifying  Precipitating  and Still Machine Setters  Operators  and Tenders,2012,740,2022,730,-10,-1.1,30
27,Minnesota,47-4071,Septic Tank Servicers and Sewer Pipe Cleaners,2012,540,2022,640,100,19.7,20
27,Minnesota,27-1027,Set and Exhibit Designers,2012,270,2022,270,0,2.6,10
27,Minnesota,51-6051,Sewers  Hand,2012,80,2022,80,0,1.3,0
27,Minnesota,51-6031,Sewing Machine Operators,2012,2150,2022,2150,0,0.1,10
27,Minnesota,47-2211,Sheet Metal Workers,2012,2410,2022,2750,340,14.3,80
27,Minnesota,43-5071,Shipping  Receiving  and Traffic Clerks,2012,13550,2022,13560,10,0.1,360
27,Minnesota,51-6042,Shoe Machine Operators and Tenders,2012,240,2022,240,0,0,0
27,Minnesota,39-5094,Skincare Specialists,2012,1140,2022,1410,270,23.9,40
27,Minnesota,51-3023,Slaughterers and Meat Packers,2012,7840,2022,7630,-210,-2.7,190
27,Minnesota,39-1012,Slot Supervisors,2012,270,2022,270,0,-1.8,10
27,Minnesota,Nov-51,Social and Community Service Managers,2012,3100,2022,3620,520,16.9,120
27,Minnesota,21-1093,Social and Human Service Assistants,2012,18090,2022,20920,2830,15.6,760
27,Minnesota,19-4061,Social Science Research Assistants,2012,80,2022,80,0,5.2,0
27,Minnesota,25-1069,Social Sciences Teachers  Postsecondary  All Other,2012,70,2022,70,0,1.5,0
27,Minnesota,19-3099,Social Scientists and Related Workers  All Other,2012,380,2022,380,0,0.3,10
27,Minnesota,25-1113,Social Work Teachers  Postsecondary,2012,210,2022,220,10,5.7,0
27,Minnesota,21-1029,Social Workers  All Other,2012,410,2022,410,0,1.5,10
27,Minnesota,25-1067,Sociology Teachers  Postsecondary,2012,370,2022,390,20,4.8,10
27,Minnesota,15-1132,Software Developers  Applications,2012,12870,2022,14240,1370,10.7,300
27,Minnesota,15-1133,Software Developers  Systems Software,2012,8680,2022,9230,550,6.4,170
27,Minnesota,19-1013,Soil and Plant Scientists,2012,360,2022,380,20,4.4,10
27,Minnesota,27-4014,Sound Engineering Technicians,2012,200,2022,210,10,2.5,0
27,Minnesota,25-2059,Special Education Teachers  All Other,2012,170,2022,180,10,5.2,0
27,Minnesota,25-2052,Special Education Teachers  Kindergarten and Elementary School,2012,5070,2022,5180,110,2,100
27,Minnesota,25-2053,Special Education Teachers  Middle School,2012,2100,2022,2150,50,2.1,40
27,Minnesota,25-2051,Special Education Teachers  Preschool,2012,640,2022,660,20,2.7,10
27,Minnesota,25-2054,Special Education Teachers  Secondary School,2012,3260,2022,3330,70,2.1,60
27,Minnesota,29-1127,Speech-Language Pathologists,2012,2260,2022,2520,260,11.6,60
27,Minnesota,51-8021,Stationary Engineers and Boiler Operators,2012,1790,2022,1880,90,4.7,60
27,Minnesota,43-9111,Statistical Assistants,2012,30,2022,30,0,11.5,0
27,Minnesota,15-2041,Statisticians,2012,690,2022,880,190,26.2,40
27,Minnesota,43-5081,Stock Clerks and Order Fillers,2012,34560,2022,32640,-1920,-5.6,1040
27,Minnesota,47-2221,Structural Iron and Steel Workers,2012,550,2022,660,110,19.9,30
27,Minnesota,51-2041,Structural Metal Fabricators and Fitters,2012,1620,2022,1710,90,5.4,70
27,Minnesota,21-1011,Substance Abuse and Behavioral Disorder Counselors,2012,1960,2022,2450,490,25,90
27,Minnesota,29-1067,Surgeons,2012,990,2022,1200,210,21.2,50
27,Minnesota,29-2055,Surgical Technologists,2012,1800,2022,2130,330,18.7,50
27,Minnesota,19-3022,Survey Researchers,2012,60,2022,60,0,8.5,0
27,Minnesota,17-3031,Surveying and Mapping Technicians,2012,700,2022,750,50,8.3,20
27,Minnesota,17-1022,Surveyors,2012,690,2022,750,60,8.4,20
27,Minnesota,43-2011,Switchboard Operators  Including Answering Service,2012,1390,2022,1260,-130,-9.9,30
27,Minnesota,51-6052,Tailors  Dressmakers  and Custom Sewers,2012,680,2022,690,10,1.2,10
27,Minnesota,47-2082,Tapers,2012,700,2022,760,60,8.9,10
27,Minnesota,13-2081,Tax Examiners and Collectors  and Revenue Agents,2012,1290,2022,1270,-20,-1.7,40
27,Minnesota,13-2082,Tax Preparers,2012,1530,2022,1560,30,2,30
27,Minnesota,53-3041,Taxi Drivers and Chauffeurs,2012,4130,2022,4500,370,9,90
27,Minnesota,25-9041,Teacher Assistants,2012,33230,2022,34490,1260,3.8,880
27,Minnesota,25-3099,Teachers and Instructors  All Other,2012,11500,2022,11910,410,3.5,240
27,Minnesota,51-2092,Team Assemblers,2012,17380,2022,18060,680,3.9,340
27,Minnesota,27-3042,Technical Writers,2012,1080,2022,1130,50,4.5,40
27,Minnesota,49-2022,Telecommunications Equipment Installers and Repairers  Except Line Installers,2012,3700,2022,3800,100,2.8,60
27,Minnesota,49-9052,Telecommunications Line Installers and Repairers,2012,1650,2022,1980,330,19.6,70
27,Minnesota,41-9041,Telemarketers,2012,4480,2022,4510,30,0.8,100
27,Minnesota,43-3071,Tellers,2012,9480,2022,9530,50,0.6,450
27,Minnesota,47-2053,Terrazzo Workers and Finishers,2012,80,2022,80,0,10.7,0
27,Minnesota,51-6062,Textile Cutting Machine Setters  Operators  and Tenders,2012,170,2022,160,-10,-1.2,0
27,Minnesota,51-6099,Textile  Apparel  and Furnishings Workers  All Other,2012,350,2022,390,40,10,10
27,Minnesota,29-1129,Therapists  All Other,2012,340,2022,420,80,23.9,10
27,Minnesota,47-2044,Tile and Marble Setters,2012,720,2022,780,60,9,20
27,Minnesota,51-2093,Timing Device Assemblers and Adjusters,2012,60,2022,60,0,3.6,0
27,Minnesota,49-3093,Tire Repairers and Changers,2012,1160,2022,1240,80,7.4,50
27,Minnesota,23-2093,Title Examiners  Abstractors  and Searchers,2012,1110,2022,1160,50,4.8,20
27,Minnesota,51-4111,Tool and Die Makers,2012,1790,2022,1820,30,2,20
27,Minnesota,51-4194,Tool Grinders  Filers  and Sharpeners,2012,160,2022,170,10,8.9,0
27,Minnesota,00-0000,Total  All Occupations,2012,2915400,2022,3120400,205000,7,90160
27,Minnesota,39-7011,Tour Guides and Escorts,2012,500,2022,520,20,5.2,30
27,Minnesota,53-6041,Traffic Technicians,2012,100,2022,110,10,7.1,10
27,Minnesota,Nov-31,Training and Development Managers,2012,940,2022,1010,70,7.9,30
27,Minnesota,13-1151,Training and Development Specialists,2012,5020,2022,5400,380,7.6,130
27,Minnesota,53-6051,Transportation Inspectors,2012,210,2022,220,10,1.4,10
27,Minnesota,33-9093,Transportation Security Screeners,2012,830,2022,850,20,3,20
27,Minnesota,53-6099,Transportation Workers  All Other,2012,370,2022,400,30,7.9,20
27,Minnesota,Nov-71,Transportation  Storage  and Distribution Managers,2012,2380,2022,2390,10,0.8,60
27,Minnesota,41-3041,Travel Agents,2012,1160,2022,910,-250,-21.6,20
27,Minnesota,39-7012,Travel Guides,2012,30,2022,30,0,-2.9,0
27,Minnesota,37-3013,Tree Trimmers and Pruners,2012,1160,2022,1350,190,15.8,50
27,Minnesota,27-2023,Umpires  Referees  and Other Sports Officials,2012,450,2022,490,40,7.3,20
27,Minnesota,51-6093,Upholsterers,2012,720,2022,730,10,0.3,20
27,Minnesota,19-3051,Urban and Regional Planners,2012,960,2022,980,20,2.4,50
27,Minnesota,39-3031,Ushers  Lobby Attendants  and Ticket Takers,2012,1190,2022,1190,0,0.1,60
27,Minnesota,29-1131,Veterinarians,2012,1300,2022,1400,100,7.6,50
27,Minnesota,31-9096,Veterinary Assistants and Laboratory Animal Caretakers,2012,850,2022,900,50,4.9,20
27,Minnesota,29-2056,Veterinary Technologists and Technicians,2012,1730,2022,2140,410,23.8,60
27,Minnesota,25-1194,Vocational Education Teachers  Postsecondary,2012,2110,2022,1880,-230,-10.8,30
27,Minnesota,35-3031,Waiters and Waitresses,2012,48620,2022,49140,520,1.1,2390
27,Minnesota,51-8031,Water and Wastewater Treatment Plant and System Operators,2012,3140,2022,3220,80,2.6,120
27,Minnesota,15-1134,Web Developers,2012,2500,2022,2790,290,11.5,70
27,Minnesota,43-5111,Weighers  Measurers  Checkers  and Samplers  Recordkeeping,2012,900,2022,950,50,6,30
27,Minnesota,51-4121,Welders  Cutters  Solderers  and Brazers,2012,8170,2022,8710,540,6.6,250
27,Minnesota,51-4122,Welding  Soldering  and Brazing Machine Setters  Operators  and Tenders,2012,1590,2022,1990,400,25.2,80
27,Minnesota,13-1022,Wholesale and Retail Buyers  Except Farm Products,2012,2650,2022,2760,110,4.4,80
27,Minnesota,49-9081,Wind Turbine Service Technicians,2012,250,2022,300,50,20.7,10
27,Minnesota,51-7099,Woodworkers  All Other,2012,430,2022,450,20,3,20
27,Minnesota,51-7042,Woodworking Machine Setters  Operators  and Tenders  Except Sawing,2012,1580,2022,1780,200,13,30
27,Minnesota,43-9022,Word Processors and Typists,2012,1380,2022,1110,-270,-19,10
27,Minnesota,27-3043,Writers and Authors,2012,2710,2022,2730,20,1,60
27,Minnesota,19-1023,Zoologists and Wildlife Biologists,2012,670,2022,680,10,1.2,20
