STFIPS,AreaName,OccupationCode,OccupationName,BaseYear,Base,ProjYear,Proj,Change,PercentChange,AvgAnnualOpenings
28,Mississippi,13-2011,Accountants and Auditors,2012,5090,2022,5580,490,9.6,200
28,Mississippi,27-2011,Actors,2012,20,2022,30,10,8.3,0
28,Mississippi,15-2011,Actuaries,2012,30,2022,40,10,28.6,0
28,Mississippi,51-9191,Adhesive Bonding Machine Operators and Tenders,2012,720,2022,760,40,5.8,20
28,Mississippi,23-1021,Administrative Law Judges  Adjudicators  and Hearing Officers,2012,60,2022,60,0,1.6,0
28,Mississippi,Nov-11,Administrative Services Managers,2012,2470,2022,2740,270,10.9,70
28,Mississippi,25-3011,Adult Basic and Secondary Education and Literacy Teachers and Instructors,2012,990,2022,1100,110,11.8,30
28,Mississippi,Nov-11,Advertising and Promotions Managers,2012,410,2022,430,20,5.7,10
28,Mississippi,41-3011,Advertising Sales Agents,2012,930,2022,920,-10,-1,30
28,Mississippi,17-2011,Aerospace Engineers,2012,50,2022,40,-10,-2.2,0
28,Mississippi,19-4011,Agricultural and Food Science Technicians,2012,250,2022,270,20,7.7,10
28,Mississippi,45-2011,Agricultural Inspectors,2012,230,2022,230,0,0.9,10
28,Mississippi,45-2099,Agricultural Workers  All Other,2012,180,2022,190,10,5.7,10
28,Mississippi,53-2021,Air Traffic Controllers,2012,90,2022,100,10,8.6,10
28,Mississippi,53-1011,Aircraft Cargo Handling Supervisors,2012,40,2022,40,0,0,0
28,Mississippi,49-3011,Aircraft Mechanics and Service Technicians,2012,840,2022,860,20,1.5,20
28,Mississippi,53-2022,Airfield Operations Specialists,2012,10,2022,20,10,7.1,0
28,Mississippi,53-2011,Airline Pilots  Copilots  and Flight Engineers,2012,100,2022,90,-10,-7.1,0
28,Mississippi,53-3011,Ambulance Drivers and Attendants  Except Emergency Medical Technicians,2012,480,2022,590,110,24.5,20
28,Mississippi,39-3091,Amusement and Recreation Attendants,2012,830,2022,890,60,7.2,50
28,Mississippi,29-1061,Anesthesiologists,2012,120,2022,140,20,17.2,10
28,Mississippi,33-9011,Animal Control Workers,2012,90,2022,100,10,9.6,0
28,Mississippi,19-1011,Animal Scientists,2012,50,2022,50,0,4.3,0
28,Mississippi,39-2011,Animal Trainers,2012,330,2022,370,40,10.5,20
28,Mississippi,13-2021,Appraisers and Assessors of Real Estate,2012,670,2022,700,30,5,10
28,Mississippi,23-1022,Arbitrators  Mediators  and Conciliators,2012,40,2022,40,0,10.3,0
28,Mississippi,17-1011,Architects  Except Landscape and Naval,2012,400,2022,450,50,12.7,20
28,Mississippi,17-3011,Architectural and Civil Drafters,2012,480,2022,460,-20,-3.9,10
28,Mississippi,Nov-41,Architectural and Engineering Managers,2012,870,2022,900,30,4.4,30
28,Mississippi,25-1031,Architecture Teachers  Postsecondary,2012,30,2022,40,10,20.7,0
28,Mississippi,25-4011,Archivists,2012,70,2022,80,10,14.3,0
28,Mississippi,25-1062,Area  Ethnic  and Cultural Studies Teachers  Postsecondary,2012,20,2022,20,0,15.8,0
28,Mississippi,27-1011,Art Directors,2012,300,2022,310,10,2.6,10
28,Mississippi,25-1121,Art  Drama  and Music Teachers  Postsecondary,2012,660,2022,790,130,19.8,20
28,Mississippi,51-2099,Assemblers and Fabricators  All Other,2012,810,2022,910,100,13.2,20
28,Mississippi,27-2021,Athletes and Sports Competitors,2012,100,2022,100,0,1,0
28,Mississippi,29-9091,Athletic Trainers,2012,180,2022,220,40,20,10
28,Mississippi,19-2021,Atmospheric and Space Scientists,2012,110,2022,130,20,14.9,10
28,Mississippi,25-1051,Atmospheric  Earth  Marine  and Space Sciences Teachers  Postsecondary,2012,40,2022,40,0,13.9,0
28,Mississippi,27-4011,Audio and Video Equipment Technicians,2012,160,2022,180,20,13.5,10
28,Mississippi,29-1181,Audiologists,2012,110,2022,140,30,31.1,10
28,Mississippi,25-9011,Audio-Visual and Multimedia Collections Specialists,2012,70,2022,70,0,1.4,0
28,Mississippi,53-6031,Automotive and Watercraft Service Attendants,2012,1950,2022,2230,280,14.5,80
28,Mississippi,49-3021,Automotive Body and Related Repairers,2012,3420,2022,3620,200,5.8,90
28,Mississippi,49-3022,Automotive Glass Installers and Repairers,2012,560,2022,580,20,4.3,20
28,Mississippi,49-3023,Automotive Service Technicians and Mechanics,2012,8280,2022,8620,340,4,240
28,Mississippi,49-2091,Avionics Technicians,2012,230,2022,230,0,1.3,0
28,Mississippi,39-6011,Baggage Porters and Bellhops,2012,280,2022,300,20,6.4,10
28,Mississippi,33-3011,Bailiffs,2012,130,2022,140,10,10,10
28,Mississippi,51-3011,Bakers,2012,850,2022,890,40,4.1,30
28,Mississippi,35-3011,Bartenders,2012,2370,2022,2540,170,6.9,100
28,Mississippi,43-3011,Bill and Account Collectors,2012,3010,2022,3370,360,11.9,120
28,Mississippi,43-3021,Billing and Posting Clerks,2012,3950,2022,4480,530,13.3,130
28,Mississippi,25-1042,Biological Science Teachers  Postsecondary,2012,440,2022,540,100,22.7,20
28,Mississippi,19-1029,Biological Scientists  All Other,2012,150,2022,140,-10,-5.3,0
28,Mississippi,19-4021,Biological Technicians,2012,310,2022,310,0,2,10
28,Mississippi,17-2031,Biomedical Engineers,2012,10,2022,10,0,8.3,0
28,Mississippi,47-2011,Boilermakers,2012,440,2022,390,-50,-10.1,20
28,Mississippi,43-3031,Bookkeeping  Accounting  and Auditing Clerks,2012,16960,2022,18200,1240,7.3,280
28,Mississippi,47-2021,Brickmasons and Blockmasons,2012,340,2022,380,40,11.9,10
28,Mississippi,27-3021,Broadcast News Analysts,2012,90,2022,90,0,2.2,0
28,Mississippi,27-4012,Broadcast Technicians,2012,200,2022,210,10,7.6,10
28,Mississippi,43-4011,Brokerage Clerks,2012,140,2022,140,0,3,0
28,Mississippi,13-2031,Budget Analysts,2012,260,2022,270,10,4.2,10
28,Mississippi,49-3031,Bus and Truck Mechanics and Diesel Engine Specialists,2012,2950,2022,3090,140,5,80
28,Mississippi,53-3022,Bus Drivers  School or Special Client,2012,5210,2022,5440,230,4.5,120
28,Mississippi,53-3021,Bus Drivers  Transit and Intercity,2012,520,2022,580,60,9.9,20
28,Mississippi,13-1199,Business Operations Specialists  All Other,2012,1920,2022,1960,40,1.9,30
28,Mississippi,25-1011,Business Teachers  Postsecondary,2012,710,2022,840,130,18.2,20
28,Mississippi,51-3021,Butchers and Meat Cutters,2012,1210,2022,1210,0,0.3,30
28,Mississippi,51-7011,Cabinetmakers and Bench Carpenters,2012,1360,2022,1460,100,7.3,20
28,Mississippi,27-4031,Camera Operators  Television  Video  and Motion Picture,2012,90,2022,100,10,2.1,0
28,Mississippi,53-5021,Captains  Mates  and Pilots of Water Vessels,2012,420,2022,470,50,12.2,20
28,Mississippi,29-2031,Cardiovascular Technologists and Technicians,2012,490,2022,610,120,22.7,20
28,Mississippi,25-2023,Career/Technical Education Teachers  Middle School,2012,190,2022,210,20,8.3,10
28,Mississippi,25-2032,Career/Technical Education Teachers  Secondary School,2012,1350,2022,1460,110,8.4,50
28,Mississippi,43-5011,Cargo and Freight Agents,2012,300,2022,340,40,12.4,10
28,Mississippi,47-2031,Carpenters,2012,8010,2022,8460,450,5.6,140
28,Mississippi,47-2041,Carpet Installers,2012,140,2022,130,-10,-4.4,0
28,Mississippi,17-1021,Cartographers and Photogrammetrists,2012,240,2022,320,80,30.3,10
28,Mississippi,41-2011,Cashiers,2012,38410,2022,37720,-690,-1.8,1660
28,Mississippi,47-2051,Cement Masons and Concrete Finishers,2012,1170,2022,1260,90,8,20
28,Mississippi,35-1011,Chefs and Head Cooks,2012,620,2022,620,0,0.8,10
28,Mississippi,17-2041,Chemical Engineers,2012,180,2022,170,-10,-2.2,0
28,Mississippi,51-9011,Chemical Equipment Operators and Tenders,2012,680,2022,650,-30,-4.1,20
28,Mississippi,51-8091,Chemical Plant and System Operators,2012,180,2022,170,-10,-6.7,10
28,Mississippi,19-4031,Chemical Technicians,2012,350,2022,380,30,8,10
28,Mississippi,25-1052,Chemistry Teachers  Postsecondary,2012,180,2022,220,40,17.4,10
28,Mississippi,19-2031,Chemists,2012,290,2022,300,10,3.8,10
28,Mississippi,11-1011,Chief Executives,2012,1120,2022,1160,40,3.3,30
28,Mississippi,21-1021,Child  Family  and School Social Workers,2012,2210,2022,2520,310,14,80
28,Mississippi,39-9011,Childcare Workers,2012,8330,2022,9760,1430,17.2,390
28,Mississippi,29-1011,Chiropractors,2012,230,2022,250,20,7.9,10
28,Mississippi,27-2032,Choreographers,2012,300,2022,390,90,28.3,20
28,Mississippi,17-3022,Civil Engineering Technicians,2012,870,2022,870,0,-0.2,20
28,Mississippi,17-2051,Civil Engineers,2012,1550,2022,1800,250,16.7,60
28,Mississippi,13-1031,Claims Adjusters  Examiners  and Investigators,2012,930,2022,930,0,0.2,20
28,Mississippi,53-7061,Cleaners of Vehicles and Equipment,2012,2530,2022,2670,140,5.3,80
28,Mississippi,51-9192,Cleaning  Washing  and Metal Pickling Equipment Operators and Tenders,2012,370,2022,390,20,3.5,10
28,Mississippi,21-2011,Clergy,2012,230,2022,280,50,20.1,10
28,Mississippi,19-3031,Clinical  Counseling  and School Psychologists,2012,970,2022,1060,90,9.2,40
28,Mississippi,27-2022,Coaches and Scouts,2012,1270,2022,1530,260,20.1,60
28,Mississippi,51-9121,Coating  Painting  and Spraying Machine Setters  Operators  and Tenders,2012,1860,2022,1950,90,5.3,40
28,Mississippi,51-2021,Coil Winders  Tapers  and Finishers,2012,1440,2022,1350,-90,-6.4,20
28,Mississippi,49-9091,Coin  Vending  and Amusement Machine Servicers and Repairers,2012,850,2022,840,-10,-0.6,10
28,Mississippi,35-3021,Combined Food Preparation and Serving Workers  Including Fast Food,2012,11210,2022,12320,1110,9.9,540
28,Mississippi,27-1021,Commercial and Industrial Designers,2012,130,2022,140,10,3.8,0
28,Mississippi,53-2012,Commercial Pilots,2012,250,2022,290,40,15,10
28,Mississippi,25-1122,Communications Teachers  Postsecondary,2012,160,2022,190,30,16.5,10
28,Mississippi,21-1099,Community and Social Service Specialists  All Other,2012,60,2022,70,10,11.5,0
28,Mississippi,21-1094,Community Health Workers,2012,430,2022,520,90,20.1,20
28,Mississippi,Nov-11,Compensation and Benefits Managers,2012,230,2022,230,0,-0.4,10
28,Mississippi,13-1141,Compensation  Benefits  and Job Analysis Specialists,2012,380,2022,390,10,1.6,10
28,Mississippi,13-1041,Compliance Officers,2012,1170,2022,1240,70,5.6,30
28,Mississippi,15-1111,Computer and Information Research Scientists,2012,130,2022,140,10,11.1,0
28,Mississippi,Nov-21,Computer and Information Systems Managers,2012,950,2022,1060,110,11.3,20
28,Mississippi,17-2061,Computer Hardware Engineers,2012,230,2022,240,10,3.1,10
28,Mississippi,15-1143,Computer Network Architects,2012,650,2022,660,10,1.8,10
28,Mississippi,15-1152,Computer Network Support Specialists,2012,530,2022,570,40,8.7,10
28,Mississippi,51-4012,Computer Numerically Controlled Machine Tool Programmers  Metal and Plastic,2012,140,2022,190,50,31.9,10
28,Mississippi,15-1199,Computer Occupations  All Other,2012,400,2022,400,0,0,10
28,Mississippi,43-9011,Computer Operators,2012,490,2022,400,-90,-17,10
28,Mississippi,15-1131,Computer Programmers,2012,1150,2022,1190,40,3.5,30
28,Mississippi,25-1021,Computer Science Teachers  Postsecondary,2012,280,2022,330,50,16.4,10
28,Mississippi,15-1121,Computer Systems Analysts,2012,990,2022,1180,190,19.1,40
28,Mississippi,15-1151,Computer User Support Specialists,2012,2270,2022,2660,390,17.4,80
28,Mississippi,49-2011,Computer  Automated Teller  and Office Machine Repairers,2012,850,2022,830,-20,-2.6,20
28,Mississippi,51-4011,Computer-Controlled Machine Tool Operators  Metal and Plastic,2012,660,2022,790,130,20.3,30
28,Mississippi,39-6012,Concierges,2012,220,2022,250,30,16.7,10
28,Mississippi,19-1031,Conservation Scientists,2012,300,2022,310,10,0.3,10
28,Mississippi,47-4011,Construction and Building Inspectors,2012,580,2022,660,80,14,20
28,Mississippi,47-2061,Construction Laborers,2012,10460,2022,11150,690,6.6,290
28,Mississippi,Nov-21,Construction Managers,2012,3910,2022,3870,-40,-0.9,60
28,Mississippi,49-9012,Control and Valve Installers and Repairers  Except Mechanical Door,2012,690,2022,680,-10,-1.2,20
28,Mississippi,53-7011,Conveyor Operators and Tenders,2012,420,2022,440,20,5,10
28,Mississippi,35-2011,Cooks  Fast Food,2012,9180,2022,8760,-420,-4.6,180
28,Mississippi,35-2012,Cooks  Institution and Cafeteria,2012,6860,2022,7590,730,10.7,210
28,Mississippi,35-2014,Cooks  Restaurant,2012,7920,2022,8690,770,9.7,230
28,Mississippi,35-2015,Cooks  Short Order,2012,2480,2022,2340,-140,-5.8,50
28,Mississippi,51-9193,Cooling and Freezing Equipment Operators and Tenders,2012,860,2022,900,40,4.9,20
28,Mississippi,33-3012,Correctional Officers and Jailers,2012,4210,2022,5110,900,21.4,200
28,Mississippi,43-4021,Correspondence Clerks,2012,100,2022,100,0,1,0
28,Mississippi,13-1051,Cost Estimators,2012,1170,2022,1290,120,11.1,50
28,Mississippi,39-3092,Costume Attendants,2012,10,2022,10,0,0,0
28,Mississippi,41-2021,Counter and Rental Clerks,2012,3040,2022,3150,110,3.4,90
28,Mississippi,35-3022,Counter Attendants  Cafeteria  Food Concession  and Coffee Shop,2012,5730,2022,5500,-230,-4,350
28,Mississippi,43-5021,Couriers and Messengers,2012,890,2022,770,-120,-13.6,10
28,Mississippi,43-4031,Court  Municipal  and License Clerks,2012,930,2022,1060,130,14.9,30
28,Mississippi,27-1012,Craft Artists,2012,120,2022,110,-10,-1.7,0
28,Mississippi,53-7021,Crane and Tower Operators,2012,800,2022,850,50,6.4,30
28,Mississippi,13-2041,Credit Analysts,2012,190,2022,210,20,9.6,10
28,Mississippi,43-4041,Credit Authorizers  Checkers  and Clerks,2012,1010,2022,920,-90,-8.3,10
28,Mississippi,13-2071,Credit Counselors,2012,270,2022,330,60,21.1,10
28,Mississippi,25-1111,Criminal Justice and Law Enforcement Teachers  Postsecondary,2012,70,2022,90,20,16.2,0
28,Mississippi,33-9091,Crossing Guards,2012,230,2022,240,10,2.6,10
28,Mississippi,51-9021,Crushing  Grinding  and Polishing Machine Setters  Operators  and Tenders,2012,150,2022,150,0,-2,0
28,Mississippi,43-4051,Customer Service Representatives,2012,13520,2022,14650,1130,8.3,480
28,Mississippi,51-9031,Cutters and Trimmers  Hand,2012,300,2022,260,-40,-13.3,10
28,Mississippi,51-9032,Cutting and Slicing Machine Setters  Operators  and Tenders,2012,720,2022,690,-30,-5,10
28,Mississippi,51-4031,Cutting  Punching  and Press Machine Setters  Operators  and Tenders  Metal and Plastic,2012,2180,2022,2070,-110,-5.3,20
28,Mississippi,43-9021,Data Entry Keyers,2012,1390,2022,1030,-360,-25.7,20
28,Mississippi,15-1141,Database Administrators,2012,480,2022,530,50,8.7,10
28,Mississippi,41-9011,Demonstrators and Product Promoters,2012,400,2022,450,50,12.4,20
28,Mississippi,31-9091,Dental Assistants,2012,2220,2022,2620,400,17.6,90
28,Mississippi,29-2021,Dental Hygienists,2012,1220,2022,1530,310,25.4,60
28,Mississippi,51-9081,Dental Laboratory Technicians,2012,180,2022,190,10,6.2,10
28,Mississippi,29-1029,Dentists  All Other Specialists,2012,10,2022,10,0,0,0
28,Mississippi,29-1021,Dentists  General,2012,870,2022,950,80,9.4,30
28,Mississippi,47-5011,Derrick Operators  Oil and Gas,2012,220,2022,220,0,0,10
28,Mississippi,43-9031,Desktop Publishers,2012,50,2022,40,-10,-13.3,0
28,Mississippi,33-3021,Detectives and Criminal Investigators,2012,640,2022,680,40,5.9,20
28,Mississippi,29-2032,Diagnostic Medical Sonographers,2012,530,2022,730,200,37,30
28,Mississippi,29-2051,Dietetic Technicians,2012,190,2022,220,30,12.4,0
28,Mississippi,29-1031,Dietitians and Nutritionists,2012,580,2022,670,90,15.3,20
28,Mississippi,35-9011,Dining Room and Cafeteria Attendants and Bartender Helpers,2012,2920,2022,3080,160,5.4,140
28,Mississippi,43-5032,Dispatchers  Except Police  Fire  and Ambulance,2012,1250,2022,1340,90,7.6,50
28,Mississippi,17-3019,Drafters  All Other,2012,20,2022,20,0,5.6,0
28,Mississippi,51-4032,Drilling and Boring Machine Tool Setters  Operators  and Tenders  Metal and Plastic,2012,170,2022,140,-30,-18.2,0
28,Mississippi,53-3031,Driver/Sales Workers,2012,4520,2022,4690,170,3.7,90
28,Mississippi,47-2081,Drywall and Ceiling Tile Installers,2012,440,2022,420,-20,-3.4,0
28,Mississippi,47-5021,Earth Drillers  Except Oil and Gas,2012,230,2022,230,0,2.2,10
28,Mississippi,25-1063,Economics Teachers  Postsecondary,2012,120,2022,140,20,17.4,0
28,Mississippi,19-3011,Economists,2012,50,2022,60,10,18.4,0
28,Mississippi,27-3041,Editors,2012,340,2022,340,0,0.3,10
28,Mississippi,Nov-39,Education Administrators  All Other,2012,30,2022,30,0,-3.1,0
28,Mississippi,Nov-32,Education Administrators  Elementary and Secondary School,2012,2340,2022,2550,210,8.9,80
28,Mississippi,Nov-33,Education Administrators  Postsecondary,2012,1590,2022,1880,290,18.1,70
28,Mississippi,Nov-31,Education Administrators  Preschool and Childcare Center/Program,2012,840,2022,950,110,13,30
28,Mississippi,25-1081,Education Teachers  Postsecondary,2012,400,2022,470,70,18.3,10
28,Mississippi,25-9099,Education  Training  and Library Workers  All Other,2012,80,2022,80,0,-6,0
28,Mississippi,21-1012,Educational  Guidance  School  and Vocational Counselors,2012,1870,2022,2140,270,14.5,70
28,Mississippi,49-2092,Electric Motor  Power Tool  and Related Repairers,2012,320,2022,280,-40,-11.4,10
28,Mississippi,51-2022,Electrical and Electronic Equipment Assemblers,2012,1300,2022,1240,-60,-4.8,20
28,Mississippi,17-3012,Electrical and Electronics Drafters,2012,110,2022,110,0,1.8,0
28,Mississippi,17-3023,Electrical and Electronics Engineering Technicians,2012,1100,2022,1110,10,1.1,20
28,Mississippi,49-2093,Electrical and Electronics Installers and Repairers  Transportation Equipment,2012,90,2022,90,0,-1.1,0
28,Mississippi,49-2094,Electrical and Electronics Repairers  Commercial and Industrial Equipment,2012,530,2022,530,0,1.5,10
28,Mississippi,49-2095,Electrical and Electronics Repairers  Powerhouse  Substation  and Relay,2012,310,2022,340,30,8.9,10
28,Mississippi,17-2071,Electrical Engineers,2012,680,2022,700,20,3.7,20
28,Mississippi,49-9051,Electrical Power-Line Installers and Repairers,2012,2420,2022,2640,220,9.1,110
28,Mississippi,47-2111,Electricians,2012,5600,2022,5740,140,2.4,120
28,Mississippi,51-2023,Electromechanical Equipment Assemblers,2012,40,2022,40,0,-4.5,0
28,Mississippi,49-2096,Electronic Equipment Installers and Repairers  Motor Vehicles,2012,130,2022,120,-10,-12.9,0
28,Mississippi,49-2097,Electronic Home Entertainment Equipment Installers and Repairers,2012,90,2022,80,-10,-17.4,0
28,Mississippi,17-2072,Electronics Engineers  Except Computer,2012,580,2022,610,30,5,20
28,Mississippi,25-2021,Elementary School Teachers  Except Special Education,2012,13240,2022,15370,2130,16.1,500
28,Mississippi,43-4061,Eligibility Interviewers  Government Programs,2012,720,2022,820,100,13.6,20
28,Mississippi,39-4011,Embalmers,2012,200,2022,150,-50,-21.8,0
28,Mississippi,Nov-61,Emergency Management Directors,2012,160,2022,180,20,11,0
28,Mississippi,29-2041,Emergency Medical Technicians and Paramedics,2012,2130,2022,2590,460,21.7,100
28,Mississippi,51-2031,Engine and Other Machine Assemblers,2012,470,2022,490,20,3.4,10
28,Mississippi,25-1032,Engineering Teachers  Postsecondary,2012,490,2022,570,80,15.3,20
28,Mississippi,17-3029,Engineering Technicians  Except Drafters  All Other,2012,480,2022,460,-20,-3.5,10
28,Mississippi,17-2199,Engineers  All Other,2012,170,2022,170,0,-3.4,0
28,Mississippi,25-1123,English Language and Literature Teachers  Postsecondary,2012,700,2022,810,110,15.6,20
28,Mississippi,39-3099,Entertainment Attendants and Related Workers  All Other,2012,100,2022,100,0,2.1,10
28,Mississippi,17-3025,Environmental Engineering Technicians,2012,100,2022,120,20,20.4,0
28,Mississippi,17-2081,Environmental Engineers,2012,300,2022,330,30,8.9,10
28,Mississippi,19-4091,Environmental Science and Protection Technicians  Including Health,2012,140,2022,170,30,21.7,10
28,Mississippi,25-1053,Environmental Science Teachers  Postsecondary,2012,20,2022,20,0,17.6,0
28,Mississippi,19-2041,Environmental Scientists and Specialists  Including Health,2012,300,2022,340,40,14.2,10
28,Mississippi,19-1041,Epidemiologists,2012,30,2022,40,10,9.4,0
28,Mississippi,51-9194,Etchers and Engravers,2012,100,2022,100,0,0,0
28,Mississippi,53-7032,Excavating and Loading Machine and Dragline Operators,2012,870,2022,890,20,1.8,10
28,Mississippi,43-6011,Executive Secretaries and Executive Administrative Assistants,2012,3430,2022,3310,-120,-3.6,40
28,Mississippi,29-1128,Exercise Physiologists,2012,100,2022,100,0,4,0
28,Mississippi,51-4021,Extruding and Drawing Machine Setters  Operators  and Tenders  Metal and Plastic,2012,800,2022,720,-80,-10.3,20
28,Mississippi,51-6091,Extruding and Forming Machine Setters  Operators  and Tenders  Synthetic and Glass Fibers,2012,410,2022,380,-30,-7.3,10
28,Mississippi,51-9041,Extruding  Forming  Pressing  and Compacting Machine Setters  Operators  and Tenders,2012,440,2022,450,10,1.8,10
28,Mississippi,51-6092,Fabric and Apparel Patternmakers,2012,90,2022,60,-30,-36,0
28,Mississippi,45-4021,Fallers,2012,180,2022,100,-80,-44.9,0
28,Mississippi,29-1062,Family and General Practitioners,2012,1270,2022,1370,100,8.2,40
28,Mississippi,25-9021,Farm and Home Management Advisors,2012,370,2022,410,40,11.1,10
28,Mississippi,49-3041,Farm Equipment Mechanics and Service Technicians,2012,700,2022,730,30,4.4,20
28,Mississippi,Nov-13,Farmers  Ranchers  and Other Agricultural Managers,2012,30,2022,30,0,-18.8,0
28,Mississippi,45-2092,Farmworkers and Laborers  Crop  Nursery  and Greenhouse,2012,7940,2022,7890,-50,-0.6,240
28,Mississippi,45-2093,Farmworkers  Farm  Ranch  and Aquacultural Animals,2012,970,2022,1020,50,5.6,30
28,Mississippi,27-1022,Fashion Designers,2012,30,2022,30,0,-21.9,0
28,Mississippi,47-4031,Fence Erectors,2012,150,2022,160,10,10.1,10
28,Mississippi,43-4071,File Clerks,2012,1170,2022,1100,-70,-6.1,30
28,Mississippi,27-4032,Film and Video Editors,2012,20,2022,20,0,0,0
28,Mississippi,13-2051,Financial Analysts,2012,540,2022,590,50,10.6,20
28,Mississippi,43-3099,Financial Clerks  All Other,2012,50,2022,50,0,10.9,0
28,Mississippi,13-2061,Financial Examiners,2012,70,2022,70,0,2.9,0
28,Mississippi,Nov-31,Financial Managers,2012,3070,2022,3260,190,6.4,80
28,Mississippi,13-2099,Financial Specialists  All Other,2012,150,2022,150,0,0.7,0
28,Mississippi,33-2021,Fire Inspectors and Investigators,2012,70,2022,70,0,6.1,0
28,Mississippi,33-2011,Firefighters,2012,1680,2022,1860,180,10.2,60
28,Mississippi,47-1011,First-Line Supervisors of Construction Trades and Extraction Workers,2012,6160,2022,6540,380,6.1,100
28,Mississippi,33-1011,First-Line Supervisors of Correctional Officers,2012,320,2022,390,70,21.3,20
28,Mississippi,45-1011,First-Line Supervisors of Farming  Fishing  and Forestry Workers,2012,670,2022,680,10,1.9,20
28,Mississippi,33-1021,First-Line Supervisors of Fire Fighting and Prevention Workers,2012,330,2022,360,30,10.3,20
28,Mississippi,35-1012,First-Line Supervisors of Food Preparation and Serving Workers,2012,8920,2022,9730,810,9.1,330
28,Mississippi,53-1021,First-Line Supervisors of Helpers  Laborers  and Material Movers  Hand,2012,1680,2022,1770,90,5.7,60
28,Mississippi,37-1011,First-Line Supervisors of Housekeeping and Janitorial Workers,2012,2110,2022,2340,230,10.6,70
28,Mississippi,37-1012,First-Line Supervisors of Landscaping  Lawn Service  and Groundskeeping Workers,2012,1860,2022,2050,190,10.4,40
28,Mississippi,49-1011,First-Line Supervisors of Mechanics  Installers  and Repairers,2012,4710,2022,4900,190,3.9,150
28,Mississippi,41-1012,First-Line Supervisors of Non-Retail Sales Workers,2012,2550,2022,2440,-110,-4.6,30
28,Mississippi,43-1011,First-Line Supervisors of Office and Administrative Support Workers,2012,10820,2022,11800,980,9.1,360
28,Mississippi,39-1021,First-Line Supervisors of Personal Service Workers,2012,650,2022,680,30,3.8,10
28,Mississippi,33-1012,First-Line Supervisors of Police and Detectives,2012,440,2022,480,40,9.1,20
28,Mississippi,51-1011,First-Line Supervisors of Production and Operating Workers,2012,7130,2022,7190,60,0.8,110
28,Mississippi,33-1099,First-Line Supervisors of Protective Service Workers  All Other,2012,430,2022,450,20,5.1,10
28,Mississippi,41-1011,First-Line Supervisors of Retail Sales Workers,2012,18660,2022,18630,-30,-0.2,410
28,Mississippi,53-1031,First-Line Supervisors of Transportation and Material-Moving Machine and Vehicle Operators,2012,2350,2022,2520,170,7.1,80
28,Mississippi,39-9031,Fitness Trainers and Aerobics Instructors,2012,1580,2022,1680,100,6.7,30
28,Mississippi,53-2031,Flight Attendants,2012,30,2022,30,0,-10,0
28,Mississippi,47-2042,Floor Layers  Except Carpet  Wood  and Hard Tiles,2012,90,2022,90,0,-1.1,0
28,Mississippi,27-1023,Floral Designers,2012,520,2022,450,-70,-12.8,10
28,Mississippi,51-3092,Food Batchmakers,2012,280,2022,280,0,1.1,10
28,Mississippi,51-3093,Food Cooking Machine Operators and Tenders,2012,340,2022,350,10,2.3,10
28,Mississippi,35-2021,Food Preparation Workers,2012,14770,2022,14790,20,0.2,430
28,Mississippi,19-1012,Food Scientists and Technologists,2012,120,2022,130,10,5.7,10
28,Mississippi,35-3041,Food Servers  Nonrestaurant,2012,3140,2022,3380,240,7.8,120
28,Mississippi,Nov-51,Food Service Managers,2012,2240,2022,2220,-20,-0.9,40
28,Mississippi,25-1124,Foreign Language and Literature Teachers  Postsecondary,2012,110,2022,130,20,18.9,0
28,Mississippi,19-4093,Forest and Conservation Technicians,2012,180,2022,190,10,2.8,10
28,Mississippi,33-2022,Forest Fire Inspectors and Prevention Specialists,2012,70,2022,80,10,5.4,0
28,Mississippi,19-1032,Foresters,2012,240,2022,270,30,9.9,10
28,Mississippi,25-1043,Forestry and Conservation Science Teachers  Postsecondary,2012,40,2022,40,0,15.8,0
28,Mississippi,51-4022,Forging Machine Setters  Operators  and Tenders  Metal and Plastic,2012,120,2022,110,-10,-8.2,0
28,Mississippi,13-1131,Fundraisers,2012,240,2022,260,20,8.3,10
28,Mississippi,39-4021,Funeral Attendants,2012,550,2022,510,-40,-7.2,10
28,Mississippi,Nov-61,Funeral Service Managers,2012,290,2022,290,0,2.8,10
28,Mississippi,51-9051,Furnace  Kiln  Oven  Drier  and Kettle Operators and Tenders,2012,270,2022,270,0,-0.7,10
28,Mississippi,51-7021,Furniture Finishers,2012,210,2022,230,20,8.4,10
28,Mississippi,39-3012,Gaming and Sports Book Writers and Runners,2012,390,2022,400,10,1.3,10
28,Mississippi,43-3041,Gaming Cage Workers,2012,910,2022,960,50,5.3,20
28,Mississippi,41-2012,Gaming Change Persons and Booth Cashiers,2012,780,2022,740,-40,-5.1,30
28,Mississippi,39-3011,Gaming Dealers,2012,4280,2022,4700,420,9.8,120
28,Mississippi,Nov-71,Gaming Managers,2012,390,2022,410,20,4.9,10
28,Mississippi,39-3019,Gaming Service Workers  All Other,2012,20,2022,20,0,4.8,0
28,Mississippi,39-1011,Gaming Supervisors,2012,1660,2022,1750,90,5.5,40
28,Mississippi,33-9031,Gaming Surveillance Officers and Gaming Investigators,2012,410,2022,430,20,4.6,10
28,Mississippi,53-7071,Gas Compressor and Gas Pumping Station Operators,2012,110,2022,90,-20,-17.5,0
28,Mississippi,51-8092,Gas Plant Operators,2012,120,2022,110,-10,-14.5,10
28,Mississippi,11-1021,General and Operations Managers,2012,16920,2022,18290,1370,8.1,450
28,Mississippi,25-1064,Geography Teachers  Postsecondary,2012,40,2022,40,0,11.4,0
28,Mississippi,19-4041,Geological and Petroleum Technicians,2012,200,2022,230,30,11.3,10
28,Mississippi,19-2042,Geoscientists  Except Hydrologists and Geographers,2012,420,2022,440,20,4.6,10
28,Mississippi,47-2121,Glaziers,2012,530,2022,540,10,2.7,10
28,Mississippi,45-2041,Graders and Sorters  Agricultural Products,2012,420,2022,420,0,-1.4,10
28,Mississippi,27-1024,Graphic Designers,2012,1120,2022,1180,60,5.7,40
28,Mississippi,51-9022,Grinding and Polishing Workers  Hand,2012,180,2022,190,10,2.7,10
28,Mississippi,51-4033,Grinding  Lapping  Polishing  and Buffing Machine Tool Setters  Operators  and Tenders  Metal and Plastic,2012,520,2022,480,-40,-7.5,10
28,Mississippi,37-3019,Grounds Maintenance Workers  All Other,2012,70,2022,70,0,4.3,0
28,Mississippi,39-5012,Hairdressers  Hairstylists  and Cosmetologists,2012,4310,2022,4470,160,3.7,120
28,Mississippi,47-4041,Hazardous Materials Removal Workers,2012,340,2022,380,40,11.8,10
28,Mississippi,17-2111,Health and Safety Engineers  Except Mining Safety Engineers and Inspectors,2012,180,2022,180,0,1.7,10
28,Mississippi,29-1199,Health Diagnosing and Treating Practitioners  All Other,2012,80,2022,80,0,-8.5,0
28,Mississippi,21-1091,Health Educators,2012,470,2022,530,60,12.7,20
28,Mississippi,25-1071,Health Specialties Teachers  Postsecondary,2012,1100,2022,1550,450,40.3,60
28,Mississippi,29-2099,Health Technologists and Technicians  All Other,2012,190,2022,220,30,17.8,10
28,Mississippi,29-9099,Healthcare Practitioners and Technical Workers  All Other,2012,120,2022,130,10,9,0
28,Mississippi,21-1022,Healthcare Social Workers,2012,1740,2022,2110,370,20.7,70
28,Mississippi,31-9099,Healthcare Support Workers  All Other,2012,160,2022,160,0,1.9,0
28,Mississippi,51-4191,Heat Treating Equipment Setters  Operators  and Tenders  Metal and Plastic,2012,130,2022,130,0,3.1,0
28,Mississippi,49-9021,Heating  Air Conditioning  and Refrigeration Mechanics and Installers,2012,1840,2022,1930,90,4.9,60
28,Mississippi,53-3032,Heavy and Tractor-Trailer Truck Drivers,2012,22590,2022,24460,1870,8.3,550
28,Mississippi,47-3011,Helpers--Brickmasons  Blockmasons  Stonemasons  and Tile and Marble Setters,2012,190,2022,220,30,18.4,10
28,Mississippi,47-3012,Helpers--Carpenters,2012,550,2022,600,50,8.6,10
28,Mississippi,47-3013,Helpers--Electricians,2012,1210,2022,1380,170,14,40
28,Mississippi,47-5081,Helpers--Extraction Workers,2012,460,2022,460,0,1.1,10
28,Mississippi,49-9098,Helpers--Installation  Maintenance  and Repair Workers,2012,1230,2022,1270,40,3.7,40
28,Mississippi,47-3015,Helpers--Pipelayers  Plumbers  Pipefitters  and Steamfitters,2012,1020,2022,1090,70,6.5,20
28,Mississippi,51-9198,Helpers--Production Workers,2012,5540,2022,5880,340,6.1,130
28,Mississippi,47-3016,Helpers--Roofers,2012,130,2022,120,-10,-3.1,0
28,Mississippi,47-4051,Highway Maintenance Workers,2012,1500,2022,1630,130,8.9,40
28,Mississippi,19-3093,Historians,2012,50,2022,50,0,1.9,0
28,Mississippi,25-1125,History Teachers  Postsecondary,2012,210,2022,250,40,17.1,10
28,Mississippi,53-7041,Hoist and Winch Operators,2012,10,2022,10,0,0,0
28,Mississippi,49-9031,Home Appliance Repairers,2012,410,2022,380,-30,-6.9,10
28,Mississippi,25-1192,Home Economics Teachers  Postsecondary,2012,40,2022,40,0,12.8,0
28,Mississippi,31-1011,Home Health Aides,2012,7340,2022,10370,3030,41.2,440
28,Mississippi,35-9031,Hosts and Hostesses  Restaurant  Lounge  and Coffee Shop,2012,2670,2022,2690,20,1.1,200
28,Mississippi,43-4081,Hotel  Motel  and Resort Desk Clerks,2012,2540,2022,2770,230,9.1,140
28,Mississippi,43-4161,Human Resources Assistants  Except Payroll and Timekeeping,2012,1060,2022,1030,-30,-3.5,30
28,Mississippi,Nov-21,Human Resources Managers,2012,610,2022,670,60,10,20
28,Mississippi,13-1071,Human Resources Specialists,2012,1910,2022,2040,130,6.7,50
28,Mississippi,19-2043,Hydrologists,2012,20,2022,20,0,10.5,0
28,Mississippi,17-3026,Industrial Engineering Technicians,2012,320,2022,320,0,0,10
28,Mississippi,17-2112,Industrial Engineers,2012,1190,2022,1270,80,6.4,40
28,Mississippi,49-9041,Industrial Machinery Mechanics,2012,3260,2022,3870,610,18.9,160
28,Mississippi,Nov-51,Industrial Production Managers,2012,1600,2022,1620,20,0.8,30
28,Mississippi,53-7051,Industrial Truck and Tractor Operators,2012,5520,2022,5400,-120,-2.1,130
28,Mississippi,19-3032,Industrial-Organizational Psychologists,2012,40,2022,70,30,64.3,0
28,Mississippi,43-4199,Information and Record Clerks  All Other,2012,530,2022,460,-70,-13,10
28,Mississippi,15-1122,Information Security Analysts,2012,230,2022,310,80,32,10
28,Mississippi,51-9061,Inspectors  Testers  Sorters  Samplers  and Weighers,2012,4650,2022,4980,330,7.3,140
28,Mississippi,49-9099,Installation  Maintenance  and Repair Workers  All Other,2012,470,2022,470,0,-0.4,10
28,Mississippi,25-9031,Instructional Coordinators,2012,660,2022,750,90,13.4,20
28,Mississippi,47-2131,Insulation Workers  Floor  Ceiling  and Wall,2012,360,2022,380,20,4.7,10
28,Mississippi,47-2132,Insulation Workers  Mechanical,2012,410,2022,480,70,18,10
28,Mississippi,13-1032,Insurance Appraisers  Auto Damage,2012,40,2022,40,0,-10,0
28,Mississippi,43-9041,Insurance Claims and Policy Processing Clerks,2012,550,2022,580,30,5.3,20
28,Mississippi,41-3021,Insurance Sales Agents,2012,3490,2022,3710,220,6.3,100
28,Mississippi,13-2053,Insurance Underwriters,2012,630,2022,570,-60,-9.5,20
28,Mississippi,27-1025,Interior Designers,2012,240,2022,250,10,5.1,10
28,Mississippi,29-1063,Internists  General,2012,390,2022,410,20,7.3,10
28,Mississippi,27-3091,Interpreters and Translators,2012,130,2022,180,50,32.6,10
28,Mississippi,43-4111,Interviewers  Except Eligibility and Loan,2012,3000,2022,3070,70,2.4,60
28,Mississippi,37-2011,Janitors and Cleaners  Except Maids and Housekeeping Cleaners,2012,18220,2022,20170,1950,10.7,540
28,Mississippi,51-9071,Jewelers and Precious Stone and Metal Workers,2012,50,2022,40,-10,-12.2,0
28,Mississippi,23-1023,Judges  Magistrate Judges  and Magistrates,2012,210,2022,220,10,6.8,0
28,Mississippi,23-1012,Judicial Law Clerks,2012,80,2022,80,0,7.7,0
28,Mississippi,25-2012,Kindergarten Teachers  Except Special Education,2012,1250,2022,1450,200,15.9,60
28,Mississippi,13-1075,Labor Relations Specialists,2012,410,2022,380,-30,-7,10
28,Mississippi,53-7062,Laborers and Freight  Stock  and Material Movers  Hand,2012,21970,2022,23770,1800,8.2,860
28,Mississippi,17-1012,Landscape Architects,2012,130,2022,140,10,5.2,0
28,Mississippi,37-3011,Landscaping and Groundskeeping Workers,2012,7510,2022,8180,670,8.9,260
28,Mississippi,51-4034,Lathe and Turning Machine Tool Setters  Operators  and Tenders  Metal and Plastic,2012,290,2022,260,-30,-9.5,10
28,Mississippi,51-6011,Laundry and Dry-Cleaning Workers,2012,3740,2022,3750,10,0.4,110
28,Mississippi,25-1112,Law Teachers  Postsecondary,2012,190,2022,230,40,21.6,10
28,Mississippi,23-1011,Lawyers,2012,3220,2022,3460,240,7.4,80
28,Mississippi,43-6012,Legal Secretaries,2012,1000,2022,930,-70,-7.5,10
28,Mississippi,23-2099,Legal Support Workers  All Other,2012,70,2022,70,0,0,0
28,Mississippi,11-1031,Legislators,2012,700,2022,770,70,10.6,20
28,Mississippi,25-4021,Librarians,2012,1450,2022,1620,170,11.7,50
28,Mississippi,43-4121,Library Assistants  Clerical,2012,580,2022,690,110,19.3,40
28,Mississippi,25-4031,Library Technicians,2012,770,2022,860,90,11.8,50
28,Mississippi,29-2061,Licensed Practical and Licensed Vocational Nurses,2012,10860,2022,12890,2030,18.7,470
28,Mississippi,19-4099,Life  Physical  and Social Science Technicians  All Other,2012,110,2022,110,0,0,0
28,Mississippi,33-9092,Lifeguards  Ski Patrol  and Other Recreational Protective Service Workers,2012,470,2022,490,20,5.6,40
28,Mississippi,53-3033,Light Truck or Delivery Services Drivers,2012,7900,2022,7970,70,0.8,130
28,Mississippi,53-7033,Loading Machine Operators  Underground Mining,2012,40,2022,30,-10,-19,0
28,Mississippi,43-4131,Loan Interviewers and Clerks,2012,1310,2022,1370,60,4.6,20
28,Mississippi,13-2072,Loan Officers,2012,2200,2022,2280,80,3.9,50
28,Mississippi,39-3093,Locker Room  Coatroom  and Dressing Room Attendants,2012,100,2022,100,0,5.2,10
28,Mississippi,49-9094,Locksmiths and Safe Repairers,2012,190,2022,200,10,5.2,10
28,Mississippi,53-4011,Locomotive Engineers,2012,360,2022,340,-20,-5.3,10
28,Mississippi,Nov-81,Lodging Managers,2012,660,2022,640,-20,-3.2,20
28,Mississippi,45-4023,Log Graders and Scalers,2012,190,2022,140,-50,-25.8,0
28,Mississippi,45-4022,Logging Equipment Operators,2012,460,2022,510,50,10,10
28,Mississippi,13-1081,Logisticians,2012,480,2022,570,90,19.1,20
28,Mississippi,53-7063,Machine Feeders and Offbearers,2012,1800,2022,1900,100,5.2,50
28,Mississippi,51-4041,Machinists,2012,1770,2022,1980,210,12.4,60
28,Mississippi,29-2035,Magnetic Resonance Imaging Technologists,2012,360,2022,420,60,15.9,10
28,Mississippi,37-2012,Maids and Housekeeping Cleaners,2012,10220,2022,11130,910,8.9,290
28,Mississippi,43-9051,Mail Clerks and Mail Machine Operators  Except Postal Service,2012,420,2022,380,-40,-10.5,10
28,Mississippi,49-9071,Maintenance and Repair Workers  General,2012,12480,2022,13340,860,6.9,330
28,Mississippi,49-9043,Maintenance Workers  Machinery,2012,1400,2022,1550,150,10.4,30
28,Mississippi,13-1111,Management Analysts,2012,1520,2022,1730,210,14.1,50
28,Mississippi,Nov-99,Managers  All Other,2012,750,2022,780,30,2.9,20
28,Mississippi,39-5092,Manicurists and Pedicurists,2012,530,2022,570,40,6.2,10
28,Mississippi,17-2121,Marine Engineers and Naval Architects,2012,150,2022,160,10,6,10
28,Mississippi,13-1161,Market Research Analysts and Marketing Specialists,2012,840,2022,1070,230,27.7,40
28,Mississippi,Nov-21,Marketing Managers,2012,750,2022,820,70,10.2,20
28,Mississippi,21-1013,Marriage and Family Therapists,2012,20,2022,30,10,36.8,0
28,Mississippi,31-9011,Massage Therapists,2012,160,2022,180,20,9.9,0
28,Mississippi,17-2131,Materials Engineers,2012,180,2022,180,0,1.1,10
28,Mississippi,25-1022,Mathematical Science Teachers  Postsecondary,2012,430,2022,490,60,14.8,10
28,Mississippi,15-2021,Mathematicians,2012,20,2022,20,0,5.3,0
28,Mississippi,51-3022,Meat  Poultry  and Fish Cutters and Trimmers,2012,8990,2022,10030,1040,11.5,330
28,Mississippi,49-9011,Mechanical Door Repairers,2012,110,2022,110,0,8.6,10
28,Mississippi,17-3013,Mechanical Drafters,2012,320,2022,310,-10,-2.2,0
28,Mississippi,17-3027,Mechanical Engineering Technicians,2012,330,2022,360,30,6.9,10
28,Mississippi,17-2141,Mechanical Engineers,2012,720,2022,750,30,4,30
28,Mississippi,29-2012,Medical and Clinical Laboratory Technicians,2012,1930,2022,2380,450,23.2,100
28,Mississippi,29-2011,Medical and Clinical Laboratory Technologists,2012,1680,2022,1820,140,7.8,60
28,Mississippi,Nov-11,Medical and Health Services Managers,2012,2590,2022,3070,480,18.4,110
28,Mississippi,51-9082,Medical Appliance Technicians,2012,40,2022,40,0,5.7,0
28,Mississippi,31-9092,Medical Assistants,2012,1930,2022,2340,410,21.2,80
28,Mississippi,31-9093,Medical Equipment Preparers,2012,310,2022,350,40,12.8,10
28,Mississippi,49-9062,Medical Equipment Repairers,2012,290,2022,360,70,23.8,20
28,Mississippi,29-2071,Medical Records and Health Information Technicians,2012,1930,2022,2220,290,14.7,80
28,Mississippi,19-1042,Medical Scientists  Except Epidemiologists,2012,340,2022,380,40,12.6,10
28,Mississippi,43-6013,Medical Secretaries,2012,1250,2022,1590,340,27.6,50
28,Mississippi,31-9094,Medical Transcriptionists,2012,790,2022,780,-10,-1.6,20
28,Mississippi,13-1121,Meeting  Convention  and Event Planners,2012,430,2022,550,120,26.5,20
28,Mississippi,21-1023,Mental Health and Substance Abuse Social Workers,2012,640,2022,740,100,15.3,20
28,Mississippi,21-1014,Mental Health Counselors,2012,500,2022,600,100,21.1,20
28,Mississippi,27-1026,Merchandise Displayers and Window Trimmers,2012,410,2022,440,30,6.5,10
28,Mississippi,51-4199,Metal Workers and Plastic Workers  All Other,2012,20,2022,20,0,10,0
28,Mississippi,43-5041,Meter Readers  Utilities,2012,670,2022,560,-110,-15.8,20
28,Mississippi,19-1022,Microbiologists,2012,30,2022,30,0,3.1,0
28,Mississippi,25-2022,Middle School Teachers  Except Special and Career/Technical Education,2012,8100,2022,9420,1320,16.2,310
28,Mississippi,51-4035,Milling and Planing Machine Setters  Operators  and Tenders  Metal and Plastic,2012,110,2022,100,-10,-8,0
28,Mississippi,49-9044,Millwrights,2012,920,2022,990,70,8.1,20
28,Mississippi,17-2151,Mining and Geological Engineers  Including Mining Safety Engineers,2012,30,2022,30,0,-13.8,0
28,Mississippi,51-9023,Mixing and Blending Machine Setters  Operators  and Tenders,2012,1100,2022,1100,0,0.4,30
28,Mississippi,49-3042,Mobile Heavy Equipment Mechanics  Except Engines,2012,1160,2022,1200,40,3.3,40
28,Mississippi,51-4061,Model Makers  Metal and Plastic,2012,30,2022,30,0,3.1,0
28,Mississippi,51-9195,Molders  Shapers  and Casters  Except Metal and Plastic,2012,460,2022,510,50,11.3,20
28,Mississippi,51-4072,Molding  Coremaking  and Casting Machine Setters  Operators  and Tenders  Metal and Plastic,2012,710,2022,680,-30,-4.9,10
28,Mississippi,39-4031,Morticians  Undertakers  and Funeral Directors,2012,1260,2022,1300,40,3,30
28,Mississippi,39-3021,Motion Picture Projectionists,2012,50,2022,40,-10,-24.5,0
28,Mississippi,53-3099,Motor Vehicle Operators  All Other,2012,60,2022,60,0,3.5,0
28,Mississippi,49-3051,Motorboat Mechanics and Service Technicians,2012,230,2022,230,0,-1.7,10
28,Mississippi,53-5022,Motorboat Operators,2012,10,2022,20,10,7.1,0
28,Mississippi,49-3052,Motorcycle Mechanics,2012,130,2022,140,10,2.2,0
28,Mississippi,27-1014,Multimedia Artists and Animators,2012,170,2022,180,10,7.3,10
28,Mississippi,51-4081,Multiple Machine Tool Setters  Operators  and Tenders  Metal and Plastic,2012,320,2022,290,-30,-9.1,10
28,Mississippi,27-2041,Music Directors and Composers,2012,350,2022,360,10,1.7,10
28,Mississippi,27-2042,Musicians and Singers,2012,110,2022,100,-10,-1.9,0
28,Mississippi,Nov-21,Natural Sciences Managers,2012,120,2022,110,-10,-3.5,0
28,Mississippi,15-1142,Network and Computer Systems Administrators,2012,1150,2022,1270,120,10.3,30
28,Mississippi,43-4141,New Accounts Clerks,2012,550,2022,500,-50,-8.4,10
28,Mississippi,39-2021,Nonfarm Animal Caretakers,2012,1650,2022,1810,160,9.5,40
28,Mississippi,29-2033,Nuclear Medicine Technologists,2012,220,2022,250,30,13.2,10
28,Mississippi,29-1151,Nurse Anesthetists,2012,200,2022,240,40,18,10
28,Mississippi,29-1161,Nurse Midwives,2012,20,2022,30,10,25,0
28,Mississippi,29-1171,Nurse Practitioners,2012,1840,2022,2330,490,26.7,90
28,Mississippi,31-1014,Nursing Assistants,2012,16700,2022,19110,2410,14.4,560
28,Mississippi,25-1072,Nursing Instructors and Teachers  Postsecondary,2012,1780,2022,2470,690,39.3,100
28,Mississippi,29-1064,Obstetricians and Gynecologists,2012,240,2022,260,20,8.2,10
28,Mississippi,29-9011,Occupational Health and Safety Specialists,2012,260,2022,260,0,1.2,10
28,Mississippi,29-1122,Occupational Therapists,2012,1020,2022,1260,240,24,40
28,Mississippi,31-2012,Occupational Therapy Aides,2012,20,2022,30,10,31.8,0
28,Mississippi,31-2011,Occupational Therapy Assistants,2012,190,2022,270,80,37.1,10
28,Mississippi,43-9199,Office and Administrative Support Workers  All Other,2012,210,2022,210,0,-1.9,10
28,Mississippi,43-9061,Office Clerks  General,2012,15990,2022,16400,410,2.6,380
28,Mississippi,43-9071,Office Machine Operators  Except Computer,2012,350,2022,300,-50,-13.8,10
28,Mississippi,47-2073,Operating Engineers and Other Construction Equipment Operators,2012,3700,2022,3860,160,4.4,100
28,Mississippi,15-2031,Operations Research Analysts,2012,140,2022,180,40,24.5,10
28,Mississippi,51-9083,Ophthalmic Laboratory Technicians,2012,190,2022,220,30,13.2,10
28,Mississippi,29-2057,Ophthalmic Medical Technicians,2012,550,2022,670,120,22.3,20
28,Mississippi,29-2081,Opticians  Dispensing,2012,450,2022,540,90,18.4,20
28,Mississippi,29-1041,Optometrists,2012,250,2022,300,50,17.9,10
28,Mississippi,29-1022,Oral and Maxillofacial Surgeons,2012,90,2022,100,10,10.8,0
28,Mississippi,43-4151,Order Clerks,2012,810,2022,780,-30,-3.7,20
28,Mississippi,31-1015,Orderlies,2012,610,2022,670,60,9.9,20
28,Mississippi,49-3053,Outdoor Power Equipment and Other Small Engine Mechanics,2012,340,2022,340,0,-1.8,10
28,Mississippi,51-9111,Packaging and Filling Machine Operators and Tenders,2012,2580,2022,2590,10,0.1,60
28,Mississippi,53-7064,Packers and Packagers  Hand,2012,6050,2022,6240,190,3.3,180
28,Mississippi,47-2141,Painters  Construction and Maintenance,2012,3000,2022,3110,110,3.7,60
28,Mississippi,51-9122,Painters  Transportation Equipment,2012,960,2022,1020,60,6.4,20
28,Mississippi,51-9123,Painting  Coating  and Decorating Workers,2012,260,2022,260,0,0.4,10
28,Mississippi,51-9196,Paper Goods Machine Setters  Operators  and Tenders,2012,1090,2022,1060,-30,-2.6,10
28,Mississippi,23-2011,Paralegals and Legal Assistants,2012,1630,2022,1870,240,14.9,50
28,Mississippi,53-6021,Parking Lot Attendants,2012,630,2022,650,20,2.7,30
28,Mississippi,41-2022,Parts Salespersons,2012,2110,2022,2150,40,1.9,60
28,Mississippi,51-4062,Patternmakers  Metal and Plastic,2012,30,2022,30,0,11.5,0
28,Mississippi,47-2071,Paving  Surfacing  and Tamping Equipment Operators,2012,820,2022,870,50,5.6,20
28,Mississippi,43-3051,Payroll and Timekeeping Clerks,2012,1720,2022,1860,140,7.7,50
28,Mississippi,29-1065,Pediatricians  General,2012,210,2022,230,20,9,10
28,Mississippi,39-9021,Personal Care Aides,2012,4380,2022,6420,2040,46.7,240
28,Mississippi,13-2052,Personal Financial Advisors,2012,380,2022,460,80,20.2,10
28,Mississippi,37-2021,Pest Control Workers,2012,750,2022,890,140,18.2,30
28,Mississippi,37-3012,Pesticide Handlers  Sprayers  and Applicators  Vegetation,2012,120,2022,140,20,14.3,10
28,Mississippi,17-2171,Petroleum Engineers,2012,230,2022,260,30,10.3,10
28,Mississippi,51-8093,Petroleum Pump System Operators  Refinery Operators  and Gaugers,2012,1000,2022,920,-80,-7.7,40
28,Mississippi,29-1051,Pharmacists,2012,2540,2022,2780,240,9.4,90
28,Mississippi,31-9095,Pharmacy Aides,2012,140,2022,150,10,5.1,0
28,Mississippi,29-2052,Pharmacy Technicians,2012,3570,2022,4100,530,14.7,90
28,Mississippi,25-1126,Philosophy and Religion Teachers  Postsecondary,2012,90,2022,120,30,23.7,0
28,Mississippi,31-9097,Phlebotomists,2012,980,2022,1170,190,19.3,40
28,Mississippi,27-4021,Photographers,2012,860,2022,870,10,1,10
28,Mississippi,51-9151,Photographic Process Workers and Processing Machine Operators,2012,350,2022,350,0,-1.4,10
28,Mississippi,31-2022,Physical Therapist Aides,2012,420,2022,550,130,32.3,20
28,Mississippi,31-2021,Physical Therapist Assistants,2012,660,2022,880,220,33.3,40
28,Mississippi,29-1123,Physical Therapists,2012,1870,2022,2420,550,29.3,100
28,Mississippi,29-1071,Physician Assistants,2012,140,2022,180,40,32.1,10
28,Mississippi,29-1069,Physicians and Surgeons  All Other,2012,840,2022,940,100,12.1,30
28,Mississippi,19-2012,Physicists,2012,100,2022,100,0,3.1,0
28,Mississippi,25-1054,Physics Teachers  Postsecondary,2012,120,2022,140,20,17.4,0
28,Mississippi,47-2072,Pile-Driver Operators,2012,50,2022,50,0,6.4,0
28,Mississippi,47-2151,Pipelayers,2012,750,2022,790,40,5.9,10
28,Mississippi,47-2161,Plasterers and Stucco Masons,2012,50,2022,50,0,-3.9,0
28,Mississippi,51-4193,Plating and Coating Machine Setters  Operators  and Tenders  Metal and Plastic,2012,400,2022,380,-20,-3.8,10
28,Mississippi,47-2152,Plumbers  Pipefitters  and Steamfitters,2012,3940,2022,4040,100,2.6,60
28,Mississippi,33-3051,Police and Sheriff's Patrol Officers,2012,3960,2022,4370,410,10.2,170
28,Mississippi,43-5031,Police  Fire  and Ambulance Dispatchers,2012,880,2022,970,90,10.9,40
28,Mississippi,25-1065,Political Science Teachers  Postsecondary,2012,110,2022,130,20,17.6,0
28,Mississippi,43-5051,Postal Service Clerks,2012,350,2022,250,-100,-29.2,10
28,Mississippi,43-5052,Postal Service Mail Carriers,2012,1620,2022,1230,-390,-23.9,60
28,Mississippi,43-5053,Postal Service Mail Sorters  Processors  and Processing Machine Operators,2012,350,2022,260,-90,-26.9,0
28,Mississippi,Nov-31,Postmasters and Mail Superintendents,2012,180,2022,150,-30,-21.2,0
28,Mississippi,25-1199,Postsecondary Teachers  All Other,2012,160,2022,190,30,16.4,10
28,Mississippi,51-4052,Pourers and Casters  Metal,2012,30,2022,30,0,-16.1,0
28,Mississippi,51-8012,Power Distributors and Dispatchers,2012,170,2022,180,10,8.3,10
28,Mississippi,51-8013,Power Plant Operators,2012,380,2022,370,-10,-4.2,10
28,Mississippi,49-9069,Precision Instrument and Equipment Repairers  All Other,2012,30,2022,30,0,-3.2,0
28,Mississippi,51-5111,Prepress Technicians and Workers,2012,280,2022,230,-50,-18.1,10
28,Mississippi,25-2011,Preschool Teachers  Except Special Education,2012,3220,2022,3720,500,15.4,140
28,Mississippi,51-6021,Pressers  Textile  Garment  and Related Materials,2012,1700,2022,1650,-50,-2.7,20
28,Mississippi,51-5113,Print Binding and Finishing Workers,2012,150,2022,140,-10,-1.4,0
28,Mississippi,51-5112,Printing Press Operators,2012,940,2022,930,-10,-0.7,20
28,Mississippi,33-9021,Private Detectives and Investigators,2012,350,2022,390,40,12.2,10
28,Mississippi,21-1092,Probation Officers and Correctional Treatment Specialists,2012,250,2022,270,20,7.9,10
28,Mississippi,43-3061,Procurement Clerks,2012,530,2022,530,0,0.8,20
28,Mississippi,27-2012,Producers and Directors,2012,250,2022,260,10,6,10
28,Mississippi,43-5061,Production  Planning  and Expediting Clerks,2012,2190,2022,2240,50,2.3,60
28,Mississippi,43-9081,Proofreaders and Copy Markers,2012,60,2022,60,0,1.6,0
28,Mississippi,Nov-41,Property  Real Estate  and Community Association Managers,2012,3140,2022,3300,160,5.2,90
28,Mississippi,33-9099,Protective Service Workers  All Other,2012,170,2022,180,10,11.5,10
28,Mississippi,31-1013,Psychiatric Aides,2012,4400,2022,4530,130,3,100
28,Mississippi,29-2053,Psychiatric Technicians,2012,560,2022,550,-10,-1.4,10
28,Mississippi,29-1066,Psychiatrists,2012,100,2022,120,20,11.7,0
28,Mississippi,19-3039,Psychologists  All Other,2012,40,2022,40,0,10,0
28,Mississippi,25-1066,Psychology Teachers  Postsecondary,2012,220,2022,260,40,17.9,10
28,Mississippi,Nov-31,Public Relations and Fundraising Managers,2012,370,2022,400,30,7.2,10
28,Mississippi,27-3031,Public Relations Specialists,2012,1180,2022,1270,90,7.8,30
28,Mississippi,53-7072,Pump Operators  Except Wellhead Pumpers,2012,50,2022,50,0,-2.2,0
28,Mississippi,13-1023,Purchasing Agents  Except Wholesale  Retail  and Farm Products,2012,1630,2022,1670,40,2.5,30
28,Mississippi,Nov-61,Purchasing Managers,2012,600,2022,600,0,0.5,10
28,Mississippi,29-1124,Radiation Therapists,2012,370,2022,430,60,16.4,10
28,Mississippi,27-3011,Radio and Television Announcers,2012,490,2022,510,20,4.5,10
28,Mississippi,49-2021,Radio  Cellular  and Tower Equipment Installers and Repairs,2012,70,2022,70,0,4.5,0
28,Mississippi,29-2034,Radiologic Technologists,2012,2070,2022,2360,290,14,60
28,Mississippi,49-3043,Rail Car Repairers,2012,230,2022,240,10,1.7,10
28,Mississippi,53-4021,Railroad Brake  Signal  and Switch Operators,2012,500,2022,480,-20,-3.8,20
28,Mississippi,47-4061,Rail-Track Laying and Maintenance Equipment Operators,2012,600,2022,600,0,-0.7,10
28,Mississippi,41-9021,Real Estate Brokers,2012,220,2022,230,10,4.1,0
28,Mississippi,41-9022,Real Estate Sales Agents,2012,1720,2022,1780,60,3.4,20
28,Mississippi,43-4171,Receptionists and Information Clerks,2012,7610,2022,8260,650,8.6,270
28,Mississippi,25-1193,Recreation and Fitness Studies Teachers  Postsecondary,2012,130,2022,150,20,15,0
28,Mississippi,39-9032,Recreation Workers,2012,1620,2022,1850,230,14.7,40
28,Mississippi,29-1125,Recreational Therapists,2012,260,2022,270,10,7,10
28,Mississippi,53-7081,Refuse and Recyclable Material Collectors,2012,1160,2022,1360,200,17.7,40
28,Mississippi,29-1141,Registered Nurses,2012,29520,2022,33410,3890,13.2,960
28,Mississippi,21-1015,Rehabilitation Counselors,2012,470,2022,540,70,12.9,20
28,Mississippi,47-2171,Reinforcing Iron and Rebar Workers,2012,280,2022,290,10,1.4,10
28,Mississippi,27-3022,Reporters and Correspondents,2012,380,2022,340,-40,-9.7,10
28,Mississippi,43-4181,Reservation and Transportation Ticket Agents and Travel Clerks,2012,220,2022,190,-30,-13.3,0
28,Mississippi,29-1126,Respiratory Therapists,2012,1500,2022,1680,180,12,40
28,Mississippi,29-2054,Respiratory Therapy Technicians,2012,260,2022,290,30,9.6,10
28,Mississippi,41-2031,Retail Salespersons,2012,37650,2022,39590,1940,5.1,1480
28,Mississippi,49-9096,Riggers,2012,40,2022,40,0,5.1,0
28,Mississippi,51-4023,Rolling Machine Setters  Operators  and Tenders  Metal and Plastic,2012,150,2022,150,0,-3.9,0
28,Mississippi,47-2181,Roofers,2012,550,2022,500,-50,-8.2,10
28,Mississippi,47-5012,Rotary Drill Operators  Oil and Gas,2012,210,2022,210,0,-0.5,10
28,Mississippi,47-5071,Roustabouts  Oil and Gas,2012,900,2022,910,10,0.9,30
28,Mississippi,53-5011,Sailors and Marine Oilers,2012,280,2022,330,50,15.6,20
28,Mississippi,41-9099,Sales and Related Workers  All Other,2012,860,2022,950,90,10.1,30
28,Mississippi,41-9031,Sales Engineers,2012,70,2022,70,0,-1.4,0
28,Mississippi,Nov-22,Sales Managers,2012,1970,2022,2060,90,4.6,50
28,Mississippi,41-3099,Sales Representatives  Services  All Other,2012,2280,2022,2550,270,12,90
28,Mississippi,41-4012,Sales Representatives  Wholesale and Manufacturing  Except Technical and Scientific Products,2012,9540,2022,10020,480,5.1,230
28,Mississippi,41-4011,Sales Representatives  Wholesale and Manufacturing  Technical and Scientific Products,2012,610,2022,630,20,4.8,20
28,Mississippi,51-7041,Sawing Machine Setters  Operators  and Tenders  Wood,2012,1850,2022,2250,400,21.5,90
28,Mississippi,25-2031,Secondary School Teachers  Except Special and Career/Technical Education,2012,10410,2022,11350,940,9.1,380
28,Mississippi,43-6014,Secretaries and Administrative Assistants  Except Legal  Medical  and Executive,2012,26510,2022,29040,2530,9.6,570
28,Mississippi,41-3031,Securities  Commodities  and Financial Services Sales Agents,2012,580,2022,630,50,8.8,20
28,Mississippi,49-2098,Security and Fire Alarm Systems Installers,2012,310,2022,330,20,7.4,10
28,Mississippi,33-9032,Security Guards,2012,9340,2022,10230,890,9.5,230
28,Mississippi,25-3021,Self-Enrichment Education Teachers,2012,2380,2022,2770,390,16.4,80
28,Mississippi,51-9012,Separating  Filtering  Clarifying  Precipitating  and Still Machine Setters  Operators  and Tenders,2012,130,2022,130,0,2.3,0
28,Mississippi,47-4071,Septic Tank Servicers and Sewer Pipe Cleaners,2012,170,2022,200,30,17.8,10
28,Mississippi,47-5013,Service Unit Operators  Oil  Gas  and Mining,2012,420,2022,430,10,2.4,20
28,Mississippi,51-6051,Sewers  Hand,2012,120,2022,100,-20,-19.4,0
28,Mississippi,51-6031,Sewing Machine Operators,2012,4070,2022,3030,-1040,-25.6,20
28,Mississippi,47-2211,Sheet Metal Workers,2012,2180,2022,2360,180,8.2,60
28,Mississippi,53-5031,Ship Engineers,2012,70,2022,80,10,5.6,0
28,Mississippi,43-5071,Shipping  Receiving  and Traffic Clerks,2012,6480,2022,6450,-30,-0.4,170
28,Mississippi,49-9097,Signal and Track Switch Repairers,2012,110,2022,100,-10,-4.7,0
28,Mississippi,39-5094,Skincare Specialists,2012,90,2022,110,20,26.7,0
28,Mississippi,51-3023,Slaughterers and Meat Packers,2012,1910,2022,1960,50,2.4,50
28,Mississippi,39-1012,Slot Supervisors,2012,670,2022,690,20,3,20
28,Mississippi,Nov-51,Social and Community Service Managers,2012,870,2022,1000,130,15.7,30
28,Mississippi,21-1093,Social and Human Service Assistants,2012,1090,2022,1270,180,16.7,50
28,Mississippi,19-4061,Social Science Research Assistants,2012,20,2022,30,10,12.5,0
28,Mississippi,25-1069,Social Sciences Teachers  Postsecondary  All Other,2012,30,2022,40,10,20,0
28,Mississippi,19-3099,Social Scientists and Related Workers  All Other,2012,90,2022,90,0,-4.3,0
28,Mississippi,25-1113,Social Work Teachers  Postsecondary,2012,60,2022,70,10,17.2,0
28,Mississippi,25-1067,Sociology Teachers  Postsecondary,2012,200,2022,240,40,16.3,10
28,Mississippi,15-1132,Software Developers  Applications,2012,650,2022,780,130,19.3,20
28,Mississippi,15-1133,Software Developers  Systems Software,2012,370,2022,440,70,20.8,10
28,Mississippi,19-1013,Soil and Plant Scientists,2012,110,2022,120,10,8.8,10
28,Mississippi,27-4014,Sound Engineering Technicians,2012,130,2022,130,0,-0.8,0
28,Mississippi,25-2052,Special Education Teachers  Kindergarten and Elementary School,2012,1370,2022,1490,120,8.5,40
28,Mississippi,25-2053,Special Education Teachers  Middle School,2012,630,2022,680,50,8.6,20
28,Mississippi,25-2054,Special Education Teachers  Secondary School,2012,840,2022,900,60,7.8,20
28,Mississippi,29-1127,Speech-Language Pathologists,2012,1550,2022,1830,280,18.2,50
28,Mississippi,51-8021,Stationary Engineers and Boiler Operators,2012,170,2022,170,0,-1.7,10
28,Mississippi,43-9111,Statistical Assistants,2012,10,2022,10,0,10,0
28,Mississippi,43-5081,Stock Clerks and Order Fillers,2012,17540,2022,16860,-680,-3.9,530
28,Mississippi,47-2022,Stonemasons,2012,80,2022,80,0,3.9,0
28,Mississippi,47-2221,Structural Iron and Steel Workers,2012,770,2022,790,20,3,30
28,Mississippi,51-2041,Structural Metal Fabricators and Fitters,2012,1410,2022,1580,170,12.2,70
28,Mississippi,21-1011,Substance Abuse and Behavioral Disorder Counselors,2012,640,2022,770,130,20.3,30
28,Mississippi,29-1067,Surgeons,2012,360,2022,420,60,16.7,20
28,Mississippi,29-2055,Surgical Technologists,2012,1590,2022,1940,350,22.2,50
28,Mississippi,19-3022,Survey Researchers,2012,30,2022,40,10,6.1,0
28,Mississippi,17-3031,Surveying and Mapping Technicians,2012,520,2022,580,60,10.4,10
28,Mississippi,17-1022,Surveyors,2012,590,2022,620,30,4.7,20
28,Mississippi,43-2011,Switchboard Operators  Including Answering Service,2012,1490,2022,1240,-250,-17.2,30
28,Mississippi,53-7121,Tank Car  Truck  and Ship Loaders,2012,80,2022,90,10,1.2,0
28,Mississippi,13-2081,Tax Examiners and Collectors  and Revenue Agents,2012,310,2022,310,0,0,10
28,Mississippi,13-2082,Tax Preparers,2012,880,2022,930,50,5,20
28,Mississippi,53-3041,Taxi Drivers and Chauffeurs,2012,1430,2022,1580,150,10.1,30
28,Mississippi,25-9041,Teacher Assistants,2012,10870,2022,11970,1100,10.2,360
28,Mississippi,25-3099,Teachers and Instructors  All Other,2012,4940,2022,5540,600,12.1,140
28,Mississippi,51-2092,Team Assemblers,2012,19570,2022,21330,1760,9,490
28,Mississippi,27-3042,Technical Writers,2012,90,2022,100,10,10.9,0
28,Mississippi,49-2022,Telecommunications Equipment Installers and Repairers  Except Line Installers,2012,1440,2022,1480,40,2.6,20
28,Mississippi,49-9052,Telecommunications Line Installers and Repairers,2012,750,2022,800,50,6.4,20
28,Mississippi,41-9041,Telemarketers,2012,660,2022,680,20,3.8,20
28,Mississippi,43-3071,Tellers,2012,5290,2022,5170,-120,-2.4,250
28,Mississippi,51-6062,Textile Cutting Machine Setters  Operators  and Tenders,2012,820,2022,670,-150,-18,10
28,Mississippi,51-6063,Textile Knitting and Weaving Machine Setters  Operators  and Tenders,2012,70,2022,50,-20,-20,0
28,Mississippi,47-2044,Tile and Marble Setters,2012,280,2022,270,-10,-2.5,10
28,Mississippi,49-3093,Tire Repairers and Changers,2012,1200,2022,1260,60,5,50
28,Mississippi,51-4111,Tool and Die Makers,2012,440,2022,460,20,3.4,10
28,Mississippi,51-4194,Tool Grinders  Filers  and Sharpeners,2012,120,2022,130,10,3.3,0
28,Mississippi,00-0000,Total  All Occupations,2012,1158960,2022,1240640,81680,7,36300
28,Mississippi,39-7011,Tour Guides and Escorts,2012,140,2022,140,0,3.6,10
28,Mississippi,53-6041,Traffic Technicians,2012,70,2022,90,20,31.4,10
28,Mississippi,Nov-31,Training and Development Managers,2012,270,2022,290,20,9,10
28,Mississippi,13-1151,Training and Development Specialists,2012,950,2022,1050,100,10.7,30
28,Mississippi,53-6051,Transportation Inspectors,2012,150,2022,160,10,11.7,10
28,Mississippi,33-9093,Transportation Security Screeners,2012,160,2022,170,10,10.9,10
28,Mississippi,53-6099,Transportation Workers  All Other,2012,150,2022,150,0,2.7,10
28,Mississippi,Nov-71,Transportation  Storage  and Distribution Managers,2012,720,2022,740,20,3.1,20
28,Mississippi,41-3041,Travel Agents,2012,90,2022,80,-10,-11,0
28,Mississippi,39-7012,Travel Guides,2012,60,2022,60,0,0,0
28,Mississippi,37-3013,Tree Trimmers and Pruners,2012,760,2022,850,90,11.8,30
28,Mississippi,27-2023,Umpires  Referees  and Other Sports Officials,2012,50,2022,60,10,7.8,0
28,Mississippi,51-6093,Upholsterers,2012,5280,2022,5520,240,4.5,170
28,Mississippi,19-3051,Urban and Regional Planners,2012,90,2022,100,10,10.5,10
28,Mississippi,39-3031,Ushers  Lobby Attendants  and Ticket Takers,2012,820,2022,860,40,4.9,50
28,Mississippi,29-1131,Veterinarians,2012,580,2022,620,40,7.6,20
28,Mississippi,31-9096,Veterinary Assistants and Laboratory Animal Caretakers,2012,710,2022,740,30,4.2,20
28,Mississippi,29-2056,Veterinary Technologists and Technicians,2012,630,2022,770,140,23.2,20
28,Mississippi,25-1194,Vocational Education Teachers  Postsecondary,2012,1370,2022,1580,210,14.8,40
28,Mississippi,35-3031,Waiters and Waitresses,2012,19230,2022,19420,190,1,940
28,Mississippi,49-9064,Watch Repairers,2012,20,2022,20,0,-15.8,0
28,Mississippi,51-8031,Water and Wastewater Treatment Plant and System Operators,2012,620,2022,740,120,17.9,30
28,Mississippi,15-1134,Web Developers,2012,290,2022,340,50,20.3,10
28,Mississippi,43-5111,Weighers  Measurers  Checkers  and Samplers  Recordkeeping,2012,700,2022,760,60,9,20
28,Mississippi,51-4121,Welders  Cutters  Solderers  and Brazers,2012,6640,2022,7080,440,6.7,210
28,Mississippi,51-4122,Welding  Soldering  and Brazing Machine Setters  Operators  and Tenders,2012,680,2022,840,160,24.6,30
28,Mississippi,13-1022,Wholesale and Retail Buyers  Except Farm Products,2012,460,2022,470,10,3.1,10
28,Mississippi,51-7099,Woodworkers  All Other,2012,50,2022,50,0,0,0
28,Mississippi,51-7042,Woodworking Machine Setters  Operators  and Tenders  Except Sawing,2012,1480,2022,1720,240,16.7,30
28,Mississippi,43-9022,Word Processors and Typists,2012,250,2022,190,-60,-25.3,0
28,Mississippi,27-3043,Writers and Authors,2012,890,2022,920,30,3.9,20
28,Mississippi,19-1023,Zoologists and Wildlife Biologists,2012,160,2022,170,10,4.4,10
