STFIPS,AreaName,OccupationCode,OccupationName,BaseYear,Base,ProjYear,Proj,Change,PercentChange,AvgAnnualOpenings
30,Montana,13-2011,Accountants and Auditors,2012,3530,2022,4210,680,19.3,170
30,Montana,27-2011,Actors,2012,80,2022,100,20,19.8,10
30,Montana,51-9191,Adhesive Bonding Machine Operators and Tenders,2012,80,2022,110,30,33.7,10
30,Montana,23-1021,Administrative Law Judges  Adjudicators  and Hearing Officers,2012,60,2022,60,0,6.8,0
30,Montana,Nov-11,Administrative Services Managers,2012,320,2022,370,50,15.9,10
30,Montana,25-3011,Adult Basic and Secondary Education and Literacy Teachers and Instructors,2012,240,2022,250,10,4.3,10
30,Montana,Nov-11,Advertising and Promotions Managers,2012,30,2022,40,10,9.1,0
30,Montana,41-3011,Advertising Sales Agents,2012,720,2022,730,10,1,20
30,Montana,19-4011,Agricultural and Food Science Technicians,2012,90,2022,110,20,12.8,0
30,Montana,45-2091,Agricultural Equipment Operators,2012,90,2022,110,20,17.8,10
30,Montana,45-2011,Agricultural Inspectors,2012,110,2022,120,10,16.2,10
30,Montana,45-2099,Agricultural Workers  All Other,2012,130,2022,150,20,10.6,10
30,Montana,53-2021,Air Traffic Controllers,2012,100,2022,120,20,19.4,10
30,Montana,49-3011,Aircraft Mechanics and Service Technicians,2012,360,2022,480,120,33.4,20
30,Montana,53-2022,Airfield Operations Specialists,2012,30,2022,40,10,12.9,0
30,Montana,53-2011,Airline Pilots  Copilots  and Flight Engineers,2012,100,2022,120,20,22.1,10
30,Montana,53-3011,Ambulance Drivers and Attendants  Except Emergency Medical Technicians,2012,60,2022,70,10,13.6,0
30,Montana,39-3091,Amusement and Recreation Attendants,2012,880,2022,1140,260,29.8,70
30,Montana,33-9011,Animal Control Workers,2012,40,2022,40,0,12.8,0
30,Montana,19-3091,Anthropologists and Archeologists,2012,50,2022,50,0,6.1,0
30,Montana,25-1061,Anthropology and Archeology Teachers  Postsecondary,2012,40,2022,40,0,8.1,0
30,Montana,13-2021,Appraisers and Assessors of Real Estate,2012,400,2022,410,10,2.5,10
30,Montana,23-1022,Arbitrators  Mediators  and Conciliators,2012,30,2022,30,0,9.7,0
30,Montana,17-1011,Architects  Except Landscape and Naval,2012,450,2022,550,100,20.8,20
30,Montana,17-3011,Architectural and Civil Drafters,2012,600,2022,710,110,17.7,20
30,Montana,Nov-41,Architectural and Engineering Managers,2012,250,2022,290,40,17.5,10
30,Montana,25-1062,Area  Ethnic  and Cultural Studies Teachers  Postsecondary,2012,20,2022,30,10,13.6,0
30,Montana,27-1011,Art Directors,2012,40,2022,40,0,0,0
30,Montana,25-1121,Art  Drama  and Music Teachers  Postsecondary,2012,260,2022,290,30,12.5,10
30,Montana,51-2099,Assemblers and Fabricators  All Other,2012,180,2022,210,30,17.1,10
30,Montana,29-9091,Athletic Trainers,2012,90,2022,120,30,23.4,10
30,Montana,19-2021,Atmospheric and Space Scientists,2012,90,2022,100,10,7.9,0
30,Montana,25-1051,Atmospheric  Earth  Marine  and Space Sciences Teachers  Postsecondary,2012,40,2022,50,10,6.8,0
30,Montana,27-4011,Audio and Video Equipment Technicians,2012,170,2022,210,40,22.8,10
30,Montana,29-1181,Audiologists,2012,60,2022,90,30,41.3,0
30,Montana,53-6031,Automotive and Watercraft Service Attendants,2012,280,2022,320,40,16.5,10
30,Montana,49-3021,Automotive Body and Related Repairers,2012,590,2022,640,50,7.4,20
30,Montana,49-3022,Automotive Glass Installers and Repairers,2012,110,2022,120,10,5.3,0
30,Montana,49-3023,Automotive Service Technicians and Mechanics,2012,3050,2022,3290,240,7.6,100
30,Montana,39-6011,Baggage Porters and Bellhops,2012,70,2022,90,20,28.8,0
30,Montana,33-3011,Bailiffs,2012,50,2022,60,10,11.5,0
30,Montana,51-3011,Bakers,2012,860,2022,940,80,9.8,30
30,Montana,35-3011,Bartenders,2012,5090,2022,6210,1120,22,300
30,Montana,43-3011,Bill and Account Collectors,2012,690,2022,830,140,20.4,30
30,Montana,43-3021,Billing and Posting Clerks,2012,1730,2022,2070,340,19.3,70
30,Montana,25-1042,Biological Science Teachers  Postsecondary,2012,210,2022,250,40,15,10
30,Montana,19-1029,Biological Scientists  All Other,2012,350,2022,340,-10,-2.6,10
30,Montana,19-4021,Biological Technicians,2012,560,2022,580,20,3.9,20
30,Montana,17-2031,Biomedical Engineers,2012,10,2022,20,10,36.4,0
30,Montana,47-2011,Boilermakers,2012,110,2022,130,20,16.1,10
30,Montana,43-3031,Bookkeeping  Accounting  and Auditing Clerks,2012,11340,2022,13350,2010,17.7,310
30,Montana,47-2021,Brickmasons and Blockmasons,2012,340,2022,420,80,26.6,10
30,Montana,27-4012,Broadcast Technicians,2012,130,2022,140,10,3,0
30,Montana,43-4011,Brokerage Clerks,2012,120,2022,130,10,2.4,0
30,Montana,13-2031,Budget Analysts,2012,230,2022,260,30,10.3,10
30,Montana,49-3031,Bus and Truck Mechanics and Diesel Engine Specialists,2012,1230,2022,1380,150,12.5,40
30,Montana,53-3022,Bus Drivers  School or Special Client,2012,1820,2022,2110,290,15.9,60
30,Montana,53-3021,Bus Drivers  Transit and Intercity,2012,300,2022,350,50,15.6,10
30,Montana,13-1199,Business Operations Specialists  All Other,2012,2390,2022,2620,230,9.4,60
30,Montana,25-1011,Business Teachers  Postsecondary,2012,220,2022,240,20,10.7,10
30,Montana,51-3021,Butchers and Meat Cutters,2012,640,2022,710,70,11.6,20
30,Montana,13-1021,Buyers and Purchasing Agents  Farm Products,2012,60,2022,70,10,19.4,0
30,Montana,51-7011,Cabinetmakers and Bench Carpenters,2012,940,2022,1070,130,14,20
30,Montana,27-4031,Camera Operators  Television  Video  and Motion Picture,2012,150,2022,160,10,7.2,0
30,Montana,29-2031,Cardiovascular Technologists and Technicians,2012,150,2022,190,40,33.1,10
30,Montana,25-2023,Career/Technical Education Teachers  Middle School,2012,120,2022,120,0,2.6,0
30,Montana,25-2032,Career/Technical Education Teachers  Secondary School,2012,180,2022,190,10,1.6,10
30,Montana,47-2031,Carpenters,2012,3670,2022,4640,970,26.3,140
30,Montana,17-1021,Cartographers and Photogrammetrists,2012,70,2022,80,10,20.6,0
30,Montana,41-2011,Cashiers,2012,14680,2022,16130,1450,9.8,780
30,Montana,47-2051,Cement Masons and Concrete Finishers,2012,620,2022,800,180,28.7,30
30,Montana,35-1011,Chefs and Head Cooks,2012,350,2022,400,50,16.1,10
30,Montana,17-2041,Chemical Engineers,2012,240,2022,290,50,23.2,10
30,Montana,51-9011,Chemical Equipment Operators and Tenders,2012,50,2022,80,30,58.5,10
30,Montana,51-8091,Chemical Plant and System Operators,2012,210,2022,250,40,16.4,10
30,Montana,19-4031,Chemical Technicians,2012,120,2022,150,30,29.4,10
30,Montana,25-1052,Chemistry Teachers  Postsecondary,2012,100,2022,100,0,9.5,0
30,Montana,19-2031,Chemists,2012,100,2022,120,20,19.8,10
30,Montana,11-1011,Chief Executives,2012,820,2022,860,40,4.9,20
30,Montana,21-1021,Child  Family  and School Social Workers,2012,1130,2022,1270,140,12.2,40
30,Montana,39-9011,Childcare Workers,2012,3080,2022,3270,190,6,110
30,Montana,29-1011,Chiropractors,2012,280,2022,310,30,12.2,10
30,Montana,17-3022,Civil Engineering Technicians,2012,380,2022,400,20,3.1,10
30,Montana,17-2051,Civil Engineers,2012,1310,2022,1640,330,24.9,70
30,Montana,13-1031,Claims Adjusters  Examiners  and Investigators,2012,820,2022,900,80,10.1,30
30,Montana,53-7061,Cleaners of Vehicles and Equipment,2012,1150,2022,1270,120,10,40
30,Montana,51-9192,Cleaning  Washing  and Metal Pickling Equipment Operators and Tenders,2012,10,2022,20,10,15.4,0
30,Montana,21-2011,Clergy,2012,740,2022,840,100,13.7,30
30,Montana,19-3031,Clinical  Counseling  and School Psychologists,2012,510,2022,530,20,4.3,20
30,Montana,27-2022,Coaches and Scouts,2012,1650,2022,1930,280,16.6,80
30,Montana,51-9121,Coating  Painting  and Spraying Machine Setters  Operators  and Tenders,2012,70,2022,70,0,13.8,0
30,Montana,49-9091,Coin  Vending  and Amusement Machine Servicers and Repairers,2012,230,2022,280,50,18.9,10
30,Montana,35-3021,Combined Food Preparation and Serving Workers  Including Fast Food,2012,10650,2022,12940,2290,21.5,640
30,Montana,27-1021,Commercial and Industrial Designers,2012,40,2022,50,10,9.5,0
30,Montana,53-2012,Commercial Pilots,2012,170,2022,230,60,33.7,10
30,Montana,43-2099,Communications Equipment Operators  All Other,2012,10,2022,10,0,-9.1,0
30,Montana,25-1122,Communications Teachers  Postsecondary,2012,130,2022,140,10,9.4,0
30,Montana,21-1099,Community and Social Service Specialists  All Other,2012,460,2022,520,60,14.5,20
30,Montana,21-1094,Community Health Workers,2012,130,2022,160,30,19.8,10
30,Montana,Nov-11,Compensation and Benefits Managers,2012,10,2022,10,0,8.3,0
30,Montana,13-1141,Compensation  Benefits  and Job Analysis Specialists,2012,180,2022,200,20,12.9,10
30,Montana,13-1041,Compliance Officers,2012,830,2022,900,70,8.8,20
30,Montana,Nov-21,Computer and Information Systems Managers,2012,490,2022,610,120,23.6,20
30,Montana,15-1143,Computer Network Architects,2012,200,2022,240,40,20,10
30,Montana,15-1152,Computer Network Support Specialists,2012,370,2022,410,40,11.6,10
30,Montana,15-1199,Computer Occupations  All Other,2012,420,2022,450,30,8,10
30,Montana,43-9011,Computer Operators,2012,170,2022,180,10,4.7,0
30,Montana,15-1131,Computer Programmers,2012,720,2022,840,120,15.8,30
30,Montana,25-1021,Computer Science Teachers  Postsecondary,2012,120,2022,130,10,9.5,0
30,Montana,15-1121,Computer Systems Analysts,2012,650,2022,830,180,28.2,30
30,Montana,15-1151,Computer User Support Specialists,2012,1640,2022,1930,290,17.5,60
30,Montana,49-2011,Computer  Automated Teller  and Office Machine Repairers,2012,410,2022,410,0,2,10
30,Montana,51-4011,Computer-Controlled Machine Tool Operators  Metal and Plastic,2012,110,2022,140,30,22.1,10
30,Montana,39-6012,Concierges,2012,70,2022,100,30,29.7,0
30,Montana,19-1031,Conservation Scientists,2012,470,2022,500,30,6.6,20
30,Montana,47-4011,Construction and Building Inspectors,2012,620,2022,660,40,7.1,20
30,Montana,47-4099,Construction and Related Workers  All Other,2012,20,2022,30,10,13.6,0
30,Montana,47-2061,Construction Laborers,2012,3990,2022,4990,1000,24.9,180
30,Montana,Nov-21,Construction Managers,2012,940,2022,1030,90,10.6,30
30,Montana,53-7011,Conveyor Operators and Tenders,2012,230,2022,270,40,18.1,10
30,Montana,35-2011,Cooks  Fast Food,2012,1740,2022,1860,120,6.8,50
30,Montana,35-2012,Cooks  Institution and Cafeteria,2012,1990,2022,2200,210,10.1,60
30,Montana,35-2013,Cooks  Private Household,2012,0,2022,0,0,0,0
30,Montana,35-2014,Cooks  Restaurant,2012,4690,2022,5700,1010,21.7,190
30,Montana,35-2015,Cooks  Short Order,2012,620,2022,690,70,10.6,20
30,Montana,51-9193,Cooling and Freezing Equipment Operators and Tenders,2012,60,2022,70,10,32.7,0
30,Montana,33-3012,Correctional Officers and Jailers,2012,1090,2022,1220,130,12,40
30,Montana,43-4021,Correspondence Clerks,2012,70,2022,80,10,12.7,0
30,Montana,13-1051,Cost Estimators,2012,900,2022,1170,270,30.8,60
30,Montana,41-2021,Counter and Rental Clerks,2012,1710,2022,1930,220,12.8,70
30,Montana,35-3022,Counter Attendants  Cafeteria  Food Concession  and Coffee Shop,2012,790,2022,900,110,13.7,60
30,Montana,43-5021,Couriers and Messengers,2012,240,2022,240,0,-1.2,0
30,Montana,43-4031,Court  Municipal  and License Clerks,2012,730,2022,850,120,17,20
30,Montana,27-1012,Craft Artists,2012,70,2022,60,-10,-9,0
30,Montana,53-7021,Crane and Tower Operators,2012,90,2022,120,30,33,10
30,Montana,13-2041,Credit Analysts,2012,120,2022,150,30,24.8,10
30,Montana,43-4041,Credit Authorizers  Checkers  and Clerks,2012,190,2022,200,10,8.1,0
30,Montana,13-2071,Credit Counselors,2012,70,2022,100,30,34.7,0
30,Montana,33-9091,Crossing Guards,2012,260,2022,290,30,11.8,10
30,Montana,51-9021,Crushing  Grinding  and Polishing Machine Setters  Operators  and Tenders,2012,170,2022,200,30,16.8,10
30,Montana,25-4012,Curators,2012,110,2022,120,10,17.1,0
30,Montana,43-4051,Customer Service Representatives,2012,4570,2022,5510,940,20.6,220
30,Montana,51-9032,Cutting and Slicing Machine Setters  Operators  and Tenders,2012,70,2022,80,10,14.9,0
30,Montana,51-4031,Cutting  Punching  and Press Machine Setters  Operators  and Tenders  Metal and Plastic,2012,200,2022,200,0,3.6,0
30,Montana,43-9021,Data Entry Keyers,2012,570,2022,540,-30,-5.6,10
30,Montana,15-1141,Database Administrators,2012,190,2022,230,40,19.3,10
30,Montana,31-9091,Dental Assistants,2012,1160,2022,1510,350,29.9,60
30,Montana,29-2021,Dental Hygienists,2012,730,2022,960,230,31.3,40
30,Montana,51-9081,Dental Laboratory Technicians,2012,170,2022,210,40,22.8,10
30,Montana,29-1029,Dentists  All Other Specialists,2012,20,2022,20,0,-11.1,0
30,Montana,29-1021,Dentists  General,2012,500,2022,580,80,15.9,20
30,Montana,47-5011,Derrick Operators  Oil and Gas,2012,130,2022,180,50,36.6,10
30,Montana,27-1029,Designers  All Other,2012,80,2022,90,10,21.3,0
30,Montana,43-9031,Desktop Publishers,2012,50,2022,60,10,16,0
30,Montana,33-3021,Detectives and Criminal Investigators,2012,520,2022,550,30,7.6,20
30,Montana,29-2032,Diagnostic Medical Sonographers,2012,200,2022,270,70,35,10
30,Montana,29-2051,Dietetic Technicians,2012,30,2022,30,0,15.4,0
30,Montana,29-1031,Dietitians and Nutritionists,2012,180,2022,210,30,16.5,10
30,Montana,35-9011,Dining Room and Cafeteria Attendants and Bartender Helpers,2012,800,2022,970,170,21.9,50
30,Montana,21-2021,Directors  Religious Activities and Education,2012,290,2022,330,40,11.7,10
30,Montana,35-9021,Dishwashers,2012,2470,2022,2860,390,15.5,150
30,Montana,43-5032,Dispatchers  Except Police  Fire  and Ambulance,2012,650,2022,770,120,19.3,30
30,Montana,17-3019,Drafters  All Other,2012,140,2022,150,10,13.2,0
30,Montana,53-7031,Dredge Operators,2012,10,2022,10,0,16.7,0
30,Montana,51-4032,Drilling and Boring Machine Tool Setters  Operators  and Tenders  Metal and Plastic,2012,20,2022,20,0,0,0
30,Montana,53-3031,Driver/Sales Workers,2012,2660,2022,2960,300,11.4,70
30,Montana,47-2081,Drywall and Ceiling Tile Installers,2012,140,2022,170,30,19,0
30,Montana,47-5021,Earth Drillers  Except Oil and Gas,2012,550,2022,680,130,22,30
30,Montana,25-1063,Economics Teachers  Postsecondary,2012,30,2022,30,0,11.1,0
30,Montana,19-3011,Economists,2012,50,2022,70,20,29.4,0
30,Montana,27-3041,Editors,2012,220,2022,220,0,0.5,10
30,Montana,Nov-39,Education Administrators  All Other,2012,60,2022,60,0,9.1,0
30,Montana,Nov-32,Education Administrators  Elementary and Secondary School,2012,690,2022,700,10,2.3,20
30,Montana,Nov-33,Education Administrators  Postsecondary,2012,550,2022,610,60,11.5,20
30,Montana,Nov-31,Education Administrators  Preschool and Childcare Center/Program,2012,110,2022,120,10,6.4,0
30,Montana,25-1081,Education Teachers  Postsecondary,2012,220,2022,240,20,11.2,10
30,Montana,25-9099,Education  Training  and Library Workers  All Other,2012,140,2022,140,0,0.7,0
30,Montana,21-1012,Educational  Guidance  School  and Vocational Counselors,2012,670,2022,710,40,5.8,20
30,Montana,49-2092,Electric Motor  Power Tool  and Related Repairers,2012,110,2022,100,-10,-6.3,0
30,Montana,51-2022,Electrical and Electronic Equipment Assemblers,2012,280,2022,300,20,4.6,0
30,Montana,17-3012,Electrical and Electronics Drafters,2012,120,2022,140,20,15.4,0
30,Montana,17-3023,Electrical and Electronics Engineering Technicians,2012,270,2022,290,20,7.5,10
30,Montana,49-2093,Electrical and Electronics Installers and Repairers  Transportation Equipment,2012,30,2022,30,0,6.7,0
30,Montana,49-2094,Electrical and Electronics Repairers  Commercial and Industrial Equipment,2012,120,2022,130,10,8.3,0
30,Montana,49-2095,Electrical and Electronics Repairers  Powerhouse  Substation  and Relay,2012,60,2022,70,10,12.9,0
30,Montana,17-2071,Electrical Engineers,2012,500,2022,600,100,21.3,20
30,Montana,49-9051,Electrical Power-Line Installers and Repairers,2012,690,2022,790,100,14.5,30
30,Montana,47-2111,Electricians,2012,2220,2022,2780,560,25.5,100
30,Montana,49-2096,Electronic Equipment Installers and Repairers  Motor Vehicles,2012,170,2022,170,0,0,0
30,Montana,49-2097,Electronic Home Entertainment Equipment Installers and Repairers,2012,90,2022,90,0,2.2,0
30,Montana,17-2072,Electronics Engineers  Except Computer,2012,170,2022,210,40,26.7,10
30,Montana,25-2021,Elementary School Teachers  Except Special Education,2012,4690,2022,5100,410,8.8,140
30,Montana,43-4061,Eligibility Interviewers  Government Programs,2012,200,2022,230,30,15.9,10
30,Montana,Nov-61,Emergency Management Directors,2012,60,2022,70,10,12.9,0
30,Montana,29-2041,Emergency Medical Technicians and Paramedics,2012,730,2022,890,160,22.3,40
30,Montana,17-3029,Engineering Technicians  Except Drafters  All Other,2012,310,2022,340,30,11.3,10
30,Montana,17-2199,Engineers  All Other,2012,230,2022,250,20,9.6,10
30,Montana,25-1123,English Language and Literature Teachers  Postsecondary,2012,190,2022,210,20,8.8,10
30,Montana,17-3025,Environmental Engineering Technicians,2012,130,2022,180,50,32.8,10
30,Montana,17-2081,Environmental Engineers,2012,270,2022,340,70,26.2,10
30,Montana,19-4091,Environmental Science and Protection Technicians  Including Health,2012,100,2022,110,10,15.6,10
30,Montana,25-1053,Environmental Science Teachers  Postsecondary,2012,40,2022,40,0,10.8,0
30,Montana,19-2041,Environmental Scientists and Specialists  Including Health,2012,400,2022,470,70,17,20
30,Montana,19-1041,Epidemiologists,2012,10,2022,20,10,15.4,0
30,Montana,51-9194,Etchers and Engravers,2012,20,2022,20,0,0,0
30,Montana,53-7032,Excavating and Loading Machine and Dragline Operators,2012,230,2022,280,50,22.4,10
30,Montana,43-6011,Executive Secretaries and Executive Administrative Assistants,2012,1140,2022,1220,80,7.2,20
30,Montana,47-5031,Explosives Workers  Ordnance Handling Experts  and Blasters,2012,540,2022,640,100,18.9,20
30,Montana,51-9041,Extruding  Forming  Pressing  and Compacting Machine Setters  Operators  and Tenders,2012,50,2022,50,0,12.5,0
30,Montana,45-4021,Fallers,2012,100,2022,110,10,11,0
30,Montana,29-1062,Family and General Practitioners,2012,390,2022,470,80,19.3,20
30,Montana,49-3041,Farm Equipment Mechanics and Service Technicians,2012,390,2022,460,70,17.2,20
30,Montana,45-2092,Farmworkers and Laborers  Crop  Nursery  and Greenhouse,2012,900,2022,920,20,2.2,30
30,Montana,45-2093,Farmworkers  Farm  Ranch  and Aquacultural Animals,2012,900,2022,1030,130,14.7,40
30,Montana,47-4031,Fence Erectors,2012,330,2022,420,90,29.3,20
30,Montana,51-2091,Fiberglass Laminators and Fabricators,2012,50,2022,70,20,24.1,0
30,Montana,43-4071,File Clerks,2012,630,2022,650,20,2.4,20
30,Montana,13-2051,Financial Analysts,2012,100,2022,120,20,17.3,0
30,Montana,43-3099,Financial Clerks  All Other,2012,20,2022,20,0,17.6,0
30,Montana,13-2061,Financial Examiners,2012,80,2022,90,10,11,0
30,Montana,Nov-31,Financial Managers,2012,680,2022,770,90,13,20
30,Montana,13-2099,Financial Specialists  All Other,2012,270,2022,290,20,10.1,10
30,Montana,47-1011,First-Line Supervisors of Construction Trades and Extraction Workers,2012,2290,2022,2930,640,28.1,90
30,Montana,45-1011,First-Line Supervisors of Farming  Fishing  and Forestry Workers,2012,440,2022,470,30,6.6,10
30,Montana,33-1021,First-Line Supervisors of Fire Fighting and Prevention Workers,2012,190,2022,220,30,14.1,10
30,Montana,35-1012,First-Line Supervisors of Food Preparation and Serving Workers,2012,3010,2022,3680,670,22,150
30,Montana,37-1011,First-Line Supervisors of Housekeeping and Janitorial Workers,2012,530,2022,630,100,17.6,20
30,Montana,37-1012,First-Line Supervisors of Landscaping  Lawn Service  and Groundskeeping Workers,2012,410,2022,490,80,19.5,10
30,Montana,49-1011,First-Line Supervisors of Mechanics  Installers  and Repairers,2012,1630,2022,1850,220,13.1,70
30,Montana,41-1012,First-Line Supervisors of Non-Retail Sales Workers,2012,780,2022,920,140,17.1,20
30,Montana,43-1011,First-Line Supervisors of Office and Administrative Support Workers,2012,3850,2022,4510,660,17.1,160
30,Montana,39-1021,First-Line Supervisors of Personal Service Workers,2012,490,2022,580,90,17,20
30,Montana,33-1012,First-Line Supervisors of Police and Detectives,2012,330,2022,370,40,11.2,10
30,Montana,51-1011,First-Line Supervisors of Production and Operating Workers,2012,1490,2022,1700,210,14.1,40
30,Montana,41-1011,First-Line Supervisors of Retail Sales Workers,2012,4860,2022,5700,840,17.4,190
30,Montana,53-1031,First-Line Supervisors of Transportation and Material-Moving Machine and Vehicle Operators,2012,960,2022,1110,150,15.6,40
30,Montana,33-3031,Fish and Game Wardens,2012,130,2022,140,10,8.5,10
30,Montana,45-3011,Fishers and Related Fishing Workers,2012,210,2022,210,0,0.5,0
30,Montana,39-9031,Fitness Trainers and Aerobics Instructors,2012,1190,2022,1470,280,23.5,40
30,Montana,47-2042,Floor Layers  Except Carpet  Wood  and Hard Tiles,2012,110,2022,130,20,20.4,0
30,Montana,27-1023,Floral Designers,2012,320,2022,280,-40,-11.1,10
30,Montana,51-3091,Food and Tobacco Roasting  Baking  and Drying Machine Operators and Tenders,2012,30,2022,30,0,10.3,0
30,Montana,51-3092,Food Batchmakers,2012,450,2022,480,30,7.2,20
30,Montana,35-9099,Food Preparation and Serving Related Workers  All Other,2012,40,2022,50,10,15,0
30,Montana,35-2021,Food Preparation Workers,2012,2540,2022,2760,220,8.5,100
30,Montana,35-3041,Food Servers  Nonrestaurant,2012,950,2022,1140,190,20.2,50
30,Montana,Nov-51,Food Service Managers,2012,440,2022,440,0,1.4,10
30,Montana,25-1124,Foreign Language and Literature Teachers  Postsecondary,2012,60,2022,70,10,11.5,0
30,Montana,19-4092,Forensic Science Technicians,2012,40,2022,40,0,8.6,0
30,Montana,19-4093,Forest and Conservation Technicians,2012,1850,2022,1860,10,0.5,70
30,Montana,45-4011,Forest and Conservation Workers,2012,80,2022,90,10,13.4,0
30,Montana,19-1032,Foresters,2012,210,2022,220,10,8.3,10
30,Montana,13-1131,Fundraisers,2012,560,2022,670,110,19,20
30,Montana,39-4021,Funeral Attendants,2012,50,2022,50,0,0,0
30,Montana,39-3012,Gaming and Sports Book Writers and Runners,2012,60,2022,80,20,30,0
30,Montana,43-3041,Gaming Cage Workers,2012,20,2022,20,0,15.8,0
30,Montana,Nov-71,Gaming Managers,2012,10,2022,20,10,25,0
30,Montana,51-8092,Gas Plant Operators,2012,60,2022,90,30,43.3,10
30,Montana,11-1021,General and Operations Managers,2012,4050,2022,4740,690,16.9,140
30,Montana,25-1064,Geography Teachers  Postsecondary,2012,30,2022,30,0,7.1,0
30,Montana,19-2042,Geoscientists  Except Hydrologists and Geographers,2012,210,2022,270,60,28,10
30,Montana,47-2121,Glaziers,2012,260,2022,340,80,28.6,10
30,Montana,25-1191,Graduate Teaching Assistants,2012,510,2022,550,40,6.8,10
30,Montana,27-1024,Graphic Designers,2012,930,2022,960,30,4,30
30,Montana,51-4033,Grinding  Lapping  Polishing  and Buffing Machine Tool Setters  Operators  and Tenders  Metal and Plastic,2012,120,2022,120,0,-5.6,0
30,Montana,39-5012,Hairdressers  Hairstylists  and Cosmetologists,2012,1620,2022,1670,50,2.8,40
30,Montana,47-4041,Hazardous Materials Removal Workers,2012,160,2022,180,20,16.6,10
30,Montana,17-2111,Health and Safety Engineers  Except Mining Safety Engineers and Inspectors,2012,80,2022,100,20,22.5,0
30,Montana,29-1199,Health Diagnosing and Treating Practitioners  All Other,2012,130,2022,150,20,16.4,10
30,Montana,21-1091,Health Educators,2012,330,2022,380,50,17.2,10
30,Montana,25-1071,Health Specialties Teachers  Postsecondary,2012,200,2022,240,40,21.2,10
30,Montana,29-2099,Health Technologists and Technicians  All Other,2012,280,2022,350,70,26,10
30,Montana,29-9099,Healthcare Practitioners and Technical Workers  All Other,2012,60,2022,60,0,10.3,0
30,Montana,21-1022,Healthcare Social Workers,2012,360,2022,450,90,25.1,20
30,Montana,31-9099,Healthcare Support Workers  All Other,2012,280,2022,300,20,8.6,10
30,Montana,49-9021,Heating  Air Conditioning  and Refrigeration Mechanics and Installers,2012,610,2022,760,150,24.6,30
30,Montana,53-3032,Heavy and Tractor-Trailer Truck Drivers,2012,7070,2022,8320,1250,17.7,240
30,Montana,47-3011,Helpers--Brickmasons  Blockmasons  Stonemasons  and Tile and Marble Setters,2012,70,2022,90,20,38.8,0
30,Montana,47-3012,Helpers--Carpenters,2012,450,2022,580,130,29.6,20
30,Montana,47-3013,Helpers--Electricians,2012,60,2022,80,20,31.7,0
30,Montana,47-5081,Helpers--Extraction Workers,2012,230,2022,290,60,26.5,10
30,Montana,49-9098,Helpers--Installation  Maintenance  and Repair Workers,2012,160,2022,170,10,10.3,10
30,Montana,47-3014,Helpers--Painters  Paperhangers  Plasterers  and Stucco Masons,2012,40,2022,50,10,26.8,0
30,Montana,47-3015,Helpers--Pipelayers  Plumbers  Pipefitters  and Steamfitters,2012,70,2022,90,20,33.8,0
30,Montana,51-9198,Helpers--Production Workers,2012,390,2022,460,70,17.6,10
30,Montana,47-4051,Highway Maintenance Workers,2012,950,2022,1040,90,10.1,20
30,Montana,19-3093,Historians,2012,30,2022,30,0,11.1,0
30,Montana,25-1125,History Teachers  Postsecondary,2012,50,2022,60,10,11.3,0
30,Montana,53-7041,Hoist and Winch Operators,2012,0,2022,0,0,0,0
30,Montana,49-9031,Home Appliance Repairers,2012,190,2022,180,-10,-0.5,10
30,Montana,31-1011,Home Health Aides,2012,1820,2022,2270,450,24.8,80
30,Montana,35-9031,Hosts and Hostesses  Restaurant  Lounge  and Coffee Shop,2012,1350,2022,1560,210,15.2,120
30,Montana,43-4081,Hotel  Motel  and Resort Desk Clerks,2012,2170,2022,2780,610,28.3,160
30,Montana,43-4161,Human Resources Assistants  Except Payroll and Timekeeping,2012,310,2022,310,0,0.7,10
30,Montana,Nov-21,Human Resources Managers,2012,150,2022,170,20,13.6,10
30,Montana,13-1071,Human Resources Specialists,2012,1230,2022,1330,100,7.8,30
30,Montana,19-2043,Hydrologists,2012,190,2022,240,50,26.6,10
30,Montana,17-3026,Industrial Engineering Technicians,2012,50,2022,60,10,18,0
30,Montana,17-2112,Industrial Engineers,2012,160,2022,180,20,15.2,10
30,Montana,49-9041,Industrial Machinery Mechanics,2012,730,2022,930,200,26.7,40
30,Montana,Nov-51,Industrial Production Managers,2012,110,2022,120,10,13.2,0
30,Montana,53-7051,Industrial Truck and Tractor Operators,2012,1340,2022,1450,110,8.1,40
30,Montana,43-4199,Information and Record Clerks  All Other,2012,1010,2022,970,-40,-3.6,20
30,Montana,51-9061,Inspectors  Testers  Sorters  Samplers  and Weighers,2012,330,2022,400,70,20.3,10
30,Montana,49-9099,Installation  Maintenance  and Repair Workers  All Other,2012,710,2022,830,120,16,20
30,Montana,25-9031,Instructional Coordinators,2012,320,2022,350,30,8.5,10
30,Montana,47-2131,Insulation Workers  Floor  Ceiling  and Wall,2012,220,2022,290,70,34.9,10
30,Montana,47-2132,Insulation Workers  Mechanical,2012,70,2022,100,30,40,0
30,Montana,43-9041,Insurance Claims and Policy Processing Clerks,2012,320,2022,370,50,16.7,10
30,Montana,41-3021,Insurance Sales Agents,2012,1730,2022,1970,240,13.9,70
30,Montana,13-2053,Insurance Underwriters,2012,100,2022,100,0,-2,0
30,Montana,27-1025,Interior Designers,2012,90,2022,120,30,22.3,0
30,Montana,27-3091,Interpreters and Translators,2012,60,2022,70,10,10,0
30,Montana,43-4111,Interviewers  Except Eligibility and Loan,2012,940,2022,1020,80,8.6,30
30,Montana,37-2011,Janitors and Cleaners  Except Maids and Housekeeping Cleaners,2012,7690,2022,8810,1120,14.5,260
30,Montana,51-9071,Jewelers and Precious Stone and Metal Workers,2012,160,2022,160,0,2.5,0
30,Montana,23-1023,Judges  Magistrate Judges  and Magistrates,2012,100,2022,110,10,9.7,0
30,Montana,23-1012,Judicial Law Clerks,2012,150,2022,160,10,10.8,0
30,Montana,25-2012,Kindergarten Teachers  Except Special Education,2012,550,2022,600,50,8.9,20
30,Montana,13-1075,Labor Relations Specialists,2012,90,2022,90,0,0,0
30,Montana,53-7062,Laborers and Freight  Stock  and Material Movers  Hand,2012,4100,2022,4780,680,16.6,200
30,Montana,17-1012,Landscape Architects,2012,30,2022,30,0,19.2,0
30,Montana,37-3011,Landscaping and Groundskeeping Workers,2012,3300,2022,3890,590,17.7,140
30,Montana,51-4034,Lathe and Turning Machine Tool Setters  Operators  and Tenders  Metal and Plastic,2012,50,2022,50,0,5.9,0
30,Montana,51-6011,Laundry and Dry-Cleaning Workers,2012,1060,2022,1180,120,11.1,40
30,Montana,23-1011,Lawyers,2012,2270,2022,2530,260,11.4,60
30,Montana,43-6012,Legal Secretaries,2012,730,2022,900,170,23.3,30
30,Montana,11-1031,Legislators,2012,370,2022,420,50,14.5,10
30,Montana,25-4021,Librarians,2012,570,2022,620,50,8.5,20
30,Montana,43-4121,Library Assistants  Clerical,2012,110,2022,130,20,18.9,10
30,Montana,25-1082,Library Science Teachers  Postsecondary,2012,20,2022,30,10,8.3,0
30,Montana,25-4031,Library Technicians,2012,260,2022,290,30,11.2,20
30,Montana,29-2061,Licensed Practical and Licensed Vocational Nurses,2012,2740,2022,3200,460,16.9,110
30,Montana,19-4099,Life  Physical  and Social Science Technicians  All Other,2012,150,2022,160,10,6.1,10
30,Montana,33-9092,Lifeguards  Ski Patrol  and Other Recreational Protective Service Workers,2012,570,2022,670,100,17.7,50
30,Montana,53-3033,Light Truck or Delivery Services Drivers,2012,3030,2022,3460,430,14.5,90
30,Montana,53-7033,Loading Machine Operators  Underground Mining,2012,230,2022,270,40,16.2,10
30,Montana,43-4131,Loan Interviewers and Clerks,2012,840,2022,1000,160,19.4,20
30,Montana,13-2072,Loan Officers,2012,1310,2022,1530,220,16.7,50
30,Montana,49-9094,Locksmiths and Safe Repairers,2012,50,2022,50,0,8,0
30,Montana,Nov-81,Lodging Managers,2012,400,2022,440,40,8.7,20
30,Montana,45-4022,Logging Equipment Operators,2012,280,2022,310,30,11.8,10
30,Montana,53-7063,Machine Feeders and Offbearers,2012,20,2022,20,0,10.5,0
30,Montana,51-4041,Machinists,2012,770,2022,900,130,17.9,30
30,Montana,29-2035,Magnetic Resonance Imaging Technologists,2012,110,2022,140,30,21.9,0
30,Montana,37-2012,Maids and Housekeeping Cleaners,2012,5930,2022,7250,1320,22.2,250
30,Montana,43-9051,Mail Clerks and Mail Machine Operators  Except Postal Service,2012,340,2022,320,-20,-6.3,10
30,Montana,49-9071,Maintenance and Repair Workers  General,2012,4200,2022,4920,720,17.3,150
30,Montana,49-9043,Maintenance Workers  Machinery,2012,150,2022,200,50,30.3,10
30,Montana,13-1111,Management Analysts,2012,620,2022,700,80,12.6,20
30,Montana,Nov-99,Managers  All Other,2012,2340,2022,2300,-40,-1.6,50
30,Montana,39-5092,Manicurists and Pedicurists,2012,20,2022,30,10,12.5,0
30,Montana,49-9095,Manufactured Building and Mobile Home Installers,2012,130,2022,120,-10,-10,0
30,Montana,13-1161,Market Research Analysts and Marketing Specialists,2012,570,2022,750,180,31.4,30
30,Montana,Nov-21,Marketing Managers,2012,200,2022,240,40,22.8,10
30,Montana,31-9011,Massage Therapists,2012,510,2022,510,0,0.2,10
30,Montana,53-7199,Material Moving Workers  All Other,2012,200,2022,240,40,21.4,10
30,Montana,17-2131,Materials Engineers,2012,40,2022,40,0,8.3,0
30,Montana,25-1022,Mathematical Science Teachers  Postsecondary,2012,190,2022,210,20,8.4,10
30,Montana,51-3022,Meat  Poultry  and Fish Cutters and Trimmers,2012,150,2022,170,20,16.9,10
30,Montana,17-3013,Mechanical Drafters,2012,90,2022,100,10,7.4,0
30,Montana,17-2141,Mechanical Engineers,2012,430,2022,530,100,22.6,30
30,Montana,27-3099,Media and Communication Workers  All Other,2012,90,2022,110,20,12.9,0
30,Montana,29-2012,Medical and Clinical Laboratory Technicians,2012,490,2022,620,130,27.4,30
30,Montana,29-2011,Medical and Clinical Laboratory Technologists,2012,550,2022,630,80,15.6,20
30,Montana,Nov-11,Medical and Health Services Managers,2012,930,2022,1090,160,18,40
30,Montana,31-9092,Medical Assistants,2012,810,2022,1010,200,23.7,40
30,Montana,31-9093,Medical Equipment Preparers,2012,190,2022,240,50,22.7,10
30,Montana,49-9062,Medical Equipment Repairers,2012,140,2022,170,30,17.5,10
30,Montana,29-2071,Medical Records and Health Information Technicians,2012,1220,2022,1490,270,21.6,60
30,Montana,43-6013,Medical Secretaries,2012,2160,2022,2850,690,32.2,100
30,Montana,31-9094,Medical Transcriptionists,2012,320,2022,320,0,1.9,10
30,Montana,13-1121,Meeting  Convention  and Event Planners,2012,290,2022,350,60,21.4,10
30,Montana,21-1023,Mental Health and Substance Abuse Social Workers,2012,570,2022,650,80,14.7,20
30,Montana,21-1014,Mental Health Counselors,2012,800,2022,950,150,18,30
30,Montana,27-1026,Merchandise Displayers and Window Trimmers,2012,230,2022,270,40,15.2,10
30,Montana,51-4199,Metal Workers and Plastic Workers  All Other,2012,100,2022,110,10,11.1,0
30,Montana,19-1022,Microbiologists,2012,90,2022,100,10,9.8,0
30,Montana,25-2022,Middle School Teachers  Except Special and Career/Technical Education,2012,1410,2022,1530,120,8.7,40
30,Montana,49-9044,Millwrights,2012,150,2022,180,30,20.1,10
30,Montana,47-5042,Mine Cutting and Channeling Machine Operators,2012,90,2022,110,20,22.1,0
30,Montana,17-2151,Mining and Geological Engineers  Including Mining Safety Engineers,2012,130,2022,170,40,27.7,10
30,Montana,51-9023,Mixing and Blending Machine Setters  Operators  and Tenders,2012,370,2022,470,100,26.9,20
30,Montana,49-3042,Mobile Heavy Equipment Mechanics  Except Engines,2012,990,2022,1150,160,16.7,40
30,Montana,51-9195,Molders  Shapers  and Casters  Except Metal and Plastic,2012,140,2022,170,30,16.1,10
30,Montana,51-4072,Molding  Coremaking  and Casting Machine Setters  Operators  and Tenders  Metal and Plastic,2012,90,2022,90,0,3.3,0
30,Montana,39-4031,Morticians  Undertakers  and Funeral Directors,2012,120,2022,130,10,7.5,0
30,Montana,39-3021,Motion Picture Projectionists,2012,20,2022,20,0,9.5,0
30,Montana,53-3099,Motor Vehicle Operators  All Other,2012,300,2022,370,70,22.3,20
30,Montana,49-3051,Motorboat Mechanics and Service Technicians,2012,70,2022,70,0,0,0
30,Montana,49-3052,Motorcycle Mechanics,2012,170,2022,190,20,12.1,10
30,Montana,51-4081,Multiple Machine Tool Setters  Operators  and Tenders  Metal and Plastic,2012,30,2022,30,0,3.6,0
30,Montana,27-2041,Music Directors and Composers,2012,300,2022,300,0,1.7,10
30,Montana,49-9063,Musical Instrument Repairers and Tuners,2012,40,2022,40,0,20,0
30,Montana,27-2042,Musicians and Singers,2012,440,2022,480,40,8,20
30,Montana,Nov-21,Natural Sciences Managers,2012,280,2022,280,0,0.4,10
30,Montana,15-1142,Network and Computer Systems Administrators,2012,690,2022,790,100,15.9,20
30,Montana,43-4141,New Accounts Clerks,2012,180,2022,190,10,2.7,10
30,Montana,29-2033,Nuclear Medicine Technologists,2012,50,2022,60,10,18.4,0
30,Montana,29-1171,Nurse Practitioners,2012,370,2022,490,120,31,20
30,Montana,31-1014,Nursing Assistants,2012,5610,2022,6280,670,11.9,170
30,Montana,25-1072,Nursing Instructors and Teachers  Postsecondary,2012,240,2022,280,40,18.8,10
30,Montana,29-1064,Obstetricians and Gynecologists,2012,80,2022,90,10,20,0
30,Montana,29-9011,Occupational Health and Safety Specialists,2012,340,2022,390,50,15.7,10
30,Montana,29-1122,Occupational Therapists,2012,260,2022,320,60,23.7,10
30,Montana,31-2012,Occupational Therapy Aides,2012,20,2022,20,0,26.3,0
30,Montana,31-2011,Occupational Therapy Assistants,2012,50,2022,70,20,27.8,0
30,Montana,43-9199,Office and Administrative Support Workers  All Other,2012,230,2022,260,30,13.3,10
30,Montana,43-9061,Office Clerks  General,2012,6110,2022,6780,670,10.9,190
30,Montana,43-9071,Office Machine Operators  Except Computer,2012,210,2022,200,-10,-4.3,10
30,Montana,47-2073,Operating Engineers and Other Construction Equipment Operators,2012,3300,2022,4010,710,21.5,140
30,Montana,15-2031,Operations Research Analysts,2012,90,2022,120,30,27.2,0
30,Montana,51-9083,Ophthalmic Laboratory Technicians,2012,70,2022,90,20,23.2,0
30,Montana,29-2057,Ophthalmic Medical Technicians,2012,150,2022,190,40,24.8,10
30,Montana,29-2081,Opticians  Dispensing,2012,270,2022,340,70,25.9,20
30,Montana,29-1041,Optometrists,2012,180,2022,220,40,20.8,10
30,Montana,43-4151,Order Clerks,2012,320,2022,330,10,3.5,10
30,Montana,31-1015,Orderlies,2012,100,2022,120,20,19.8,0
30,Montana,49-3053,Outdoor Power Equipment and Other Small Engine Mechanics,2012,180,2022,210,30,16.9,10
30,Montana,51-9111,Packaging and Filling Machine Operators and Tenders,2012,540,2022,650,110,19.4,20
30,Montana,53-7064,Packers and Packagers  Hand,2012,840,2022,910,70,8.2,30
30,Montana,47-2141,Painters  Construction and Maintenance,2012,980,2022,1130,150,14.8,30
30,Montana,51-9122,Painters  Transportation Equipment,2012,130,2022,150,20,10.7,0
30,Montana,23-2011,Paralegals and Legal Assistants,2012,800,2022,980,180,23.3,30
30,Montana,33-3041,Parking Enforcement Workers,2012,50,2022,50,0,4.2,0
30,Montana,53-6021,Parking Lot Attendants,2012,50,2022,60,10,28,0
30,Montana,47-2071,Paving  Surfacing  and Tamping Equipment Operators,2012,330,2022,380,50,15.2,10
30,Montana,43-3051,Payroll and Timekeeping Clerks,2012,670,2022,790,120,18.6,30
30,Montana,29-1065,Pediatricians  General,2012,130,2022,160,30,21.9,10
30,Montana,39-9021,Personal Care Aides,2012,6350,2022,7680,1330,20.8,180
30,Montana,39-9099,Personal Care and Service Workers  All Other,2012,90,2022,100,10,7.9,0
30,Montana,13-2052,Personal Financial Advisors,2012,400,2022,450,50,13.8,10
30,Montana,37-3012,Pesticide Handlers  Sprayers  and Applicators  Vegetation,2012,590,2022,650,60,9.7,20
30,Montana,51-8093,Petroleum Pump System Operators  Refinery Operators  and Gaugers,2012,230,2022,300,70,28.3,10
30,Montana,29-1051,Pharmacists,2012,1110,2022,1340,230,20.7,50
30,Montana,31-9095,Pharmacy Aides,2012,80,2022,90,10,17.5,0
30,Montana,29-2052,Pharmacy Technicians,2012,1080,2022,1320,240,22.4,40
30,Montana,25-1126,Philosophy and Religion Teachers  Postsecondary,2012,80,2022,90,10,15.6,0
30,Montana,31-9097,Phlebotomists,2012,400,2022,490,90,24.7,20
30,Montana,27-4021,Photographers,2012,330,2022,320,-10,-2.7,0
30,Montana,51-9151,Photographic Process Workers and Processing Machine Operators,2012,200,2022,200,0,0.5,10
30,Montana,19-2099,Physical Scientists  All Other,2012,110,2022,110,0,4.8,0
30,Montana,31-2022,Physical Therapist Aides,2012,220,2022,290,70,35.3,10
30,Montana,31-2021,Physical Therapist Assistants,2012,150,2022,210,60,33.1,10
30,Montana,29-1123,Physical Therapists,2012,960,2022,1250,290,29.5,50
30,Montana,29-1071,Physician Assistants,2012,430,2022,560,130,31.7,20
30,Montana,29-1069,Physicians and Surgeons  All Other,2012,840,2022,970,130,15.9,30
30,Montana,25-1054,Physics Teachers  Postsecondary,2012,40,2022,40,0,10,0
30,Montana,47-2151,Pipelayers,2012,40,2022,50,10,21.6,0
30,Montana,51-8099,Plant and System Operators  All Other,2012,80,2022,100,20,23.8,10
30,Montana,47-2161,Plasterers and Stucco Masons,2012,30,2022,40,10,22.6,0
30,Montana,47-2152,Plumbers  Pipefitters  and Steamfitters,2012,1920,2022,2350,430,22.4,70
30,Montana,29-1081,Podiatrists,2012,30,2022,30,0,20,0
30,Montana,33-3051,Police and Sheriff's Patrol Officers,2012,1720,2022,1940,220,12.8,80
30,Montana,43-5031,Police  Fire  and Ambulance Dispatchers,2012,370,2022,420,50,12.9,20
30,Montana,25-1065,Political Science Teachers  Postsecondary,2012,30,2022,40,10,9.4,0
30,Montana,19-3094,Political Scientists,2012,20,2022,30,10,31.8,0
30,Montana,43-5051,Postal Service Clerks,2012,250,2022,220,-30,-13.3,0
30,Montana,43-5052,Postal Service Mail Carriers,2012,810,2022,750,-60,-7.2,30
30,Montana,43-5053,Postal Service Mail Sorters  Processors  and Processing Machine Operators,2012,590,2022,520,-70,-10.7,0
30,Montana,Nov-31,Postmasters and Mail Superintendents,2012,300,2022,290,-10,-4,10
30,Montana,25-1199,Postsecondary Teachers  All Other,2012,100,2022,100,0,9.5,0
30,Montana,51-8012,Power Distributors and Dispatchers,2012,60,2022,60,0,6.9,0
30,Montana,51-8013,Power Plant Operators,2012,140,2022,140,0,-0.7,0
30,Montana,51-5111,Prepress Technicians and Workers,2012,60,2022,60,0,0,0
30,Montana,25-2011,Preschool Teachers  Except Special Education,2012,1110,2022,1190,80,7.1,40
30,Montana,51-6021,Pressers  Textile  Garment  and Related Materials,2012,90,2022,90,0,0,0
30,Montana,51-5113,Print Binding and Finishing Workers,2012,100,2022,110,10,5.9,0
30,Montana,51-5112,Printing Press Operators,2012,370,2022,390,20,3.8,10
30,Montana,21-1092,Probation Officers and Correctional Treatment Specialists,2012,340,2022,350,10,2.7,10
30,Montana,43-3061,Procurement Clerks,2012,220,2022,230,10,3.6,10
30,Montana,27-2012,Producers and Directors,2012,190,2022,210,20,12.4,10
30,Montana,51-9199,Production Workers  All Other,2012,330,2022,360,30,12,10
30,Montana,43-5061,Production  Planning  and Expediting Clerks,2012,220,2022,250,30,12.5,10
30,Montana,43-9081,Proofreaders and Copy Markers,2012,20,2022,20,0,-10.5,0
30,Montana,Nov-41,Property  Real Estate  and Community Association Managers,2012,1250,2022,1340,90,7.5,40
30,Montana,33-9099,Protective Service Workers  All Other,2012,500,2022,550,50,10.6,40
30,Montana,31-1013,Psychiatric Aides,2012,880,2022,900,20,2.6,20
30,Montana,29-2053,Psychiatric Technicians,2012,560,2022,610,50,9.3,10
30,Montana,29-1066,Psychiatrists,2012,150,2022,170,20,19.2,10
30,Montana,19-3039,Psychologists  All Other,2012,40,2022,40,0,10.3,0
30,Montana,25-1066,Psychology Teachers  Postsecondary,2012,70,2022,80,10,11,0
30,Montana,Nov-31,Public Relations and Fundraising Managers,2012,70,2022,80,10,17.6,0
30,Montana,27-3031,Public Relations Specialists,2012,740,2022,860,120,15.5,20
30,Montana,53-7072,Pump Operators  Except Wellhead Pumpers,2012,80,2022,110,30,34.1,10
30,Montana,13-1023,Purchasing Agents  Except Wholesale  Retail  and Farm Products,2012,620,2022,680,60,10.7,20
30,Montana,Nov-61,Purchasing Managers,2012,50,2022,60,10,7.4,0
30,Montana,29-1124,Radiation Therapists,2012,100,2022,120,20,23.5,0
30,Montana,27-3011,Radio and Television Announcers,2012,290,2022,280,-10,-4.1,10
30,Montana,29-2034,Radiologic Technologists,2012,800,2022,960,160,20.5,30
30,Montana,41-9021,Real Estate Brokers,2012,180,2022,190,10,6.2,0
30,Montana,41-9022,Real Estate Sales Agents,2012,810,2022,830,20,2.8,10
30,Montana,43-4171,Receptionists and Information Clerks,2012,2900,2022,3270,370,12.7,120
30,Montana,25-1193,Recreation and Fitness Studies Teachers  Postsecondary,2012,40,2022,40,0,7.7,0
30,Montana,39-9032,Recreation Workers,2012,900,2022,1020,120,12.6,20
30,Montana,29-1125,Recreational Therapists,2012,50,2022,50,0,10.9,0
30,Montana,49-3092,Recreational Vehicle Service Technicians,2012,110,2022,130,20,14.7,10
30,Montana,53-7081,Refuse and Recyclable Material Collectors,2012,390,2022,460,70,16.4,10
30,Montana,29-1141,Registered Nurses,2012,8780,2022,10560,1780,20.4,350
30,Montana,21-1015,Rehabilitation Counselors,2012,450,2022,490,40,8,10
30,Montana,21-2099,Religious Workers  All Other,2012,50,2022,60,10,13.5,0
30,Montana,27-3022,Reporters and Correspondents,2012,290,2022,270,-20,-5.9,10
30,Montana,43-4181,Reservation and Transportation Ticket Agents and Travel Clerks,2012,210,2022,240,30,15.5,10
30,Montana,39-9041,Residential Advisors,2012,200,2022,220,20,9.5,10
30,Montana,29-1126,Respiratory Therapists,2012,370,2022,460,90,23.8,10
30,Montana,29-2054,Respiratory Therapy Technicians,2012,10,2022,20,10,25,0
30,Montana,41-2031,Retail Salespersons,2012,13950,2022,16680,2730,19.6,750
30,Montana,47-5051,Rock Splitters  Quarry,2012,120,2022,150,30,25,10
30,Montana,47-2181,Roofers,2012,670,2022,820,150,23.6,30
30,Montana,47-5012,Rotary Drill Operators  Oil and Gas,2012,290,2022,400,110,36.4,20
30,Montana,47-5071,Roustabouts  Oil and Gas,2012,700,2022,960,260,36.8,50
30,Montana,41-9099,Sales and Related Workers  All Other,2012,430,2022,510,80,17.7,20
30,Montana,41-9031,Sales Engineers,2012,90,2022,100,10,4.3,0
30,Montana,Nov-22,Sales Managers,2012,310,2022,350,40,13,10
30,Montana,41-3099,Sales Representatives  Services  All Other,2012,1300,2022,1590,290,22.5,60
30,Montana,41-4012,Sales Representatives  Wholesale and Manufacturing  Except Technical and Scientific Products,2012,4320,2022,5260,940,21.9,180
30,Montana,41-4011,Sales Representatives  Wholesale and Manufacturing  Technical and Scientific Products,2012,470,2022,560,90,17.8,20
30,Montana,51-7041,Sawing Machine Setters  Operators  and Tenders  Wood,2012,420,2022,480,60,13.8,20
30,Montana,25-2031,Secondary School Teachers  Except Special and Career/Technical Education,2012,3370,2022,3440,70,2.2,100
30,Montana,43-6014,Secretaries and Administrative Assistants  Except Legal  Medical  and Executive,2012,10500,2022,12210,1710,16.3,300
30,Montana,41-3031,Securities  Commodities  and Financial Services Sales Agents,2012,740,2022,830,90,12.1,30
30,Montana,49-2098,Security and Fire Alarm Systems Installers,2012,110,2022,140,30,23.6,10
30,Montana,33-9032,Security Guards,2012,1870,2022,2190,320,17.1,60
30,Montana,25-3021,Self-Enrichment Education Teachers,2012,1000,2022,1040,40,3.9,20
30,Montana,51-9012,Separating  Filtering  Clarifying  Precipitating  and Still Machine Setters  Operators  and Tenders,2012,230,2022,280,50,21,10
30,Montana,47-4071,Septic Tank Servicers and Sewer Pipe Cleaners,2012,260,2022,310,50,22.7,10
30,Montana,47-5013,Service Unit Operators  Oil  Gas  and Mining,2012,160,2022,220,60,40.9,10
30,Montana,27-1027,Set and Exhibit Designers,2012,20,2022,20,0,16.7,0
30,Montana,51-6031,Sewing Machine Operators,2012,280,2022,280,0,-0.7,0
30,Montana,47-2211,Sheet Metal Workers,2012,480,2022,610,130,26.8,20
30,Montana,43-5071,Shipping  Receiving  and Traffic Clerks,2012,1270,2022,1410,140,11.3,50
30,Montana,51-3023,Slaughterers and Meat Packers,2012,150,2022,170,20,8.4,10
30,Montana,Nov-51,Social and Community Service Managers,2012,360,2022,410,50,11.6,10
30,Montana,21-1093,Social and Human Service Assistants,2012,1540,2022,1760,220,14.3,60
30,Montana,19-3099,Social Scientists and Related Workers  All Other,2012,40,2022,40,0,0,0
30,Montana,25-1113,Social Work Teachers  Postsecondary,2012,30,2022,30,0,7.4,0
30,Montana,21-1029,Social Workers  All Other,2012,590,2022,630,40,7,20
30,Montana,25-1067,Sociology Teachers  Postsecondary,2012,40,2022,40,0,10.5,0
30,Montana,15-1132,Software Developers  Applications,2012,470,2022,610,140,30.8,20
30,Montana,15-1133,Software Developers  Systems Software,2012,410,2022,550,140,33.2,20
30,Montana,19-1013,Soil and Plant Scientists,2012,360,2022,380,20,4.1,10
30,Montana,27-4014,Sound Engineering Technicians,2012,70,2022,70,0,4.6,0
30,Montana,25-2059,Special Education Teachers  All Other,2012,150,2022,160,10,3.3,0
30,Montana,25-2052,Special Education Teachers  Kindergarten and Elementary School,2012,470,2022,480,10,2.6,10
30,Montana,25-2053,Special Education Teachers  Middle School,2012,220,2022,230,10,3.2,10
30,Montana,25-2051,Special Education Teachers  Preschool,2012,10,2022,10,0,30,0
30,Montana,25-2054,Special Education Teachers  Secondary School,2012,430,2022,440,10,1.2,10
30,Montana,29-1127,Speech-Language Pathologists,2012,340,2022,390,50,14.7,10
30,Montana,51-8021,Stationary Engineers and Boiler Operators,2012,120,2022,140,20,11.4,10
30,Montana,43-9111,Statistical Assistants,2012,40,2022,50,10,15.9,0
30,Montana,15-2041,Statisticians,2012,50,2022,60,10,28.9,0
30,Montana,43-5081,Stock Clerks and Order Fillers,2012,5100,2022,5240,140,2.8,170
30,Montana,47-2022,Stonemasons,2012,120,2022,150,30,25.8,0
30,Montana,51-2041,Structural Metal Fabricators and Fitters,2012,60,2022,70,10,23.6,0
30,Montana,21-1011,Substance Abuse and Behavioral Disorder Counselors,2012,550,2022,680,130,24.2,30
30,Montana,29-1067,Surgeons,2012,130,2022,160,30,21.1,10
30,Montana,29-2055,Surgical Technologists,2012,410,2022,540,130,32.1,20
30,Montana,19-3022,Survey Researchers,2012,40,2022,50,10,31.6,0
30,Montana,17-3031,Surveying and Mapping Technicians,2012,320,2022,370,50,16,10
30,Montana,17-1022,Surveyors,2012,390,2022,450,60,15.6,10
30,Montana,43-2011,Switchboard Operators  Including Answering Service,2012,440,2022,410,-30,-7.5,10
30,Montana,51-6052,Tailors  Dressmakers  and Custom Sewers,2012,90,2022,80,-10,-4.7,0
30,Montana,47-2082,Tapers,2012,40,2022,50,10,16.7,0
30,Montana,13-2081,Tax Examiners and Collectors  and Revenue Agents,2012,130,2022,140,10,3.7,10
30,Montana,13-2082,Tax Preparers,2012,180,2022,200,20,12.4,10
30,Montana,53-3041,Taxi Drivers and Chauffeurs,2012,750,2022,890,140,19.3,20
30,Montana,25-9041,Teacher Assistants,2012,3590,2022,3710,120,3.5,90
30,Montana,25-3099,Teachers and Instructors  All Other,2012,3140,2022,3240,100,3.1,60
30,Montana,51-2092,Team Assemblers,2012,930,2022,1120,190,19.5,30
30,Montana,27-3042,Technical Writers,2012,80,2022,100,20,26,0
30,Montana,49-2022,Telecommunications Equipment Installers and Repairers  Except Line Installers,2012,720,2022,790,70,9,20
30,Montana,49-9052,Telecommunications Line Installers and Repairers,2012,330,2022,390,60,17.7,10
30,Montana,41-9041,Telemarketers,2012,980,2022,1100,120,12.4,30
30,Montana,43-3071,Tellers,2012,2250,2022,2490,240,10.5,130
30,Montana,51-6099,Textile  Apparel  and Furnishings Workers  All Other,2012,120,2022,120,0,6.9,0
30,Montana,29-1129,Therapists  All Other,2012,80,2022,80,0,10.5,0
30,Montana,47-2044,Tile and Marble Setters,2012,190,2022,220,30,15.6,10
30,Montana,49-3093,Tire Repairers and Changers,2012,620,2022,710,90,15,30
30,Montana,23-2093,Title Examiners  Abstractors  and Searchers,2012,400,2022,450,50,11.5,10
30,Montana,51-4194,Tool Grinders  Filers  and Sharpeners,2012,60,2022,60,0,8.5,0
30,Montana,00-0000,Total  All Occupations,2012,480100,2022,551350,71250,14.8,18490
30,Montana,Nov-31,Training and Development Managers,2012,20,2022,20,0,14.3,0
30,Montana,13-1151,Training and Development Specialists,2012,570,2022,660,90,16.2,20
30,Montana,53-6051,Transportation Inspectors,2012,300,2022,340,40,12.5,10
30,Montana,33-9093,Transportation Security Screeners,2012,250,2022,290,40,12.6,10
30,Montana,53-6099,Transportation Workers  All Other,2012,150,2022,200,50,37.7,10
30,Montana,Nov-71,Transportation  Storage  and Distribution Managers,2012,140,2022,160,20,13.1,10
30,Montana,41-3041,Travel Agents,2012,130,2022,110,-20,-9.5,0
30,Montana,51-6093,Upholsterers,2012,80,2022,80,0,-7.2,0
30,Montana,19-3051,Urban and Regional Planners,2012,270,2022,310,40,18.5,20
30,Montana,39-3031,Ushers  Lobby Attendants  and Ticket Takers,2012,60,2022,70,10,11.9,0
30,Montana,29-1131,Veterinarians,2012,420,2022,480,60,14.2,20
30,Montana,31-9096,Veterinary Assistants and Laboratory Animal Caretakers,2012,270,2022,320,50,16.6,10
30,Montana,29-2056,Veterinary Technologists and Technicians,2012,410,2022,580,170,38.9,20
30,Montana,25-1194,Vocational Education Teachers  Postsecondary,2012,530,2022,580,50,9.2,10
30,Montana,35-3031,Waiters and Waitresses,2012,8960,2022,10440,1480,16.5,580
30,Montana,51-8031,Water and Wastewater Treatment Plant and System Operators,2012,690,2022,790,100,15.1,30
30,Montana,15-1134,Web Developers,2012,460,2022,550,90,21.3,20
30,Montana,43-5111,Weighers  Measurers  Checkers  and Samplers  Recordkeeping,2012,100,2022,110,10,8.8,0
30,Montana,51-4121,Welders  Cutters  Solderers  and Brazers,2012,1320,2022,1440,120,9.6,50
30,Montana,53-7073,Wellhead Pumpers,2012,590,2022,780,190,31.4,40
30,Montana,13-1022,Wholesale and Retail Buyers  Except Farm Products,2012,260,2022,280,20,10.9,10
30,Montana,51-7042,Woodworking Machine Setters  Operators  and Tenders  Except Sawing,2012,540,2022,610,70,13.8,10
30,Montana,43-9022,Word Processors and Typists,2012,100,2022,80,-20,-26,0
30,Montana,27-3043,Writers and Authors,2012,510,2022,490,-20,-4.3,10
30,Montana,19-1023,Zoologists and Wildlife Biologists,2012,290,2022,310,20,5.8,10
