STFIPS,AreaName,OccupationCode,OccupationName,BaseYear,Base,ProjYear,Proj,Change,PercentChange,AvgAnnualOpenings
31,Nebraska,13-2011,Accountants and Auditors,2012,9850,2022,11170,1320,13.4,420
31,Nebraska,27-2011,Actors,2012,90,2022,100,10,14.3,0
31,Nebraska,15-2011,Actuaries,2012,310,2022,380,70,24.5,20
31,Nebraska,51-9191,Adhesive Bonding Machine Operators and Tenders,2012,50,2022,50,0,6.1,0
31,Nebraska,23-1021,Administrative Law Judges  Adjudicators  and Hearing Officers,2012,20,2022,20,0,4.8,0
31,Nebraska,Nov-11,Administrative Services Managers,2012,1990,2022,2210,220,10.9,50
31,Nebraska,25-3011,Adult Basic and Secondary Education and Literacy Teachers and Instructors,2012,650,2022,710,60,8.9,20
31,Nebraska,Nov-11,Advertising and Promotions Managers,2012,330,2022,360,30,9.3,10
31,Nebraska,41-3011,Advertising Sales Agents,2012,1200,2022,1180,-20,-2.2,40
31,Nebraska,17-3021,Aerospace Engineering and Operations Technicians,2012,20,2022,20,0,15.8,0
31,Nebraska,17-2011,Aerospace Engineers,2012,130,2022,150,20,18.6,10
31,Nebraska,19-4011,Agricultural and Food Science Technicians,2012,370,2022,380,10,4.7,20
31,Nebraska,17-2021,Agricultural Engineers,2012,20,2022,20,0,22.2,0
31,Nebraska,45-2091,Agricultural Equipment Operators,2012,2930,2022,2870,-60,-2,90
31,Nebraska,45-2011,Agricultural Inspectors,2012,410,2022,430,20,5.1,10
31,Nebraska,25-1041,Agricultural Sciences Teachers  Postsecondary,2012,200,2022,220,20,10.2,10
31,Nebraska,45-2099,Agricultural Workers  All Other,2012,400,2022,360,-40,-10.9,10
31,Nebraska,53-2021,Air Traffic Controllers,2012,70,2022,90,20,19.4,0
31,Nebraska,53-1011,Aircraft Cargo Handling Supervisors,2012,20,2022,20,0,4.5,0
31,Nebraska,49-3011,Aircraft Mechanics and Service Technicians,2012,480,2022,540,60,13.6,20
31,Nebraska,51-2011,Aircraft Structure  Surfaces  Rigging  and Systems Assemblers,2012,180,2022,200,20,15.9,10
31,Nebraska,53-2022,Airfield Operations Specialists,2012,30,2022,30,0,10.3,0
31,Nebraska,53-2011,Airline Pilots  Copilots  and Flight Engineers,2012,30,2022,30,0,6.5,0
31,Nebraska,53-3011,Ambulance Drivers and Attendants  Except Emergency Medical Technicians,2012,80,2022,90,10,11.8,0
31,Nebraska,39-3091,Amusement and Recreation Attendants,2012,800,2022,900,100,13,50
31,Nebraska,29-1061,Anesthesiologists,2012,190,2022,230,40,22.6,10
31,Nebraska,45-2021,Animal Breeders,2012,50,2022,30,-20,-29.2,0
31,Nebraska,33-9011,Animal Control Workers,2012,170,2022,190,20,9.8,10
31,Nebraska,19-1011,Animal Scientists,2012,50,2022,60,10,15.1,0
31,Nebraska,39-2011,Animal Trainers,2012,430,2022,440,10,2.1,20
31,Nebraska,19-3091,Anthropologists and Archeologists,2012,40,2022,50,10,9.3,0
31,Nebraska,25-1061,Anthropology and Archeology Teachers  Postsecondary,2012,10,2022,10,0,0,0
31,Nebraska,13-2021,Appraisers and Assessors of Real Estate,2012,520,2022,530,10,2.1,10
31,Nebraska,23-1022,Arbitrators  Mediators  and Conciliators,2012,80,2022,90,10,8.8,0
31,Nebraska,17-1011,Architects  Except Landscape and Naval,2012,690,2022,800,110,16.4,30
31,Nebraska,17-3011,Architectural and Civil Drafters,2012,600,2022,600,0,1.3,10
31,Nebraska,Nov-41,Architectural and Engineering Managers,2012,470,2022,520,50,11.1,20
31,Nebraska,25-1031,Architecture Teachers  Postsecondary,2012,50,2022,50,0,8.9,0
31,Nebraska,25-4011,Archivists,2012,10,2022,10,0,0,0
31,Nebraska,25-1062,Area  Ethnic  and Cultural Studies Teachers  Postsecondary,2012,80,2022,90,10,9.8,0
31,Nebraska,27-1011,Art Directors,2012,360,2022,380,20,6.8,10
31,Nebraska,25-1121,Art  Drama  and Music Teachers  Postsecondary,2012,670,2022,740,70,10,20
31,Nebraska,27-1019,Artists and Related Workers  All Other,2012,30,2022,30,0,6.7,0
31,Nebraska,51-2099,Assemblers and Fabricators  All Other,2012,900,2022,990,90,10,20
31,Nebraska,27-2021,Athletes and Sports Competitors,2012,40,2022,50,10,17.1,0
31,Nebraska,29-9091,Athletic Trainers,2012,160,2022,180,20,16.1,10
31,Nebraska,19-2021,Atmospheric and Space Scientists,2012,130,2022,150,20,13.8,10
31,Nebraska,25-1051,Atmospheric  Earth  Marine  and Space Sciences Teachers  Postsecondary,2012,50,2022,60,10,9.3,0
31,Nebraska,27-4011,Audio and Video Equipment Technicians,2012,520,2022,600,80,15.7,20
31,Nebraska,29-1181,Audiologists,2012,130,2022,170,40,30.5,10
31,Nebraska,25-9011,Audio-Visual and Multimedia Collections Specialists,2012,20,2022,20,0,9.1,0
31,Nebraska,53-6031,Automotive and Watercraft Service Attendants,2012,570,2022,650,80,13.6,20
31,Nebraska,49-3021,Automotive Body and Related Repairers,2012,1330,2022,1390,60,4.5,30
31,Nebraska,49-3022,Automotive Glass Installers and Repairers,2012,20,2022,20,0,0,0
31,Nebraska,49-3023,Automotive Service Technicians and Mechanics,2012,5030,2022,5190,160,3.3,140
31,Nebraska,49-2091,Avionics Technicians,2012,270,2022,320,50,20.2,10
31,Nebraska,39-6011,Baggage Porters and Bellhops,2012,40,2022,50,10,9.5,0
31,Nebraska,33-3011,Bailiffs,2012,70,2022,70,0,3,0
31,Nebraska,51-3011,Bakers,2012,860,2022,960,100,11,30
31,Nebraska,39-5011,Barbers,2012,860,2022,890,30,2.8,20
31,Nebraska,35-3011,Bartenders,2012,5710,2022,6520,810,14.1,290
31,Nebraska,49-3091,Bicycle Repairers,2012,10,2022,10,0,12.5,0
31,Nebraska,43-3011,Bill and Account Collectors,2012,2920,2022,3320,400,13.8,120
31,Nebraska,43-3021,Billing and Posting Clerks,2012,3350,2022,3920,570,17.2,120
31,Nebraska,19-1021,Biochemists and Biophysicists,2012,150,2022,180,30,18.1,10
31,Nebraska,25-1042,Biological Science Teachers  Postsecondary,2012,400,2022,440,40,10,10
31,Nebraska,19-1029,Biological Scientists  All Other,2012,210,2022,220,10,7.7,10
31,Nebraska,19-4021,Biological Technicians,2012,490,2022,540,50,10.8,20
31,Nebraska,17-2031,Biomedical Engineers,2012,40,2022,40,0,7.3,0
31,Nebraska,47-2011,Boilermakers,2012,290,2022,300,10,4.1,10
31,Nebraska,43-3031,Bookkeeping  Accounting  and Auditing Clerks,2012,16900,2022,18590,1690,10,320
31,Nebraska,47-2021,Brickmasons and Blockmasons,2012,690,2022,900,210,30.1,30
31,Nebraska,27-3021,Broadcast News Analysts,2012,10,2022,10,0,0,0
31,Nebraska,27-4012,Broadcast Technicians,2012,220,2022,220,0,0.5,0
31,Nebraska,43-4011,Brokerage Clerks,2012,480,2022,450,-30,-5.8,10
31,Nebraska,13-2031,Budget Analysts,2012,360,2022,410,50,14.4,20
31,Nebraska,37-2019,Building Cleaning Workers  All Other,2012,20,2022,30,10,8.7,0
31,Nebraska,49-3031,Bus and Truck Mechanics and Diesel Engine Specialists,2012,2870,2022,3040,170,6,80
31,Nebraska,53-3022,Bus Drivers  School or Special Client,2012,3360,2022,3750,390,11.6,100
31,Nebraska,53-3021,Bus Drivers  Transit and Intercity,2012,570,2022,610,40,6.7,10
31,Nebraska,13-1199,Business Operations Specialists  All Other,2012,4160,2022,4540,380,9.2,100
31,Nebraska,25-1011,Business Teachers  Postsecondary,2012,610,2022,670,60,10.2,20
31,Nebraska,51-3021,Butchers and Meat Cutters,2012,800,2022,840,40,5,20
31,Nebraska,13-1021,Buyers and Purchasing Agents  Farm Products,2012,830,2022,900,70,8.4,20
31,Nebraska,51-7011,Cabinetmakers and Bench Carpenters,2012,670,2022,730,60,9.1,10
31,Nebraska,49-9061,Camera and Photographic Equipment Repairers,2012,10,2022,10,0,22.2,0
31,Nebraska,27-4031,Camera Operators  Television  Video  and Motion Picture,2012,70,2022,70,0,7.6,0
31,Nebraska,53-5021,Captains  Mates  and Pilots of Water Vessels,2012,10,2022,10,0,60,0
31,Nebraska,29-2031,Cardiovascular Technologists and Technicians,2012,520,2022,590,70,13.9,10
31,Nebraska,25-2023,Career/Technical Education Teachers  Middle School,2012,260,2022,290,30,10.2,10
31,Nebraska,25-2032,Career/Technical Education Teachers  Secondary School,2012,580,2022,640,60,10.1,20
31,Nebraska,43-5011,Cargo and Freight Agents,2012,410,2022,470,60,14.5,20
31,Nebraska,47-2031,Carpenters,2012,9780,2022,12060,2280,23.2,350
31,Nebraska,47-2041,Carpet Installers,2012,200,2022,210,10,7.2,10
31,Nebraska,17-1021,Cartographers and Photogrammetrists,2012,90,2022,110,20,16,0
31,Nebraska,41-2011,Cashiers,2012,26050,2022,26950,900,3.5,1220
31,Nebraska,47-2051,Cement Masons and Concrete Finishers,2012,2240,2022,2810,570,25.3,80
31,Nebraska,35-1011,Chefs and Head Cooks,2012,510,2022,560,50,9.4,10
31,Nebraska,17-2041,Chemical Engineers,2012,360,2022,380,20,3.9,10
31,Nebraska,51-9011,Chemical Equipment Operators and Tenders,2012,760,2022,820,60,7.2,30
31,Nebraska,51-8091,Chemical Plant and System Operators,2012,10,2022,10,0,0,0
31,Nebraska,19-4031,Chemical Technicians,2012,210,2022,240,30,15.6,10
31,Nebraska,25-1052,Chemistry Teachers  Postsecondary,2012,180,2022,200,20,10,10
31,Nebraska,19-2031,Chemists,2012,480,2022,550,70,13.9,20
31,Nebraska,11-1011,Chief Executives,2012,920,2022,940,20,1.9,20
31,Nebraska,21-1021,Child  Family  and School Social Workers,2012,2470,2022,2790,320,12.9,80
31,Nebraska,39-9011,Childcare Workers,2012,10380,2022,11710,1330,12.8,440
31,Nebraska,29-1011,Chiropractors,2012,660,2022,740,80,11.6,20
31,Nebraska,27-2032,Choreographers,2012,130,2022,130,0,3.1,0
31,Nebraska,17-3022,Civil Engineering Technicians,2012,690,2022,680,-10,-1,10
31,Nebraska,17-2051,Civil Engineers,2012,1570,2022,1870,300,19.4,70
31,Nebraska,13-1031,Claims Adjusters  Examiners  and Investigators,2012,3120,2022,3300,180,6,90
31,Nebraska,53-7061,Cleaners of Vehicles and Equipment,2012,3430,2022,3600,170,4.8,110
31,Nebraska,51-9192,Cleaning  Washing  and Metal Pickling Equipment Operators and Tenders,2012,440,2022,440,0,0,10
31,Nebraska,21-2011,Clergy,2012,330,2022,370,40,12.6,10
31,Nebraska,19-3031,Clinical  Counseling  and School Psychologists,2012,750,2022,830,80,10.3,30
31,Nebraska,27-2022,Coaches and Scouts,2012,1720,2022,1890,170,9.5,70
31,Nebraska,51-9121,Coating  Painting  and Spraying Machine Setters  Operators  and Tenders,2012,770,2022,840,70,9,20
31,Nebraska,51-2021,Coil Winders  Tapers  and Finishers,2012,50,2022,50,0,0,0
31,Nebraska,49-9091,Coin  Vending  and Amusement Machine Servicers and Repairers,2012,210,2022,160,-50,-22.3,0
31,Nebraska,35-3021,Combined Food Preparation and Serving Workers  Including Fast Food,2012,19980,2022,23610,3630,18.2,1130
31,Nebraska,27-1021,Commercial and Industrial Designers,2012,90,2022,100,10,7.8,0
31,Nebraska,53-2012,Commercial Pilots,2012,310,2022,380,70,23.5,20
31,Nebraska,43-2099,Communications Equipment Operators  All Other,2012,30,2022,30,0,3.6,0
31,Nebraska,25-1122,Communications Teachers  Postsecondary,2012,270,2022,290,20,10.2,10
31,Nebraska,21-1099,Community and Social Service Specialists  All Other,2012,220,2022,230,10,8.4,10
31,Nebraska,21-1094,Community Health Workers,2012,540,2022,660,120,22.3,30
31,Nebraska,Nov-11,Compensation and Benefits Managers,2012,80,2022,90,10,9.6,0
31,Nebraska,13-1141,Compensation  Benefits  and Job Analysis Specialists,2012,780,2022,830,50,6.8,20
31,Nebraska,13-1041,Compliance Officers,2012,3190,2022,3450,260,8.2,90
31,Nebraska,15-1111,Computer and Information Research Scientists,2012,140,2022,180,40,23.1,10
31,Nebraska,Nov-21,Computer and Information Systems Managers,2012,1450,2022,1700,250,17.6,50
31,Nebraska,17-2061,Computer Hardware Engineers,2012,380,2022,470,90,23.6,20
31,Nebraska,15-1143,Computer Network Architects,2012,1130,2022,1390,260,22.9,40
31,Nebraska,15-1152,Computer Network Support Specialists,2012,1420,2022,1520,100,7.1,30
31,Nebraska,51-4012,Computer Numerically Controlled Machine Tool Programmers  Metal and Plastic,2012,150,2022,200,50,35.2,10
31,Nebraska,15-1199,Computer Occupations  All Other,2012,810,2022,860,50,6.1,20
31,Nebraska,43-9011,Computer Operators,2012,1250,2022,1050,-200,-15.9,10
31,Nebraska,15-1131,Computer Programmers,2012,3010,2022,3350,340,11.2,110
31,Nebraska,25-1021,Computer Science Teachers  Postsecondary,2012,220,2022,240,20,10.5,10
31,Nebraska,15-1121,Computer Systems Analysts,2012,3280,2022,4100,820,25,130
31,Nebraska,15-1151,Computer User Support Specialists,2012,3650,2022,4410,760,20.6,130
31,Nebraska,49-2011,Computer  Automated Teller  and Office Machine Repairers,2012,830,2022,820,-10,-1.6,20
31,Nebraska,51-4011,Computer-Controlled Machine Tool Operators  Metal and Plastic,2012,1280,2022,1610,330,25.2,70
31,Nebraska,39-6012,Concierges,2012,90,2022,110,20,26.7,0
31,Nebraska,19-1031,Conservation Scientists,2012,270,2022,290,20,9.4,10
31,Nebraska,47-4011,Construction and Building Inspectors,2012,370,2022,410,40,10.1,10
31,Nebraska,47-4099,Construction and Related Workers  All Other,2012,130,2022,140,10,8.5,0
31,Nebraska,47-2061,Construction Laborers,2012,4350,2022,5310,960,22.1,190
31,Nebraska,Nov-21,Construction Managers,2012,3550,2022,4070,520,14.7,110
31,Nebraska,47-5041,Continuous Mining Machine Operators,2012,0,2022,0,0,0,0
31,Nebraska,49-9012,Control and Valve Installers and Repairers  Except Mechanical Door,2012,450,2022,530,80,17.7,20
31,Nebraska,53-7011,Conveyor Operators and Tenders,2012,1340,2022,1430,90,7,50
31,Nebraska,35-2019,Cooks  All Other,2012,10,2022,20,10,15.4,0
31,Nebraska,35-2011,Cooks  Fast Food,2012,5900,2022,6150,250,4.3,140
31,Nebraska,35-2012,Cooks  Institution and Cafeteria,2012,4460,2022,5010,550,12.2,140
31,Nebraska,35-2013,Cooks  Private Household,2012,10,2022,10,0,-12.5,0
31,Nebraska,35-2014,Cooks  Restaurant,2012,4230,2022,5010,780,18.5,160
31,Nebraska,35-2015,Cooks  Short Order,2012,2620,2022,2720,100,3.5,60
31,Nebraska,51-9193,Cooling and Freezing Equipment Operators and Tenders,2012,240,2022,260,20,8,10
31,Nebraska,33-3012,Correctional Officers and Jailers,2012,2210,2022,2300,90,4,70
31,Nebraska,43-4021,Correspondence Clerks,2012,20,2022,20,0,5.6,0
31,Nebraska,13-1051,Cost Estimators,2012,1470,2022,1830,360,24.1,80
31,Nebraska,39-3092,Costume Attendants,2012,0,2022,0,0,0,0
31,Nebraska,21-1019,Counselors  All Other,2012,10,2022,20,10,21.4,0
31,Nebraska,41-2021,Counter and Rental Clerks,2012,3780,2022,4020,240,6.4,120
31,Nebraska,35-3022,Counter Attendants  Cafeteria  Food Concession  and Coffee Shop,2012,2440,2022,2580,140,5.5,160
31,Nebraska,43-5021,Couriers and Messengers,2012,910,2022,820,-90,-9.9,10
31,Nebraska,23-2091,Court Reporters,2012,20,2022,20,0,4.8,0
31,Nebraska,43-4031,Court  Municipal  and License Clerks,2012,480,2022,520,40,9.2,10
31,Nebraska,27-1012,Craft Artists,2012,40,2022,50,10,26.8,0
31,Nebraska,53-7021,Crane and Tower Operators,2012,220,2022,260,40,20.7,10
31,Nebraska,13-2041,Credit Analysts,2012,450,2022,530,80,16.9,20
31,Nebraska,43-4041,Credit Authorizers  Checkers  and Clerks,2012,180,2022,180,0,-0.6,0
31,Nebraska,13-2071,Credit Counselors,2012,150,2022,180,30,24.1,10
31,Nebraska,25-1111,Criminal Justice and Law Enforcement Teachers  Postsecondary,2012,150,2022,160,10,10.3,0
31,Nebraska,33-9091,Crossing Guards,2012,110,2022,120,10,15,0
31,Nebraska,51-9021,Crushing  Grinding  and Polishing Machine Setters  Operators  and Tenders,2012,470,2022,450,-20,-2.8,10
31,Nebraska,25-4012,Curators,2012,80,2022,90,10,13.2,0
31,Nebraska,43-4051,Customer Service Representatives,2012,17690,2022,19600,1910,10.8,670
31,Nebraska,51-9031,Cutters and Trimmers  Hand,2012,60,2022,60,0,1.8,0
31,Nebraska,51-9032,Cutting and Slicing Machine Setters  Operators  and Tenders,2012,950,2022,950,0,0.4,20
31,Nebraska,51-4031,Cutting  Punching  and Press Machine Setters  Operators  and Tenders  Metal and Plastic,2012,930,2022,920,-10,-1.2,10
31,Nebraska,27-2031,Dancers,2012,60,2022,60,0,10.9,0
31,Nebraska,43-9021,Data Entry Keyers,2012,1870,2022,1380,-490,-25.9,20
31,Nebraska,15-1141,Database Administrators,2012,1000,2022,1150,150,14.2,30
31,Nebraska,41-9011,Demonstrators and Product Promoters,2012,210,2022,220,10,8.2,10
31,Nebraska,31-9091,Dental Assistants,2012,1730,2022,2090,360,21.3,70
31,Nebraska,29-2021,Dental Hygienists,2012,1230,2022,1590,360,29.8,70
31,Nebraska,51-9081,Dental Laboratory Technicians,2012,220,2022,250,30,14.8,10
31,Nebraska,29-1029,Dentists  All Other Specialists,2012,20,2022,20,0,0,0
31,Nebraska,29-1021,Dentists  General,2012,610,2022,690,80,13.4,20
31,Nebraska,27-1029,Designers  All Other,2012,0,2022,0,0,0,0
31,Nebraska,43-9031,Desktop Publishers,2012,220,2022,200,-20,-8.7,0
31,Nebraska,33-3021,Detectives and Criminal Investigators,2012,360,2022,390,30,8.1,10
31,Nebraska,29-2032,Diagnostic Medical Sonographers,2012,470,2022,570,100,21.4,20
31,Nebraska,29-2051,Dietetic Technicians,2012,100,2022,110,10,8.9,0
31,Nebraska,29-1031,Dietitians and Nutritionists,2012,580,2022,680,100,16.6,20
31,Nebraska,35-9011,Dining Room and Cafeteria Attendants and Bartender Helpers,2012,1700,2022,1900,200,11.5,100
31,Nebraska,21-2021,Directors  Religious Activities and Education,2012,90,2022,80,-10,-1.2,0
31,Nebraska,35-9021,Dishwashers,2012,2750,2022,3000,250,9.2,150
31,Nebraska,43-5032,Dispatchers  Except Police  Fire  and Ambulance,2012,1520,2022,1690,170,11,60
31,Nebraska,41-9091,Door-to-Door Sales Workers  News and Street Vendors  and Related Workers,2012,310,2022,210,-100,-32.5,0
31,Nebraska,17-3019,Drafters  All Other,2012,250,2022,290,40,13,10
31,Nebraska,53-7031,Dredge Operators,2012,190,2022,200,10,9.1,0
31,Nebraska,51-4032,Drilling and Boring Machine Tool Setters  Operators  and Tenders  Metal and Plastic,2012,70,2022,60,-10,-16.4,0
31,Nebraska,53-3031,Driver/Sales Workers,2012,3410,2022,3670,260,7.8,80
31,Nebraska,47-2081,Drywall and Ceiling Tile Installers,2012,670,2022,720,50,7.5,10
31,Nebraska,47-5021,Earth Drillers  Except Oil and Gas,2012,440,2022,560,120,29.1,30
31,Nebraska,25-1063,Economics Teachers  Postsecondary,2012,110,2022,120,10,9.7,0
31,Nebraska,19-3011,Economists,2012,30,2022,40,10,12.5,0
31,Nebraska,27-3041,Editors,2012,840,2022,830,-10,-1.9,20
31,Nebraska,Nov-39,Education Administrators  All Other,2012,90,2022,100,10,10.1,0
31,Nebraska,Nov-32,Education Administrators  Elementary and Secondary School,2012,1730,2022,1900,170,9.9,60
31,Nebraska,Nov-33,Education Administrators  Postsecondary,2012,1130,2022,1230,100,9.4,40
31,Nebraska,Nov-31,Education Administrators  Preschool and Childcare Center/Program,2012,180,2022,190,10,7.4,10
31,Nebraska,25-1081,Education Teachers  Postsecondary,2012,820,2022,900,80,10,20
31,Nebraska,25-9099,Education  Training  and Library Workers  All Other,2012,80,2022,80,0,-1.3,0
31,Nebraska,21-1012,Educational  Guidance  School  and Vocational Counselors,2012,1570,2022,1750,180,11.4,50
31,Nebraska,49-2092,Electric Motor  Power Tool  and Related Repairers,2012,110,2022,100,-10,-11.1,0
31,Nebraska,51-2022,Electrical and Electronic Equipment Assemblers,2012,1020,2022,1040,20,2.2,10
31,Nebraska,17-3012,Electrical and Electronics Drafters,2012,90,2022,100,10,17,0
31,Nebraska,17-3023,Electrical and Electronics Engineering Technicians,2012,420,2022,440,20,4.8,10
31,Nebraska,49-2093,Electrical and Electronics Installers and Repairers  Transportation Equipment,2012,40,2022,50,10,4.5,0
31,Nebraska,49-2094,Electrical and Electronics Repairers  Commercial and Industrial Equipment,2012,260,2022,280,20,5.8,10
31,Nebraska,49-2095,Electrical and Electronics Repairers  Powerhouse  Substation  and Relay,2012,90,2022,90,0,2.2,0
31,Nebraska,17-2071,Electrical Engineers,2012,640,2022,710,70,10.2,20
31,Nebraska,49-9051,Electrical Power-Line Installers and Repairers,2012,1530,2022,1710,180,12.2,70
31,Nebraska,47-2111,Electricians,2012,4330,2022,5060,730,16.9,160
31,Nebraska,51-2023,Electromechanical Equipment Assemblers,2012,120,2022,120,0,6,0
31,Nebraska,17-3024,Electro-Mechanical Technicians,2012,70,2022,80,10,15.9,0
31,Nebraska,49-2096,Electronic Equipment Installers and Repairers  Motor Vehicles,2012,40,2022,30,-10,-5.6,0
31,Nebraska,49-2097,Electronic Home Entertainment Equipment Installers and Repairers,2012,250,2022,240,-10,-2.8,10
31,Nebraska,17-2072,Electronics Engineers  Except Computer,2012,180,2022,190,10,5.5,10
31,Nebraska,25-2021,Elementary School Teachers  Except Special Education,2012,9680,2022,10660,980,10.1,310
31,Nebraska,47-4021,Elevator Installers and Repairers,2012,140,2022,170,30,21.1,10
31,Nebraska,43-4061,Eligibility Interviewers  Government Programs,2012,790,2022,930,140,18.9,30
31,Nebraska,39-4011,Embalmers,2012,20,2022,10,-10,-22.2,0
31,Nebraska,Nov-61,Emergency Management Directors,2012,120,2022,130,10,5.8,0
31,Nebraska,29-2041,Emergency Medical Technicians and Paramedics,2012,1020,2022,1250,230,23.3,50
31,Nebraska,51-2031,Engine and Other Machine Assemblers,2012,50,2022,50,0,8.2,0
31,Nebraska,25-1032,Engineering Teachers  Postsecondary,2012,150,2022,170,20,9.7,0
31,Nebraska,17-3029,Engineering Technicians  Except Drafters  All Other,2012,200,2022,210,10,4.4,10
31,Nebraska,17-2199,Engineers  All Other,2012,180,2022,200,20,11,10
31,Nebraska,25-1123,English Language and Literature Teachers  Postsecondary,2012,470,2022,510,40,10.1,10
31,Nebraska,27-2099,Entertainers and Performers  Sports and Related Workers  All Other,2012,40,2022,50,10,20.5,0
31,Nebraska,39-3099,Entertainment Attendants and Related Workers  All Other,2012,140,2022,160,20,12.9,10
31,Nebraska,17-3025,Environmental Engineering Technicians,2012,220,2022,260,40,21.7,10
31,Nebraska,17-2081,Environmental Engineers,2012,450,2022,540,90,18.8,20
31,Nebraska,19-4091,Environmental Science and Protection Technicians  Including Health,2012,190,2022,210,20,11.8,10
31,Nebraska,25-1053,Environmental Science Teachers  Postsecondary,2012,0,2022,0,0,0,0
31,Nebraska,19-2041,Environmental Scientists and Specialists  Including Health,2012,830,2022,930,100,11.7,30
31,Nebraska,19-1041,Epidemiologists,2012,40,2022,40,0,4.8,0
31,Nebraska,51-9194,Etchers and Engravers,2012,70,2022,80,10,8.5,0
31,Nebraska,53-7032,Excavating and Loading Machine and Dragline Operators,2012,570,2022,680,110,19.8,20
31,Nebraska,43-6011,Executive Secretaries and Executive Administrative Assistants,2012,5730,2022,5730,0,0.1,70
31,Nebraska,29-1128,Exercise Physiologists,2012,40,2022,40,0,17.1,0
31,Nebraska,47-5031,Explosives Workers  Ordnance Handling Experts  and Blasters,2012,0,2022,0,0,0,0
31,Nebraska,47-5099,Extraction Workers  All Other,2012,10,2022,10,0,25,0
31,Nebraska,51-4021,Extruding and Drawing Machine Setters  Operators  and Tenders  Metal and Plastic,2012,470,2022,440,-30,-5.3,10
31,Nebraska,51-6091,Extruding and Forming Machine Setters  Operators  and Tenders  Synthetic and Glass Fibers,2012,10,2022,10,0,9.1,0
31,Nebraska,51-9041,Extruding  Forming  Pressing  and Compacting Machine Setters  Operators  and Tenders,2012,1310,2022,1370,60,4.4,40
31,Nebraska,51-6092,Fabric and Apparel Patternmakers,2012,10,2022,10,0,-16.7,0
31,Nebraska,45-4021,Fallers,2012,20,2022,20,0,-11.8,0
31,Nebraska,29-1062,Family and General Practitioners,2012,1320,2022,1480,160,12.5,50
31,Nebraska,25-9021,Farm and Home Management Advisors,2012,250,2022,270,20,10,0
31,Nebraska,49-3041,Farm Equipment Mechanics and Service Technicians,2012,1900,2022,2080,180,9.3,70
31,Nebraska,13-1074,Farm Labor Contractors,2012,0,2022,0,0,0,0
31,Nebraska,Nov-13,Farmers  Ranchers  and Other Agricultural Managers,2012,10930,2022,9870,-1060,-9.7,180
31,Nebraska,45-2092,Farmworkers and Laborers  Crop  Nursery  and Greenhouse,2012,23530,2022,20100,-3430,-14.6,710
31,Nebraska,45-2093,Farmworkers  Farm  Ranch  and Aquacultural Animals,2012,3390,2022,3220,-170,-4.8,100
31,Nebraska,27-1022,Fashion Designers,2012,10,2022,10,0,22.2,0
31,Nebraska,47-4031,Fence Erectors,2012,180,2022,230,50,27.1,10
31,Nebraska,51-2091,Fiberglass Laminators and Fabricators,2012,90,2022,90,0,0,0
31,Nebraska,43-4071,File Clerks,2012,900,2022,870,-30,-3.3,20
31,Nebraska,27-4032,Film and Video Editors,2012,50,2022,60,10,11.8,0
31,Nebraska,13-2051,Financial Analysts,2012,1100,2022,1290,190,17.9,50
31,Nebraska,43-3099,Financial Clerks  All Other,2012,170,2022,170,0,1.8,10
31,Nebraska,13-2061,Financial Examiners,2012,460,2022,530,70,13.9,20
31,Nebraska,Nov-31,Financial Managers,2012,2290,2022,2560,270,11.8,70
31,Nebraska,13-2099,Financial Specialists  All Other,2012,190,2022,200,10,6.9,0
31,Nebraska,27-1013,Fine Artists  Including Painters  Sculptors  and Illustrators,2012,390,2022,440,50,12.3,10
31,Nebraska,33-2021,Fire Inspectors and Investigators,2012,60,2022,70,10,3.2,0
31,Nebraska,33-2011,Firefighters,2012,1030,2022,1070,40,4.1,30
31,Nebraska,47-1011,First-Line Supervisors of Construction Trades and Extraction Workers,2012,4470,2022,5400,930,20.9,140
31,Nebraska,33-1011,First-Line Supervisors of Correctional Officers,2012,360,2022,370,10,4.2,10
31,Nebraska,45-1011,First-Line Supervisors of Farming  Fishing  and Forestry Workers,2012,1400,2022,1260,-140,-10.2,30
31,Nebraska,33-1021,First-Line Supervisors of Fire Fighting and Prevention Workers,2012,280,2022,290,10,4.4,10
31,Nebraska,35-1012,First-Line Supervisors of Food Preparation and Serving Workers,2012,5880,2022,6820,940,16,260
31,Nebraska,53-1021,First-Line Supervisors of Helpers  Laborers  and Material Movers  Hand,2012,1720,2022,1870,150,8.7,60
31,Nebraska,37-1011,First-Line Supervisors of Housekeeping and Janitorial Workers,2012,1580,2022,1740,160,10.2,50
31,Nebraska,37-1012,First-Line Supervisors of Landscaping  Lawn Service  and Groundskeeping Workers,2012,1380,2022,1500,120,8.3,30
31,Nebraska,49-1011,First-Line Supervisors of Mechanics  Installers  and Repairers,2012,4270,2022,4560,290,6.8,140
31,Nebraska,41-1012,First-Line Supervisors of Non-Retail Sales Workers,2012,4300,2022,4230,-70,-1.5,60
31,Nebraska,43-1011,First-Line Supervisors of Office and Administrative Support Workers,2012,10420,2022,11790,1370,13.1,380
31,Nebraska,39-1021,First-Line Supervisors of Personal Service Workers,2012,1780,2022,1950,170,9.7,50
31,Nebraska,33-1012,First-Line Supervisors of Police and Detectives,2012,640,2022,670,30,4.3,20
31,Nebraska,51-1011,First-Line Supervisors of Production and Operating Workers,2012,4780,2022,5050,270,5.7,90
31,Nebraska,33-1099,First-Line Supervisors of Protective Service Workers  All Other,2012,320,2022,340,20,5.9,10
31,Nebraska,41-1011,First-Line Supervisors of Retail Sales Workers,2012,10270,2022,10570,300,3,250
31,Nebraska,53-1031,First-Line Supervisors of Transportation and Material-Moving Machine and Vehicle Operators,2012,1200,2022,1340,140,11.6,50
31,Nebraska,33-3031,Fish and Game Wardens,2012,60,2022,60,0,3.6,0
31,Nebraska,45-3011,Fishers and Related Fishing Workers,2012,10,2022,10,0,0,0
31,Nebraska,39-9031,Fitness Trainers and Aerobics Instructors,2012,2450,2022,2710,260,10.5,60
31,Nebraska,47-2042,Floor Layers  Except Carpet  Wood  and Hard Tiles,2012,220,2022,240,20,9.5,10
31,Nebraska,47-2043,Floor Sanders and Finishers,2012,40,2022,50,10,7.1,0
31,Nebraska,27-1023,Floral Designers,2012,520,2022,510,-10,-3.2,10
31,Nebraska,51-3091,Food and Tobacco Roasting  Baking  and Drying Machine Operators and Tenders,2012,250,2022,260,10,6.1,10
31,Nebraska,51-3092,Food Batchmakers,2012,1310,2022,1300,-10,-0.7,40
31,Nebraska,51-3093,Food Cooking Machine Operators and Tenders,2012,270,2022,280,10,3,10
31,Nebraska,35-9099,Food Preparation and Serving Related Workers  All Other,2012,50,2022,50,0,10.4,0
31,Nebraska,35-2021,Food Preparation Workers,2012,5530,2022,5940,410,7.5,200
31,Nebraska,51-3099,Food Processing Workers  All Other,2012,160,2022,170,10,5.7,10
31,Nebraska,19-1012,Food Scientists and Technologists,2012,220,2022,230,10,6.4,10
31,Nebraska,35-3041,Food Servers  Nonrestaurant,2012,2400,2022,2860,460,19.3,120
31,Nebraska,Nov-51,Food Service Managers,2012,1350,2022,1410,60,4.9,30
31,Nebraska,25-1124,Foreign Language and Literature Teachers  Postsecondary,2012,100,2022,110,10,10.3,0
31,Nebraska,19-4092,Forensic Science Technicians,2012,100,2022,110,10,5,0
31,Nebraska,19-4093,Forest and Conservation Technicians,2012,130,2022,150,20,9.8,10
31,Nebraska,45-4011,Forest and Conservation Workers,2012,70,2022,70,0,4.5,0
31,Nebraska,33-2022,Forest Fire Inspectors and Prevention Specialists,2012,0,2022,0,0,0,0
31,Nebraska,19-1032,Foresters,2012,30,2022,30,0,7.7,0
31,Nebraska,25-1043,Forestry and Conservation Science Teachers  Postsecondary,2012,40,2022,40,0,8.1,0
31,Nebraska,51-4022,Forging Machine Setters  Operators  and Tenders  Metal and Plastic,2012,90,2022,80,-10,-8.2,0
31,Nebraska,51-4071,Foundry Mold and Coremakers,2012,110,2022,120,10,2.7,0
31,Nebraska,13-1131,Fundraisers,2012,590,2022,660,70,11.5,20
31,Nebraska,39-4021,Funeral Attendants,2012,240,2022,230,-10,-6.6,10
31,Nebraska,Nov-61,Funeral Service Managers,2012,40,2022,40,0,5.4,0
31,Nebraska,51-9051,Furnace  Kiln  Oven  Drier  and Kettle Operators and Tenders,2012,100,2022,110,10,5,0
31,Nebraska,51-7021,Furniture Finishers,2012,60,2022,70,10,13.6,0
31,Nebraska,39-3012,Gaming and Sports Book Writers and Runners,2012,370,2022,400,30,8.4,10
31,Nebraska,43-3041,Gaming Cage Workers,2012,30,2022,40,10,12.1,0
31,Nebraska,41-2012,Gaming Change Persons and Booth Cashiers,2012,10,2022,10,0,12.5,0
31,Nebraska,39-3011,Gaming Dealers,2012,70,2022,80,10,16.2,0
31,Nebraska,Nov-71,Gaming Managers,2012,20,2022,20,0,13.3,0
31,Nebraska,39-1011,Gaming Supervisors,2012,70,2022,70,0,12.3,0
31,Nebraska,33-9031,Gaming Surveillance Officers and Gaming Investigators,2012,20,2022,20,0,5.9,0
31,Nebraska,53-7071,Gas Compressor and Gas Pumping Station Operators,2012,30,2022,40,10,18.8,0
31,Nebraska,51-8092,Gas Plant Operators,2012,250,2022,250,0,-0.4,10
31,Nebraska,11-1021,General and Operations Managers,2012,11090,2022,12430,1340,12,340
31,Nebraska,29-9092,Genetic Counselors,2012,0,2022,0,0,50,0
31,Nebraska,19-3092,Geographers,2012,20,2022,20,0,26.7,0
31,Nebraska,25-1064,Geography Teachers  Postsecondary,2012,50,2022,50,0,8.5,0
31,Nebraska,19-4041,Geological and Petroleum Technicians,2012,10,2022,10,0,20,0
31,Nebraska,19-2042,Geoscientists  Except Hydrologists and Geographers,2012,180,2022,210,30,18.6,10
31,Nebraska,47-2121,Glaziers,2012,430,2022,470,40,10.1,10
31,Nebraska,45-2041,Graders and Sorters  Agricultural Products,2012,880,2022,760,-120,-13.5,20
31,Nebraska,25-1191,Graduate Teaching Assistants,2012,570,2022,630,60,10,10
31,Nebraska,27-1024,Graphic Designers,2012,2280,2022,2520,240,10.6,80
31,Nebraska,51-9022,Grinding and Polishing Workers  Hand,2012,210,2022,200,-10,-3.4,10
31,Nebraska,51-4033,Grinding  Lapping  Polishing  and Buffing Machine Tool Setters  Operators  and Tenders  Metal and Plastic,2012,250,2022,240,-10,-4.9,10
31,Nebraska,37-3019,Grounds Maintenance Workers  All Other,2012,20,2022,20,0,0,0
31,Nebraska,39-5012,Hairdressers  Hairstylists  and Cosmetologists,2012,4960,2022,5220,260,5.2,140
31,Nebraska,47-4041,Hazardous Materials Removal Workers,2012,90,2022,100,10,10.1,0
31,Nebraska,17-2111,Health and Safety Engineers  Except Mining Safety Engineers and Inspectors,2012,110,2022,120,10,10.2,0
31,Nebraska,29-1199,Health Diagnosing and Treating Practitioners  All Other,2012,190,2022,220,30,15.9,10
31,Nebraska,21-1091,Health Educators,2012,680,2022,790,110,15.7,30
31,Nebraska,25-1071,Health Specialties Teachers  Postsecondary,2012,1850,2022,2030,180,10,50
31,Nebraska,29-2099,Health Technologists and Technicians  All Other,2012,340,2022,440,100,28.9,10
31,Nebraska,29-9099,Healthcare Practitioners and Technical Workers  All Other,2012,120,2022,140,20,16,10
31,Nebraska,21-1022,Healthcare Social Workers,2012,1090,2022,1290,200,18.1,40
31,Nebraska,31-9099,Healthcare Support Workers  All Other,2012,170,2022,180,10,7.7,0
31,Nebraska,29-2092,Hearing Aid Specialists,2012,40,2022,60,20,25,0
31,Nebraska,51-4191,Heat Treating Equipment Setters  Operators  and Tenders  Metal and Plastic,2012,60,2022,70,10,8.2,0
31,Nebraska,49-9021,Heating  Air Conditioning  and Refrigeration Mechanics and Installers,2012,1950,2022,2300,350,18.2,90
31,Nebraska,53-3032,Heavy and Tractor-Trailer Truck Drivers,2012,28000,2022,32710,4710,16.8,920
31,Nebraska,47-3019,Helpers  Construction Trades  All Other,2012,30,2022,30,0,19.2,0
31,Nebraska,47-3011,Helpers--Brickmasons  Blockmasons  Stonemasons  and Tile and Marble Setters,2012,300,2022,410,110,37.1,20
31,Nebraska,47-3012,Helpers--Carpenters,2012,200,2022,250,50,26.7,10
31,Nebraska,47-3013,Helpers--Electricians,2012,300,2022,390,90,30.7,10
31,Nebraska,49-9098,Helpers--Installation  Maintenance  and Repair Workers,2012,600,2022,640,40,7,20
31,Nebraska,47-3014,Helpers--Painters  Paperhangers  Plasterers  and Stucco Masons,2012,30,2022,30,0,6.3,0
31,Nebraska,47-3015,Helpers--Pipelayers  Plumbers  Pipefitters  and Steamfitters,2012,420,2022,510,90,21,20
31,Nebraska,51-9198,Helpers--Production Workers,2012,3120,2022,3550,430,13.7,100
31,Nebraska,47-3016,Helpers--Roofers,2012,90,2022,90,0,10.6,0
31,Nebraska,47-4051,Highway Maintenance Workers,2012,2560,2022,2740,180,7.1,60
31,Nebraska,19-3093,Historians,2012,30,2022,30,0,10.3,0
31,Nebraska,25-1125,History Teachers  Postsecondary,2012,150,2022,170,20,10,0
31,Nebraska,53-7041,Hoist and Winch Operators,2012,70,2022,70,0,10.6,0
31,Nebraska,49-9031,Home Appliance Repairers,2012,580,2022,560,-20,-3.6,20
31,Nebraska,25-1192,Home Economics Teachers  Postsecondary,2012,60,2022,60,0,10.7,0
31,Nebraska,31-1011,Home Health Aides,2012,1330,2022,1840,510,38.1,80
31,Nebraska,35-9031,Hosts and Hostesses  Restaurant  Lounge  and Coffee Shop,2012,2310,2022,2520,210,9.1,200
31,Nebraska,43-4081,Hotel  Motel  and Resort Desk Clerks,2012,1540,2022,1750,210,13.1,90
31,Nebraska,43-4161,Human Resources Assistants  Except Payroll and Timekeeping,2012,1170,2022,1210,40,3.2,30
31,Nebraska,Nov-21,Human Resources Managers,2012,400,2022,480,80,20.2,20
31,Nebraska,13-1071,Human Resources Specialists,2012,3080,2022,3380,300,9.8,90
31,Nebraska,19-2043,Hydrologists,2012,80,2022,90,10,7.1,0
31,Nebraska,17-3026,Industrial Engineering Technicians,2012,230,2022,250,20,7.3,10
31,Nebraska,17-2112,Industrial Engineers,2012,930,2022,1030,100,11,40
31,Nebraska,49-9041,Industrial Machinery Mechanics,2012,3530,2022,4460,930,26.4,200
31,Nebraska,Nov-51,Industrial Production Managers,2012,1050,2022,1130,80,6.8,30
31,Nebraska,53-7051,Industrial Truck and Tractor Operators,2012,3460,2022,3300,-160,-4.9,80
31,Nebraska,43-4199,Information and Record Clerks  All Other,2012,700,2022,680,-20,-3.4,20
31,Nebraska,15-1122,Information Security Analysts,2012,490,2022,660,170,33.7,30
31,Nebraska,51-9061,Inspectors  Testers  Sorters  Samplers  and Weighers,2012,3830,2022,4360,530,13.9,140
31,Nebraska,49-9099,Installation  Maintenance  and Repair Workers  All Other,2012,710,2022,760,50,7.2,20
31,Nebraska,25-9031,Instructional Coordinators,2012,760,2022,830,70,8.5,10
31,Nebraska,47-2131,Insulation Workers  Floor  Ceiling  and Wall,2012,130,2022,160,30,19.5,10
31,Nebraska,47-2132,Insulation Workers  Mechanical,2012,110,2022,150,40,41.5,10
31,Nebraska,13-1032,Insurance Appraisers  Auto Damage,2012,90,2022,90,0,-7.4,0
31,Nebraska,43-9041,Insurance Claims and Policy Processing Clerks,2012,4330,2022,4610,280,6.5,140
31,Nebraska,41-3021,Insurance Sales Agents,2012,5400,2022,5860,460,8.6,170
31,Nebraska,13-2053,Insurance Underwriters,2012,1870,2022,1740,-130,-7.3,50
31,Nebraska,27-1025,Interior Designers,2012,350,2022,400,50,13.7,10
31,Nebraska,29-1063,Internists  General,2012,170,2022,190,20,14.4,10
31,Nebraska,27-3091,Interpreters and Translators,2012,630,2022,740,110,18.1,20
31,Nebraska,43-4111,Interviewers  Except Eligibility and Loan,2012,3580,2022,4180,600,16.6,130
31,Nebraska,37-2011,Janitors and Cleaners  Except Maids and Housekeeping Cleaners,2012,14760,2022,16120,1360,9.2,410
31,Nebraska,51-9071,Jewelers and Precious Stone and Metal Workers,2012,130,2022,130,0,-3.1,0
31,Nebraska,23-1023,Judges  Magistrate Judges  and Magistrates,2012,10,2022,10,0,0,0
31,Nebraska,23-1012,Judicial Law Clerks,2012,30,2022,30,0,3.8,0
31,Nebraska,25-2012,Kindergarten Teachers  Except Special Education,2012,1390,2022,1530,140,10.2,50
31,Nebraska,13-1075,Labor Relations Specialists,2012,750,2022,710,-40,-4.7,10
31,Nebraska,53-7062,Laborers and Freight  Stock  and Material Movers  Hand,2012,18110,2022,19820,1710,9.4,730
31,Nebraska,17-1012,Landscape Architects,2012,110,2022,130,20,13.2,10
31,Nebraska,37-3011,Landscaping and Groundskeeping Workers,2012,7460,2022,8000,540,7.3,240
31,Nebraska,51-4034,Lathe and Turning Machine Tool Setters  Operators  and Tenders  Metal and Plastic,2012,150,2022,140,-10,-6.9,0
31,Nebraska,51-6011,Laundry and Dry-Cleaning Workers,2012,1650,2022,1770,120,6.8,60
31,Nebraska,25-1112,Law Teachers  Postsecondary,2012,80,2022,90,10,11,0
31,Nebraska,23-1011,Lawyers,2012,4060,2022,4430,370,9.1,100
31,Nebraska,51-4192,Layout Workers  Metal and Plastic,2012,0,2022,10,10,25,0
31,Nebraska,43-6012,Legal Secretaries,2012,1220,2022,1190,-30,-2.3,20
31,Nebraska,23-2099,Legal Support Workers  All Other,2012,90,2022,100,10,5.5,0
31,Nebraska,11-1031,Legislators,2012,930,2022,960,30,4.1,20
31,Nebraska,25-4021,Librarians,2012,1210,2022,1310,100,7.8,40
31,Nebraska,43-4121,Library Assistants  Clerical,2012,750,2022,850,100,13.3,40
31,Nebraska,25-1082,Library Science Teachers  Postsecondary,2012,50,2022,60,10,9.8,0
31,Nebraska,25-4031,Library Technicians,2012,710,2022,760,50,7.3,40
31,Nebraska,29-2061,Licensed Practical and Licensed Vocational Nurses,2012,6290,2022,7680,1390,22.1,290
31,Nebraska,19-1099,Life Scientists  All Other,2012,20,2022,30,10,4.2,0
31,Nebraska,19-4099,Life  Physical  and Social Science Technicians  All Other,2012,330,2022,370,40,12.6,20
31,Nebraska,33-9092,Lifeguards  Ski Patrol  and Other Recreational Protective Service Workers,2012,1360,2022,1470,110,7.9,100
31,Nebraska,53-3033,Light Truck or Delivery Services Drivers,2012,5070,2022,5300,230,4.7,110
31,Nebraska,53-7033,Loading Machine Operators  Underground Mining,2012,0,2022,0,0,0,0
31,Nebraska,43-4131,Loan Interviewers and Clerks,2012,2050,2022,2380,330,16.1,50
31,Nebraska,13-2072,Loan Officers,2012,3050,2022,3530,480,15.6,100
31,Nebraska,39-3093,Locker Room  Coatroom  and Dressing Room Attendants,2012,60,2022,70,10,15,0
31,Nebraska,49-9094,Locksmiths and Safe Repairers,2012,80,2022,80,0,3.8,0
31,Nebraska,53-4011,Locomotive Engineers,2012,2470,2022,2670,200,8,90
31,Nebraska,Nov-81,Lodging Managers,2012,160,2022,160,0,2.5,10
31,Nebraska,45-4022,Logging Equipment Operators,2012,10,2022,10,0,0,0
31,Nebraska,13-1081,Logisticians,2012,480,2022,580,100,20.8,20
31,Nebraska,53-7063,Machine Feeders and Offbearers,2012,730,2022,750,20,2.9,20
31,Nebraska,51-4041,Machinists,2012,3710,2022,4300,590,15.9,140
31,Nebraska,29-2035,Magnetic Resonance Imaging Technologists,2012,70,2022,80,10,11,0
31,Nebraska,37-2012,Maids and Housekeeping Cleaners,2012,7360,2022,8060,700,9.4,220
31,Nebraska,43-9051,Mail Clerks and Mail Machine Operators  Except Postal Service,2012,860,2022,790,-70,-7.2,20
31,Nebraska,49-9071,Maintenance and Repair Workers  General,2012,8380,2022,9030,650,7.8,230
31,Nebraska,49-9043,Maintenance Workers  Machinery,2012,570,2022,670,100,16,20
31,Nebraska,13-1111,Management Analysts,2012,3170,2022,3730,560,17.6,110
31,Nebraska,Nov-99,Managers  All Other,2012,2600,2022,2800,200,7.8,80
31,Nebraska,39-5092,Manicurists and Pedicurists,2012,160,2022,180,20,8.5,0
31,Nebraska,49-9095,Manufactured Building and Mobile Home Installers,2012,10,2022,10,0,-18.2,0
31,Nebraska,13-1161,Market Research Analysts and Marketing Specialists,2012,3140,2022,4090,950,30.4,140
31,Nebraska,Nov-21,Marketing Managers,2012,970,2022,1120,150,14.8,40
31,Nebraska,21-1013,Marriage and Family Therapists,2012,50,2022,70,20,20.4,0
31,Nebraska,31-9011,Massage Therapists,2012,470,2022,550,80,17.3,10
31,Nebraska,53-7199,Material Moving Workers  All Other,2012,60,2022,60,0,1.6,0
31,Nebraska,17-2131,Materials Engineers,2012,120,2022,140,20,13,10
31,Nebraska,19-2032,Materials Scientists,2012,10,2022,10,0,0,0
31,Nebraska,15-2099,Mathematical Science Occupations  All Other,2012,20,2022,30,10,12.5,0
31,Nebraska,25-1022,Mathematical Science Teachers  Postsecondary,2012,380,2022,420,40,10.3,10
31,Nebraska,15-2021,Mathematicians,2012,50,2022,60,10,18.9,0
31,Nebraska,51-3022,Meat  Poultry  and Fish Cutters and Trimmers,2012,11660,2022,12840,1180,10.1,410
31,Nebraska,49-9011,Mechanical Door Repairers,2012,230,2022,280,50,19.3,10
31,Nebraska,17-3013,Mechanical Drafters,2012,370,2022,380,10,1.9,10
31,Nebraska,17-3027,Mechanical Engineering Technicians,2012,130,2022,150,20,12.1,10
31,Nebraska,17-2141,Mechanical Engineers,2012,1020,2022,1140,120,12.5,50
31,Nebraska,27-4099,Media and Communication Equipment Workers  All Other,2012,90,2022,90,0,4.7,0
31,Nebraska,27-3099,Media and Communication Workers  All Other,2012,100,2022,110,10,10.8,0
31,Nebraska,29-2012,Medical and Clinical Laboratory Technicians,2012,1340,2022,1580,240,18.3,60
31,Nebraska,29-2011,Medical and Clinical Laboratory Technologists,2012,1690,2022,1870,180,10.8,60
31,Nebraska,Nov-11,Medical and Health Services Managers,2012,2620,2022,3060,440,16.9,110
31,Nebraska,51-9082,Medical Appliance Technicians,2012,90,2022,120,30,22.3,10
31,Nebraska,31-9092,Medical Assistants,2012,3340,2022,4170,830,24.8,150
31,Nebraska,31-9093,Medical Equipment Preparers,2012,460,2022,510,50,10.9,10
31,Nebraska,49-9062,Medical Equipment Repairers,2012,210,2022,260,50,23,10
31,Nebraska,29-2071,Medical Records and Health Information Technicians,2012,1610,2022,1880,270,16.9,70
31,Nebraska,19-1042,Medical Scientists  Except Epidemiologists,2012,240,2022,280,40,16.2,10
31,Nebraska,43-6013,Medical Secretaries,2012,3080,2022,3840,760,24.5,110
31,Nebraska,31-9094,Medical Transcriptionists,2012,980,2022,1070,90,9.3,30
31,Nebraska,13-1121,Meeting  Convention  and Event Planners,2012,400,2022,520,120,29.2,20
31,Nebraska,21-1023,Mental Health and Substance Abuse Social Workers,2012,460,2022,510,50,12.1,20
31,Nebraska,21-1014,Mental Health Counselors,2012,1230,2022,1550,320,25.6,60
31,Nebraska,27-1026,Merchandise Displayers and Window Trimmers,2012,460,2022,490,30,5.4,10
31,Nebraska,51-4199,Metal Workers and Plastic Workers  All Other,2012,220,2022,260,40,20.8,10
31,Nebraska,51-4051,Metal-Refining Furnace Operators and Tenders,2012,80,2022,90,10,10.4,0
31,Nebraska,43-5041,Meter Readers  Utilities,2012,210,2022,170,-40,-18.1,10
31,Nebraska,19-1022,Microbiologists,2012,160,2022,190,30,15.3,10
31,Nebraska,25-2022,Middle School Teachers  Except Special and Career/Technical Education,2012,3500,2022,3850,350,10.1,110
31,Nebraska,51-4035,Milling and Planing Machine Setters  Operators  and Tenders  Metal and Plastic,2012,130,2022,120,-10,-4.6,0
31,Nebraska,49-9044,Millwrights,2012,150,2022,180,30,17.9,10
31,Nebraska,17-2151,Mining and Geological Engineers  Including Mining Safety Engineers,2012,40,2022,50,10,34.3,0
31,Nebraska,51-9023,Mixing and Blending Machine Setters  Operators  and Tenders,2012,1260,2022,1330,70,6,40
31,Nebraska,49-3042,Mobile Heavy Equipment Mechanics  Except Engines,2012,890,2022,960,70,8.4,30
31,Nebraska,51-4061,Model Makers  Metal and Plastic,2012,0,2022,0,0,0,0
31,Nebraska,41-9012,Models,2012,10,2022,10,0,33.3,0
31,Nebraska,51-9195,Molders  Shapers  and Casters  Except Metal and Plastic,2012,510,2022,550,40,8.4,20
31,Nebraska,51-4072,Molding  Coremaking  and Casting Machine Setters  Operators  and Tenders  Metal and Plastic,2012,760,2022,730,-30,-4.5,10
31,Nebraska,39-4031,Morticians  Undertakers  and Funeral Directors,2012,170,2022,170,0,4.2,10
31,Nebraska,39-3021,Motion Picture Projectionists,2012,40,2022,30,-10,-13.5,0
31,Nebraska,53-3099,Motor Vehicle Operators  All Other,2012,680,2022,710,30,3.9,20
31,Nebraska,49-3051,Motorboat Mechanics and Service Technicians,2012,70,2022,70,0,1.4,0
31,Nebraska,53-5022,Motorboat Operators,2012,0,2022,0,0,100,0
31,Nebraska,49-3052,Motorcycle Mechanics,2012,90,2022,90,0,3.4,0
31,Nebraska,27-1014,Multimedia Artists and Animators,2012,330,2022,360,30,9.2,10
31,Nebraska,51-4081,Multiple Machine Tool Setters  Operators  and Tenders  Metal and Plastic,2012,370,2022,360,-10,-3.5,10
31,Nebraska,25-4013,Museum Technicians and Conservators,2012,40,2022,50,10,9.3,0
31,Nebraska,27-2041,Music Directors and Composers,2012,450,2022,500,50,9.7,20
31,Nebraska,49-9063,Musical Instrument Repairers and Tuners,2012,50,2022,60,10,1.9,0
31,Nebraska,27-2042,Musicians and Singers,2012,220,2022,240,20,10.5,10
31,Nebraska,Nov-21,Natural Sciences Managers,2012,150,2022,160,10,6.9,0
31,Nebraska,15-1142,Network and Computer Systems Administrators,2012,3930,2022,4520,590,15,120
31,Nebraska,43-4141,New Accounts Clerks,2012,950,2022,960,10,1.5,30
31,Nebraska,39-2021,Nonfarm Animal Caretakers,2012,1630,2022,1830,200,11.8,40
31,Nebraska,17-2161,Nuclear Engineers,2012,150,2022,150,0,4.1,10
31,Nebraska,29-2033,Nuclear Medicine Technologists,2012,150,2022,170,20,10.5,0
31,Nebraska,51-8011,Nuclear Power Reactor Operators,2012,80,2022,100,20,20.3,0
31,Nebraska,19-4051,Nuclear Technicians,2012,30,2022,40,10,9.1,0
31,Nebraska,29-1151,Nurse Anesthetists,2012,400,2022,480,80,21.2,20
31,Nebraska,29-1161,Nurse Midwives,2012,30,2022,30,0,16,0
31,Nebraska,29-1171,Nurse Practitioners,2012,860,2022,1040,180,21.1,40
31,Nebraska,31-1014,Nursing Assistants,2012,14140,2022,16040,1900,13.5,460
31,Nebraska,25-1072,Nursing Instructors and Teachers  Postsecondary,2012,580,2022,640,60,9.2,10
31,Nebraska,29-1064,Obstetricians and Gynecologists,2012,170,2022,190,20,12.7,10
31,Nebraska,29-9011,Occupational Health and Safety Specialists,2012,570,2022,630,60,10.3,20
31,Nebraska,29-9012,Occupational Health and Safety Technicians,2012,60,2022,70,10,10,0
31,Nebraska,29-1122,Occupational Therapists,2012,830,2022,1010,180,22.2,30
31,Nebraska,31-2012,Occupational Therapy Aides,2012,60,2022,70,10,24.6,0
31,Nebraska,31-2011,Occupational Therapy Assistants,2012,110,2022,160,50,45,10
31,Nebraska,43-9199,Office and Administrative Support Workers  All Other,2012,660,2022,680,20,3.3,20
31,Nebraska,43-9061,Office Clerks  General,2012,16160,2022,17110,950,5.9,440
31,Nebraska,43-9071,Office Machine Operators  Except Computer,2012,550,2022,480,-70,-12.2,10
31,Nebraska,47-2073,Operating Engineers and Other Construction Equipment Operators,2012,2200,2022,2630,430,19.6,90
31,Nebraska,15-2031,Operations Research Analysts,2012,240,2022,320,80,31.8,10
31,Nebraska,51-9083,Ophthalmic Laboratory Technicians,2012,180,2022,210,30,16.5,10
31,Nebraska,29-2057,Ophthalmic Medical Technicians,2012,280,2022,350,70,26.2,10
31,Nebraska,29-2081,Opticians  Dispensing,2012,580,2022,690,110,20.5,30
31,Nebraska,29-1041,Optometrists,2012,330,2022,400,70,22.6,20
31,Nebraska,29-1022,Oral and Maxillofacial Surgeons,2012,50,2022,50,0,13,0
31,Nebraska,43-4151,Order Clerks,2012,3200,2022,2970,-230,-7,80
31,Nebraska,31-1015,Orderlies,2012,120,2022,130,10,10.1,0
31,Nebraska,29-1023,Orthodontists,2012,40,2022,50,10,14.3,0
31,Nebraska,29-2091,Orthotists and Prosthetists,2012,90,2022,130,40,41.9,10
31,Nebraska,49-3053,Outdoor Power Equipment and Other Small Engine Mechanics,2012,320,2022,320,0,1.6,10
31,Nebraska,51-9111,Packaging and Filling Machine Operators and Tenders,2012,3440,2022,3520,80,2.5,90
31,Nebraska,53-7064,Packers and Packagers  Hand,2012,4810,2022,4850,40,0.8,130
31,Nebraska,47-2141,Painters  Construction and Maintenance,2012,2100,2022,2370,270,12.7,60
31,Nebraska,51-9122,Painters  Transportation Equipment,2012,570,2022,610,40,6.8,10
31,Nebraska,51-9123,Painting  Coating  and Decorating Workers,2012,110,2022,120,10,14.2,0
31,Nebraska,51-9196,Paper Goods Machine Setters  Operators  and Tenders,2012,1240,2022,1490,250,20.1,40
31,Nebraska,47-2142,Paperhangers,2012,10,2022,10,0,20,0
31,Nebraska,23-2011,Paralegals and Legal Assistants,2012,1350,2022,1590,240,17.5,50
31,Nebraska,33-3041,Parking Enforcement Workers,2012,0,2022,0,0,0,0
31,Nebraska,53-6021,Parking Lot Attendants,2012,100,2022,100,0,7.2,10
31,Nebraska,41-2022,Parts Salespersons,2012,1700,2022,1780,80,4.6,50
31,Nebraska,51-4062,Patternmakers  Metal and Plastic,2012,10,2022,20,10,14.3,0
31,Nebraska,47-2071,Paving  Surfacing  and Tamping Equipment Operators,2012,420,2022,500,80,19.5,10
31,Nebraska,43-3051,Payroll and Timekeeping Clerks,2012,1140,2022,1290,150,13.1,40
31,Nebraska,29-1065,Pediatricians  General,2012,240,2022,270,30,13.8,10
31,Nebraska,39-9021,Personal Care Aides,2012,4550,2022,5890,1340,29.5,170
31,Nebraska,39-9099,Personal Care and Service Workers  All Other,2012,220,2022,230,10,3.7,10
31,Nebraska,13-2052,Personal Financial Advisors,2012,900,2022,1060,160,17.9,30
31,Nebraska,37-2021,Pest Control Workers,2012,300,2022,330,30,13.2,10
31,Nebraska,37-3012,Pesticide Handlers  Sprayers  and Applicators  Vegetation,2012,330,2022,340,10,3,10
31,Nebraska,17-2171,Petroleum Engineers,2012,10,2022,10,0,11.1,0
31,Nebraska,51-8093,Petroleum Pump System Operators  Refinery Operators  and Gaugers,2012,20,2022,20,0,15.8,0
31,Nebraska,29-1051,Pharmacists,2012,2460,2022,2690,230,9.6,80
31,Nebraska,31-9095,Pharmacy Aides,2012,250,2022,270,20,10.5,10
31,Nebraska,29-2052,Pharmacy Technicians,2012,2560,2022,3000,440,16.9,70
31,Nebraska,25-1126,Philosophy and Religion Teachers  Postsecondary,2012,180,2022,200,20,10.1,10
31,Nebraska,31-9097,Phlebotomists,2012,860,2022,1030,170,19.8,30
31,Nebraska,27-4021,Photographers,2012,1140,2022,1140,0,0,10
31,Nebraska,51-9151,Photographic Process Workers and Processing Machine Operators,2012,190,2022,180,-10,-4.7,10
31,Nebraska,19-2099,Physical Scientists  All Other,2012,100,2022,110,10,11.1,0
31,Nebraska,31-2022,Physical Therapist Aides,2012,720,2022,970,250,33.7,40
31,Nebraska,31-2021,Physical Therapist Assistants,2012,670,2022,910,240,36.5,40
31,Nebraska,29-1123,Physical Therapists,2012,1490,2022,1940,450,29.7,80
31,Nebraska,29-1071,Physician Assistants,2012,850,2022,1130,280,33.1,40
31,Nebraska,29-1069,Physicians and Surgeons  All Other,2012,1910,2022,2180,270,14.2,80
31,Nebraska,19-2012,Physicists,2012,40,2022,40,0,11.4,0
31,Nebraska,25-1054,Physics Teachers  Postsecondary,2012,110,2022,120,10,10.2,0
31,Nebraska,47-2072,Pile-Driver Operators,2012,10,2022,10,0,28.6,0
31,Nebraska,47-2151,Pipelayers,2012,130,2022,170,40,26.5,10
31,Nebraska,51-8099,Plant and System Operators  All Other,2012,50,2022,60,10,9.8,0
31,Nebraska,47-2161,Plasterers and Stucco Masons,2012,80,2022,90,10,7.4,0
31,Nebraska,51-4193,Plating and Coating Machine Setters  Operators  and Tenders  Metal and Plastic,2012,630,2022,620,-10,-2.4,10
31,Nebraska,47-2152,Plumbers  Pipefitters  and Steamfitters,2012,5460,2022,6100,640,11.6,130
31,Nebraska,29-1081,Podiatrists,2012,80,2022,100,20,23.8,0
31,Nebraska,33-3051,Police and Sheriff's Patrol Officers,2012,3060,2022,3190,130,4.4,110
31,Nebraska,43-5031,Police  Fire  and Ambulance Dispatchers,2012,680,2022,710,30,4.3,20
31,Nebraska,25-1065,Political Science Teachers  Postsecondary,2012,110,2022,120,10,10.3,0
31,Nebraska,43-5051,Postal Service Clerks,2012,560,2022,430,-130,-23.8,10
31,Nebraska,43-5052,Postal Service Mail Carriers,2012,2180,2022,1780,-400,-18.4,80
31,Nebraska,43-5053,Postal Service Mail Sorters  Processors  and Processing Machine Operators,2012,970,2022,760,-210,-21.6,10
31,Nebraska,Nov-31,Postmasters and Mail Superintendents,2012,300,2022,260,-40,-15.2,10
31,Nebraska,25-1199,Postsecondary Teachers  All Other,2012,2000,2022,2200,200,10,50
31,Nebraska,51-8012,Power Distributors and Dispatchers,2012,80,2022,90,10,4.8,0
31,Nebraska,51-8013,Power Plant Operators,2012,270,2022,280,10,4.1,10
31,Nebraska,49-9069,Precision Instrument and Equipment Repairers  All Other,2012,210,2022,210,0,1.4,10
31,Nebraska,51-5111,Prepress Technicians and Workers,2012,300,2022,310,10,4.4,10
31,Nebraska,25-2011,Preschool Teachers  Except Special Education,2012,2310,2022,2580,270,11.5,90
31,Nebraska,51-6021,Pressers  Textile  Garment  and Related Materials,2012,190,2022,180,-10,-1.6,0
31,Nebraska,51-5113,Print Binding and Finishing Workers,2012,350,2022,350,0,0.3,10
31,Nebraska,51-5112,Printing Press Operators,2012,1890,2022,1980,90,4.5,40
31,Nebraska,33-9021,Private Detectives and Investigators,2012,400,2022,450,50,10.4,20
31,Nebraska,21-1092,Probation Officers and Correctional Treatment Specialists,2012,530,2022,530,0,-0.8,10
31,Nebraska,43-3061,Procurement Clerks,2012,700,2022,760,60,8.4,30
31,Nebraska,27-2012,Producers and Directors,2012,350,2022,360,10,3.5,10
31,Nebraska,51-9199,Production Workers  All Other,2012,860,2022,860,0,0.4,20
31,Nebraska,43-5061,Production  Planning  and Expediting Clerks,2012,1930,2022,2130,200,10.4,70
31,Nebraska,43-9081,Proofreaders and Copy Markers,2012,70,2022,80,10,8.5,0
31,Nebraska,Nov-41,Property  Real Estate  and Community Association Managers,2012,670,2022,760,90,13.8,20
31,Nebraska,33-9099,Protective Service Workers  All Other,2012,640,2022,760,120,18.3,60
31,Nebraska,31-1013,Psychiatric Aides,2012,640,2022,700,60,10.2,20
31,Nebraska,29-2053,Psychiatric Technicians,2012,210,2022,240,30,15.2,10
31,Nebraska,29-1066,Psychiatrists,2012,80,2022,100,20,20.2,0
31,Nebraska,19-3039,Psychologists  All Other,2012,40,2022,50,10,18.4,0
31,Nebraska,25-1066,Psychology Teachers  Postsecondary,2012,320,2022,350,30,10.1,10
31,Nebraska,27-3012,Public Address System and Other Announcers,2012,20,2022,30,10,20.8,0
31,Nebraska,Nov-31,Public Relations and Fundraising Managers,2012,720,2022,790,70,10,20
31,Nebraska,27-3031,Public Relations Specialists,2012,2480,2022,2740,260,10.4,60
31,Nebraska,53-7072,Pump Operators  Except Wellhead Pumpers,2012,40,2022,40,0,10.5,0
31,Nebraska,13-1023,Purchasing Agents  Except Wholesale  Retail  and Farm Products,2012,1680,2022,1840,160,9.6,50
31,Nebraska,Nov-61,Purchasing Managers,2012,330,2022,360,30,7.2,10
31,Nebraska,29-1124,Radiation Therapists,2012,160,2022,170,10,8.9,0
31,Nebraska,27-3011,Radio and Television Announcers,2012,480,2022,440,-40,-8.3,10
31,Nebraska,49-2021,Radio  Cellular  and Tower Equipment Installers and Repairs,2012,170,2022,180,10,6,0
31,Nebraska,29-2034,Radiologic Technologists,2012,1830,2022,2100,270,14.3,50
31,Nebraska,49-3043,Rail Car Repairers,2012,1550,2022,1670,120,7.8,60
31,Nebraska,53-4013,Rail Yard Engineers  Dinkey Operators  and Hostlers,2012,10,2022,10,0,20,0
31,Nebraska,53-4021,Railroad Brake  Signal  and Switch Operators,2012,370,2022,400,30,8.1,10
31,Nebraska,53-4031,Railroad Conductors and Yardmasters,2012,3150,2022,3400,250,8,120
31,Nebraska,47-4061,Rail-Track Laying and Maintenance Equipment Operators,2012,10,2022,10,0,14.3,0
31,Nebraska,41-9021,Real Estate Brokers,2012,280,2022,300,20,7.2,10
31,Nebraska,41-9022,Real Estate Sales Agents,2012,1300,2022,1350,50,4.4,20
31,Nebraska,43-4171,Receptionists and Information Clerks,2012,6120,2022,6840,720,11.9,240
31,Nebraska,25-1193,Recreation and Fitness Studies Teachers  Postsecondary,2012,140,2022,160,20,10.6,0
31,Nebraska,39-9032,Recreation Workers,2012,2500,2022,2820,320,12.7,60
31,Nebraska,29-1125,Recreational Therapists,2012,230,2022,250,20,6.5,10
31,Nebraska,49-3092,Recreational Vehicle Service Technicians,2012,130,2022,130,0,5.5,10
31,Nebraska,53-7081,Refuse and Recyclable Material Collectors,2012,900,2022,1080,180,19.9,40
31,Nebraska,29-1141,Registered Nurses,2012,22050,2022,24790,2740,12.4,700
31,Nebraska,21-1015,Rehabilitation Counselors,2012,1490,2022,1690,200,12.9,50
31,Nebraska,47-2171,Reinforcing Iron and Rebar Workers,2012,130,2022,150,20,18.9,0
31,Nebraska,21-2099,Religious Workers  All Other,2012,10,2022,10,0,7.7,0
31,Nebraska,27-3022,Reporters and Correspondents,2012,620,2022,510,-110,-17.8,20
31,Nebraska,43-4181,Reservation and Transportation Ticket Agents and Travel Clerks,2012,1760,2022,1530,-230,-13.5,20
31,Nebraska,39-9041,Residential Advisors,2012,550,2022,650,100,16.8,30
31,Nebraska,29-1126,Respiratory Therapists,2012,1030,2022,1150,120,12,30
31,Nebraska,29-2054,Respiratory Therapy Technicians,2012,110,2022,110,0,5.6,0
31,Nebraska,41-2031,Retail Salespersons,2012,27720,2022,29630,1910,6.9,1140
31,Nebraska,49-9096,Riggers,2012,40,2022,50,10,31.6,0
31,Nebraska,51-4023,Rolling Machine Setters  Operators  and Tenders  Metal and Plastic,2012,230,2022,240,10,4.3,10
31,Nebraska,47-5061,Roof Bolters  Mining,2012,0,2022,0,0,0,0
31,Nebraska,47-2181,Roofers,2012,900,2022,950,50,5.5,20
31,Nebraska,47-5012,Rotary Drill Operators  Oil and Gas,2012,10,2022,10,0,20,0
31,Nebraska,47-5071,Roustabouts  Oil and Gas,2012,120,2022,140,20,15.7,10
31,Nebraska,53-5011,Sailors and Marine Oilers,2012,0,2022,0,0,100,0
31,Nebraska,41-9099,Sales and Related Workers  All Other,2012,630,2022,700,70,11.4,20
31,Nebraska,41-9031,Sales Engineers,2012,140,2022,140,0,3.6,0
31,Nebraska,Nov-22,Sales Managers,2012,1680,2022,1840,160,10,50
31,Nebraska,41-3099,Sales Representatives  Services  All Other,2012,5250,2022,6010,760,14.4,220
31,Nebraska,41-4012,Sales Representatives  Wholesale and Manufacturing  Except Technical and Scientific Products,2012,10770,2022,11390,620,5.7,270
31,Nebraska,41-4011,Sales Representatives  Wholesale and Manufacturing  Technical and Scientific Products,2012,1680,2022,1780,100,6.1,40
31,Nebraska,51-7041,Sawing Machine Setters  Operators  and Tenders  Wood,2012,100,2022,120,20,21.2,10
31,Nebraska,25-2031,Secondary School Teachers  Except Special and Career/Technical Education,2012,7680,2022,8450,770,10,290
31,Nebraska,43-6014,Secretaries and Administrative Assistants  Except Legal  Medical  and Executive,2012,16810,2022,19000,2190,13.1,420
31,Nebraska,41-3031,Securities  Commodities  and Financial Services Sales Agents,2012,1990,2022,2110,120,5.9,60
31,Nebraska,49-2098,Security and Fire Alarm Systems Installers,2012,270,2022,290,20,8.3,10
31,Nebraska,33-9032,Security Guards,2012,4160,2022,4440,280,6.8,90
31,Nebraska,47-4091,Segmental Pavers,2012,10,2022,20,10,33.3,0
31,Nebraska,25-3021,Self-Enrichment Education Teachers,2012,1920,2022,2070,150,7.8,50
31,Nebraska,51-9141,Semiconductor Processors,2012,0,2022,0,0,50,0
31,Nebraska,51-9012,Separating  Filtering  Clarifying  Precipitating  and Still Machine Setters  Operators  and Tenders,2012,490,2022,520,30,5.5,20
31,Nebraska,47-4071,Septic Tank Servicers and Sewer Pipe Cleaners,2012,60,2022,80,20,25.8,0
31,Nebraska,47-5013,Service Unit Operators  Oil  Gas  and Mining,2012,30,2022,30,0,7.7,0
31,Nebraska,27-1027,Set and Exhibit Designers,2012,50,2022,50,0,13.3,0
31,Nebraska,51-6051,Sewers  Hand,2012,50,2022,60,10,5.7,0
31,Nebraska,51-6031,Sewing Machine Operators,2012,600,2022,550,-50,-8.2,0
31,Nebraska,47-2211,Sheet Metal Workers,2012,730,2022,850,120,16.8,30
31,Nebraska,53-5031,Ship Engineers,2012,0,2022,0,0,0,0
31,Nebraska,43-5071,Shipping  Receiving  and Traffic Clerks,2012,3140,2022,3240,100,3,90
31,Nebraska,51-6041,Shoe and Leather Workers and Repairers,2012,30,2022,30,0,0,0
31,Nebraska,51-6042,Shoe Machine Operators and Tenders,2012,20,2022,20,0,5.6,0
31,Nebraska,49-9097,Signal and Track Switch Repairers,2012,2100,2022,2270,170,8,70
31,Nebraska,39-5094,Skincare Specialists,2012,380,2022,500,120,32.1,20
31,Nebraska,51-3023,Slaughterers and Meat Packers,2012,2470,2022,2500,30,1.3,60
31,Nebraska,39-1012,Slot Supervisors,2012,10,2022,10,0,0,0
31,Nebraska,Nov-51,Social and Community Service Managers,2012,960,2022,1100,140,14.7,30
31,Nebraska,21-1093,Social and Human Service Assistants,2012,5730,2022,6700,970,17,250
31,Nebraska,19-4061,Social Science Research Assistants,2012,300,2022,330,30,11,20
31,Nebraska,25-1069,Social Sciences Teachers  Postsecondary  All Other,2012,30,2022,30,0,11.5,0
31,Nebraska,19-3099,Social Scientists and Related Workers  All Other,2012,210,2022,240,30,12.1,10
31,Nebraska,25-1113,Social Work Teachers  Postsecondary,2012,40,2022,40,0,10.3,0
31,Nebraska,21-1029,Social Workers  All Other,2012,240,2022,260,20,5.3,10
31,Nebraska,19-3041,Sociologists,2012,0,2022,0,0,0,0
31,Nebraska,25-1067,Sociology Teachers  Postsecondary,2012,160,2022,170,10,10.2,0
31,Nebraska,15-1132,Software Developers  Applications,2012,4810,2022,5840,1030,21.3,160
31,Nebraska,15-1133,Software Developers  Systems Software,2012,1790,2022,2210,420,23.9,70
31,Nebraska,19-1013,Soil and Plant Scientists,2012,530,2022,590,60,10.8,20
31,Nebraska,27-4014,Sound Engineering Technicians,2012,20,2022,20,0,9.5,0
31,Nebraska,25-2059,Special Education Teachers  All Other,2012,90,2022,100,10,9,0
31,Nebraska,25-2052,Special Education Teachers  Kindergarten and Elementary School,2012,1470,2022,1620,150,10.1,40
31,Nebraska,25-2053,Special Education Teachers  Middle School,2012,530,2022,580,50,10,10
31,Nebraska,25-2051,Special Education Teachers  Preschool,2012,90,2022,100,10,12.9,0
31,Nebraska,25-2054,Special Education Teachers  Secondary School,2012,1120,2022,1230,110,10.3,30
31,Nebraska,29-1127,Speech-Language Pathologists,2012,1140,2022,1330,190,15.9,40
31,Nebraska,51-8021,Stationary Engineers and Boiler Operators,2012,600,2022,650,50,7.8,20
31,Nebraska,43-9111,Statistical Assistants,2012,210,2022,250,40,18.9,10
31,Nebraska,15-2041,Statisticians,2012,150,2022,190,40,24,10
31,Nebraska,43-5081,Stock Clerks and Order Fillers,2012,11940,2022,11780,-160,-1.4,360
31,Nebraska,47-2022,Stonemasons,2012,60,2022,60,0,14.3,0
31,Nebraska,47-2221,Structural Iron and Steel Workers,2012,670,2022,800,130,19.6,40
31,Nebraska,51-2041,Structural Metal Fabricators and Fitters,2012,750,2022,810,60,7.8,40
31,Nebraska,21-1011,Substance Abuse and Behavioral Disorder Counselors,2012,610,2022,750,140,24.6,30
31,Nebraska,53-4041,Subway and Streetcar Operators,2012,0,2022,0,0,0,0
31,Nebraska,29-1067,Surgeons,2012,210,2022,250,40,20.8,10
31,Nebraska,29-2055,Surgical Technologists,2012,900,2022,1020,120,13.1,20
31,Nebraska,19-3022,Survey Researchers,2012,150,2022,180,30,21.5,10
31,Nebraska,17-3031,Surveying and Mapping Technicians,2012,320,2022,350,30,9.3,10
31,Nebraska,17-1022,Surveyors,2012,400,2022,430,30,7.3,10
31,Nebraska,43-2011,Switchboard Operators  Including Answering Service,2012,850,2022,750,-100,-12.4,20
31,Nebraska,51-6052,Tailors  Dressmakers  and Custom Sewers,2012,140,2022,140,0,0.7,0
31,Nebraska,53-7121,Tank Car  Truck  and Ship Loaders,2012,50,2022,50,0,-2.1,0
31,Nebraska,47-2082,Tapers,2012,170,2022,180,10,7.3,0
31,Nebraska,13-2081,Tax Examiners and Collectors  and Revenue Agents,2012,280,2022,290,10,4.7,10
31,Nebraska,13-2082,Tax Preparers,2012,740,2022,820,80,10.4,20
31,Nebraska,53-3041,Taxi Drivers and Chauffeurs,2012,1770,2022,2060,290,16.6,50
31,Nebraska,25-9041,Teacher Assistants,2012,11560,2022,12780,1220,10.5,380
31,Nebraska,25-3099,Teachers and Instructors  All Other,2012,7560,2022,8270,710,9.5,200
31,Nebraska,51-2092,Team Assemblers,2012,7920,2022,8760,840,10.6,210
31,Nebraska,27-3042,Technical Writers,2012,300,2022,350,50,18.3,10
31,Nebraska,49-2022,Telecommunications Equipment Installers and Repairers  Except Line Installers,2012,1350,2022,1330,-20,-1.2,20
31,Nebraska,49-9052,Telecommunications Line Installers and Repairers,2012,990,2022,1220,230,23.2,50
31,Nebraska,41-9041,Telemarketers,2012,3680,2022,3690,10,0.4,80
31,Nebraska,43-2021,Telephone Operators,2012,30,2022,30,0,15.4,0
31,Nebraska,43-3071,Tellers,2012,4660,2022,5040,380,8.3,260
31,Nebraska,47-2053,Terrazzo Workers and Finishers,2012,10,2022,20,10,15.4,0
31,Nebraska,51-6062,Textile Cutting Machine Setters  Operators  and Tenders,2012,10,2022,10,0,0,0
31,Nebraska,51-6064,Textile Winding  Twisting  and Drawing Out Machine Setters  Operators  and Tenders,2012,90,2022,90,0,2.2,0
31,Nebraska,51-6099,Textile  Apparel  and Furnishings Workers  All Other,2012,340,2022,360,20,5.9,0
31,Nebraska,29-1129,Therapists  All Other,2012,120,2022,140,20,19.5,0
31,Nebraska,47-2044,Tile and Marble Setters,2012,40,2022,40,0,4.8,0
31,Nebraska,51-2093,Timing Device Assemblers and Adjusters,2012,60,2022,70,10,3.2,0
31,Nebraska,51-9197,Tire Builders,2012,110,2022,120,10,4.4,0
31,Nebraska,49-3093,Tire Repairers and Changers,2012,870,2022,920,50,5.4,40
31,Nebraska,23-2093,Title Examiners  Abstractors  and Searchers,2012,870,2022,930,60,7.4,20
31,Nebraska,51-4111,Tool and Die Makers,2012,510,2022,550,40,8.2,10
31,Nebraska,51-4194,Tool Grinders  Filers  and Sharpeners,2012,100,2022,110,10,5,0
31,Nebraska,00-0000,Total  All Occupations,2012,1071410,2022,1173660,102250,9.5,36270
31,Nebraska,39-7011,Tour Guides and Escorts,2012,400,2022,400,0,1.5,20
31,Nebraska,53-6041,Traffic Technicians,2012,10,2022,10,0,9.1,0
31,Nebraska,Nov-31,Training and Development Managers,2012,140,2022,160,20,12.1,10
31,Nebraska,13-1151,Training and Development Specialists,2012,2300,2022,2580,280,12.1,70
31,Nebraska,53-6061,Transportation Attendants  Except Flight Attendants,2012,50,2022,60,10,17.6,0
31,Nebraska,53-6051,Transportation Inspectors,2012,50,2022,50,0,17.4,0
31,Nebraska,33-9093,Transportation Security Screeners,2012,250,2022,310,60,25.5,10
31,Nebraska,53-6099,Transportation Workers  All Other,2012,80,2022,90,10,14.6,0
31,Nebraska,Nov-71,Transportation  Storage  and Distribution Managers,2012,590,2022,640,50,9.9,20
31,Nebraska,41-3041,Travel Agents,2012,490,2022,410,-80,-14.6,10
31,Nebraska,39-7012,Travel Guides,2012,20,2022,20,0,-9.1,0
31,Nebraska,37-3013,Tree Trimmers and Pruners,2012,100,2022,110,10,4,0
31,Nebraska,27-2023,Umpires  Referees  and Other Sports Officials,2012,40,2022,40,0,13.5,0
31,Nebraska,51-6093,Upholsterers,2012,60,2022,60,0,3.4,0
31,Nebraska,19-3051,Urban and Regional Planners,2012,140,2022,150,10,8.5,10
31,Nebraska,39-3031,Ushers  Lobby Attendants  and Ticket Takers,2012,480,2022,550,70,14.3,30
31,Nebraska,29-1131,Veterinarians,2012,870,2022,970,100,11.2,40
31,Nebraska,31-9096,Veterinary Assistants and Laboratory Animal Caretakers,2012,540,2022,580,40,7.8,10
31,Nebraska,29-2056,Veterinary Technologists and Technicians,2012,620,2022,800,180,28.8,20
31,Nebraska,25-1194,Vocational Education Teachers  Postsecondary,2012,1540,2022,1690,150,10.2,40
31,Nebraska,35-3031,Waiters and Waitresses,2012,15490,2022,16870,1380,8.9,880
31,Nebraska,49-9064,Watch Repairers,2012,10,2022,10,0,0,0
31,Nebraska,51-8031,Water and Wastewater Treatment Plant and System Operators,2012,810,2022,900,90,11.2,40
31,Nebraska,15-1134,Web Developers,2012,1220,2022,1490,270,22.1,50
31,Nebraska,43-5111,Weighers  Measurers  Checkers  and Samplers  Recordkeeping,2012,1050,2022,1120,70,6.6,30
31,Nebraska,51-4121,Welders  Cutters  Solderers  and Brazers,2012,4520,2022,4940,420,9.3,150
31,Nebraska,51-4122,Welding  Soldering  and Brazing Machine Setters  Operators  and Tenders,2012,690,2022,880,190,27.2,40
31,Nebraska,53-7073,Wellhead Pumpers,2012,30,2022,30,0,3.1,0
31,Nebraska,13-1022,Wholesale and Retail Buyers  Except Farm Products,2012,1070,2022,1170,100,9,40
31,Nebraska,49-9081,Wind Turbine Service Technicians,2012,30,2022,30,0,3.1,0
31,Nebraska,51-7099,Woodworkers  All Other,2012,90,2022,80,-10,-12.8,0
31,Nebraska,51-7042,Woodworking Machine Setters  Operators  and Tenders  Except Sawing,2012,400,2022,450,50,12.5,10
31,Nebraska,43-9022,Word Processors and Typists,2012,290,2022,220,-70,-23.5,0
31,Nebraska,27-3043,Writers and Authors,2012,830,2022,850,20,3,20
31,Nebraska,19-1023,Zoologists and Wildlife Biologists,2012,160,2022,170,10,5.7,10
