STFIPS,AreaName,OccupationCode,OccupationName,BaseYear,Base,ProjYear,Proj,Change,PercentChange,AvgAnnualOpenings
32,Nevada,13-2011,Accountants and Auditors,2012,8130,2022,9310,1180,14.6,360
32,Nevada,27-2011,Actors,2012,360,2022,410,50,13.6,20
32,Nevada,15-2011,Actuaries,2012,30,2022,40,10,27.3,0
32,Nevada,23-1021,Administrative Law Judges  Adjudicators  and Hearing Officers,2012,160,2022,170,10,6.3,0
32,Nevada,Nov-11,Administrative Services Managers,2012,1200,2022,1350,150,13,40
32,Nevada,25-3011,Adult Basic and Secondary Education and Literacy Teachers and Instructors,2012,320,2022,360,40,14.5,10
32,Nevada,Nov-11,Advertising and Promotions Managers,2012,350,2022,380,30,9.4,10
32,Nevada,41-3011,Advertising Sales Agents,2012,890,2022,920,30,2.6,30
32,Nevada,17-2011,Aerospace Engineers,2012,30,2022,30,0,26.9,0
32,Nevada,45-2099,Agricultural Workers  All Other,2012,50,2022,50,0,3.8,0
32,Nevada,53-2021,Air Traffic Controllers,2012,230,2022,260,30,14.5,10
32,Nevada,53-1011,Aircraft Cargo Handling Supervisors,2012,90,2022,100,10,11.4,0
32,Nevada,49-3011,Aircraft Mechanics and Service Technicians,2012,1130,2022,1360,230,20.6,50
32,Nevada,53-2022,Airfield Operations Specialists,2012,30,2022,30,0,3.3,0
32,Nevada,53-3011,Ambulance Drivers and Attendants  Except Emergency Medical Technicians,2012,150,2022,190,40,20.9,10
32,Nevada,39-3091,Amusement and Recreation Attendants,2012,4200,2022,4600,400,9.6,250
32,Nevada,29-1061,Anesthesiologists,2012,120,2022,130,10,11.3,0
32,Nevada,45-2021,Animal Breeders,2012,0,2022,0,0,-100,0
32,Nevada,39-2011,Animal Trainers,2012,180,2022,220,40,21.7,10
32,Nevada,19-3091,Anthropologists and Archeologists,2012,160,2022,200,40,22.6,10
32,Nevada,13-2021,Appraisers and Assessors of Real Estate,2012,540,2022,580,40,7.2,10
32,Nevada,23-1022,Arbitrators  Mediators  and Conciliators,2012,50,2022,50,0,8.7,0
32,Nevada,17-1011,Architects  Except Landscape and Naval,2012,440,2022,520,80,20.5,20
32,Nevada,17-3011,Architectural and Civil Drafters,2012,580,2022,610,30,3.9,10
32,Nevada,Nov-41,Architectural and Engineering Managers,2012,820,2022,950,130,16.3,30
32,Nevada,25-4011,Archivists,2012,20,2022,20,0,41.2,0
32,Nevada,27-1011,Art Directors,2012,240,2022,260,20,6.7,10
32,Nevada,25-1121,Art  Drama  and Music Teachers  Postsecondary,2012,370,2022,420,50,11.8,10
32,Nevada,27-1019,Artists and Related Workers  All Other,2012,200,2022,220,20,8.8,10
32,Nevada,51-2099,Assemblers and Fabricators  All Other,2012,1040,2022,1260,220,21.8,40
32,Nevada,19-2021,Atmospheric and Space Scientists,2012,150,2022,170,20,8.4,10
32,Nevada,27-4011,Audio and Video Equipment Technicians,2012,1620,2022,1870,250,15,50
32,Nevada,53-6031,Automotive and Watercraft Service Attendants,2012,1140,2022,1320,180,15.9,50
32,Nevada,49-3021,Automotive Body and Related Repairers,2012,960,2022,1040,80,9,30
32,Nevada,49-3023,Automotive Service Technicians and Mechanics,2012,5290,2022,5660,370,7,170
32,Nevada,49-2091,Avionics Technicians,2012,180,2022,210,30,18.6,10
32,Nevada,39-6011,Baggage Porters and Bellhops,2012,2990,2022,3300,310,10.4,110
32,Nevada,33-3011,Bailiffs,2012,150,2022,150,0,4.8,10
32,Nevada,51-3011,Bakers,2012,2420,2022,2840,420,17.1,100
32,Nevada,35-3011,Bartenders,2012,13650,2022,15660,2010,14.8,710
32,Nevada,43-3011,Bill and Account Collectors,2012,4120,2022,4590,470,11.6,160
32,Nevada,43-3021,Billing and Posting Clerks,2012,2960,2022,3390,430,14.4,100
32,Nevada,19-1021,Biochemists and Biophysicists,2012,70,2022,90,20,19.7,0
32,Nevada,25-1042,Biological Science Teachers  Postsecondary,2012,180,2022,210,30,16.6,10
32,Nevada,19-1029,Biological Scientists  All Other,2012,210,2022,220,10,5.3,10
32,Nevada,19-4021,Biological Technicians,2012,190,2022,220,30,13.4,10
32,Nevada,47-2011,Boilermakers,2012,30,2022,30,0,19.2,0
32,Nevada,43-3031,Bookkeeping  Accounting  and Auditing Clerks,2012,12370,2022,14100,1730,14,290
32,Nevada,47-2021,Brickmasons and Blockmasons,2012,470,2022,970,500,104.4,60
32,Nevada,27-3021,Broadcast News Analysts,2012,20,2022,20,0,6.7,0
32,Nevada,27-4012,Broadcast Technicians,2012,210,2022,220,10,3.3,10
32,Nevada,43-4011,Brokerage Clerks,2012,140,2022,140,0,4.3,10
32,Nevada,13-2031,Budget Analysts,2012,300,2022,330,30,9.9,20
32,Nevada,49-3031,Bus and Truck Mechanics and Diesel Engine Specialists,2012,1410,2022,1650,240,16.8,50
32,Nevada,53-3022,Bus Drivers  School or Special Client,2012,2180,2022,2160,-20,-1,40
32,Nevada,53-3021,Bus Drivers  Transit and Intercity,2012,2380,2022,2800,420,17.9,90
32,Nevada,13-1199,Business Operations Specialists  All Other,2012,5920,2022,6640,720,12.1,150
32,Nevada,25-1011,Business Teachers  Postsecondary,2012,310,2022,350,40,14,10
32,Nevada,51-3021,Butchers and Meat Cutters,2012,1030,2022,1120,90,8.9,30
32,Nevada,13-1021,Buyers and Purchasing Agents  Farm Products,2012,90,2022,90,0,10.6,0
32,Nevada,51-7011,Cabinetmakers and Bench Carpenters,2012,460,2022,530,70,16.3,10
32,Nevada,27-4031,Camera Operators  Television  Video  and Motion Picture,2012,110,2022,110,0,5.7,0
32,Nevada,29-2031,Cardiovascular Technologists and Technicians,2012,470,2022,580,110,23.7,20
32,Nevada,25-2032,Career/Technical Education Teachers  Secondary School,2012,350,2022,370,20,4.8,10
32,Nevada,43-5011,Cargo and Freight Agents,2012,660,2022,770,110,17.4,30
32,Nevada,47-2031,Carpenters,2012,10350,2022,15400,5050,48.8,630
32,Nevada,47-2041,Carpet Installers,2012,790,2022,1020,230,29.1,40
32,Nevada,17-1021,Cartographers and Photogrammetrists,2012,160,2022,180,20,16,10
32,Nevada,41-2011,Cashiers,2012,29300,2022,30830,1530,5.2,1420
32,Nevada,47-2051,Cement Masons and Concrete Finishers,2012,1200,2022,2250,1050,87.3,120
32,Nevada,35-1011,Chefs and Head Cooks,2012,3520,2022,3840,320,9,90
32,Nevada,17-2041,Chemical Engineers,2012,60,2022,70,10,7.9,0
32,Nevada,51-9011,Chemical Equipment Operators and Tenders,2012,60,2022,80,20,30,0
32,Nevada,19-4031,Chemical Technicians,2012,740,2022,810,70,9.8,30
32,Nevada,19-2031,Chemists,2012,300,2022,330,30,12.2,10
32,Nevada,11-1011,Chief Executives,2012,1170,2022,1260,90,7.2,30
32,Nevada,21-1021,Child  Family  and School Social Workers,2012,2810,2022,3040,230,8.1,80
32,Nevada,39-9011,Childcare Workers,2012,3060,2022,3630,570,18.5,150
32,Nevada,29-1011,Chiropractors,2012,390,2022,420,30,7.2,10
32,Nevada,17-3022,Civil Engineering Technicians,2012,760,2022,750,-10,-1.3,20
32,Nevada,17-2051,Civil Engineers,2012,1810,2022,2300,490,26.9,90
32,Nevada,13-1031,Claims Adjusters  Examiners  and Investigators,2012,1360,2022,1540,180,13,50
32,Nevada,53-7061,Cleaners of Vehicles and Equipment,2012,3400,2022,3660,260,7.7,120
32,Nevada,51-9192,Cleaning  Washing  and Metal Pickling Equipment Operators and Tenders,2012,80,2022,90,10,17.3,0
32,Nevada,19-3031,Clinical  Counseling  and School Psychologists,2012,590,2022,630,40,7.3,20
32,Nevada,27-2022,Coaches and Scouts,2012,1270,2022,1460,190,15.1,60
32,Nevada,51-9121,Coating  Painting  and Spraying Machine Setters  Operators  and Tenders,2012,140,2022,170,30,16.2,10
32,Nevada,49-9091,Coin  Vending  and Amusement Machine Servicers and Repairers,2012,1840,2022,1990,150,8,30
32,Nevada,35-3021,Combined Food Preparation and Serving Workers  Including Fast Food,2012,29300,2022,35950,6650,22.7,1780
32,Nevada,27-1021,Commercial and Industrial Designers,2012,90,2022,90,0,1.1,0
32,Nevada,53-2012,Commercial Pilots,2012,590,2022,670,80,14.3,30
32,Nevada,25-1122,Communications Teachers  Postsecondary,2012,70,2022,80,10,14.9,0
32,Nevada,21-1099,Community and Social Service Specialists  All Other,2012,300,2022,330,30,10.2,10
32,Nevada,21-1094,Community Health Workers,2012,280,2022,350,70,23.6,10
32,Nevada,Nov-11,Compensation and Benefits Managers,2012,80,2022,80,0,6.5,0
32,Nevada,13-1141,Compensation  Benefits  and Job Analysis Specialists,2012,380,2022,410,30,6.6,10
32,Nevada,13-1041,Compliance Officers,2012,1700,2022,1830,130,8.1,50
32,Nevada,Nov-21,Computer and Information Systems Managers,2012,1350,2022,1520,170,12.5,40
32,Nevada,17-2061,Computer Hardware Engineers,2012,70,2022,80,10,13.4,0
32,Nevada,15-1143,Computer Network Architects,2012,460,2022,520,60,13.1,10
32,Nevada,15-1152,Computer Network Support Specialists,2012,700,2022,720,20,2.4,10
32,Nevada,51-4012,Computer Numerically Controlled Machine Tool Programmers  Metal and Plastic,2012,60,2022,80,20,38.3,0
32,Nevada,15-1199,Computer Occupations  All Other,2012,2540,2022,2750,210,8.1,60
32,Nevada,43-9011,Computer Operators,2012,410,2022,350,-60,-16.3,0
32,Nevada,15-1131,Computer Programmers,2012,1260,2022,1350,90,7.1,40
32,Nevada,25-1021,Computer Science Teachers  Postsecondary,2012,120,2022,140,20,10.5,0
32,Nevada,15-1121,Computer Systems Analysts,2012,1880,2022,2350,470,24.6,80
32,Nevada,15-1151,Computer User Support Specialists,2012,2000,2022,2540,540,26.9,90
32,Nevada,49-2011,Computer  Automated Teller  and Office Machine Repairers,2012,1220,2022,1320,100,8.1,40
32,Nevada,51-4011,Computer-Controlled Machine Tool Operators  Metal and Plastic,2012,390,2022,530,140,37,30
32,Nevada,39-6012,Concierges,2012,710,2022,840,130,19.6,30
32,Nevada,19-1031,Conservation Scientists,2012,120,2022,130,10,3.3,0
32,Nevada,47-4011,Construction and Building Inspectors,2012,890,2022,1010,120,14.3,30
32,Nevada,47-4099,Construction and Related Workers  All Other,2012,330,2022,370,40,14.4,10
32,Nevada,47-2061,Construction Laborers,2012,7620,2022,11780,4160,54.7,580
32,Nevada,Nov-21,Construction Managers,2012,4050,2022,5520,1470,36.4,210
32,Nevada,47-5041,Continuous Mining Machine Operators,2012,2050,2022,1940,-110,-5.3,40
32,Nevada,49-9012,Control and Valve Installers and Repairers  Except Mechanical Door,2012,280,2022,260,-20,-8.5,10
32,Nevada,53-7011,Conveyor Operators and Tenders,2012,160,2022,200,40,22.2,10
32,Nevada,35-2019,Cooks  All Other,2012,130,2022,150,20,9.7,0
32,Nevada,35-2011,Cooks  Fast Food,2012,5340,2022,5740,400,7.3,140
32,Nevada,35-2012,Cooks  Institution and Cafeteria,2012,1260,2022,1470,210,17,50
32,Nevada,35-2013,Cooks  Private Household,2012,10,2022,10,0,16.7,0
32,Nevada,35-2014,Cooks  Restaurant,2012,17440,2022,20450,3010,17.3,650
32,Nevada,35-2015,Cooks  Short Order,2012,2220,2022,2380,160,7.1,60
32,Nevada,33-3012,Correctional Officers and Jailers,2012,2660,2022,2830,170,6.3,90
32,Nevada,43-4021,Correspondence Clerks,2012,60,2022,70,10,7.9,0
32,Nevada,13-1051,Cost Estimators,2012,1750,2022,2810,1060,60,160
32,Nevada,39-3092,Costume Attendants,2012,330,2022,370,40,10.2,20
32,Nevada,21-1019,Counselors  All Other,2012,90,2022,100,10,10.9,0
32,Nevada,41-2021,Counter and Rental Clerks,2012,3160,2022,3460,300,9.5,110
32,Nevada,35-3022,Counter Attendants  Cafeteria  Food Concession  and Coffee Shop,2012,3650,2022,3910,260,7.1,250
32,Nevada,43-5021,Couriers and Messengers,2012,1350,2022,1240,-110,-8.1,20
32,Nevada,43-4031,Court  Municipal  and License Clerks,2012,1460,2022,1630,170,11.5,40
32,Nevada,27-1012,Craft Artists,2012,300,2022,320,20,6.8,10
32,Nevada,53-7021,Crane and Tower Operators,2012,280,2022,470,190,68.5,30
32,Nevada,13-2041,Credit Analysts,2012,440,2022,490,50,11.3,20
32,Nevada,43-4041,Credit Authorizers  Checkers  and Clerks,2012,200,2022,200,0,-2,0
32,Nevada,13-2071,Credit Counselors,2012,80,2022,90,10,11.4,0
32,Nevada,33-9091,Crossing Guards,2012,860,2022,840,-20,-2.7,10
32,Nevada,51-9021,Crushing  Grinding  and Polishing Machine Setters  Operators  and Tenders,2012,460,2022,550,90,18.4,20
32,Nevada,25-4012,Curators,2012,50,2022,50,0,10.2,0
32,Nevada,43-4051,Customer Service Representatives,2012,16580,2022,19620,3040,18.3,760
32,Nevada,51-9031,Cutters and Trimmers  Hand,2012,40,2022,50,10,13.6,0
32,Nevada,51-9032,Cutting and Slicing Machine Setters  Operators  and Tenders,2012,290,2022,340,50,17.2,10
32,Nevada,51-4031,Cutting  Punching  and Press Machine Setters  Operators  and Tenders  Metal and Plastic,2012,610,2022,660,50,8.3,10
32,Nevada,27-2031,Dancers,2012,1150,2022,1280,130,11.9,50
32,Nevada,43-9021,Data Entry Keyers,2012,1220,2022,960,-260,-21,10
32,Nevada,15-1141,Database Administrators,2012,420,2022,470,50,11.2,10
32,Nevada,31-9091,Dental Assistants,2012,2790,2022,3010,220,8,80
32,Nevada,29-2021,Dental Hygienists,2012,1410,2022,1630,220,15.5,60
32,Nevada,51-9081,Dental Laboratory Technicians,2012,170,2022,190,20,7.5,10
32,Nevada,29-1029,Dentists  All Other Specialists,2012,20,2022,20,0,0,0
32,Nevada,29-1021,Dentists  General,2012,1410,2022,1490,80,5.6,40
32,Nevada,27-1029,Designers  All Other,2012,110,2022,120,10,7.4,0
32,Nevada,33-3021,Detectives and Criminal Investigators,2012,590,2022,640,50,7.1,20
32,Nevada,29-2032,Diagnostic Medical Sonographers,2012,280,2022,390,110,36.3,10
32,Nevada,29-2051,Dietetic Technicians,2012,100,2022,120,20,13.5,0
32,Nevada,29-1031,Dietitians and Nutritionists,2012,270,2022,310,40,15.4,10
32,Nevada,35-9011,Dining Room and Cafeteria Attendants and Bartender Helpers,2012,12600,2022,14050,1450,11.5,700
32,Nevada,21-2021,Directors  Religious Activities and Education,2012,1880,2022,2000,120,6.1,80
32,Nevada,35-9021,Dishwashers,2012,10110,2022,11110,1000,10,550
32,Nevada,43-5032,Dispatchers  Except Police  Fire  and Ambulance,2012,2260,2022,2580,320,14.6,100
32,Nevada,41-9091,Door-to-Door Sales Workers  News and Street Vendors  and Related Workers,2012,1290,2022,1100,-190,-14.2,10
32,Nevada,17-3019,Drafters  All Other,2012,180,2022,220,40,20.8,10
32,Nevada,51-4032,Drilling and Boring Machine Tool Setters  Operators  and Tenders  Metal and Plastic,2012,40,2022,40,0,-9.5,0
32,Nevada,53-3031,Driver/Sales Workers,2012,3060,2022,3340,280,9,80
32,Nevada,47-2081,Drywall and Ceiling Tile Installers,2012,970,2022,1550,580,60,70
32,Nevada,47-5021,Earth Drillers  Except Oil and Gas,2012,980,2022,1000,20,1.2,30
32,Nevada,27-3041,Editors,2012,310,2022,330,20,3.8,10
32,Nevada,Nov-32,Education Administrators  Elementary and Secondary School,2012,1400,2022,1480,80,5.2,40
32,Nevada,Nov-33,Education Administrators  Postsecondary,2012,750,2022,860,110,14.9,30
32,Nevada,Nov-31,Education Administrators  Preschool and Childcare Center/Program,2012,270,2022,330,60,19.8,10
32,Nevada,25-1081,Education Teachers  Postsecondary,2012,320,2022,350,30,11.4,10
32,Nevada,25-9099,Education  Training  and Library Workers  All Other,2012,1730,2022,1810,80,4.6,20
32,Nevada,21-1012,Educational  Guidance  School  and Vocational Counselors,2012,1390,2022,1520,130,9.3,40
32,Nevada,49-2092,Electric Motor  Power Tool  and Related Repairers,2012,140,2022,130,-10,-9.4,0
32,Nevada,51-2022,Electrical and Electronic Equipment Assemblers,2012,580,2022,640,60,9.2,10
32,Nevada,17-3012,Electrical and Electronics Drafters,2012,550,2022,820,270,47.7,30
32,Nevada,17-3023,Electrical and Electronics Engineering Technicians,2012,930,2022,990,60,6,30
32,Nevada,49-2094,Electrical and Electronics Repairers  Commercial and Industrial Equipment,2012,210,2022,230,20,12,10
32,Nevada,49-2095,Electrical and Electronics Repairers  Powerhouse  Substation  and Relay,2012,60,2022,50,-10,-1.8,0
32,Nevada,17-2071,Electrical Engineers,2012,570,2022,640,70,12.4,20
32,Nevada,49-9051,Electrical Power-Line Installers and Repairers,2012,760,2022,810,50,6.3,30
32,Nevada,47-2111,Electricians,2012,4450,2022,6190,1740,39.1,260
32,Nevada,51-2023,Electromechanical Equipment Assemblers,2012,120,2022,130,10,8.2,0
32,Nevada,49-2097,Electronic Home Entertainment Equipment Installers and Repairers,2012,180,2022,250,70,37.8,10
32,Nevada,17-2072,Electronics Engineers  Except Computer,2012,540,2022,620,80,13.2,20
32,Nevada,25-2021,Elementary School Teachers  Except Special Education,2012,9810,2022,10970,1160,11.9,330
32,Nevada,47-4021,Elevator Installers and Repairers,2012,110,2022,170,60,50.5,10
32,Nevada,43-4061,Eligibility Interviewers  Government Programs,2012,700,2022,800,100,14.9,20
32,Nevada,Nov-61,Emergency Management Directors,2012,50,2022,50,0,8.3,0
32,Nevada,51-2031,Engine and Other Machine Assemblers,2012,30,2022,30,0,-10.3,0
32,Nevada,17-3029,Engineering Technicians  Except Drafters  All Other,2012,360,2022,390,30,6.9,10
32,Nevada,17-2199,Engineers  All Other,2012,810,2022,930,120,14.3,30
32,Nevada,25-1123,English Language and Literature Teachers  Postsecondary,2012,340,2022,380,40,10.9,10
32,Nevada,27-2099,Entertainers and Performers  Sports and Related Workers  All Other,2012,2040,2022,2280,240,11.8,50
32,Nevada,39-3099,Entertainment Attendants and Related Workers  All Other,2012,350,2022,380,30,9.1,20
32,Nevada,17-3025,Environmental Engineering Technicians,2012,260,2022,300,40,15.2,10
32,Nevada,17-2081,Environmental Engineers,2012,330,2022,360,30,8.9,10
32,Nevada,19-4091,Environmental Science and Protection Technicians  Including Health,2012,390,2022,450,60,14.4,20
32,Nevada,19-2041,Environmental Scientists and Specialists  Including Health,2012,730,2022,850,120,16.5,30
32,Nevada,19-1041,Epidemiologists,2012,50,2022,60,10,16,0
32,Nevada,51-9194,Etchers and Engravers,2012,90,2022,100,10,4.4,0
32,Nevada,53-7032,Excavating and Loading Machine and Dragline Operators,2012,340,2022,430,90,28.1,10
32,Nevada,43-6011,Executive Secretaries and Executive Administrative Assistants,2012,2780,2022,2760,-20,-0.6,30
32,Nevada,29-1128,Exercise Physiologists,2012,20,2022,20,0,0,0
32,Nevada,47-5031,Explosives Workers  Ordnance Handling Experts  and Blasters,2012,520,2022,560,40,7.7,20
32,Nevada,47-5099,Extraction Workers  All Other,2012,70,2022,70,0,-4.2,0
32,Nevada,51-4021,Extruding and Drawing Machine Setters  Operators  and Tenders  Metal and Plastic,2012,410,2022,450,40,11.6,10
32,Nevada,51-6091,Extruding and Forming Machine Setters  Operators  and Tenders  Synthetic and Glass Fibers,2012,20,2022,20,0,23.5,0
32,Nevada,51-9041,Extruding  Forming  Pressing  and Compacting Machine Setters  Operators  and Tenders,2012,220,2022,260,40,21.9,10
32,Nevada,45-4021,Fallers,2012,0,2022,0,0,0,0
32,Nevada,29-1062,Family and General Practitioners,2012,1150,2022,1170,20,1.7,30
32,Nevada,49-3041,Farm Equipment Mechanics and Service Technicians,2012,30,2022,30,0,10,0
32,Nevada,45-2092,Farmworkers and Laborers  Crop  Nursery  and Greenhouse,2012,1040,2022,1070,30,3.7,40
32,Nevada,45-2093,Farmworkers  Farm  Ranch  and Aquacultural Animals,2012,160,2022,180,20,9.8,10
32,Nevada,27-1022,Fashion Designers,2012,20,2022,20,0,16.7,0
32,Nevada,47-4031,Fence Erectors,2012,180,2022,290,110,58.7,20
32,Nevada,51-2091,Fiberglass Laminators and Fabricators,2012,60,2022,70,10,11.3,0
32,Nevada,43-4071,File Clerks,2012,1310,2022,1220,-90,-6.5,30
32,Nevada,27-4032,Film and Video Editors,2012,230,2022,260,30,14.5,10
32,Nevada,13-2051,Financial Analysts,2012,720,2022,830,110,14.2,30
32,Nevada,43-3099,Financial Clerks  All Other,2012,130,2022,140,10,7.9,10
32,Nevada,13-2061,Financial Examiners,2012,100,2022,100,0,6.3,0
32,Nevada,Nov-31,Financial Managers,2012,4390,2022,4850,460,10.6,130
32,Nevada,13-2099,Financial Specialists  All Other,2012,1180,2022,1280,100,8.7,20
32,Nevada,33-2021,Fire Inspectors and Investigators,2012,210,2022,230,20,8.1,10
32,Nevada,33-2011,Firefighters,2012,1660,2022,1740,80,4.7,50
32,Nevada,47-1011,First-Line Supervisors of Construction Trades and Extraction Workers,2012,4420,2022,6630,2210,49.9,270
32,Nevada,33-1011,First-Line Supervisors of Correctional Officers,2012,270,2022,290,20,6.3,10
32,Nevada,45-1011,First-Line Supervisors of Farming  Fishing  and Forestry Workers,2012,170,2022,180,10,5.8,10
32,Nevada,33-1021,First-Line Supervisors of Fire Fighting and Prevention Workers,2012,550,2022,580,30,4.9,30
32,Nevada,35-1012,First-Line Supervisors of Food Preparation and Serving Workers,2012,9490,2022,11190,1700,17.9,440
32,Nevada,53-1021,First-Line Supervisors of Helpers  Laborers  and Material Movers  Hand,2012,1300,2022,1520,220,16.5,60
32,Nevada,37-1011,First-Line Supervisors of Housekeeping and Janitorial Workers,2012,3770,2022,4140,370,9.9,130
32,Nevada,37-1012,First-Line Supervisors of Landscaping  Lawn Service  and Groundskeeping Workers,2012,1380,2022,1520,140,10.6,30
32,Nevada,49-1011,First-Line Supervisors of Mechanics  Installers  and Repairers,2012,2760,2022,3040,280,10.1,100
32,Nevada,41-1012,First-Line Supervisors of Non-Retail Sales Workers,2012,1620,2022,1650,30,2.1,20
32,Nevada,43-1011,First-Line Supervisors of Office and Administrative Support Workers,2012,9940,2022,11120,1180,11.9,350
32,Nevada,39-1021,First-Line Supervisors of Personal Service Workers,2012,2780,2022,3020,240,8.7,80
32,Nevada,33-1012,First-Line Supervisors of Police and Detectives,2012,790,2022,830,40,5.1,30
32,Nevada,51-1011,First-Line Supervisors of Production and Operating Workers,2012,2500,2022,2870,370,14.6,70
32,Nevada,33-1099,First-Line Supervisors of Protective Service Workers  All Other,2012,1430,2022,1540,110,7.5,40
32,Nevada,41-1011,First-Line Supervisors of Retail Sales Workers,2012,11580,2022,12510,930,8,350
32,Nevada,53-1031,First-Line Supervisors of Transportation and Material-Moving Machine and Vehicle Operators,2012,1570,2022,1790,220,14.4,70
32,Nevada,45-3011,Fishers and Related Fishing Workers,2012,0,2022,0,0,0,0
32,Nevada,39-9031,Fitness Trainers and Aerobics Instructors,2012,2110,2022,2360,250,11.8,50
32,Nevada,47-2042,Floor Layers  Except Carpet  Wood  and Hard Tiles,2012,120,2022,160,40,39.1,10
32,Nevada,27-1023,Floral Designers,2012,430,2022,440,10,2.3,10
32,Nevada,51-3092,Food Batchmakers,2012,560,2022,660,100,19.4,30
32,Nevada,51-3093,Food Cooking Machine Operators and Tenders,2012,150,2022,180,30,19.6,10
32,Nevada,35-9099,Food Preparation and Serving Related Workers  All Other,2012,2410,2022,2660,250,10.2,150
32,Nevada,35-2021,Food Preparation Workers,2012,8160,2022,8980,820,10.1,320
32,Nevada,51-3099,Food Processing Workers  All Other,2012,130,2022,160,30,26.4,10
32,Nevada,19-1012,Food Scientists and Technologists,2012,20,2022,20,0,21.1,0
32,Nevada,35-3041,Food Servers  Nonrestaurant,2012,1310,2022,1520,210,16.5,60
32,Nevada,Nov-51,Food Service Managers,2012,3520,2022,3720,200,5.9,80
32,Nevada,19-4092,Forensic Science Technicians,2012,200,2022,210,10,6.1,10
32,Nevada,19-4093,Forest and Conservation Technicians,2012,400,2022,420,20,4.7,20
32,Nevada,45-4011,Forest and Conservation Workers,2012,40,2022,40,0,4.9,0
32,Nevada,13-1131,Fundraisers,2012,160,2022,190,30,16.8,10
32,Nevada,39-4021,Funeral Attendants,2012,80,2022,80,0,2.4,0
32,Nevada,Nov-61,Funeral Service Managers,2012,50,2022,50,0,12.5,0
32,Nevada,51-9051,Furnace  Kiln  Oven  Drier  and Kettle Operators and Tenders,2012,130,2022,160,30,23.1,10
32,Nevada,51-7021,Furniture Finishers,2012,80,2022,100,20,23.4,0
32,Nevada,39-3012,Gaming and Sports Book Writers and Runners,2012,1530,2022,1690,160,10,40
32,Nevada,43-3041,Gaming Cage Workers,2012,2960,2022,3230,270,9.1,90
32,Nevada,41-2012,Gaming Change Persons and Booth Cashiers,2012,2050,2022,1940,-110,-5.5,90
32,Nevada,39-3011,Gaming Dealers,2012,22640,2022,25950,3310,14.6,720
32,Nevada,Nov-71,Gaming Managers,2012,590,2022,640,50,9.3,20
32,Nevada,39-3019,Gaming Service Workers  All Other,2012,3310,2022,3610,300,9,90
32,Nevada,39-1011,Gaming Supervisors,2012,9510,2022,10370,860,9,280
32,Nevada,33-9031,Gaming Surveillance Officers and Gaming Investigators,2012,740,2022,800,60,9,20
32,Nevada,11-1021,General and Operations Managers,2012,15830,2022,18580,2750,17.4,570
32,Nevada,19-3092,Geographers,2012,10,2022,20,10,30.8,0
32,Nevada,19-4041,Geological and Petroleum Technicians,2012,110,2022,120,10,10.7,10
32,Nevada,19-2042,Geoscientists  Except Hydrologists and Geographers,2012,730,2022,770,40,4.8,30
32,Nevada,47-2121,Glaziers,2012,460,2022,810,350,77.1,50
32,Nevada,27-1024,Graphic Designers,2012,1630,2022,1830,200,12.1,60
32,Nevada,51-9022,Grinding and Polishing Workers  Hand,2012,170,2022,270,100,55.9,20
32,Nevada,51-4033,Grinding  Lapping  Polishing  and Buffing Machine Tool Setters  Operators  and Tenders  Metal and Plastic,2012,220,2022,210,-10,-3.6,10
32,Nevada,37-3019,Grounds Maintenance Workers  All Other,2012,30,2022,30,0,3.6,0
32,Nevada,39-5012,Hairdressers  Hairstylists  and Cosmetologists,2012,4060,2022,4600,540,13.3,150
32,Nevada,47-4041,Hazardous Materials Removal Workers,2012,400,2022,500,100,25.6,20
32,Nevada,29-1199,Health Diagnosing and Treating Practitioners  All Other,2012,170,2022,200,30,13.4,10
32,Nevada,21-1091,Health Educators,2012,230,2022,250,20,10.5,10
32,Nevada,25-1071,Health Specialties Teachers  Postsecondary,2012,680,2022,930,250,36.6,40
32,Nevada,29-2099,Health Technologists and Technicians  All Other,2012,960,2022,1170,210,21.6,30
32,Nevada,29-9099,Healthcare Practitioners and Technical Workers  All Other,2012,270,2022,320,50,16.6,10
32,Nevada,21-1022,Healthcare Social Workers,2012,680,2022,790,110,15.1,20
32,Nevada,31-9099,Healthcare Support Workers  All Other,2012,1800,2022,2020,220,12,60
32,Nevada,51-4191,Heat Treating Equipment Setters  Operators  and Tenders  Metal and Plastic,2012,60,2022,70,10,13.8,0
32,Nevada,49-9021,Heating  Air Conditioning  and Refrigeration Mechanics and Installers,2012,2110,2022,2930,820,38.8,140
32,Nevada,53-3032,Heavy and Tractor-Trailer Truck Drivers,2012,9370,2022,11030,1660,17.7,320
32,Nevada,47-3011,Helpers--Brickmasons  Blockmasons  Stonemasons  and Tile and Marble Setters,2012,170,2022,380,210,119.8,20
32,Nevada,47-3012,Helpers--Carpenters,2012,160,2022,300,140,83.9,20
32,Nevada,47-3013,Helpers--Electricians,2012,260,2022,430,170,65.3,20
32,Nevada,47-5081,Helpers--Extraction Workers,2012,650,2022,660,10,2.6,20
32,Nevada,49-9098,Helpers--Installation  Maintenance  and Repair Workers,2012,990,2022,1170,180,18.1,50
32,Nevada,47-3014,Helpers--Painters  Paperhangers  Plasterers  and Stucco Masons,2012,90,2022,200,110,113.8,10
32,Nevada,47-3015,Helpers--Pipelayers  Plumbers  Pipefitters  and Steamfitters,2012,520,2022,780,260,49.7,30
32,Nevada,51-9198,Helpers--Production Workers,2012,3050,2022,3720,670,22,120
32,Nevada,47-4051,Highway Maintenance Workers,2012,710,2022,750,40,6.1,10
32,Nevada,19-3093,Historians,2012,20,2022,20,0,13.3,0
32,Nevada,25-1125,History Teachers  Postsecondary,2012,100,2022,110,10,10.5,0
32,Nevada,49-9031,Home Appliance Repairers,2012,130,2022,140,10,4.6,10
32,Nevada,31-1011,Home Health Aides,2012,2480,2022,3200,720,29.2,120
32,Nevada,35-9031,Hosts and Hostesses  Restaurant  Lounge  and Coffee Shop,2012,5710,2022,6200,490,8.7,480
32,Nevada,43-4081,Hotel  Motel  and Resort Desk Clerks,2012,5010,2022,5620,610,12.2,300
32,Nevada,43-4161,Human Resources Assistants  Except Payroll and Timekeeping,2012,1180,2022,1190,10,0.8,30
32,Nevada,Nov-21,Human Resources Managers,2012,650,2022,750,100,15.3,30
32,Nevada,13-1071,Human Resources Specialists,2012,2670,2022,2900,230,8.5,70
32,Nevada,19-2043,Hydrologists,2012,200,2022,220,20,5.9,10
32,Nevada,17-3026,Industrial Engineering Technicians,2012,140,2022,160,20,19.1,10
32,Nevada,17-2112,Industrial Engineers,2012,600,2022,720,120,20.3,30
32,Nevada,49-9041,Industrial Machinery Mechanics,2012,1380,2022,1770,390,28,80
32,Nevada,Nov-51,Industrial Production Managers,2012,700,2022,820,120,16.4,30
32,Nevada,53-7051,Industrial Truck and Tractor Operators,2012,3310,2022,3690,380,11.7,120
32,Nevada,43-4199,Information and Record Clerks  All Other,2012,710,2022,670,-40,-5.7,20
32,Nevada,51-9061,Inspectors  Testers  Sorters  Samplers  and Weighers,2012,2100,2022,2460,360,17.2,80
32,Nevada,49-9099,Installation  Maintenance  and Repair Workers  All Other,2012,2780,2022,3180,400,14.5,90
32,Nevada,25-9031,Instructional Coordinators,2012,190,2022,210,20,12.9,0
32,Nevada,43-9041,Insurance Claims and Policy Processing Clerks,2012,720,2022,830,110,14.5,30
32,Nevada,41-3021,Insurance Sales Agents,2012,2970,2022,3290,320,10.7,100
32,Nevada,13-2053,Insurance Underwriters,2012,190,2022,190,0,1.1,10
32,Nevada,27-1025,Interior Designers,2012,240,2022,260,20,7.9,10
32,Nevada,29-1063,Internists  General,2012,290,2022,300,10,4.1,10
32,Nevada,27-3091,Interpreters and Translators,2012,320,2022,460,140,43.7,20
32,Nevada,43-4111,Interviewers  Except Eligibility and Loan,2012,3000,2022,3380,380,12.7,100
32,Nevada,37-2011,Janitors and Cleaners  Except Maids and Housekeeping Cleaners,2012,30210,2022,33080,2870,9.5,860
32,Nevada,23-1023,Judges  Magistrate Judges  and Magistrates,2012,220,2022,230,10,4.5,10
32,Nevada,23-1012,Judicial Law Clerks,2012,100,2022,100,0,5.2,0
32,Nevada,25-2012,Kindergarten Teachers  Except Special Education,2012,910,2022,1020,110,12,40
32,Nevada,13-1075,Labor Relations Specialists,2012,420,2022,400,-20,-4.1,10
32,Nevada,53-7062,Laborers and Freight  Stock  and Material Movers  Hand,2012,18250,2022,21670,3420,18.7,910
32,Nevada,17-1012,Landscape Architects,2012,90,2022,90,0,8.1,0
32,Nevada,37-3011,Landscaping and Groundskeeping Workers,2012,10610,2022,11630,1020,9.6,370
32,Nevada,51-4034,Lathe and Turning Machine Tool Setters  Operators  and Tenders  Metal and Plastic,2012,50,2022,50,0,8.5,0
32,Nevada,51-6011,Laundry and Dry-Cleaning Workers,2012,2390,2022,2550,160,6.9,90
32,Nevada,23-1011,Lawyers,2012,5640,2022,6260,620,11,150
32,Nevada,43-6012,Legal Secretaries,2012,2530,2022,2590,60,2.1,40
32,Nevada,11-1031,Legislators,2012,250,2022,270,20,5.6,10
32,Nevada,25-4021,Librarians,2012,620,2022,660,40,6.1,20
32,Nevada,43-4121,Library Assistants  Clerical,2012,580,2022,630,50,9.5,30
32,Nevada,25-4031,Library Technicians,2012,270,2022,300,30,10.3,20
32,Nevada,29-2061,Licensed Practical and Licensed Vocational Nurses,2012,2250,2022,2670,420,18.9,100
32,Nevada,19-1099,Life Scientists  All Other,2012,30,2022,40,10,16.1,0
32,Nevada,19-4099,Life  Physical  and Social Science Technicians  All Other,2012,350,2022,370,20,8.4,20
32,Nevada,33-9092,Lifeguards  Ski Patrol  and Other Recreational Protective Service Workers,2012,1240,2022,1330,90,7.8,90
32,Nevada,53-3033,Light Truck or Delivery Services Drivers,2012,7150,2022,8010,860,11.9,200
32,Nevada,43-4131,Loan Interviewers and Clerks,2012,1130,2022,1240,110,9.4,20
32,Nevada,13-2072,Loan Officers,2012,3030,2022,3300,270,9.2,80
32,Nevada,39-3093,Locker Room  Coatroom  and Dressing Room Attendants,2012,320,2022,360,40,11.3,20
32,Nevada,49-9094,Locksmiths and Safe Repairers,2012,380,2022,410,30,7.9,20
32,Nevada,Nov-81,Lodging Managers,2012,660,2022,680,20,2.3,20
32,Nevada,45-4022,Logging Equipment Operators,2012,0,2022,0,0,0,0
32,Nevada,13-1081,Logisticians,2012,310,2022,420,110,35.5,20
32,Nevada,53-7063,Machine Feeders and Offbearers,2012,580,2022,740,160,27.8,30
32,Nevada,51-4041,Machinists,2012,1230,2022,1530,300,24.5,60
32,Nevada,29-2035,Magnetic Resonance Imaging Technologists,2012,300,2022,350,50,14.6,10
32,Nevada,37-2012,Maids and Housekeeping Cleaners,2012,26090,2022,28610,2520,9.7,770
32,Nevada,43-9051,Mail Clerks and Mail Machine Operators  Except Postal Service,2012,940,2022,890,-50,-5.5,20
32,Nevada,49-9071,Maintenance and Repair Workers  General,2012,13110,2022,14940,1830,14,440
32,Nevada,49-9043,Maintenance Workers  Machinery,2012,470,2022,590,120,26,20
32,Nevada,13-1111,Management Analysts,2012,3410,2022,4040,630,18.4,120
32,Nevada,Nov-99,Managers  All Other,2012,9220,2022,10080,860,9.3,290
32,Nevada,39-5092,Manicurists and Pedicurists,2012,420,2022,460,40,11.6,10
32,Nevada,17-2121,Marine Engineers and Naval Architects,2012,0,2022,0,0,0,0
32,Nevada,13-1161,Market Research Analysts and Marketing Specialists,2012,1900,2022,2480,580,30.6,80
32,Nevada,Nov-21,Marketing Managers,2012,1490,2022,1680,190,12.3,50
32,Nevada,21-1013,Marriage and Family Therapists,2012,180,2022,210,30,17.4,10
32,Nevada,31-9011,Massage Therapists,2012,2670,2022,3060,390,14.4,70
32,Nevada,53-7199,Material Moving Workers  All Other,2012,100,2022,110,10,11.6,0
32,Nevada,17-2131,Materials Engineers,2012,80,2022,80,0,0,0
32,Nevada,19-2032,Materials Scientists,2012,20,2022,30,10,29.2,0
32,Nevada,25-1022,Mathematical Science Teachers  Postsecondary,2012,180,2022,190,10,9.1,10
32,Nevada,51-3022,Meat  Poultry  and Fish Cutters and Trimmers,2012,270,2022,290,20,7.1,10
32,Nevada,17-3013,Mechanical Drafters,2012,180,2022,190,10,7.3,0
32,Nevada,17-3027,Mechanical Engineering Technicians,2012,150,2022,160,10,11.7,10
32,Nevada,17-2141,Mechanical Engineers,2012,520,2022,600,80,15.1,30
32,Nevada,27-4099,Media and Communication Equipment Workers  All Other,2012,300,2022,320,20,8.1,10
32,Nevada,27-3099,Media and Communication Workers  All Other,2012,640,2022,690,50,7.4,10
32,Nevada,29-2012,Medical and Clinical Laboratory Technicians,2012,880,2022,1100,220,24.8,50
32,Nevada,29-2011,Medical and Clinical Laboratory Technologists,2012,1190,2022,1320,130,10.6,40
32,Nevada,Nov-11,Medical and Health Services Managers,2012,1940,2022,2240,300,15.4,80
32,Nevada,31-9092,Medical Assistants,2012,5280,2022,5940,660,12.6,170
32,Nevada,31-9093,Medical Equipment Preparers,2012,230,2022,270,40,15.1,10
32,Nevada,49-9062,Medical Equipment Repairers,2012,340,2022,460,120,37.1,20
32,Nevada,29-2071,Medical Records and Health Information Technicians,2012,1440,2022,1710,270,19.2,70
32,Nevada,19-1042,Medical Scientists  Except Epidemiologists,2012,120,2022,140,20,12.5,0
32,Nevada,43-6013,Medical Secretaries,2012,2220,2022,2740,520,23.5,80
32,Nevada,31-9094,Medical Transcriptionists,2012,280,2022,320,40,12.1,10
32,Nevada,13-1121,Meeting  Convention  and Event Planners,2012,960,2022,1290,330,34.4,50
32,Nevada,21-1023,Mental Health and Substance Abuse Social Workers,2012,380,2022,420,40,11,10
32,Nevada,21-1014,Mental Health Counselors,2012,680,2022,800,120,18.1,30
32,Nevada,27-1026,Merchandise Displayers and Window Trimmers,2012,1580,2022,1800,220,13.6,60
32,Nevada,51-4199,Metal Workers and Plastic Workers  All Other,2012,140,2022,160,20,16.9,0
32,Nevada,51-4051,Metal-Refining Furnace Operators and Tenders,2012,190,2022,190,0,0.5,0
32,Nevada,43-5041,Meter Readers  Utilities,2012,290,2022,210,-80,-26.4,10
32,Nevada,19-1022,Microbiologists,2012,30,2022,30,0,10,0
32,Nevada,25-2022,Middle School Teachers  Except Special and Career/Technical Education,2012,3940,2022,4410,470,11.9,130
32,Nevada,51-4035,Milling and Planing Machine Setters  Operators  and Tenders  Metal and Plastic,2012,170,2022,160,-10,-3.6,0
32,Nevada,49-9044,Millwrights,2012,160,2022,220,60,32.7,10
32,Nevada,17-2151,Mining and Geological Engineers  Including Mining Safety Engineers,2012,540,2022,540,0,0.4,10
32,Nevada,47-5049,Mining Machine Operators  All Other,2012,120,2022,120,0,-0.8,0
32,Nevada,51-9023,Mixing and Blending Machine Setters  Operators  and Tenders,2012,370,2022,490,120,32.9,20
32,Nevada,49-3042,Mobile Heavy Equipment Mechanics  Except Engines,2012,2360,2022,2440,80,3.3,80
32,Nevada,51-4072,Molding  Coremaking  and Casting Machine Setters  Operators  and Tenders  Metal and Plastic,2012,280,2022,300,20,7.1,10
32,Nevada,39-3021,Motion Picture Projectionists,2012,20,2022,20,0,-5.9,0
32,Nevada,53-3099,Motor Vehicle Operators  All Other,2012,730,2022,750,20,3,20
32,Nevada,49-3051,Motorboat Mechanics and Service Technicians,2012,60,2022,70,10,11.1,0
32,Nevada,27-1014,Multimedia Artists and Animators,2012,600,2022,660,60,10.5,20
32,Nevada,51-4081,Multiple Machine Tool Setters  Operators  and Tenders  Metal and Plastic,2012,40,2022,40,0,0,0
32,Nevada,25-4013,Museum Technicians and Conservators,2012,50,2022,50,0,6.5,0
32,Nevada,27-2042,Musicians and Singers,2012,680,2022,760,80,10.5,30
32,Nevada,Nov-21,Natural Sciences Managers,2012,120,2022,130,10,9.4,0
32,Nevada,15-1142,Network and Computer Systems Administrators,2012,1710,2022,1990,280,16,50
32,Nevada,43-4141,New Accounts Clerks,2012,360,2022,340,-20,-5,10
32,Nevada,39-2021,Nonfarm Animal Caretakers,2012,1880,2022,2210,330,17.3,60
32,Nevada,29-2033,Nuclear Medicine Technologists,2012,130,2022,140,10,12.8,0
32,Nevada,29-1151,Nurse Anesthetists,2012,90,2022,120,30,24.7,0
32,Nevada,29-1171,Nurse Practitioners,2012,430,2022,530,100,22.7,20
32,Nevada,31-1014,Nursing Assistants,2012,4940,2022,5700,760,15.4,170
32,Nevada,25-1072,Nursing Instructors and Teachers  Postsecondary,2012,500,2022,680,180,37,30
32,Nevada,29-1064,Obstetricians and Gynecologists,2012,350,2022,350,0,0.9,10
32,Nevada,29-9011,Occupational Health and Safety Specialists,2012,570,2022,610,40,7.7,20
32,Nevada,29-9012,Occupational Health and Safety Technicians,2012,140,2022,170,30,20.4,10
32,Nevada,29-1122,Occupational Therapists,2012,680,2022,840,160,23.3,30
32,Nevada,31-2012,Occupational Therapy Aides,2012,30,2022,40,10,20.7,0
32,Nevada,31-2011,Occupational Therapy Assistants,2012,180,2022,250,70,33.2,10
32,Nevada,43-9199,Office and Administrative Support Workers  All Other,2012,6510,2022,6670,160,2.5,200
32,Nevada,43-9061,Office Clerks  General,2012,27860,2022,30170,2310,8.3,820
32,Nevada,43-9071,Office Machine Operators  Except Computer,2012,450,2022,410,-40,-8.3,10
32,Nevada,47-2073,Operating Engineers and Other Construction Equipment Operators,2012,2090,2022,2810,720,34.2,120
32,Nevada,15-2031,Operations Research Analysts,2012,140,2022,170,30,23.4,10
32,Nevada,51-9083,Ophthalmic Laboratory Technicians,2012,90,2022,100,10,10.6,0
32,Nevada,29-2057,Ophthalmic Medical Technicians,2012,150,2022,170,20,12.8,0
32,Nevada,29-2081,Opticians  Dispensing,2012,340,2022,390,50,17,20
32,Nevada,29-1041,Optometrists,2012,250,2022,280,30,11.1,10
32,Nevada,43-4151,Order Clerks,2012,1450,2022,1530,80,5.5,50
32,Nevada,31-1015,Orderlies,2012,260,2022,290,30,11.7,10
32,Nevada,29-2091,Orthotists and Prosthetists,2012,80,2022,100,20,28.4,0
32,Nevada,49-3053,Outdoor Power Equipment and Other Small Engine Mechanics,2012,80,2022,90,10,7.2,0
32,Nevada,51-9111,Packaging and Filling Machine Operators and Tenders,2012,1170,2022,1350,180,15.7,50
32,Nevada,53-7064,Packers and Packagers  Hand,2012,3850,2022,4430,580,15.1,160
32,Nevada,47-2141,Painters  Construction and Maintenance,2012,3430,2022,5000,1570,45.7,210
32,Nevada,51-9122,Painters  Transportation Equipment,2012,230,2022,260,30,9.9,10
32,Nevada,51-9196,Paper Goods Machine Setters  Operators  and Tenders,2012,220,2022,280,60,27.9,10
32,Nevada,23-2011,Paralegals and Legal Assistants,2012,2030,2022,2430,400,19.5,70
32,Nevada,33-3041,Parking Enforcement Workers,2012,50,2022,50,0,-4.3,0
32,Nevada,53-6021,Parking Lot Attendants,2012,3000,2022,3250,250,8.2,170
32,Nevada,41-2022,Parts Salespersons,2012,1770,2022,1900,130,7.3,60
32,Nevada,47-2071,Paving  Surfacing  and Tamping Equipment Operators,2012,770,2022,1070,300,37.8,40
32,Nevada,43-3051,Payroll and Timekeeping Clerks,2012,1330,2022,1610,280,21.5,60
32,Nevada,29-1065,Pediatricians  General,2012,120,2022,130,10,5.9,0
32,Nevada,39-9021,Personal Care Aides,2012,8020,2022,11090,3070,38.2,360
32,Nevada,39-9099,Personal Care and Service Workers  All Other,2012,1770,2022,1970,200,11.7,70
32,Nevada,13-2052,Personal Financial Advisors,2012,750,2022,980,230,30.7,40
32,Nevada,29-1051,Pharmacists,2012,2080,2022,2360,280,13.5,80
32,Nevada,31-9095,Pharmacy Aides,2012,170,2022,190,20,11,10
32,Nevada,29-2052,Pharmacy Technicians,2012,2490,2022,3000,510,20.6,80
32,Nevada,31-9097,Phlebotomists,2012,910,2022,1090,180,19.8,40
32,Nevada,27-4021,Photographers,2012,1050,2022,1130,80,7,20
32,Nevada,51-9151,Photographic Process Workers and Processing Machine Operators,2012,330,2022,340,10,3.1,10
32,Nevada,19-2099,Physical Scientists  All Other,2012,180,2022,190,10,8.4,10
32,Nevada,31-2022,Physical Therapist Aides,2012,290,2022,390,100,33.4,20
32,Nevada,31-2021,Physical Therapist Assistants,2012,410,2022,540,130,31.5,20
32,Nevada,29-1123,Physical Therapists,2012,1340,2022,1670,330,25.1,70
32,Nevada,29-1071,Physician Assistants,2012,1040,2022,1310,270,26.4,50
32,Nevada,29-1069,Physicians and Surgeons  All Other,2012,1140,2022,1240,100,8.6,40
32,Nevada,19-2012,Physicists,2012,110,2022,130,20,14.4,10
32,Nevada,47-2151,Pipelayers,2012,170,2022,220,50,33.3,10
32,Nevada,51-8099,Plant and System Operators  All Other,2012,160,2022,180,20,14.8,10
32,Nevada,47-2161,Plasterers and Stucco Masons,2012,850,2022,1320,470,56.4,50
32,Nevada,51-4193,Plating and Coating Machine Setters  Operators  and Tenders  Metal and Plastic,2012,40,2022,30,-10,-15.8,0
32,Nevada,47-2152,Plumbers  Pipefitters  and Steamfitters,2012,2080,2022,3010,930,44.5,120
32,Nevada,29-1081,Podiatrists,2012,50,2022,50,0,8,0
32,Nevada,33-3051,Police and Sheriff's Patrol Officers,2012,4490,2022,4710,220,5,160
32,Nevada,43-5031,Police  Fire  and Ambulance Dispatchers,2012,610,2022,640,30,5.4,20
32,Nevada,25-1065,Political Science Teachers  Postsecondary,2012,70,2022,70,0,12.1,0
32,Nevada,43-5051,Postal Service Clerks,2012,430,2022,350,-80,-17.1,10
32,Nevada,43-5052,Postal Service Mail Carriers,2012,2270,2022,2010,-260,-11.2,80
32,Nevada,43-5053,Postal Service Mail Sorters  Processors  and Processing Machine Operators,2012,810,2022,690,-120,-14.6,10
32,Nevada,Nov-31,Postmasters and Mail Superintendents,2012,60,2022,50,-10,-7.1,0
32,Nevada,25-1199,Postsecondary Teachers  All Other,2012,730,2022,810,80,11.9,20
32,Nevada,51-4052,Pourers and Casters  Metal,2012,50,2022,50,0,0,0
32,Nevada,51-8012,Power Distributors and Dispatchers,2012,150,2022,150,0,0.7,10
32,Nevada,51-8013,Power Plant Operators,2012,420,2022,360,-60,-13.7,10
32,Nevada,49-9069,Precision Instrument and Equipment Repairers  All Other,2012,60,2022,60,0,8.5,0
32,Nevada,51-5111,Prepress Technicians and Workers,2012,220,2022,220,0,0.5,10
32,Nevada,25-2011,Preschool Teachers  Except Special Education,2012,2380,2022,2790,410,17.1,110
32,Nevada,51-5113,Print Binding and Finishing Workers,2012,310,2022,340,30,11.7,10
32,Nevada,51-5112,Printing Press Operators,2012,1360,2022,1580,220,15.9,50
32,Nevada,33-9021,Private Detectives and Investigators,2012,260,2022,270,10,6.6,10
32,Nevada,21-1092,Probation Officers and Correctional Treatment Specialists,2012,790,2022,800,10,0.8,20
32,Nevada,43-3061,Procurement Clerks,2012,300,2022,320,20,4.6,10
32,Nevada,27-2012,Producers and Directors,2012,670,2022,730,60,9.9,30
32,Nevada,51-9199,Production Workers  All Other,2012,1090,2022,1230,140,13.1,40
32,Nevada,43-5061,Production  Planning  and Expediting Clerks,2012,1430,2022,1650,220,15.3,60
32,Nevada,Nov-41,Property  Real Estate  and Community Association Managers,2012,4860,2022,5400,540,11.1,160
32,Nevada,33-9099,Protective Service Workers  All Other,2012,1250,2022,1390,140,11.5,100
32,Nevada,31-1013,Psychiatric Aides,2012,490,2022,530,40,8.6,10
32,Nevada,29-2053,Psychiatric Technicians,2012,100,2022,100,0,8.4,0
32,Nevada,29-1066,Psychiatrists,2012,50,2022,60,10,5.8,0
32,Nevada,19-3039,Psychologists  All Other,2012,60,2022,60,0,16.4,0
32,Nevada,25-1066,Psychology Teachers  Postsecondary,2012,140,2022,160,20,11.9,0
32,Nevada,27-3012,Public Address System and Other Announcers,2012,270,2022,310,40,16.1,10
32,Nevada,Nov-31,Public Relations and Fundraising Managers,2012,290,2022,320,30,10.9,10
32,Nevada,27-3031,Public Relations Specialists,2012,1210,2022,1350,140,11.4,30
32,Nevada,53-7072,Pump Operators  Except Wellhead Pumpers,2012,100,2022,120,20,20.4,10
32,Nevada,13-1023,Purchasing Agents  Except Wholesale  Retail  and Farm Products,2012,1830,2022,2180,350,18.6,70
32,Nevada,Nov-61,Purchasing Managers,2012,410,2022,460,50,12.1,10
32,Nevada,29-1124,Radiation Therapists,2012,60,2022,70,10,11.5,0
32,Nevada,27-3011,Radio and Television Announcers,2012,290,2022,300,10,1.7,10
32,Nevada,27-4013,Radio Operators,2012,10,2022,10,0,7.7,0
32,Nevada,49-2021,Radio  Cellular  and Tower Equipment Installers and Repairs,2012,120,2022,150,30,26.7,10
32,Nevada,29-2034,Radiologic Technologists,2012,1490,2022,1700,210,14.2,40
32,Nevada,49-3043,Rail Car Repairers,2012,170,2022,180,10,6.5,10
32,Nevada,47-4061,Rail-Track Laying and Maintenance Equipment Operators,2012,40,2022,40,0,2.4,0
32,Nevada,41-9021,Real Estate Brokers,2012,660,2022,740,80,11.3,10
32,Nevada,41-9022,Real Estate Sales Agents,2012,2960,2022,3380,420,14.4,70
32,Nevada,43-4171,Receptionists and Information Clerks,2012,8030,2022,8710,680,8.5,280
32,Nevada,39-9032,Recreation Workers,2012,1640,2022,1850,210,13,40
32,Nevada,29-1125,Recreational Therapists,2012,50,2022,60,10,11.5,0
32,Nevada,49-3092,Recreational Vehicle Service Technicians,2012,150,2022,160,10,7.9,10
32,Nevada,49-9045,Refractory Materials Repairers  Except Brickmasons,2012,0,2022,0,0,0,0
32,Nevada,53-7081,Refuse and Recyclable Material Collectors,2012,1370,2022,1620,250,18,50
32,Nevada,29-1141,Registered Nurses,2012,18260,2022,20800,2540,13.9,610
32,Nevada,21-1015,Rehabilitation Counselors,2012,300,2022,350,50,16.4,10
32,Nevada,27-3022,Reporters and Correspondents,2012,280,2022,250,-30,-11.7,10
32,Nevada,43-4181,Reservation and Transportation Ticket Agents and Travel Clerks,2012,4260,2022,4310,50,1.1,60
32,Nevada,39-9041,Residential Advisors,2012,260,2022,300,40,18.4,20
32,Nevada,29-1126,Respiratory Therapists,2012,1030,2022,1200,170,16.8,30
32,Nevada,29-2054,Respiratory Therapy Technicians,2012,50,2022,60,10,17,0
32,Nevada,41-2031,Retail Salespersons,2012,45710,2022,51200,5490,12,2110
32,Nevada,49-9096,Riggers,2012,210,2022,260,50,24.4,10
32,Nevada,51-4023,Rolling Machine Setters  Operators  and Tenders  Metal and Plastic,2012,40,2022,40,0,2.8,0
32,Nevada,47-2181,Roofers,2012,1200,2022,2020,820,67.8,110
32,Nevada,41-9099,Sales and Related Workers  All Other,2012,1140,2022,1310,170,15.4,40
32,Nevada,41-9031,Sales Engineers,2012,160,2022,170,10,6.4,0
32,Nevada,Nov-22,Sales Managers,2012,3200,2022,3540,340,10.7,100
32,Nevada,41-3099,Sales Representatives  Services  All Other,2012,6270,2022,7230,960,15.3,270
32,Nevada,41-4012,Sales Representatives  Wholesale and Manufacturing  Except Technical and Scientific Products,2012,8320,2022,9480,1160,13.9,280
32,Nevada,41-4011,Sales Representatives  Wholesale and Manufacturing  Technical and Scientific Products,2012,1070,2022,1140,70,6.6,30
32,Nevada,25-2031,Secondary School Teachers  Except Special and Career/Technical Education,2012,5370,2022,5640,270,5,170
32,Nevada,43-6014,Secretaries and Administrative Assistants  Except Legal  Medical  and Executive,2012,12210,2022,13710,1500,12.2,300
32,Nevada,41-3031,Securities  Commodities  and Financial Services Sales Agents,2012,2000,2022,2160,160,8.2,60
32,Nevada,49-2098,Security and Fire Alarm Systems Installers,2012,490,2022,580,90,18.5,20
32,Nevada,33-9032,Security Guards,2012,20230,2022,22590,2360,11.7,550
32,Nevada,25-3021,Self-Enrichment Education Teachers,2012,580,2022,650,70,12.7,20
32,Nevada,51-9012,Separating  Filtering  Clarifying  Precipitating  and Still Machine Setters  Operators  and Tenders,2012,550,2022,550,0,-0.4,20
32,Nevada,47-4071,Septic Tank Servicers and Sewer Pipe Cleaners,2012,130,2022,160,30,25.4,10
32,Nevada,51-6031,Sewing Machine Operators,2012,490,2022,570,80,14.6,10
32,Nevada,47-2211,Sheet Metal Workers,2012,1210,2022,1670,460,37.3,70
32,Nevada,53-5031,Ship Engineers,2012,0,2022,0,0,0,0
32,Nevada,43-5071,Shipping  Receiving  and Traffic Clerks,2012,7790,2022,8670,880,11.3,290
32,Nevada,51-6042,Shoe Machine Operators and Tenders,2012,0,2022,0,0,0,0
32,Nevada,39-5094,Skincare Specialists,2012,660,2022,870,210,32.7,30
32,Nevada,39-1012,Slot Supervisors,2012,730,2022,770,40,5.1,20
32,Nevada,Nov-51,Social and Community Service Managers,2012,780,2022,890,110,14.2,30
32,Nevada,21-1093,Social and Human Service Assistants,2012,1330,2022,1570,240,17.9,60
32,Nevada,19-3099,Social Scientists and Related Workers  All Other,2012,270,2022,300,30,10.6,10
32,Nevada,21-1029,Social Workers  All Other,2012,190,2022,200,10,3.1,10
32,Nevada,25-1067,Sociology Teachers  Postsecondary,2012,70,2022,80,10,10.3,0
32,Nevada,15-1132,Software Developers  Applications,2012,2160,2022,2630,470,21.5,70
32,Nevada,15-1133,Software Developers  Systems Software,2012,800,2022,1010,210,25.1,30
32,Nevada,19-1013,Soil and Plant Scientists,2012,40,2022,40,0,5.7,0
32,Nevada,27-4014,Sound Engineering Technicians,2012,180,2022,200,20,8.3,10
32,Nevada,25-2059,Special Education Teachers  All Other,2012,120,2022,120,0,4.2,0
32,Nevada,25-2052,Special Education Teachers  Kindergarten and Elementary School,2012,750,2022,790,40,4.8,20
32,Nevada,25-2051,Special Education Teachers  Preschool,2012,400,2022,430,30,6,10
32,Nevada,25-2054,Special Education Teachers  Secondary School,2012,510,2022,530,20,4.2,10
32,Nevada,29-1127,Speech-Language Pathologists,2012,770,2022,870,100,12.6,20
32,Nevada,51-8021,Stationary Engineers and Boiler Operators,2012,110,2022,120,10,6.3,0
32,Nevada,43-9111,Statistical Assistants,2012,610,2022,660,50,8.9,20
32,Nevada,15-2041,Statisticians,2012,50,2022,70,20,29.4,0
32,Nevada,43-5081,Stock Clerks and Order Fillers,2012,18290,2022,19160,870,4.8,640
32,Nevada,47-2221,Structural Iron and Steel Workers,2012,530,2022,980,450,86.3,60
32,Nevada,51-2041,Structural Metal Fabricators and Fitters,2012,290,2022,440,150,50.5,30
32,Nevada,21-1011,Substance Abuse and Behavioral Disorder Counselors,2012,280,2022,340,60,22.1,10
32,Nevada,29-1067,Surgeons,2012,220,2022,250,30,10.9,10
32,Nevada,29-2055,Surgical Technologists,2012,870,2022,1090,220,25.4,30
32,Nevada,19-3022,Survey Researchers,2012,50,2022,60,10,5.7,0
32,Nevada,17-3031,Surveying and Mapping Technicians,2012,210,2022,220,10,7.7,10
32,Nevada,17-1022,Surveyors,2012,360,2022,390,30,10.1,10
32,Nevada,43-2011,Switchboard Operators  Including Answering Service,2012,1980,2022,1650,-330,-16.8,40
32,Nevada,51-6052,Tailors  Dressmakers  and Custom Sewers,2012,700,2022,740,40,6.4,10
32,Nevada,47-2082,Tapers,2012,350,2022,570,220,61.3,30
32,Nevada,13-2081,Tax Examiners and Collectors  and Revenue Agents,2012,260,2022,260,0,3.1,10
32,Nevada,13-2082,Tax Preparers,2012,980,2022,1080,100,10.8,30
32,Nevada,53-3041,Taxi Drivers and Chauffeurs,2012,13910,2022,16130,2220,16,390
32,Nevada,25-9041,Teacher Assistants,2012,5000,2022,5310,310,6.1,140
32,Nevada,25-3099,Teachers and Instructors  All Other,2012,6510,2022,6960,450,6.9,160
32,Nevada,51-2092,Team Assemblers,2012,4340,2022,5100,760,17.4,150
32,Nevada,27-3042,Technical Writers,2012,220,2022,260,40,17.6,10
32,Nevada,49-2022,Telecommunications Equipment Installers and Repairers  Except Line Installers,2012,1540,2022,1670,130,8.5,30
32,Nevada,49-9052,Telecommunications Line Installers and Repairers,2012,1170,2022,1480,310,26.5,60
32,Nevada,41-9041,Telemarketers,2012,2360,2022,2530,170,7,70
32,Nevada,43-3071,Tellers,2012,4010,2022,4050,40,1,190
32,Nevada,51-6062,Textile Cutting Machine Setters  Operators  and Tenders,2012,10,2022,20,10,35.7,0
32,Nevada,29-1129,Therapists  All Other,2012,80,2022,100,20,22,0
32,Nevada,47-2044,Tile and Marble Setters,2012,740,2022,1170,430,57.3,60
32,Nevada,49-3093,Tire Repairers and Changers,2012,950,2022,1030,80,8.5,40
32,Nevada,23-2093,Title Examiners  Abstractors  and Searchers,2012,740,2022,820,80,11.4,20
32,Nevada,51-4111,Tool and Die Makers,2012,100,2022,130,30,24.3,0
32,Nevada,51-4194,Tool Grinders  Filers  and Sharpeners,2012,60,2022,70,10,17.5,0
32,Nevada,00-0000,Total  All Occupations,2012,1191400,2022,1355550,164150,13.8,46090
32,Nevada,53-6041,Traffic Technicians,2012,40,2022,40,0,2.7,0
32,Nevada,Nov-31,Training and Development Managers,2012,130,2022,150,20,10.6,10
32,Nevada,13-1151,Training and Development Specialists,2012,1630,2022,1860,230,13.5,50
32,Nevada,53-6061,Transportation Attendants  Except Flight Attendants,2012,580,2022,740,160,28.2,30
32,Nevada,53-6051,Transportation Inspectors,2012,140,2022,170,30,15.4,10
32,Nevada,53-6099,Transportation Workers  All Other,2012,880,2022,1030,150,17.2,50
32,Nevada,Nov-71,Transportation  Storage  and Distribution Managers,2012,1030,2022,1210,180,17.8,40
32,Nevada,41-3041,Travel Agents,2012,950,2022,990,40,4.5,20
32,Nevada,51-6093,Upholsterers,2012,230,2022,250,20,7.3,10
32,Nevada,19-3051,Urban and Regional Planners,2012,180,2022,190,10,7.3,10
32,Nevada,39-3031,Ushers  Lobby Attendants  and Ticket Takers,2012,2300,2022,2540,240,10.4,150
32,Nevada,29-1131,Veterinarians,2012,530,2022,610,80,16.1,30
32,Nevada,31-9096,Veterinary Assistants and Laboratory Animal Caretakers,2012,600,2022,680,80,13.4,20
32,Nevada,29-2056,Veterinary Technologists and Technicians,2012,570,2022,750,180,33.5,30
32,Nevada,25-1194,Vocational Education Teachers  Postsecondary,2012,1390,2022,1590,200,14.4,40
32,Nevada,35-3031,Waiters and Waitresses,2012,37760,2022,41880,4120,10.9,2230
32,Nevada,51-8031,Water and Wastewater Treatment Plant and System Operators,2012,530,2022,550,20,4.6,20
32,Nevada,15-1134,Web Developers,2012,800,2022,980,180,22.6,30
32,Nevada,43-5111,Weighers  Measurers  Checkers  and Samplers  Recordkeeping,2012,560,2022,660,100,18.4,20
32,Nevada,51-4121,Welders  Cutters  Solderers  and Brazers,2012,1590,2022,2020,430,26.7,80
32,Nevada,51-4122,Welding  Soldering  and Brazing Machine Setters  Operators  and Tenders,2012,140,2022,190,50,37,10
32,Nevada,13-1022,Wholesale and Retail Buyers  Except Farm Products,2012,1060,2022,1170,110,10.5,40
32,Nevada,51-7042,Woodworking Machine Setters  Operators  and Tenders  Except Sawing,2012,180,2022,260,80,44.9,10
32,Nevada,43-9022,Word Processors and Typists,2012,200,2022,150,-50,-23.1,0
32,Nevada,27-3043,Writers and Authors,2012,570,2022,590,20,4,10
32,Nevada,19-1023,Zoologists and Wildlife Biologists,2012,280,2022,300,20,9.5,10
