STFIPS,AreaName,OccupationCode,OccupationName,BaseYear,Base,ProjYear,Proj,Change,PercentChange,AvgAnnualOpenings
33,New Hampshire,13-2011,Accountants and Auditors,2012,4520,2022,5110,590,13.1,190
33,New Hampshire,27-2011,Actors,2012,150,2022,180,30,13.6,10
33,New Hampshire,15-2011,Actuaries,2012,50,2022,70,20,22.6,0
33,New Hampshire,23-1021,Administrative Law Judges  Adjudicators  and Hearing Officers,2012,160,2022,170,10,4.9,0
33,New Hampshire,Nov-11,Administrative Services Managers,2012,850,2022,940,90,11.6,20
33,New Hampshire,25-3011,Adult Basic and Secondary Education and Literacy Teachers and Instructors,2012,140,2022,150,10,10.1,0
33,New Hampshire,Nov-11,Advertising and Promotions Managers,2012,230,2022,250,20,10.7,10
33,New Hampshire,41-3011,Advertising Sales Agents,2012,490,2022,510,20,4.3,20
33,New Hampshire,45-2091,Agricultural Equipment Operators,2012,70,2022,80,10,12.7,0
33,New Hampshire,45-2099,Agricultural Workers  All Other,2012,50,2022,60,10,7.4,0
33,New Hampshire,53-2021,Air Traffic Controllers,2012,440,2022,470,30,6.6,20
33,New Hampshire,49-3011,Aircraft Mechanics and Service Technicians,2012,170,2022,180,10,2.9,10
33,New Hampshire,53-2011,Airline Pilots  Copilots  and Flight Engineers,2012,40,2022,40,0,-7.5,0
33,New Hampshire,53-3011,Ambulance Drivers and Attendants  Except Emergency Medical Technicians,2012,70,2022,90,20,25,0
33,New Hampshire,39-3091,Amusement and Recreation Attendants,2012,1030,2022,1160,130,12.2,70
33,New Hampshire,33-9011,Animal Control Workers,2012,90,2022,100,10,7.4,0
33,New Hampshire,39-2011,Animal Trainers,2012,140,2022,160,20,17.1,10
33,New Hampshire,13-2021,Appraisers and Assessors of Real Estate,2012,410,2022,440,30,8.6,10
33,New Hampshire,23-1022,Arbitrators  Mediators  and Conciliators,2012,60,2022,70,10,32.7,0
33,New Hampshire,17-1011,Architects  Except Landscape and Naval,2012,280,2022,340,60,21.2,10
33,New Hampshire,17-3011,Architectural and Civil Drafters,2012,360,2022,370,10,5.1,10
33,New Hampshire,Nov-41,Architectural and Engineering Managers,2012,1090,2022,1130,40,3.3,30
33,New Hampshire,27-1011,Art Directors,2012,190,2022,200,10,2.6,0
33,New Hampshire,25-1121,Art  Drama  and Music Teachers  Postsecondary,2012,430,2022,470,40,10.8,10
33,New Hampshire,27-1019,Artists and Related Workers  All Other,2012,40,2022,40,0,0,0
33,New Hampshire,51-2099,Assemblers and Fabricators  All Other,2012,2550,2022,2650,100,3.9,50
33,New Hampshire,27-2021,Athletes and Sports Competitors,2012,30,2022,30,0,4,0
33,New Hampshire,29-9091,Athletic Trainers,2012,130,2022,150,20,13.3,10
33,New Hampshire,19-2021,Atmospheric and Space Scientists,2012,80,2022,100,20,25.3,0
33,New Hampshire,25-1051,Atmospheric  Earth  Marine  and Space Sciences Teachers  Postsecondary,2012,100,2022,100,0,7.2,0
33,New Hampshire,27-4011,Audio and Video Equipment Technicians,2012,160,2022,180,20,15.4,10
33,New Hampshire,29-1181,Audiologists,2012,80,2022,110,30,36.7,10
33,New Hampshire,53-6031,Automotive and Watercraft Service Attendants,2012,710,2022,800,90,12.6,30
33,New Hampshire,49-3021,Automotive Body and Related Repairers,2012,730,2022,810,80,10.2,20
33,New Hampshire,49-3022,Automotive Glass Installers and Repairers,2012,40,2022,40,0,7.3,0
33,New Hampshire,49-3023,Automotive Service Technicians and Mechanics,2012,4380,2022,4660,280,6.5,140
33,New Hampshire,49-2091,Avionics Technicians,2012,60,2022,70,10,6.3,0
33,New Hampshire,39-6011,Baggage Porters and Bellhops,2012,80,2022,90,10,13.9,0
33,New Hampshire,33-3011,Bailiffs,2012,40,2022,40,0,8.6,0
33,New Hampshire,51-3011,Bakers,2012,550,2022,610,60,12.1,20
33,New Hampshire,39-5011,Barbers,2012,500,2022,540,40,8.2,20
33,New Hampshire,35-3011,Bartenders,2012,3700,2022,4170,470,12.6,180
33,New Hampshire,49-3091,Bicycle Repairers,2012,90,2022,110,20,16.3,10
33,New Hampshire,43-3011,Bill and Account Collectors,2012,1370,2022,1800,430,31,80
33,New Hampshire,43-3021,Billing and Posting Clerks,2012,1860,2022,2170,310,16.9,70
33,New Hampshire,19-1021,Biochemists and Biophysicists,2012,60,2022,70,10,25,0
33,New Hampshire,25-1042,Biological Science Teachers  Postsecondary,2012,490,2022,560,70,14.2,10
33,New Hampshire,19-1029,Biological Scientists  All Other,2012,90,2022,90,0,1.2,0
33,New Hampshire,19-4021,Biological Technicians,2012,320,2022,360,40,10.2,10
33,New Hampshire,17-2031,Biomedical Engineers,2012,100,2022,120,20,21.9,0
33,New Hampshire,47-2011,Boilermakers,2012,100,2022,100,0,-6.8,10
33,New Hampshire,43-3031,Bookkeeping  Accounting  and Auditing Clerks,2012,8560,2022,9510,950,11.1,170
33,New Hampshire,47-2021,Brickmasons and Blockmasons,2012,280,2022,350,70,26.8,10
33,New Hampshire,27-4012,Broadcast Technicians,2012,110,2022,120,10,7,0
33,New Hampshire,13-2031,Budget Analysts,2012,200,2022,210,10,4,10
33,New Hampshire,37-2019,Building Cleaning Workers  All Other,2012,50,2022,50,0,17.8,0
33,New Hampshire,49-3031,Bus and Truck Mechanics and Diesel Engine Specialists,2012,850,2022,930,80,9,30
33,New Hampshire,53-3022,Bus Drivers  School or Special Client,2012,2590,2022,2820,230,9,70
33,New Hampshire,53-3021,Bus Drivers  Transit and Intercity,2012,140,2022,150,10,4.2,0
33,New Hampshire,13-1199,Business Operations Specialists  All Other,2012,5970,2022,6610,640,10.7,150
33,New Hampshire,25-1011,Business Teachers  Postsecondary,2012,380,2022,420,40,9.6,10
33,New Hampshire,51-3021,Butchers and Meat Cutters,2012,920,2022,1010,90,9.9,30
33,New Hampshire,51-7011,Cabinetmakers and Bench Carpenters,2012,290,2022,320,30,13.3,10
33,New Hampshire,27-4031,Camera Operators  Television  Video  and Motion Picture,2012,110,2022,120,10,8.5,0
33,New Hampshire,53-5021,Captains  Mates  and Pilots of Water Vessels,2012,70,2022,70,0,3,0
33,New Hampshire,29-2031,Cardiovascular Technologists and Technicians,2012,200,2022,260,60,28.6,10
33,New Hampshire,25-2023,Career/Technical Education Teachers  Middle School,2012,70,2022,70,0,2.8,0
33,New Hampshire,25-2032,Career/Technical Education Teachers  Secondary School,2012,260,2022,270,10,3.8,10
33,New Hampshire,43-5011,Cargo and Freight Agents,2012,80,2022,90,10,13.4,0
33,New Hampshire,47-2031,Carpenters,2012,3640,2022,4270,630,17.3,110
33,New Hampshire,47-2041,Carpet Installers,2012,110,2022,110,0,3.7,0
33,New Hampshire,17-1021,Cartographers and Photogrammetrists,2012,60,2022,80,20,26.6,0
33,New Hampshire,41-2011,Cashiers,2012,22420,2022,23170,750,3.3,1040
33,New Hampshire,47-2051,Cement Masons and Concrete Finishers,2012,190,2022,230,40,22.8,10
33,New Hampshire,35-1011,Chefs and Head Cooks,2012,1030,2022,1100,70,7.1,20
33,New Hampshire,17-2041,Chemical Engineers,2012,40,2022,40,0,15.8,0
33,New Hampshire,51-9011,Chemical Equipment Operators and Tenders,2012,190,2022,180,-10,-3.8,10
33,New Hampshire,19-4031,Chemical Technicians,2012,130,2022,140,10,13.6,10
33,New Hampshire,25-1052,Chemistry Teachers  Postsecondary,2012,70,2022,80,10,8.2,0
33,New Hampshire,19-2031,Chemists,2012,160,2022,180,20,11.5,10
33,New Hampshire,11-1011,Chief Executives,2012,1810,2022,1890,80,4.4,50
33,New Hampshire,21-1021,Child  Family  and School Social Workers,2012,510,2022,590,80,16.5,20
33,New Hampshire,39-9011,Childcare Workers,2012,4310,2022,4960,650,15,190
33,New Hampshire,29-1011,Chiropractors,2012,160,2022,180,20,9.3,10
33,New Hampshire,17-3022,Civil Engineering Technicians,2012,80,2022,90,10,6.2,0
33,New Hampshire,17-2051,Civil Engineers,2012,1000,2022,1250,250,25.4,50
33,New Hampshire,13-1031,Claims Adjusters  Examiners  and Investigators,2012,1330,2022,1390,60,4.2,40
33,New Hampshire,53-7061,Cleaners of Vehicles and Equipment,2012,1100,2022,1210,110,10.1,40
33,New Hampshire,51-9192,Cleaning  Washing  and Metal Pickling Equipment Operators and Tenders,2012,100,2022,100,0,3.1,0
33,New Hampshire,21-2011,Clergy,2012,850,2022,910,60,6.8,20
33,New Hampshire,19-3031,Clinical  Counseling  and School Psychologists,2012,510,2022,560,50,9.6,20
33,New Hampshire,27-2022,Coaches and Scouts,2012,1010,2022,1170,160,15.9,50
33,New Hampshire,51-9121,Coating  Painting  and Spraying Machine Setters  Operators  and Tenders,2012,620,2022,620,0,0.2,10
33,New Hampshire,51-2021,Coil Winders  Tapers  and Finishers,2012,110,2022,100,-10,-7.5,0
33,New Hampshire,49-9091,Coin  Vending  and Amusement Machine Servicers and Repairers,2012,50,2022,50,0,-5.8,0
33,New Hampshire,35-3021,Combined Food Preparation and Serving Workers  Including Fast Food,2012,11560,2022,13370,1810,15.6,620
33,New Hampshire,27-1021,Commercial and Industrial Designers,2012,110,2022,120,10,8.1,0
33,New Hampshire,53-2012,Commercial Pilots,2012,100,2022,100,0,1,0
33,New Hampshire,25-1122,Communications Teachers  Postsecondary,2012,40,2022,50,10,9.5,0
33,New Hampshire,21-1099,Community and Social Service Specialists  All Other,2012,740,2022,870,130,18.8,30
33,New Hampshire,21-1094,Community Health Workers,2012,150,2022,180,30,22.1,10
33,New Hampshire,Nov-11,Compensation and Benefits Managers,2012,120,2022,130,10,12.7,10
33,New Hampshire,13-1141,Compensation  Benefits  and Job Analysis Specialists,2012,330,2022,360,30,7.5,10
33,New Hampshire,13-1041,Compliance Officers,2012,970,2022,1030,60,6.2,20
33,New Hampshire,Nov-21,Computer and Information Systems Managers,2012,2080,2022,2510,430,20.5,70
33,New Hampshire,17-2061,Computer Hardware Engineers,2012,180,2022,200,20,8.2,10
33,New Hampshire,15-1143,Computer Network Architects,2012,290,2022,360,70,23,10
33,New Hampshire,15-1152,Computer Network Support Specialists,2012,540,2022,580,40,7.4,10
33,New Hampshire,51-4012,Computer Numerically Controlled Machine Tool Programmers  Metal and Plastic,2012,230,2022,300,70,33.5,10
33,New Hampshire,15-1199,Computer Occupations  All Other,2012,850,2022,1010,160,18.4,30
33,New Hampshire,43-9011,Computer Operators,2012,310,2022,270,-40,-14.5,0
33,New Hampshire,15-1131,Computer Programmers,2012,1110,2022,1290,180,15.5,50
33,New Hampshire,25-1021,Computer Science Teachers  Postsecondary,2012,110,2022,120,10,9.3,0
33,New Hampshire,15-1121,Computer Systems Analysts,2012,2470,2022,3060,590,23.9,100
33,New Hampshire,15-1151,Computer User Support Specialists,2012,2470,2022,3030,560,22.7,100
33,New Hampshire,49-2011,Computer  Automated Teller  and Office Machine Repairers,2012,800,2022,830,30,3.4,20
33,New Hampshire,51-4011,Computer-Controlled Machine Tool Operators  Metal and Plastic,2012,1320,2022,1560,240,18.1,60
33,New Hampshire,39-6012,Concierges,2012,30,2022,40,10,23.3,0
33,New Hampshire,19-1031,Conservation Scientists,2012,40,2022,40,0,-2.6,0
33,New Hampshire,47-4011,Construction and Building Inspectors,2012,340,2022,380,40,11.1,10
33,New Hampshire,47-4099,Construction and Related Workers  All Other,2012,480,2022,510,30,6.3,10
33,New Hampshire,47-2061,Construction Laborers,2012,3300,2022,3820,520,15.7,120
33,New Hampshire,Nov-21,Construction Managers,2012,1750,2022,1940,190,11,50
33,New Hampshire,49-9012,Control and Valve Installers and Repairers  Except Mechanical Door,2012,100,2022,100,0,0,0
33,New Hampshire,35-2019,Cooks  All Other,2012,140,2022,170,30,15.4,10
33,New Hampshire,35-2011,Cooks  Fast Food,2012,1680,2022,1690,10,0.8,30
33,New Hampshire,35-2012,Cooks  Institution and Cafeteria,2012,1660,2022,1890,230,13.9,60
33,New Hampshire,35-2014,Cooks  Restaurant,2012,5400,2022,6300,900,16.7,200
33,New Hampshire,35-2015,Cooks  Short Order,2012,2810,2022,2840,30,1.1,60
33,New Hampshire,33-3012,Correctional Officers and Jailers,2012,1080,2022,1150,70,6,40
33,New Hampshire,13-1051,Cost Estimators,2012,800,2022,960,160,19.5,40
33,New Hampshire,21-1019,Counselors  All Other,2012,340,2022,410,70,22.8,20
33,New Hampshire,41-2021,Counter and Rental Clerks,2012,1970,2022,2130,160,8.2,70
33,New Hampshire,35-3022,Counter Attendants  Cafeteria  Food Concession  and Coffee Shop,2012,2210,2022,2240,30,1,140
33,New Hampshire,43-5021,Couriers and Messengers,2012,380,2022,350,-30,-7.1,10
33,New Hampshire,23-2091,Court Reporters,2012,80,2022,90,10,14.1,0
33,New Hampshire,43-4031,Court  Municipal  and License Clerks,2012,420,2022,470,50,11.6,10
33,New Hampshire,27-1012,Craft Artists,2012,60,2022,60,0,1.6,0
33,New Hampshire,53-7021,Crane and Tower Operators,2012,150,2022,190,40,22.1,10
33,New Hampshire,13-2041,Credit Analysts,2012,150,2022,160,10,7.3,10
33,New Hampshire,43-4041,Credit Authorizers  Checkers  and Clerks,2012,120,2022,120,0,0,0
33,New Hampshire,13-2071,Credit Counselors,2012,160,2022,190,30,17.3,10
33,New Hampshire,33-9091,Crossing Guards,2012,350,2022,410,60,18.2,10
33,New Hampshire,51-9021,Crushing  Grinding  and Polishing Machine Setters  Operators  and Tenders,2012,160,2022,160,0,3.8,10
33,New Hampshire,25-4012,Curators,2012,80,2022,90,10,11.5,0
33,New Hampshire,43-4051,Customer Service Representatives,2012,8920,2022,10210,1290,14.4,370
33,New Hampshire,51-9031,Cutters and Trimmers  Hand,2012,60,2022,50,-10,-8.9,0
33,New Hampshire,51-9032,Cutting and Slicing Machine Setters  Operators  and Tenders,2012,230,2022,210,-20,-9.7,0
33,New Hampshire,51-4031,Cutting  Punching  and Press Machine Setters  Operators  and Tenders  Metal and Plastic,2012,610,2022,560,-50,-8.3,10
33,New Hampshire,43-9021,Data Entry Keyers,2012,1010,2022,800,-210,-20.8,10
33,New Hampshire,15-1141,Database Administrators,2012,580,2022,690,110,18.8,20
33,New Hampshire,41-9011,Demonstrators and Product Promoters,2012,150,2022,170,20,16.8,10
33,New Hampshire,31-9091,Dental Assistants,2012,1250,2022,1460,210,16.9,50
33,New Hampshire,29-2021,Dental Hygienists,2012,1220,2022,1520,300,24.6,60
33,New Hampshire,51-9081,Dental Laboratory Technicians,2012,160,2022,170,10,6.7,10
33,New Hampshire,29-1021,Dentists  General,2012,520,2022,580,60,10.5,20
33,New Hampshire,27-1029,Designers  All Other,2012,120,2022,120,0,7,0
33,New Hampshire,43-9031,Desktop Publishers,2012,70,2022,70,0,2.8,0
33,New Hampshire,33-3021,Detectives and Criminal Investigators,2012,370,2022,400,30,6.2,10
33,New Hampshire,29-2032,Diagnostic Medical Sonographers,2012,240,2022,340,100,40.8,10
33,New Hampshire,29-2051,Dietetic Technicians,2012,150,2022,190,40,23.4,10
33,New Hampshire,29-1031,Dietitians and Nutritionists,2012,280,2022,340,60,21.6,10
33,New Hampshire,35-9011,Dining Room and Cafeteria Attendants and Bartender Helpers,2012,930,2022,1030,100,10.6,50
33,New Hampshire,21-2021,Directors  Religious Activities and Education,2012,470,2022,500,30,5.9,20
33,New Hampshire,35-9021,Dishwashers,2012,2350,2022,2530,180,7.6,120
33,New Hampshire,43-5032,Dispatchers  Except Police  Fire  and Ambulance,2012,770,2022,810,40,5.3,30
33,New Hampshire,41-9091,Door-to-Door Sales Workers  News and Street Vendors  and Related Workers,2012,190,2022,160,-30,-16,0
33,New Hampshire,17-3019,Drafters  All Other,2012,200,2022,220,20,8.4,10
33,New Hampshire,51-4032,Drilling and Boring Machine Tool Setters  Operators  and Tenders  Metal and Plastic,2012,70,2022,60,-10,-15.9,0
33,New Hampshire,53-3031,Driver/Sales Workers,2012,2630,2022,2930,300,11.2,70
33,New Hampshire,47-2081,Drywall and Ceiling Tile Installers,2012,440,2022,470,30,7.8,10
33,New Hampshire,47-5021,Earth Drillers  Except Oil and Gas,2012,140,2022,160,20,10.6,10
33,New Hampshire,25-1063,Economics Teachers  Postsecondary,2012,80,2022,90,10,8.4,0
33,New Hampshire,19-3011,Economists,2012,20,2022,20,0,5,0
33,New Hampshire,27-3041,Editors,2012,360,2022,370,10,2,10
33,New Hampshire,Nov-39,Education Administrators  All Other,2012,190,2022,220,30,15.5,10
33,New Hampshire,Nov-32,Education Administrators  Elementary and Secondary School,2012,1230,2022,1280,50,4.2,40
33,New Hampshire,Nov-33,Education Administrators  Postsecondary,2012,730,2022,800,70,9.6,30
33,New Hampshire,Nov-31,Education Administrators  Preschool and Childcare Center/Program,2012,300,2022,340,40,14.7,10
33,New Hampshire,25-1081,Education Teachers  Postsecondary,2012,230,2022,250,20,8.6,10
33,New Hampshire,25-9099,Education  Training  and Library Workers  All Other,2012,700,2022,740,40,5.1,10
33,New Hampshire,21-1012,Educational  Guidance  School  and Vocational Counselors,2012,1340,2022,1450,110,8.2,40
33,New Hampshire,49-2092,Electric Motor  Power Tool  and Related Repairers,2012,60,2022,50,-10,-5.4,0
33,New Hampshire,51-2022,Electrical and Electronic Equipment Assemblers,2012,2600,2022,2560,-40,-1.5,30
33,New Hampshire,17-3012,Electrical and Electronics Drafters,2012,120,2022,130,10,5,0
33,New Hampshire,17-3023,Electrical and Electronics Engineering Technicians,2012,830,2022,800,-30,-3.7,20
33,New Hampshire,49-2094,Electrical and Electronics Repairers  Commercial and Industrial Equipment,2012,340,2022,360,20,3.2,10
33,New Hampshire,17-2071,Electrical Engineers,2012,1180,2022,1190,10,1.1,30
33,New Hampshire,49-9051,Electrical Power-Line Installers and Repairers,2012,720,2022,770,50,7.1,30
33,New Hampshire,47-2111,Electricians,2012,2380,2022,2780,400,16.7,90
33,New Hampshire,51-2023,Electromechanical Equipment Assemblers,2012,930,2022,950,20,2.8,10
33,New Hampshire,17-3024,Electro-Mechanical Technicians,2012,50,2022,50,0,-10,0
33,New Hampshire,17-2072,Electronics Engineers  Except Computer,2012,490,2022,520,30,4.7,10
33,New Hampshire,25-2021,Elementary School Teachers  Except Special Education,2012,6410,2022,7100,690,10.7,210
33,New Hampshire,43-4061,Eligibility Interviewers  Government Programs,2012,420,2022,490,70,15.6,20
33,New Hampshire,Nov-61,Emergency Management Directors,2012,70,2022,70,0,7.7,0
33,New Hampshire,29-2041,Emergency Medical Technicians and Paramedics,2012,1180,2022,1400,220,18.7,50
33,New Hampshire,51-2031,Engine and Other Machine Assemblers,2012,240,2022,250,10,6.3,10
33,New Hampshire,25-1032,Engineering Teachers  Postsecondary,2012,130,2022,130,0,5.6,0
33,New Hampshire,17-3029,Engineering Technicians  Except Drafters  All Other,2012,680,2022,680,0,-0.9,10
33,New Hampshire,17-2199,Engineers  All Other,2012,1500,2022,1540,40,2.8,30
33,New Hampshire,25-1123,English Language and Literature Teachers  Postsecondary,2012,320,2022,350,30,8.3,10
33,New Hampshire,17-3025,Environmental Engineering Technicians,2012,30,2022,30,0,4,0
33,New Hampshire,17-2081,Environmental Engineers,2012,240,2022,280,40,20.9,10
33,New Hampshire,19-4091,Environmental Science and Protection Technicians  Including Health,2012,230,2022,270,40,20.4,10
33,New Hampshire,25-1053,Environmental Science Teachers  Postsecondary,2012,60,2022,60,0,7,0
33,New Hampshire,19-2041,Environmental Scientists and Specialists  Including Health,2012,430,2022,510,80,17.8,20
33,New Hampshire,53-7032,Excavating and Loading Machine and Dragline Operators,2012,400,2022,450,50,13.6,10
33,New Hampshire,43-6011,Executive Secretaries and Executive Administrative Assistants,2012,1870,2022,1780,-90,-4.7,20
33,New Hampshire,29-1128,Exercise Physiologists,2012,40,2022,40,0,4.9,0
33,New Hampshire,51-4021,Extruding and Drawing Machine Setters  Operators  and Tenders  Metal and Plastic,2012,380,2022,330,-50,-13.6,10
33,New Hampshire,51-6091,Extruding and Forming Machine Setters  Operators  and Tenders  Synthetic and Glass Fibers,2012,70,2022,70,0,-2.7,0
33,New Hampshire,51-9041,Extruding  Forming  Pressing  and Compacting Machine Setters  Operators  and Tenders,2012,570,2022,540,-30,-4.9,20
33,New Hampshire,45-4021,Fallers,2012,50,2022,30,-20,-41.3,0
33,New Hampshire,29-1062,Family and General Practitioners,2012,660,2022,720,60,9.4,20
33,New Hampshire,49-3041,Farm Equipment Mechanics and Service Technicians,2012,60,2022,70,10,9.4,0
33,New Hampshire,Nov-13,Farmers  Ranchers  and Other Agricultural Managers,2012,4270,2022,4650,380,8.9,110
33,New Hampshire,45-2092,Farmworkers and Laborers  Crop  Nursery  and Greenhouse,2012,1020,2022,1030,10,1,30
33,New Hampshire,45-2093,Farmworkers  Farm  Ranch  and Aquacultural Animals,2012,240,2022,260,20,10.9,10
33,New Hampshire,27-1022,Fashion Designers,2012,50,2022,50,0,3.8,0
33,New Hampshire,47-4031,Fence Erectors,2012,180,2022,200,20,8.9,10
33,New Hampshire,43-4071,File Clerks,2012,620,2022,590,-30,-5.2,10
33,New Hampshire,27-4032,Film and Video Editors,2012,40,2022,50,10,6.8,0
33,New Hampshire,13-2051,Financial Analysts,2012,790,2022,950,160,20.4,40
33,New Hampshire,43-3099,Financial Clerks  All Other,2012,730,2022,850,120,17.5,30
33,New Hampshire,13-2061,Financial Examiners,2012,150,2022,160,10,10.1,10
33,New Hampshire,Nov-31,Financial Managers,2012,3430,2022,3760,330,9.4,100
33,New Hampshire,13-2099,Financial Specialists  All Other,2012,1400,2022,1560,160,11.2,30
33,New Hampshire,33-2021,Fire Inspectors and Investigators,2012,60,2022,60,0,5.3,0
33,New Hampshire,33-2011,Firefighters,2012,1470,2022,1590,120,8.4,50
33,New Hampshire,47-1011,First-Line Supervisors of Construction Trades and Extraction Workers,2012,2860,2022,3270,410,14,70
33,New Hampshire,33-1011,First-Line Supervisors of Correctional Officers,2012,120,2022,120,0,5.2,10
33,New Hampshire,45-1011,First-Line Supervisors of Farming  Fishing  and Forestry Workers,2012,100,2022,100,0,-1,0
33,New Hampshire,33-1021,First-Line Supervisors of Fire Fighting and Prevention Workers,2012,440,2022,470,30,7,20
33,New Hampshire,35-1012,First-Line Supervisors of Food Preparation and Serving Workers,2012,3710,2022,4240,530,14.4,160
33,New Hampshire,53-1021,First-Line Supervisors of Helpers  Laborers  and Material Movers  Hand,2012,470,2022,520,50,11,20
33,New Hampshire,37-1011,First-Line Supervisors of Housekeeping and Janitorial Workers,2012,1030,2022,1170,140,13.4,40
33,New Hampshire,37-1012,First-Line Supervisors of Landscaping  Lawn Service  and Groundskeeping Workers,2012,1140,2022,1280,140,12.5,30
33,New Hampshire,49-1011,First-Line Supervisors of Mechanics  Installers  and Repairers,2012,2180,2022,2320,140,6.5,70
33,New Hampshire,41-1012,First-Line Supervisors of Non-Retail Sales Workers,2012,2190,2022,2200,10,0.5,30
33,New Hampshire,43-1011,First-Line Supervisors of Office and Administrative Support Workers,2012,7100,2022,7970,870,12.2,260
33,New Hampshire,39-1021,First-Line Supervisors of Personal Service Workers,2012,910,2022,1010,100,10.8,30
33,New Hampshire,33-1012,First-Line Supervisors of Police and Detectives,2012,490,2022,520,30,6.4,20
33,New Hampshire,51-1011,First-Line Supervisors of Production and Operating Workers,2012,3030,2022,3060,30,1,50
33,New Hampshire,33-1099,First-Line Supervisors of Protective Service Workers  All Other,2012,210,2022,230,20,8,10
33,New Hampshire,41-1011,First-Line Supervisors of Retail Sales Workers,2012,10000,2022,10310,310,3.1,250
33,New Hampshire,53-1031,First-Line Supervisors of Transportation and Material-Moving Machine and Vehicle Operators,2012,720,2022,790,70,9.7,30
33,New Hampshire,33-3031,Fish and Game Wardens,2012,50,2022,50,0,4.3,0
33,New Hampshire,39-9031,Fitness Trainers and Aerobics Instructors,2012,2070,2022,2330,260,13,50
33,New Hampshire,47-2042,Floor Layers  Except Carpet  Wood  and Hard Tiles,2012,30,2022,40,10,9.4,0
33,New Hampshire,47-2043,Floor Sanders and Finishers,2012,80,2022,80,0,9.3,0
33,New Hampshire,27-1023,Floral Designers,2012,300,2022,280,-20,-7.4,10
33,New Hampshire,51-3091,Food and Tobacco Roasting  Baking  and Drying Machine Operators and Tenders,2012,50,2022,60,10,16.7,0
33,New Hampshire,51-3092,Food Batchmakers,2012,170,2022,200,30,18.5,10
33,New Hampshire,35-9099,Food Preparation and Serving Related Workers  All Other,2012,150,2022,160,10,9.4,10
33,New Hampshire,35-2021,Food Preparation Workers,2012,2470,2022,2600,130,5.2,80
33,New Hampshire,51-3099,Food Processing Workers  All Other,2012,140,2022,160,20,18.1,10
33,New Hampshire,19-1012,Food Scientists and Technologists,2012,20,2022,30,10,8.7,0
33,New Hampshire,35-3041,Food Servers  Nonrestaurant,2012,1240,2022,1530,290,23.7,70
33,New Hampshire,Nov-51,Food Service Managers,2012,1420,2022,1470,50,2.9,30
33,New Hampshire,25-1124,Foreign Language and Literature Teachers  Postsecondary,2012,140,2022,150,10,8.6,0
33,New Hampshire,19-4092,Forensic Science Technicians,2012,40,2022,40,0,7.7,0
33,New Hampshire,19-4093,Forest and Conservation Technicians,2012,70,2022,70,0,-1.4,0
33,New Hampshire,45-4011,Forest and Conservation Workers,2012,20,2022,30,10,4.2,0
33,New Hampshire,33-2022,Forest Fire Inspectors and Prevention Specialists,2012,190,2022,200,10,6.5,10
33,New Hampshire,19-1032,Foresters,2012,70,2022,80,10,21.5,0
33,New Hampshire,51-4071,Foundry Mold and Coremakers,2012,360,2022,330,-30,-6.2,0
33,New Hampshire,13-1131,Fundraisers,2012,400,2022,460,60,14.5,10
33,New Hampshire,39-4021,Funeral Attendants,2012,40,2022,50,10,2.3,0
33,New Hampshire,51-9051,Furnace  Kiln  Oven  Drier  and Kettle Operators and Tenders,2012,60,2022,60,0,0,0
33,New Hampshire,51-7021,Furniture Finishers,2012,60,2022,70,10,12.5,0
33,New Hampshire,39-1011,Gaming Supervisors,2012,60,2022,60,0,7.1,0
33,New Hampshire,51-8092,Gas Plant Operators,2012,30,2022,30,0,-9.7,0
33,New Hampshire,11-1021,General and Operations Managers,2012,7760,2022,8640,880,11.3,230
33,New Hampshire,25-1064,Geography Teachers  Postsecondary,2012,30,2022,30,0,7.7,0
33,New Hampshire,19-2042,Geoscientists  Except Hydrologists and Geographers,2012,80,2022,90,10,15.2,0
33,New Hampshire,47-2121,Glaziers,2012,150,2022,170,20,11.7,10
33,New Hampshire,45-2041,Graders and Sorters  Agricultural Products,2012,40,2022,40,0,0,0
33,New Hampshire,27-1024,Graphic Designers,2012,1090,2022,1190,100,9.4,40
33,New Hampshire,51-9022,Grinding and Polishing Workers  Hand,2012,180,2022,180,0,3.4,10
33,New Hampshire,51-4033,Grinding  Lapping  Polishing  and Buffing Machine Tool Setters  Operators  and Tenders  Metal and Plastic,2012,1030,2022,960,-70,-6.9,20
33,New Hampshire,37-3019,Grounds Maintenance Workers  All Other,2012,120,2022,140,20,11.3,0
33,New Hampshire,39-5012,Hairdressers  Hairstylists  and Cosmetologists,2012,4570,2022,5110,540,11.7,160
33,New Hampshire,47-4041,Hazardous Materials Removal Workers,2012,110,2022,130,20,18.5,0
33,New Hampshire,17-2111,Health and Safety Engineers  Except Mining Safety Engineers and Inspectors,2012,50,2022,50,0,6,0
33,New Hampshire,29-1199,Health Diagnosing and Treating Practitioners  All Other,2012,170,2022,190,20,12.3,10
33,New Hampshire,21-1091,Health Educators,2012,250,2022,310,60,25.6,10
33,New Hampshire,25-1071,Health Specialties Teachers  Postsecondary,2012,200,2022,260,60,29.2,10
33,New Hampshire,29-2099,Health Technologists and Technicians  All Other,2012,410,2022,490,80,20.6,10
33,New Hampshire,29-9099,Healthcare Practitioners and Technical Workers  All Other,2012,580,2022,690,110,19.3,30
33,New Hampshire,21-1022,Healthcare Social Workers,2012,470,2022,590,120,24.5,20
33,New Hampshire,31-9099,Healthcare Support Workers  All Other,2012,530,2022,620,90,16.1,20
33,New Hampshire,51-4191,Heat Treating Equipment Setters  Operators  and Tenders  Metal and Plastic,2012,70,2022,70,0,3,0
33,New Hampshire,49-9021,Heating  Air Conditioning  and Refrigeration Mechanics and Installers,2012,1110,2022,1190,80,7.8,40
33,New Hampshire,53-3032,Heavy and Tractor-Trailer Truck Drivers,2012,6580,2022,7310,730,11.1,180
33,New Hampshire,47-3019,Helpers  Construction Trades  All Other,2012,60,2022,70,10,17.9,0
33,New Hampshire,47-3011,Helpers--Brickmasons  Blockmasons  Stonemasons  and Tile and Marble Setters,2012,190,2022,240,50,29.8,10
33,New Hampshire,47-3012,Helpers--Carpenters,2012,150,2022,170,20,17.7,10
33,New Hampshire,47-3013,Helpers--Electricians,2012,70,2022,90,20,31,0
33,New Hampshire,47-5081,Helpers--Extraction Workers,2012,50,2022,60,10,11.5,0
33,New Hampshire,49-9098,Helpers--Installation  Maintenance  and Repair Workers,2012,430,2022,470,40,7.6,20
33,New Hampshire,47-3015,Helpers--Pipelayers  Plumbers  Pipefitters  and Steamfitters,2012,70,2022,90,20,20.5,0
33,New Hampshire,51-9198,Helpers--Production Workers,2012,1490,2022,1630,140,9.1,40
33,New Hampshire,47-4051,Highway Maintenance Workers,2012,1840,2022,1950,110,6.3,40
33,New Hampshire,25-1125,History Teachers  Postsecondary,2012,110,2022,120,10,8.5,0
33,New Hampshire,49-9031,Home Appliance Repairers,2012,140,2022,140,0,1.4,0
33,New Hampshire,31-1011,Home Health Aides,2012,2590,2022,3850,1260,48.4,170
33,New Hampshire,35-9031,Hosts and Hostesses  Restaurant  Lounge  and Coffee Shop,2012,1420,2022,1520,100,7.2,120
33,New Hampshire,43-4081,Hotel  Motel  and Resort Desk Clerks,2012,1220,2022,1410,190,15.9,80
33,New Hampshire,43-4161,Human Resources Assistants  Except Payroll and Timekeeping,2012,640,2022,650,10,1.4,20
33,New Hampshire,Nov-21,Human Resources Managers,2012,400,2022,460,60,12.9,20
33,New Hampshire,13-1071,Human Resources Specialists,2012,1670,2022,1840,170,10.4,50
33,New Hampshire,19-2043,Hydrologists,2012,80,2022,100,20,21,0
33,New Hampshire,17-3026,Industrial Engineering Technicians,2012,310,2022,300,-10,-3.9,10
33,New Hampshire,17-2112,Industrial Engineers,2012,1080,2022,1120,40,3.4,40
33,New Hampshire,49-9041,Industrial Machinery Mechanics,2012,1720,2022,2100,380,22.2,90
33,New Hampshire,Nov-51,Industrial Production Managers,2012,880,2022,860,-20,-2.2,20
33,New Hampshire,53-7051,Industrial Truck and Tractor Operators,2012,1050,2022,1040,-10,-1.4,20
33,New Hampshire,43-4199,Information and Record Clerks  All Other,2012,1080,2022,1040,-40,-3.3,20
33,New Hampshire,15-1122,Information Security Analysts,2012,190,2022,240,50,30.8,10
33,New Hampshire,51-9061,Inspectors  Testers  Sorters  Samplers  and Weighers,2012,3560,2022,3820,260,7.5,110
33,New Hampshire,49-9099,Installation  Maintenance  and Repair Workers  All Other,2012,1170,2022,1270,100,9.3,30
33,New Hampshire,25-9031,Instructional Coordinators,2012,420,2022,480,60,14,10
33,New Hampshire,47-2131,Insulation Workers  Floor  Ceiling  and Wall,2012,170,2022,200,30,19,10
33,New Hampshire,13-1032,Insurance Appraisers  Auto Damage,2012,50,2022,40,-10,-8.9,0
33,New Hampshire,43-9041,Insurance Claims and Policy Processing Clerks,2012,1080,2022,1150,70,6,40
33,New Hampshire,41-3021,Insurance Sales Agents,2012,2650,2022,2880,230,9,90
33,New Hampshire,13-2053,Insurance Underwriters,2012,270,2022,250,-20,-7.5,10
33,New Hampshire,27-1025,Interior Designers,2012,200,2022,220,20,8.5,10
33,New Hampshire,29-1063,Internists  General,2012,120,2022,120,0,7.8,0
33,New Hampshire,27-3091,Interpreters and Translators,2012,220,2022,320,100,47.9,10
33,New Hampshire,43-4111,Interviewers  Except Eligibility and Loan,2012,1050,2022,1130,80,7.3,30
33,New Hampshire,37-2011,Janitors and Cleaners  Except Maids and Housekeeping Cleaners,2012,9870,2022,10930,1060,10.8,290
33,New Hampshire,51-9071,Jewelers and Precious Stone and Metal Workers,2012,110,2022,90,-20,-13.1,0
33,New Hampshire,23-1023,Judges  Magistrate Judges  and Magistrates,2012,100,2022,100,0,5.3,0
33,New Hampshire,25-2012,Kindergarten Teachers  Except Special Education,2012,500,2022,570,70,13.2,20
33,New Hampshire,13-1075,Labor Relations Specialists,2012,130,2022,130,0,-0.8,0
33,New Hampshire,53-7062,Laborers and Freight  Stock  and Material Movers  Hand,2012,6010,2022,6690,680,11.2,250
33,New Hampshire,17-1012,Landscape Architects,2012,30,2022,30,0,24,0
33,New Hampshire,37-3011,Landscaping and Groundskeeping Workers,2012,6630,2022,7470,840,12.7,250
33,New Hampshire,51-4034,Lathe and Turning Machine Tool Setters  Operators  and Tenders  Metal and Plastic,2012,220,2022,200,-20,-11.6,0
33,New Hampshire,51-6011,Laundry and Dry-Cleaning Workers,2012,810,2022,880,70,8.6,30
33,New Hampshire,23-1011,Lawyers,2012,2280,2022,2380,100,4.8,50
33,New Hampshire,43-6012,Legal Secretaries,2012,780,2022,700,-80,-9.9,10
33,New Hampshire,23-2099,Legal Support Workers  All Other,2012,140,2022,160,20,9,0
33,New Hampshire,11-1031,Legislators,2012,350,2022,380,30,6.5,10
33,New Hampshire,25-4021,Librarians,2012,1140,2022,1190,50,5,30
33,New Hampshire,43-4121,Library Assistants  Clerical,2012,860,2022,980,120,13.8,50
33,New Hampshire,25-4031,Library Technicians,2012,750,2022,800,50,6.5,50
33,New Hampshire,29-2061,Licensed Practical and Licensed Vocational Nurses,2012,2510,2022,3130,620,24.6,120
33,New Hampshire,19-1099,Life Scientists  All Other,2012,50,2022,60,10,18.8,0
33,New Hampshire,19-4099,Life  Physical  and Social Science Technicians  All Other,2012,380,2022,400,20,7.2,20
33,New Hampshire,33-9092,Lifeguards  Ski Patrol  and Other Recreational Protective Service Workers,2012,450,2022,490,40,10.1,40
33,New Hampshire,53-3033,Light Truck or Delivery Services Drivers,2012,4460,2022,4800,340,7.6,110
33,New Hampshire,43-4131,Loan Interviewers and Clerks,2012,540,2022,590,50,10.4,10
33,New Hampshire,13-2072,Loan Officers,2012,1070,2022,1170,100,9.6,30
33,New Hampshire,39-3093,Locker Room  Coatroom  and Dressing Room Attendants,2012,80,2022,80,0,12,10
33,New Hampshire,49-9094,Locksmiths and Safe Repairers,2012,60,2022,70,10,4.7,0
33,New Hampshire,53-4011,Locomotive Engineers,2012,50,2022,50,0,4.2,0
33,New Hampshire,Nov-81,Lodging Managers,2012,220,2022,230,10,2.7,10
33,New Hampshire,45-4023,Log Graders and Scalers,2012,40,2022,30,-10,-28.6,0
33,New Hampshire,45-4022,Logging Equipment Operators,2012,260,2022,260,0,-0.4,0
33,New Hampshire,13-1081,Logisticians,2012,430,2022,510,80,16.6,10
33,New Hampshire,53-7063,Machine Feeders and Offbearers,2012,560,2022,570,10,0.9,10
33,New Hampshire,51-4041,Machinists,2012,2220,2022,2440,220,9.7,70
33,New Hampshire,29-2035,Magnetic Resonance Imaging Technologists,2012,120,2022,140,20,16,0
33,New Hampshire,37-2012,Maids and Housekeeping Cleaners,2012,5820,2022,6710,890,15.3,200
33,New Hampshire,43-9051,Mail Clerks and Mail Machine Operators  Except Postal Service,2012,540,2022,510,-30,-5.5,10
33,New Hampshire,49-9071,Maintenance and Repair Workers  General,2012,5200,2022,5710,510,9.9,150
33,New Hampshire,49-9043,Maintenance Workers  Machinery,2012,210,2022,240,30,14.9,10
33,New Hampshire,13-1111,Management Analysts,2012,2270,2022,2660,390,17.3,70
33,New Hampshire,Nov-99,Managers  All Other,2012,9460,2022,10140,680,7.2,280
33,New Hampshire,39-5092,Manicurists and Pedicurists,2012,260,2022,300,40,15.5,10
33,New Hampshire,49-9095,Manufactured Building and Mobile Home Installers,2012,120,2022,110,-10,-5.8,0
33,New Hampshire,13-1161,Market Research Analysts and Marketing Specialists,2012,1510,2022,1980,470,30.9,70
33,New Hampshire,Nov-21,Marketing Managers,2012,1230,2022,1390,160,12.7,40
33,New Hampshire,21-1013,Marriage and Family Therapists,2012,150,2022,190,40,31,10
33,New Hampshire,31-9011,Massage Therapists,2012,2050,2022,2220,170,8.1,40
33,New Hampshire,53-7199,Material Moving Workers  All Other,2012,430,2022,470,40,9,20
33,New Hampshire,17-2131,Materials Engineers,2012,110,2022,110,0,2.8,0
33,New Hampshire,25-1022,Mathematical Science Teachers  Postsecondary,2012,140,2022,160,20,8.3,0
33,New Hampshire,51-3022,Meat  Poultry  and Fish Cutters and Trimmers,2012,170,2022,200,30,14,10
33,New Hampshire,17-3013,Mechanical Drafters,2012,260,2022,240,-20,-5.9,0
33,New Hampshire,17-3027,Mechanical Engineering Technicians,2012,430,2022,440,10,3,10
33,New Hampshire,17-2141,Mechanical Engineers,2012,1630,2022,1710,80,4.6,60
33,New Hampshire,27-4099,Media and Communication Equipment Workers  All Other,2012,140,2022,150,10,9.5,0
33,New Hampshire,27-3099,Media and Communication Workers  All Other,2012,80,2022,90,10,8.5,0
33,New Hampshire,29-2012,Medical and Clinical Laboratory Technicians,2012,520,2022,670,150,27.3,30
33,New Hampshire,29-2011,Medical and Clinical Laboratory Technologists,2012,460,2022,500,40,10.3,20
33,New Hampshire,Nov-11,Medical and Health Services Managers,2012,1690,2022,2090,400,23.6,80
33,New Hampshire,51-9082,Medical Appliance Technicians,2012,50,2022,50,0,8.5,0
33,New Hampshire,31-9092,Medical Assistants,2012,1920,2022,2360,440,22.6,80
33,New Hampshire,31-9093,Medical Equipment Preparers,2012,320,2022,370,50,15.5,10
33,New Hampshire,49-9062,Medical Equipment Repairers,2012,150,2022,180,30,24,10
33,New Hampshire,29-2071,Medical Records and Health Information Technicians,2012,1020,2022,1230,210,21,50
33,New Hampshire,19-1042,Medical Scientists  Except Epidemiologists,2012,380,2022,410,30,8.7,10
33,New Hampshire,43-6013,Medical Secretaries,2012,2420,2022,3170,750,31.2,110
33,New Hampshire,31-9094,Medical Transcriptionists,2012,340,2022,360,20,7.7,10
33,New Hampshire,13-1121,Meeting  Convention  and Event Planners,2012,310,2022,400,90,32.5,10
33,New Hampshire,21-1023,Mental Health and Substance Abuse Social Workers,2012,240,2022,290,50,21.8,10
33,New Hampshire,21-1014,Mental Health Counselors,2012,630,2022,810,180,28.8,30
33,New Hampshire,27-1026,Merchandise Displayers and Window Trimmers,2012,530,2022,580,50,9.2,20
33,New Hampshire,51-4199,Metal Workers and Plastic Workers  All Other,2012,1340,2022,1350,10,0.6,20
33,New Hampshire,51-4051,Metal-Refining Furnace Operators and Tenders,2012,60,2022,60,0,1.6,0
33,New Hampshire,43-5041,Meter Readers  Utilities,2012,140,2022,120,-20,-14.8,0
33,New Hampshire,25-2022,Middle School Teachers  Except Special and Career/Technical Education,2012,4040,2022,4480,440,10.7,130
33,New Hampshire,51-4035,Milling and Planing Machine Setters  Operators  and Tenders  Metal and Plastic,2012,120,2022,110,-10,-7.8,0
33,New Hampshire,49-9044,Millwrights,2012,60,2022,70,10,21.7,0
33,New Hampshire,51-9023,Mixing and Blending Machine Setters  Operators  and Tenders,2012,240,2022,230,-10,-1.3,10
33,New Hampshire,49-3042,Mobile Heavy Equipment Mechanics  Except Engines,2012,540,2022,600,60,10.5,20
33,New Hampshire,51-9195,Molders  Shapers  and Casters  Except Metal and Plastic,2012,360,2022,370,10,2.8,10
33,New Hampshire,51-4072,Molding  Coremaking  and Casting Machine Setters  Operators  and Tenders  Metal and Plastic,2012,780,2022,680,-100,-13.4,10
33,New Hampshire,39-4031,Morticians  Undertakers  and Funeral Directors,2012,110,2022,130,20,11.4,0
33,New Hampshire,53-3099,Motor Vehicle Operators  All Other,2012,310,2022,350,40,11.8,10
33,New Hampshire,49-3051,Motorboat Mechanics and Service Technicians,2012,250,2022,270,20,7.6,10
33,New Hampshire,53-5022,Motorboat Operators,2012,40,2022,40,0,14.3,0
33,New Hampshire,49-3052,Motorcycle Mechanics,2012,160,2022,170,10,3.7,0
33,New Hampshire,27-1014,Multimedia Artists and Animators,2012,270,2022,300,30,12.8,10
33,New Hampshire,51-4081,Multiple Machine Tool Setters  Operators  and Tenders  Metal and Plastic,2012,700,2022,590,-110,-15.9,10
33,New Hampshire,27-2041,Music Directors and Composers,2012,260,2022,270,10,3.1,10
33,New Hampshire,27-2042,Musicians and Singers,2012,420,2022,440,20,4.1,10
33,New Hampshire,Nov-21,Natural Sciences Managers,2012,100,2022,110,10,3.9,0
33,New Hampshire,15-1142,Network and Computer Systems Administrators,2012,1810,2022,2040,230,12.8,50
33,New Hampshire,43-4141,New Accounts Clerks,2012,480,2022,470,-10,-3.3,10
33,New Hampshire,39-2021,Nonfarm Animal Caretakers,2012,980,2022,1150,170,17.3,30
33,New Hampshire,29-2033,Nuclear Medicine Technologists,2012,60,2022,70,10,14.5,0
33,New Hampshire,29-1151,Nurse Anesthetists,2012,120,2022,150,30,21.1,10
33,New Hampshire,29-1161,Nurse Midwives,2012,50,2022,60,10,29.8,0
33,New Hampshire,29-1171,Nurse Practitioners,2012,800,2022,1050,250,30.8,40
33,New Hampshire,31-1014,Nursing Assistants,2012,8490,2022,10290,1800,21.2,340
33,New Hampshire,25-1072,Nursing Instructors and Teachers  Postsecondary,2012,220,2022,300,80,32.3,10
33,New Hampshire,29-1064,Obstetricians and Gynecologists,2012,170,2022,190,20,9.3,10
33,New Hampshire,29-9011,Occupational Health and Safety Specialists,2012,220,2022,240,20,8.1,10
33,New Hampshire,29-9012,Occupational Health and Safety Technicians,2012,50,2022,50,0,8.3,0
33,New Hampshire,29-1122,Occupational Therapists,2012,690,2022,860,170,24.9,30
33,New Hampshire,31-2011,Occupational Therapy Assistants,2012,130,2022,180,50,32.1,10
33,New Hampshire,43-9199,Office and Administrative Support Workers  All Other,2012,3210,2022,3490,280,8.8,120
33,New Hampshire,43-9061,Office Clerks  General,2012,13530,2022,14310,780,5.8,360
33,New Hampshire,43-9071,Office Machine Operators  Except Computer,2012,430,2022,410,-20,-4.9,10
33,New Hampshire,47-2073,Operating Engineers and Other Construction Equipment Operators,2012,950,2022,1080,130,13.8,30
33,New Hampshire,15-2031,Operations Research Analysts,2012,190,2022,240,50,26.7,10
33,New Hampshire,51-9083,Ophthalmic Laboratory Technicians,2012,280,2022,320,40,14.3,10
33,New Hampshire,29-2057,Ophthalmic Medical Technicians,2012,150,2022,180,30,21.4,0
33,New Hampshire,29-2081,Opticians  Dispensing,2012,380,2022,450,70,18.3,20
33,New Hampshire,29-1041,Optometrists,2012,140,2022,160,20,17.4,10
33,New Hampshire,43-4151,Order Clerks,2012,1300,2022,1290,-10,-0.2,30
33,New Hampshire,31-1015,Orderlies,2012,90,2022,100,10,15.6,0
33,New Hampshire,29-2091,Orthotists and Prosthetists,2012,70,2022,90,20,32.8,0
33,New Hampshire,49-3053,Outdoor Power Equipment and Other Small Engine Mechanics,2012,330,2022,340,10,3.7,10
33,New Hampshire,51-9111,Packaging and Filling Machine Operators and Tenders,2012,810,2022,840,30,3.3,20
33,New Hampshire,53-7064,Packers and Packagers  Hand,2012,1920,2022,2010,90,4.9,60
33,New Hampshire,47-2141,Painters  Construction and Maintenance,2012,1250,2022,1440,190,15.5,40
33,New Hampshire,51-9122,Painters  Transportation Equipment,2012,80,2022,90,10,11.5,0
33,New Hampshire,51-9196,Paper Goods Machine Setters  Operators  and Tenders,2012,120,2022,110,-10,-6.9,0
33,New Hampshire,23-2011,Paralegals and Legal Assistants,2012,1180,2022,1310,130,11.1,30
33,New Hampshire,33-3041,Parking Enforcement Workers,2012,50,2022,40,-10,-2.2,0
33,New Hampshire,53-6021,Parking Lot Attendants,2012,150,2022,170,20,10,10
33,New Hampshire,41-2022,Parts Salespersons,2012,1340,2022,1440,100,7.1,40
33,New Hampshire,47-2071,Paving  Surfacing  and Tamping Equipment Operators,2012,220,2022,240,20,10.7,10
33,New Hampshire,43-3051,Payroll and Timekeeping Clerks,2012,840,2022,940,100,11,30
33,New Hampshire,29-1065,Pediatricians  General,2012,90,2022,90,0,9.3,0
33,New Hampshire,39-9021,Personal Care Aides,2012,5160,2022,7390,2230,43.3,260
33,New Hampshire,39-9099,Personal Care and Service Workers  All Other,2012,430,2022,480,50,12.1,20
33,New Hampshire,13-2052,Personal Financial Advisors,2012,1320,2022,1750,430,32.1,60
33,New Hampshire,37-2021,Pest Control Workers,2012,170,2022,210,40,20.6,10
33,New Hampshire,37-3012,Pesticide Handlers  Sprayers  and Applicators  Vegetation,2012,30,2022,40,10,16.1,0
33,New Hampshire,29-1051,Pharmacists,2012,1220,2022,1390,170,14,50
33,New Hampshire,29-2052,Pharmacy Technicians,2012,1440,2022,1710,270,19,40
33,New Hampshire,25-1126,Philosophy and Religion Teachers  Postsecondary,2012,100,2022,110,10,14.3,0
33,New Hampshire,31-9097,Phlebotomists,2012,610,2022,740,130,19.9,20
33,New Hampshire,27-4021,Photographers,2012,500,2022,510,10,2.8,10
33,New Hampshire,51-9151,Photographic Process Workers and Processing Machine Operators,2012,220,2022,210,-10,-3.2,10
33,New Hampshire,19-2099,Physical Scientists  All Other,2012,180,2022,190,10,6.1,10
33,New Hampshire,31-2022,Physical Therapist Aides,2012,110,2022,140,30,29.9,10
33,New Hampshire,31-2021,Physical Therapist Assistants,2012,380,2022,510,130,33.9,20
33,New Hampshire,29-1123,Physical Therapists,2012,1180,2022,1550,370,31.1,70
33,New Hampshire,29-1071,Physician Assistants,2012,470,2022,640,170,36.5,30
33,New Hampshire,29-1069,Physicians and Surgeons  All Other,2012,1680,2022,1990,310,18.9,70
33,New Hampshire,19-2012,Physicists,2012,40,2022,40,0,7.5,0
33,New Hampshire,25-1054,Physics Teachers  Postsecondary,2012,70,2022,80,10,8.2,0
33,New Hampshire,47-2151,Pipelayers,2012,160,2022,190,30,17.8,10
33,New Hampshire,51-8099,Plant and System Operators  All Other,2012,80,2022,70,-10,-8,0
33,New Hampshire,47-2161,Plasterers and Stucco Masons,2012,40,2022,50,10,6.8,0
33,New Hampshire,51-4193,Plating and Coating Machine Setters  Operators  and Tenders  Metal and Plastic,2012,160,2022,140,-20,-10.1,0
33,New Hampshire,47-2152,Plumbers  Pipefitters  and Steamfitters,2012,1700,2022,1990,290,17,50
33,New Hampshire,29-1081,Podiatrists,2012,40,2022,50,10,17.9,0
33,New Hampshire,33-3051,Police and Sheriff's Patrol Officers,2012,2970,2022,3170,200,6.7,110
33,New Hampshire,43-5031,Police  Fire  and Ambulance Dispatchers,2012,700,2022,760,60,8,30
33,New Hampshire,25-1065,Political Science Teachers  Postsecondary,2012,60,2022,70,10,9.4,0
33,New Hampshire,43-5051,Postal Service Clerks,2012,480,2022,340,-140,-28.8,10
33,New Hampshire,43-5052,Postal Service Mail Carriers,2012,1490,2022,1140,-350,-23.8,50
33,New Hampshire,43-5053,Postal Service Mail Sorters  Processors  and Processing Machine Operators,2012,710,2022,520,-190,-26.9,10
33,New Hampshire,Nov-31,Postmasters and Mail Superintendents,2012,200,2022,160,-40,-21.2,0
33,New Hampshire,25-1199,Postsecondary Teachers  All Other,2012,450,2022,490,40,8.5,10
33,New Hampshire,51-4052,Pourers and Casters  Metal,2012,80,2022,70,-10,-8.6,0
33,New Hampshire,49-9069,Precision Instrument and Equipment Repairers  All Other,2012,180,2022,180,0,2.3,10
33,New Hampshire,51-5111,Prepress Technicians and Workers,2012,140,2022,120,-20,-15.5,0
33,New Hampshire,25-2011,Preschool Teachers  Except Special Education,2012,2780,2022,3190,410,14.8,120
33,New Hampshire,51-6021,Pressers  Textile  Garment  and Related Materials,2012,170,2022,180,10,4.7,0
33,New Hampshire,51-5113,Print Binding and Finishing Workers,2012,200,2022,190,-10,-6.4,0
33,New Hampshire,51-5112,Printing Press Operators,2012,960,2022,930,-30,-2.4,20
33,New Hampshire,33-9021,Private Detectives and Investigators,2012,230,2022,260,30,12.4,10
33,New Hampshire,21-1092,Probation Officers and Correctional Treatment Specialists,2012,230,2022,230,0,0.4,10
33,New Hampshire,43-3061,Procurement Clerks,2012,410,2022,440,30,5.8,20
33,New Hampshire,27-2012,Producers and Directors,2012,220,2022,240,20,9,10
33,New Hampshire,51-9199,Production Workers  All Other,2012,2630,2022,2720,90,3.2,80
33,New Hampshire,43-5061,Production  Planning  and Expediting Clerks,2012,1330,2022,1390,60,4.1,40
33,New Hampshire,43-9081,Proofreaders and Copy Markers,2012,60,2022,70,10,6.6,0
33,New Hampshire,Nov-41,Property  Real Estate  and Community Association Managers,2012,1100,2022,1240,140,12.9,40
33,New Hampshire,33-9099,Protective Service Workers  All Other,2012,300,2022,320,20,7,20
33,New Hampshire,31-1013,Psychiatric Aides,2012,280,2022,270,-10,-3.9,10
33,New Hampshire,29-2053,Psychiatric Technicians,2012,70,2022,70,0,-1.5,0
33,New Hampshire,29-1066,Psychiatrists,2012,100,2022,120,20,23.2,0
33,New Hampshire,19-3039,Psychologists  All Other,2012,30,2022,30,0,15.4,0
33,New Hampshire,25-1066,Psychology Teachers  Postsecondary,2012,130,2022,140,10,8.6,0
33,New Hampshire,Nov-31,Public Relations and Fundraising Managers,2012,360,2022,400,40,11.5,10
33,New Hampshire,27-3031,Public Relations Specialists,2012,940,2022,1060,120,12.9,30
33,New Hampshire,13-1023,Purchasing Agents  Except Wholesale  Retail  and Farm Products,2012,1480,2022,1500,20,1.5,30
33,New Hampshire,Nov-61,Purchasing Managers,2012,360,2022,370,10,3.3,10
33,New Hampshire,29-1124,Radiation Therapists,2012,90,2022,110,20,19.6,0
33,New Hampshire,27-3011,Radio and Television Announcers,2012,180,2022,180,0,1.1,0
33,New Hampshire,29-2034,Radiologic Technologists,2012,880,2022,1040,160,17.2,30
33,New Hampshire,53-4099,Rail Transportation Workers  All Other,2012,90,2022,110,20,29.4,10
33,New Hampshire,47-4061,Rail-Track Laying and Maintenance Equipment Operators,2012,90,2022,90,0,-2.1,0
33,New Hampshire,41-9021,Real Estate Brokers,2012,250,2022,290,40,12.6,10
33,New Hampshire,41-9022,Real Estate Sales Agents,2012,530,2022,590,60,11.8,10
33,New Hampshire,43-4171,Receptionists and Information Clerks,2012,5120,2022,5510,390,7.7,180
33,New Hampshire,25-1193,Recreation and Fitness Studies Teachers  Postsecondary,2012,80,2022,80,0,7.9,0
33,New Hampshire,39-9032,Recreation Workers,2012,1600,2022,1830,230,14.3,40
33,New Hampshire,29-1125,Recreational Therapists,2012,80,2022,90,10,8.5,0
33,New Hampshire,49-3092,Recreational Vehicle Service Technicians,2012,100,2022,110,10,8.2,0
33,New Hampshire,53-7081,Refuse and Recyclable Material Collectors,2012,790,2022,840,50,6.6,20
33,New Hampshire,29-1141,Registered Nurses,2012,12580,2022,15000,2420,19.2,490
33,New Hampshire,21-1015,Rehabilitation Counselors,2012,640,2022,770,130,19.6,30
33,New Hampshire,21-2099,Religious Workers  All Other,2012,230,2022,250,20,6.4,10
33,New Hampshire,27-3022,Reporters and Correspondents,2012,290,2022,250,-40,-14.1,10
33,New Hampshire,43-4181,Reservation and Transportation Ticket Agents and Travel Clerks,2012,230,2022,210,-20,-5.8,0
33,New Hampshire,39-9041,Residential Advisors,2012,530,2022,640,110,21.7,30
33,New Hampshire,29-1126,Respiratory Therapists,2012,480,2022,570,90,18.9,20
33,New Hampshire,41-2031,Retail Salespersons,2012,25170,2022,26780,1610,6.4,1020
33,New Hampshire,47-2181,Roofers,2012,300,2022,320,20,5.9,10
33,New Hampshire,41-9031,Sales Engineers,2012,540,2022,590,50,11,20
33,New Hampshire,Nov-22,Sales Managers,2012,1690,2022,1870,180,10.3,50
33,New Hampshire,41-3099,Sales Representatives  Services  All Other,2012,2470,2022,2890,420,16.9,110
33,New Hampshire,41-4012,Sales Representatives  Wholesale and Manufacturing  Except Technical and Scientific Products,2012,6610,2022,7330,720,10.8,200
33,New Hampshire,41-4011,Sales Representatives  Wholesale and Manufacturing  Technical and Scientific Products,2012,3810,2022,4280,470,12.1,120
33,New Hampshire,51-7041,Sawing Machine Setters  Operators  and Tenders  Wood,2012,140,2022,170,30,15.3,10
33,New Hampshire,25-2031,Secondary School Teachers  Except Special and Career/Technical Education,2012,4800,2022,4990,190,3.9,150
33,New Hampshire,43-6014,Secretaries and Administrative Assistants  Except Legal  Medical  and Executive,2012,11010,2022,12210,1200,10.9,250
33,New Hampshire,41-3031,Securities  Commodities  and Financial Services Sales Agents,2012,1430,2022,1620,190,13.4,50
33,New Hampshire,49-2098,Security and Fire Alarm Systems Installers,2012,220,2022,250,30,11.2,10
33,New Hampshire,33-9032,Security Guards,2012,2540,2022,2780,240,9.5,60
33,New Hampshire,25-3021,Self-Enrichment Education Teachers,2012,1550,2022,1800,250,16.3,50
33,New Hampshire,51-9141,Semiconductor Processors,2012,120,2022,90,-30,-27,0
33,New Hampshire,51-9012,Separating  Filtering  Clarifying  Precipitating  and Still Machine Setters  Operators  and Tenders,2012,250,2022,260,10,6.9,10
33,New Hampshire,47-4071,Septic Tank Servicers and Sewer Pipe Cleaners,2012,100,2022,120,20,25,0
33,New Hampshire,27-1027,Set and Exhibit Designers,2012,30,2022,30,0,7.1,0
33,New Hampshire,51-6051,Sewers  Hand,2012,40,2022,40,0,0,0
33,New Hampshire,51-6031,Sewing Machine Operators,2012,600,2022,560,-40,-6.8,0
33,New Hampshire,47-2211,Sheet Metal Workers,2012,650,2022,730,80,12.8,20
33,New Hampshire,43-5071,Shipping  Receiving  and Traffic Clerks,2012,3160,2022,3290,130,4.2,100
33,New Hampshire,39-5094,Skincare Specialists,2012,160,2022,220,60,38.8,10
33,New Hampshire,Nov-51,Social and Community Service Managers,2012,600,2022,720,120,20.5,20
33,New Hampshire,21-1093,Social and Human Service Assistants,2012,2540,2022,3040,500,19.9,120
33,New Hampshire,25-1069,Social Sciences Teachers  Postsecondary  All Other,2012,110,2022,130,20,10.5,0
33,New Hampshire,19-3099,Social Scientists and Related Workers  All Other,2012,70,2022,70,0,7.4,0
33,New Hampshire,21-1029,Social Workers  All Other,2012,130,2022,140,10,9.5,0
33,New Hampshire,25-1067,Sociology Teachers  Postsecondary,2012,60,2022,70,10,7.9,0
33,New Hampshire,15-1132,Software Developers  Applications,2012,4820,2022,6170,1350,27.9,200
33,New Hampshire,15-1133,Software Developers  Systems Software,2012,1530,2022,1710,180,11.8,40
33,New Hampshire,19-1013,Soil and Plant Scientists,2012,20,2022,10,-10,-6.7,0
33,New Hampshire,27-4014,Sound Engineering Technicians,2012,40,2022,50,10,7.1,0
33,New Hampshire,25-2052,Special Education Teachers  Kindergarten and Elementary School,2012,1030,2022,1070,40,4.6,20
33,New Hampshire,25-2053,Special Education Teachers  Middle School,2012,630,2022,660,30,3.6,10
33,New Hampshire,25-2054,Special Education Teachers  Secondary School,2012,480,2022,490,10,3.2,10
33,New Hampshire,29-1127,Speech-Language Pathologists,2012,610,2022,700,90,14.5,20
33,New Hampshire,51-8021,Stationary Engineers and Boiler Operators,2012,90,2022,100,10,6.7,0
33,New Hampshire,43-9111,Statistical Assistants,2012,180,2022,210,30,20.5,10
33,New Hampshire,15-2041,Statisticians,2012,100,2022,140,40,32,10
33,New Hampshire,43-5081,Stock Clerks and Order Fillers,2012,12440,2022,12370,-70,-0.5,380
33,New Hampshire,47-2022,Stonemasons,2012,110,2022,130,20,19.6,0
33,New Hampshire,47-2221,Structural Iron and Steel Workers,2012,190,2022,210,20,13.4,10
33,New Hampshire,51-2041,Structural Metal Fabricators and Fitters,2012,250,2022,280,30,12.6,10
33,New Hampshire,21-1011,Substance Abuse and Behavioral Disorder Counselors,2012,360,2022,490,130,35.9,20
33,New Hampshire,29-1067,Surgeons,2012,220,2022,260,40,18.1,10
33,New Hampshire,29-2055,Surgical Technologists,2012,310,2022,390,80,27.3,10
33,New Hampshire,17-3031,Surveying and Mapping Technicians,2012,210,2022,240,30,17.1,10
33,New Hampshire,17-1022,Surveyors,2012,240,2022,280,40,15.2,10
33,New Hampshire,43-2011,Switchboard Operators  Including Answering Service,2012,560,2022,510,-50,-9.8,10
33,New Hampshire,53-7121,Tank Car  Truck  and Ship Loaders,2012,30,2022,40,10,9.1,0
33,New Hampshire,47-2082,Tapers,2012,40,2022,40,0,5.3,0
33,New Hampshire,13-2081,Tax Examiners and Collectors  and Revenue Agents,2012,350,2022,360,10,3.5,10
33,New Hampshire,13-2082,Tax Preparers,2012,290,2022,310,20,6.3,10
33,New Hampshire,53-3041,Taxi Drivers and Chauffeurs,2012,1290,2022,1380,90,6.8,20
33,New Hampshire,25-9041,Teacher Assistants,2012,8090,2022,8460,370,4.6,220
33,New Hampshire,25-3099,Teachers and Instructors  All Other,2012,5020,2022,5370,350,7,120
33,New Hampshire,51-2092,Team Assemblers,2012,2900,2022,2990,90,3.1,60
33,New Hampshire,27-3042,Technical Writers,2012,190,2022,200,10,5.4,10
33,New Hampshire,49-2022,Telecommunications Equipment Installers and Repairers  Except Line Installers,2012,1060,2022,1080,20,2.3,20
33,New Hampshire,49-9052,Telecommunications Line Installers and Repairers,2012,760,2022,800,40,5.4,20
33,New Hampshire,41-9041,Telemarketers,2012,640,2022,740,100,15.4,20
33,New Hampshire,43-2021,Telephone Operators,2012,90,2022,70,-20,-20.7,0
33,New Hampshire,43-3071,Tellers,2012,2050,2022,2110,60,3.1,100
33,New Hampshire,51-6062,Textile Cutting Machine Setters  Operators  and Tenders,2012,40,2022,40,0,-2.3,0
33,New Hampshire,51-6063,Textile Knitting and Weaving Machine Setters  Operators  and Tenders,2012,230,2022,250,20,12.4,10
33,New Hampshire,51-6064,Textile Winding  Twisting  and Drawing Out Machine Setters  Operators  and Tenders,2012,60,2022,70,10,11.9,0
33,New Hampshire,51-6099,Textile  Apparel  and Furnishings Workers  All Other,2012,410,2022,450,40,9.7,10
33,New Hampshire,47-2044,Tile and Marble Setters,2012,80,2022,90,10,9.9,0
33,New Hampshire,49-3093,Tire Repairers and Changers,2012,580,2022,630,50,7.4,20
33,New Hampshire,23-2093,Title Examiners  Abstractors  and Searchers,2012,120,2022,120,0,4.2,0
33,New Hampshire,51-4111,Tool and Die Makers,2012,340,2022,340,0,0,0
33,New Hampshire,51-4194,Tool Grinders  Filers  and Sharpeners,2012,50,2022,60,10,9.6,0
33,New Hampshire,00-0000,Total  All Occupations,2012,668270,2022,737000,68730,10.3,22850
33,New Hampshire,39-7011,Tour Guides and Escorts,2012,160,2022,170,10,5.7,10
33,New Hampshire,Nov-31,Training and Development Managers,2012,80,2022,90,10,8.3,0
33,New Hampshire,13-1151,Training and Development Specialists,2012,790,2022,900,110,13.7,30
33,New Hampshire,53-6061,Transportation Attendants  Except Flight Attendants,2012,110,2022,120,10,10,0
33,New Hampshire,33-9093,Transportation Security Screeners,2012,160,2022,180,20,12,10
33,New Hampshire,53-6099,Transportation Workers  All Other,2012,110,2022,110,0,2.9,0
33,New Hampshire,Nov-71,Transportation  Storage  and Distribution Managers,2012,470,2022,480,10,1.3,10
33,New Hampshire,41-3041,Travel Agents,2012,480,2022,420,-60,-12.5,10
33,New Hampshire,37-3013,Tree Trimmers and Pruners,2012,220,2022,260,40,20.1,10
33,New Hampshire,51-6093,Upholsterers,2012,70,2022,80,10,9.7,0
33,New Hampshire,19-3051,Urban and Regional Planners,2012,180,2022,190,10,6.8,10
33,New Hampshire,39-3031,Ushers  Lobby Attendants  and Ticket Takers,2012,190,2022,200,10,5.3,10
33,New Hampshire,29-1131,Veterinarians,2012,400,2022,460,60,13.4,20
33,New Hampshire,31-9096,Veterinary Assistants and Laboratory Animal Caretakers,2012,230,2022,260,30,10.4,10
33,New Hampshire,29-2056,Veterinary Technologists and Technicians,2012,590,2022,780,190,33.2,30
33,New Hampshire,25-1194,Vocational Education Teachers  Postsecondary,2012,260,2022,290,30,10.7,10
33,New Hampshire,35-3031,Waiters and Waitresses,2012,11670,2022,12530,860,7.4,650
33,New Hampshire,51-8031,Water and Wastewater Treatment Plant and System Operators,2012,390,2022,420,30,7,20
33,New Hampshire,15-1134,Web Developers,2012,990,2022,1250,260,26,40
33,New Hampshire,43-5111,Weighers  Measurers  Checkers  and Samplers  Recordkeeping,2012,300,2022,310,10,4,10
33,New Hampshire,51-4121,Welders  Cutters  Solderers  and Brazers,2012,970,2022,1020,50,5,30
33,New Hampshire,51-4122,Welding  Soldering  and Brazing Machine Setters  Operators  and Tenders,2012,250,2022,310,60,22.8,10
33,New Hampshire,13-1022,Wholesale and Retail Buyers  Except Farm Products,2012,680,2022,750,70,9.5,20
33,New Hampshire,51-7099,Woodworkers  All Other,2012,130,2022,130,0,3.2,0
33,New Hampshire,51-7042,Woodworking Machine Setters  Operators  and Tenders  Except Sawing,2012,330,2022,380,50,15,10
33,New Hampshire,43-9022,Word Processors and Typists,2012,110,2022,90,-20,-21.6,0
33,New Hampshire,27-3043,Writers and Authors,2012,620,2022,660,40,6.4,20
33,New Hampshire,19-1023,Zoologists and Wildlife Biologists,2012,80,2022,80,0,3.9,0
