STFIPS,AreaName,OccupationCode,OccupationName,BaseYear,Base,ProjYear,Proj,Change,PercentChange,AvgAnnualOpenings
34,New Jersey,13-2011,Accountants and Auditors,2012,37560,2022,40730,3170,8.4,1430
34,New Jersey,27-2011,Actors,2012,4040,2022,4230,190,4.7,150
34,New Jersey,15-2011,Actuaries,2012,1490,2022,1910,420,28.2,80
34,New Jersey,51-9191,Adhesive Bonding Machine Operators and Tenders,2012,220,2022,180,-40,-15.8,10
34,New Jersey,23-1021,Administrative Law Judges  Adjudicators  and Hearing Officers,2012,310,2022,290,-20,-6.8,10
34,New Jersey,Nov-11,Administrative Services Managers,2012,8140,2022,8670,530,6.4,180
34,New Jersey,25-3011,Adult Basic and Secondary Education and Literacy Teachers and Instructors,2012,1030,2022,1020,-10,-1.3,20
34,New Jersey,Nov-11,Advertising and Promotions Managers,2012,830,2022,900,70,8.5,30
34,New Jersey,41-3011,Advertising Sales Agents,2012,2550,2022,2350,-200,-7.5,80
34,New Jersey,17-3021,Aerospace Engineering and Operations Technicians,2012,200,2022,240,40,21.9,10
34,New Jersey,17-2011,Aerospace Engineers,2012,1650,2022,2010,360,21.8,70
34,New Jersey,13-1011,Agents and Business Managers of Artists  Performers  and Athletes,2012,390,2022,410,20,4.9,10
34,New Jersey,19-4011,Agricultural and Food Science Technicians,2012,200,2022,200,0,1.5,10
34,New Jersey,17-2021,Agricultural Engineers,2012,0,2022,0,0,-33.3,0
34,New Jersey,45-2091,Agricultural Equipment Operators,2012,40,2022,50,10,2.3,0
34,New Jersey,45-2011,Agricultural Inspectors,2012,150,2022,150,0,0.7,0
34,New Jersey,25-1041,Agricultural Sciences Teachers  Postsecondary,2012,100,2022,110,10,2.9,0
34,New Jersey,45-2099,Agricultural Workers  All Other,2012,100,2022,110,10,13.4,0
34,New Jersey,53-2021,Air Traffic Controllers,2012,230,2022,230,0,-0.9,10
34,New Jersey,53-1011,Aircraft Cargo Handling Supervisors,2012,180,2022,190,10,8,10
34,New Jersey,49-3011,Aircraft Mechanics and Service Technicians,2012,5030,2022,5010,-20,-0.4,140
34,New Jersey,51-2011,Aircraft Structure  Surfaces  Rigging  and Systems Assemblers,2012,60,2022,70,10,3.2,0
34,New Jersey,53-2022,Airfield Operations Specialists,2012,270,2022,280,10,6,10
34,New Jersey,53-2011,Airline Pilots  Copilots  and Flight Engineers,2012,390,2022,410,20,5.4,10
34,New Jersey,53-3011,Ambulance Drivers and Attendants  Except Emergency Medical Technicians,2012,1120,2022,1440,320,28.7,50
34,New Jersey,39-3091,Amusement and Recreation Attendants,2012,6790,2022,7410,620,9.2,400
34,New Jersey,29-1061,Anesthesiologists,2012,600,2022,710,110,18.1,30
34,New Jersey,33-9011,Animal Control Workers,2012,430,2022,440,10,1.2,10
34,New Jersey,19-1011,Animal Scientists,2012,20,2022,20,0,-6.3,0
34,New Jersey,39-2011,Animal Trainers,2012,1110,2022,1280,170,15.5,70
34,New Jersey,19-3091,Anthropologists and Archeologists,2012,130,2022,150,20,18.1,0
34,New Jersey,25-1061,Anthropology and Archeology Teachers  Postsecondary,2012,150,2022,160,10,7.4,0
34,New Jersey,13-2021,Appraisers and Assessors of Real Estate,2012,2260,2022,2280,20,1.2,20
34,New Jersey,23-1022,Arbitrators  Mediators  and Conciliators,2012,70,2022,70,0,-4.1,0
34,New Jersey,17-1011,Architects  Except Landscape and Naval,2012,2280,2022,2630,350,15.4,90
34,New Jersey,17-3011,Architectural and Civil Drafters,2012,1930,2022,1870,-60,-2.9,30
34,New Jersey,Nov-41,Architectural and Engineering Managers,2012,5020,2022,5450,430,8.5,170
34,New Jersey,25-1031,Architecture Teachers  Postsecondary,2012,60,2022,60,0,8.5,0
34,New Jersey,25-4011,Archivists,2012,140,2022,150,10,4.9,0
34,New Jersey,25-1062,Area  Ethnic  and Cultural Studies Teachers  Postsecondary,2012,240,2022,270,30,10.2,10
34,New Jersey,27-1011,Art Directors,2012,2280,2022,2240,-40,-1.5,50
34,New Jersey,25-1121,Art  Drama  and Music Teachers  Postsecondary,2012,2410,2022,2660,250,10.5,60
34,New Jersey,27-1019,Artists and Related Workers  All Other,2012,120,2022,120,0,0.8,0
34,New Jersey,51-2099,Assemblers and Fabricators  All Other,2012,11580,2022,12190,610,5.3,250
34,New Jersey,27-2021,Athletes and Sports Competitors,2012,640,2022,670,30,4.8,20
34,New Jersey,29-9091,Athletic Trainers,2012,710,2022,760,50,6.9,20
34,New Jersey,19-2021,Atmospheric and Space Scientists,2012,100,2022,100,0,-1,0
34,New Jersey,25-1051,Atmospheric  Earth  Marine  and Space Sciences Teachers  Postsecondary,2012,120,2022,130,10,6.5,0
34,New Jersey,27-4011,Audio and Video Equipment Technicians,2012,1940,2022,1990,50,2.4,40
34,New Jersey,29-1181,Audiologists,2012,250,2022,310,60,25.7,10
34,New Jersey,25-9011,Audio-Visual and Multimedia Collections Specialists,2012,660,2022,620,-40,-5.6,10
34,New Jersey,53-6031,Automotive and Watercraft Service Attendants,2012,10070,2022,10720,650,6.5,350
34,New Jersey,49-3021,Automotive Body and Related Repairers,2012,4510,2022,4840,330,7.3,120
34,New Jersey,49-3022,Automotive Glass Installers and Repairers,2012,380,2022,400,20,6.1,10
34,New Jersey,49-3023,Automotive Service Technicians and Mechanics,2012,21470,2022,22650,1180,5.5,660
34,New Jersey,49-2091,Avionics Technicians,2012,380,2022,410,30,8.5,10
34,New Jersey,39-6011,Baggage Porters and Bellhops,2012,1340,2022,1400,60,4.7,40
34,New Jersey,33-3011,Bailiffs,2012,100,2022,100,0,-1,0
34,New Jersey,51-3011,Bakers,2012,3570,2022,3800,230,6.5,110
34,New Jersey,39-5011,Barbers,2012,3510,2022,4090,580,16.5,150
34,New Jersey,35-3011,Bartenders,2012,15660,2022,17160,1500,9.6,730
34,New Jersey,49-3091,Bicycle Repairers,2012,290,2022,340,50,14.3,10
34,New Jersey,43-3011,Bill and Account Collectors,2012,6680,2022,6990,310,4.7,220
34,New Jersey,43-3021,Billing and Posting Clerks,2012,20510,2022,23550,3040,14.9,680
34,New Jersey,19-1021,Biochemists and Biophysicists,2012,3980,2022,4520,540,13.6,170
34,New Jersey,25-1042,Biological Science Teachers  Postsecondary,2012,1110,2022,1250,140,13.1,30
34,New Jersey,19-1029,Biological Scientists  All Other,2012,640,2022,610,-30,-4.1,20
34,New Jersey,19-4021,Biological Technicians,2012,2410,2022,2580,170,7,90
34,New Jersey,17-2031,Biomedical Engineers,2012,420,2022,520,100,26,20
34,New Jersey,47-2011,Boilermakers,2012,230,2022,250,20,7.5,10
34,New Jersey,43-3031,Bookkeeping  Accounting  and Auditing Clerks,2012,50300,2022,54490,4190,8.3,880
34,New Jersey,47-2021,Brickmasons and Blockmasons,2012,2150,2022,2830,680,31.7,90
34,New Jersey,53-6011,Bridge and Lock Tenders,2012,190,2022,190,0,-1.6,10
34,New Jersey,27-3021,Broadcast News Analysts,2012,70,2022,70,0,-5.7,0
34,New Jersey,27-4012,Broadcast Technicians,2012,720,2022,700,-20,-2.1,10
34,New Jersey,43-4011,Brokerage Clerks,2012,4370,2022,4070,-300,-6.7,110
34,New Jersey,13-2031,Budget Analysts,2012,1520,2022,1630,110,7.6,70
34,New Jersey,37-2019,Building Cleaning Workers  All Other,2012,1050,2022,1110,60,5.5,30
34,New Jersey,49-3031,Bus and Truck Mechanics and Diesel Engine Specialists,2012,7330,2022,7720,390,5.3,200
34,New Jersey,53-3022,Bus Drivers  School or Special Client,2012,20360,2022,21210,850,4.2,460
34,New Jersey,53-3021,Bus Drivers  Transit and Intercity,2012,8640,2022,8590,-50,-0.6,160
34,New Jersey,13-1199,Business Operations Specialists  All Other,2012,51000,2022,54030,3030,5.9,1000
34,New Jersey,25-1011,Business Teachers  Postsecondary,2012,1520,2022,1660,140,9.2,40
34,New Jersey,51-3021,Butchers and Meat Cutters,2012,3890,2022,4200,310,8.1,130
34,New Jersey,13-1021,Buyers and Purchasing Agents  Farm Products,2012,220,2022,240,20,9.4,10
34,New Jersey,51-7011,Cabinetmakers and Bench Carpenters,2012,1560,2022,1540,-20,-0.9,10
34,New Jersey,49-9061,Camera and Photographic Equipment Repairers,2012,90,2022,90,0,0,0
34,New Jersey,27-4031,Camera Operators  Television  Video  and Motion Picture,2012,490,2022,500,10,0.4,0
34,New Jersey,53-5021,Captains  Mates  and Pilots of Water Vessels,2012,440,2022,430,-10,-0.9,20
34,New Jersey,29-2031,Cardiovascular Technologists and Technicians,2012,950,2022,1150,200,22,30
34,New Jersey,25-2023,Career/Technical Education Teachers  Middle School,2012,130,2022,130,0,0.8,0
34,New Jersey,25-2032,Career/Technical Education Teachers  Secondary School,2012,2290,2022,2290,0,0.1,60
34,New Jersey,43-5011,Cargo and Freight Agents,2012,1780,2022,2020,240,14,70
34,New Jersey,47-2031,Carpenters,2012,21090,2022,26070,4980,23.6,760
34,New Jersey,47-2041,Carpet Installers,2012,1300,2022,1470,170,13.4,40
34,New Jersey,17-1021,Cartographers and Photogrammetrists,2012,170,2022,200,30,15.2,10
34,New Jersey,41-2011,Cashiers,2012,102770,2022,106030,3260,3.2,4770
34,New Jersey,47-2051,Cement Masons and Concrete Finishers,2012,1900,2022,2430,530,27.7,80
34,New Jersey,35-1011,Chefs and Head Cooks,2012,3400,2022,3520,120,3.8,70
34,New Jersey,17-2041,Chemical Engineers,2012,1380,2022,1430,50,3.6,40
34,New Jersey,51-9011,Chemical Equipment Operators and Tenders,2012,3030,2022,2580,-450,-15,110
34,New Jersey,51-8091,Chemical Plant and System Operators,2012,770,2022,640,-130,-16.2,30
34,New Jersey,19-4031,Chemical Technicians,2012,4600,2022,4690,90,1.9,120
34,New Jersey,25-1052,Chemistry Teachers  Postsecondary,2012,500,2022,540,40,8.2,10
34,New Jersey,19-2031,Chemists,2012,5800,2022,5860,60,1.1,160
34,New Jersey,11-1011,Chief Executives,2012,1580,2022,1560,-20,-1.3,30
34,New Jersey,21-1021,Child  Family  and School Social Workers,2012,7400,2022,7800,400,5.5,200
34,New Jersey,39-9011,Childcare Workers,2012,32590,2022,34300,1710,5.3,1130
34,New Jersey,29-1011,Chiropractors,2012,1160,2022,1240,80,7.5,30
34,New Jersey,27-2032,Choreographers,2012,110,2022,110,0,0,0
34,New Jersey,17-3022,Civil Engineering Technicians,2012,1140,2022,1180,40,3.2,30
34,New Jersey,17-2051,Civil Engineers,2012,7120,2022,8470,1350,19.1,310
34,New Jersey,13-1031,Claims Adjusters  Examiners  and Investigators,2012,10920,2022,11740,820,7.5,330
34,New Jersey,53-7061,Cleaners of Vehicles and Equipment,2012,7970,2022,8530,560,7,280
34,New Jersey,51-9192,Cleaning  Washing  and Metal Pickling Equipment Operators and Tenders,2012,470,2022,500,30,6.6,10
34,New Jersey,21-2011,Clergy,2012,1580,2022,1640,60,4,40
34,New Jersey,19-3031,Clinical  Counseling  and School Psychologists,2012,4130,2022,4240,110,2.7,120
34,New Jersey,27-2022,Coaches and Scouts,2012,6320,2022,6750,430,6.9,230
34,New Jersey,51-9121,Coating  Painting  and Spraying Machine Setters  Operators  and Tenders,2012,1620,2022,1550,-70,-4.4,30
34,New Jersey,51-2021,Coil Winders  Tapers  and Finishers,2012,260,2022,240,-20,-6.3,0
34,New Jersey,49-9091,Coin  Vending  and Amusement Machine Servicers and Repairers,2012,940,2022,930,-10,-0.8,10
34,New Jersey,35-3021,Combined Food Preparation and Serving Workers  Including Fast Food,2012,59990,2022,70180,10190,17,3310
34,New Jersey,27-1021,Commercial and Industrial Designers,2012,1140,2022,1240,100,8.6,40
34,New Jersey,49-9092,Commercial Divers,2012,140,2022,170,30,15.4,10
34,New Jersey,53-2012,Commercial Pilots,2012,680,2022,790,110,17.2,30
34,New Jersey,43-2099,Communications Equipment Operators  All Other,2012,340,2022,330,-10,-2.7,10
34,New Jersey,25-1122,Communications Teachers  Postsecondary,2012,720,2022,770,50,7.4,20
34,New Jersey,21-1099,Community and Social Service Specialists  All Other,2012,3410,2022,3460,50,1.7,100
34,New Jersey,21-1094,Community Health Workers,2012,520,2022,590,70,13.1,20
34,New Jersey,Nov-11,Compensation and Benefits Managers,2012,470,2022,490,20,4.7,10
34,New Jersey,13-1141,Compensation  Benefits  and Job Analysis Specialists,2012,2480,2022,2530,50,2.2,50
34,New Jersey,13-1041,Compliance Officers,2012,8650,2022,8710,60,0.6,170
34,New Jersey,15-1111,Computer and Information Research Scientists,2012,750,2022,800,50,6.9,20
34,New Jersey,Nov-21,Computer and Information Systems Managers,2012,14590,2022,16740,2150,14.8,420
34,New Jersey,17-2061,Computer Hardware Engineers,2012,1050,2022,1080,30,2.1,30
34,New Jersey,15-1143,Computer Network Architects,2012,5610,2022,6090,480,8.6,140
34,New Jersey,15-1152,Computer Network Support Specialists,2012,4590,2022,4760,170,3.7,90
34,New Jersey,51-4012,Computer Numerically Controlled Machine Tool Programmers  Metal and Plastic,2012,380,2022,500,120,29.7,20
34,New Jersey,15-1199,Computer Occupations  All Other,2012,9460,2022,10700,1240,13.1,270
34,New Jersey,43-9011,Computer Operators,2012,2270,2022,1820,-450,-19.5,20
34,New Jersey,15-1131,Computer Programmers,2012,12730,2022,13750,1020,8,430
34,New Jersey,25-1021,Computer Science Teachers  Postsecondary,2012,1000,2022,1070,70,7.3,20
34,New Jersey,15-1121,Computer Systems Analysts,2012,17090,2022,21030,3940,23.1,660
34,New Jersey,15-1151,Computer User Support Specialists,2012,15650,2022,18300,2650,16.9,510
34,New Jersey,49-2011,Computer  Automated Teller  and Office Machine Repairers,2012,3650,2022,3780,130,3.5,90
34,New Jersey,51-4011,Computer-Controlled Machine Tool Operators  Metal and Plastic,2012,1680,2022,1950,270,16.1,70
34,New Jersey,39-6012,Concierges,2012,800,2022,970,170,21.2,40
34,New Jersey,19-1031,Conservation Scientists,2012,120,2022,110,-10,-4.2,0
34,New Jersey,47-4011,Construction and Building Inspectors,2012,4610,2022,4720,110,2.3,120
34,New Jersey,47-4099,Construction and Related Workers  All Other,2012,1170,2022,1320,150,12.6,40
34,New Jersey,47-2061,Construction Laborers,2012,22640,2022,26460,3820,16.8,870
34,New Jersey,Nov-21,Construction Managers,2012,11260,2022,13040,1780,15.8,360
34,New Jersey,47-5041,Continuous Mining Machine Operators,2012,90,2022,80,-10,-15.4,0
34,New Jersey,49-9012,Control and Valve Installers and Repairers  Except Mechanical Door,2012,500,2022,520,20,4.2,20
34,New Jersey,53-7011,Conveyor Operators and Tenders,2012,710,2022,740,30,5.1,20
34,New Jersey,35-2019,Cooks  All Other,2012,1400,2022,1520,120,8.8,40
34,New Jersey,35-2011,Cooks  Fast Food,2012,8600,2022,8880,280,3.2,200
34,New Jersey,35-2012,Cooks  Institution and Cafeteria,2012,6780,2022,7660,880,13.1,220
34,New Jersey,35-2014,Cooks  Restaurant,2012,18920,2022,21940,3020,16,680
34,New Jersey,35-2015,Cooks  Short Order,2012,5710,2022,5750,40,0.6,120
34,New Jersey,51-9193,Cooling and Freezing Equipment Operators and Tenders,2012,80,2022,80,0,5.2,0
34,New Jersey,33-3012,Correctional Officers and Jailers,2012,10210,2022,9900,-310,-3,270
34,New Jersey,43-4021,Correspondence Clerks,2012,300,2022,320,20,8.1,10
34,New Jersey,13-1051,Cost Estimators,2012,4060,2022,4990,930,22.9,220
34,New Jersey,39-3092,Costume Attendants,2012,80,2022,70,-10,-2.6,0
34,New Jersey,21-1019,Counselors  All Other,2012,1230,2022,1310,80,6.5,30
34,New Jersey,41-2021,Counter and Rental Clerks,2012,8570,2022,9290,720,8.3,290
34,New Jersey,35-3022,Counter Attendants  Cafeteria  Food Concession  and Coffee Shop,2012,17420,2022,17360,-60,-0.3,1060
34,New Jersey,43-5021,Couriers and Messengers,2012,2410,2022,2180,-230,-9.5,30
34,New Jersey,23-2091,Court Reporters,2012,270,2022,270,0,1.1,0
34,New Jersey,43-4031,Court  Municipal  and License Clerks,2012,4690,2022,4830,140,2.8,90
34,New Jersey,27-1012,Craft Artists,2012,230,2022,210,-20,-5.8,10
34,New Jersey,53-7021,Crane and Tower Operators,2012,500,2022,550,50,10.1,20
34,New Jersey,13-2041,Credit Analysts,2012,1770,2022,1910,140,8.4,60
34,New Jersey,43-4041,Credit Authorizers  Checkers  and Clerks,2012,1490,2022,1430,-60,-4.2,20
34,New Jersey,13-2071,Credit Counselors,2012,570,2022,660,90,15.5,20
34,New Jersey,25-1111,Criminal Justice and Law Enforcement Teachers  Postsecondary,2012,310,2022,330,20,7.8,10
34,New Jersey,33-9091,Crossing Guards,2012,5410,2022,4830,-580,-10.7,80
34,New Jersey,51-9021,Crushing  Grinding  and Polishing Machine Setters  Operators  and Tenders,2012,600,2022,550,-50,-8.7,20
34,New Jersey,25-4012,Curators,2012,170,2022,180,10,4.7,10
34,New Jersey,43-4051,Customer Service Representatives,2012,63450,2022,69530,6080,9.6,2340
34,New Jersey,51-9031,Cutters and Trimmers  Hand,2012,370,2022,360,-10,-1.6,10
34,New Jersey,51-9032,Cutting and Slicing Machine Setters  Operators  and Tenders,2012,2060,2022,1810,-250,-12,40
34,New Jersey,51-4031,Cutting  Punching  and Press Machine Setters  Operators  and Tenders  Metal and Plastic,2012,4100,2022,3640,-460,-11.2,40
34,New Jersey,27-2031,Dancers,2012,210,2022,220,10,5.9,10
34,New Jersey,43-9021,Data Entry Keyers,2012,7380,2022,5330,-2050,-27.8,90
34,New Jersey,15-1141,Database Administrators,2012,4140,2022,4780,640,15.5,140
34,New Jersey,41-9011,Demonstrators and Product Promoters,2012,1760,2022,1970,210,11.8,70
34,New Jersey,31-9091,Dental Assistants,2012,8710,2022,10200,1490,17.1,330
34,New Jersey,29-2021,Dental Hygienists,2012,5520,2022,6900,1380,25.1,280
34,New Jersey,51-9081,Dental Laboratory Technicians,2012,830,2022,850,20,3,30
34,New Jersey,29-1029,Dentists  All Other Specialists,2012,280,2022,300,20,8,10
34,New Jersey,29-1021,Dentists  General,2012,4600,2022,5030,430,9.2,150
34,New Jersey,27-1029,Designers  All Other,2012,500,2022,430,-70,-14.8,10
34,New Jersey,43-9031,Desktop Publishers,2012,340,2022,300,-40,-12.8,10
34,New Jersey,33-3021,Detectives and Criminal Investigators,2012,3060,2022,2990,-70,-2.4,70
34,New Jersey,29-2032,Diagnostic Medical Sonographers,2012,2550,2022,3550,1000,39.1,140
34,New Jersey,29-2051,Dietetic Technicians,2012,430,2022,450,20,5.6,10
34,New Jersey,29-1031,Dietitians and Nutritionists,2012,2470,2022,2840,370,15,70
34,New Jersey,35-9011,Dining Room and Cafeteria Attendants and Bartender Helpers,2012,7870,2022,8270,400,5.1,390
34,New Jersey,21-2021,Directors  Religious Activities and Education,2012,440,2022,440,0,0.9,20
34,New Jersey,35-9021,Dishwashers,2012,8910,2022,9480,570,6.4,450
34,New Jersey,43-5032,Dispatchers  Except Police  Fire  and Ambulance,2012,5610,2022,6160,550,9.9,220
34,New Jersey,41-9091,Door-to-Door Sales Workers  News and Street Vendors  and Related Workers,2012,3620,2022,3230,-390,-10.9,40
34,New Jersey,17-3019,Drafters  All Other,2012,490,2022,530,40,9.1,10
34,New Jersey,53-7031,Dredge Operators,2012,90,2022,80,-10,-8,0
34,New Jersey,51-4032,Drilling and Boring Machine Tool Setters  Operators  and Tenders  Metal and Plastic,2012,370,2022,300,-70,-18.6,10
34,New Jersey,53-3031,Driver/Sales Workers,2012,10770,2022,12180,1410,13.1,310
34,New Jersey,47-2081,Drywall and Ceiling Tile Installers,2012,1020,2022,1180,160,15.7,30
34,New Jersey,47-5021,Earth Drillers  Except Oil and Gas,2012,300,2022,340,40,13,10
34,New Jersey,25-1063,Economics Teachers  Postsecondary,2012,310,2022,340,30,8.7,10
34,New Jersey,19-3011,Economists,2012,180,2022,220,40,25.3,10
34,New Jersey,27-3041,Editors,2012,4170,2022,3720,-450,-10.6,100
34,New Jersey,Nov-39,Education Administrators  All Other,2012,770,2022,820,50,7,30
34,New Jersey,Nov-32,Education Administrators  Elementary and Secondary School,2012,9020,2022,9070,50,0.5,250
34,New Jersey,Nov-33,Education Administrators  Postsecondary,2012,2470,2022,2690,220,8.9,90
34,New Jersey,Nov-31,Education Administrators  Preschool and Childcare Center/Program,2012,2050,2022,2090,40,2.1,60
34,New Jersey,25-1081,Education Teachers  Postsecondary,2012,1620,2022,1770,150,9.1,40
34,New Jersey,25-9099,Education  Training  and Library Workers  All Other,2012,3820,2022,3910,90,2.4,40
34,New Jersey,21-1012,Educational  Guidance  School  and Vocational Counselors,2012,5880,2022,6190,310,5.2,160
34,New Jersey,49-2092,Electric Motor  Power Tool  and Related Repairers,2012,160,2022,140,-20,-9.4,0
34,New Jersey,51-2022,Electrical and Electronic Equipment Assemblers,2012,5420,2022,5300,-120,-2.1,70
34,New Jersey,17-3012,Electrical and Electronics Drafters,2012,370,2022,400,30,9.9,10
34,New Jersey,17-3023,Electrical and Electronics Engineering Technicians,2012,2820,2022,2860,40,1.4,60
34,New Jersey,49-2093,Electrical and Electronics Installers and Repairers  Transportation Equipment,2012,110,2022,110,0,-0.9,0
34,New Jersey,49-2094,Electrical and Electronics Repairers  Commercial and Industrial Equipment,2012,2160,2022,2320,160,7.6,60
34,New Jersey,49-2095,Electrical and Electronics Repairers  Powerhouse  Substation  and Relay,2012,620,2022,710,90,13.9,20
34,New Jersey,17-2071,Electrical Engineers,2012,3900,2022,4220,320,8.4,120
34,New Jersey,49-9051,Electrical Power-Line Installers and Repairers,2012,1740,2022,2030,290,16.3,90
34,New Jersey,47-2111,Electricians,2012,11800,2022,14160,2360,20,460
34,New Jersey,51-2023,Electromechanical Equipment Assemblers,2012,1990,2022,1950,-40,-2.3,20
34,New Jersey,17-3024,Electro-Mechanical Technicians,2012,420,2022,430,10,3.1,10
34,New Jersey,49-2096,Electronic Equipment Installers and Repairers  Motor Vehicles,2012,610,2022,610,0,-0.5,10
34,New Jersey,49-2097,Electronic Home Entertainment Equipment Installers and Repairers,2012,1350,2022,1290,-60,-4.5,50
34,New Jersey,17-2072,Electronics Engineers  Except Computer,2012,3530,2022,3710,180,5.1,100
34,New Jersey,25-2021,Elementary School Teachers  Except Special Education,2012,44750,2022,47860,3110,7,1300
34,New Jersey,47-4021,Elevator Installers and Repairers,2012,1150,2022,1390,240,20.6,40
34,New Jersey,43-4061,Eligibility Interviewers  Government Programs,2012,820,2022,860,40,5,20
34,New Jersey,39-4011,Embalmers,2012,20,2022,20,0,-12.5,0
34,New Jersey,Nov-61,Emergency Management Directors,2012,410,2022,410,0,-0.7,10
34,New Jersey,29-2041,Emergency Medical Technicians and Paramedics,2012,8100,2022,9400,1300,16,350
34,New Jersey,51-2031,Engine and Other Machine Assemblers,2012,550,2022,570,20,3.7,10
34,New Jersey,25-1032,Engineering Teachers  Postsecondary,2012,390,2022,420,30,6.4,10
34,New Jersey,17-3029,Engineering Technicians  Except Drafters  All Other,2012,1110,2022,1080,-30,-3.4,20
34,New Jersey,17-2199,Engineers  All Other,2012,4470,2022,4490,20,0.6,90
34,New Jersey,25-1123,English Language and Literature Teachers  Postsecondary,2012,1960,2022,2090,130,6.8,40
34,New Jersey,27-2099,Entertainers and Performers  Sports and Related Workers  All Other,2012,2840,2022,2790,-50,-1.5,40
34,New Jersey,39-3099,Entertainment Attendants and Related Workers  All Other,2012,430,2022,420,-10,-3.5,20
34,New Jersey,17-3025,Environmental Engineering Technicians,2012,560,2022,660,100,17.8,20
34,New Jersey,17-2081,Environmental Engineers,2012,2260,2022,2630,370,16.4,90
34,New Jersey,19-4091,Environmental Science and Protection Technicians  Including Health,2012,900,2022,1040,140,15.5,50
34,New Jersey,25-1053,Environmental Science Teachers  Postsecondary,2012,200,2022,220,20,7.9,10
34,New Jersey,19-2041,Environmental Scientists and Specialists  Including Health,2012,2570,2022,2820,250,9.6,100
34,New Jersey,19-1041,Epidemiologists,2012,80,2022,70,-10,-3.9,0
34,New Jersey,51-9194,Etchers and Engravers,2012,330,2022,320,-10,-3,10
34,New Jersey,53-7032,Excavating and Loading Machine and Dragline Operators,2012,860,2022,1000,140,16.4,20
34,New Jersey,43-6011,Executive Secretaries and Executive Administrative Assistants,2012,18500,2022,17490,-1010,-5.5,220
34,New Jersey,29-1128,Exercise Physiologists,2012,120,2022,120,0,4.3,0
34,New Jersey,47-5031,Explosives Workers  Ordnance Handling Experts  and Blasters,2012,20,2022,10,-10,-12.5,0
34,New Jersey,47-5099,Extraction Workers  All Other,2012,20,2022,30,10,12.5,0
34,New Jersey,51-4021,Extruding and Drawing Machine Setters  Operators  and Tenders  Metal and Plastic,2012,2060,2022,1650,-410,-20,40
34,New Jersey,51-6091,Extruding and Forming Machine Setters  Operators  and Tenders  Synthetic and Glass Fibers,2012,370,2022,360,-10,-5.1,10
34,New Jersey,51-9041,Extruding  Forming  Pressing  and Compacting Machine Setters  Operators  and Tenders,2012,3530,2022,3130,-400,-11.3,100
34,New Jersey,51-6092,Fabric and Apparel Patternmakers,2012,90,2022,90,0,-1.1,0
34,New Jersey,49-9093,Fabric Menders  Except Garment,2012,10,2022,10,0,33.3,0
34,New Jersey,29-1062,Family and General Practitioners,2012,2640,2022,2840,200,7.8,90
34,New Jersey,25-9021,Farm and Home Management Advisors,2012,100,2022,110,10,4.9,0
34,New Jersey,49-3041,Farm Equipment Mechanics and Service Technicians,2012,90,2022,100,10,14.6,0
34,New Jersey,Nov-13,Farmers  Ranchers  and Other Agricultural Managers,2012,20,2022,20,0,-20,0
34,New Jersey,45-2092,Farmworkers and Laborers  Crop  Nursery  and Greenhouse,2012,1470,2022,1460,-10,-1,50
34,New Jersey,45-2093,Farmworkers  Farm  Ranch  and Aquacultural Animals,2012,60,2022,60,0,1.8,0
34,New Jersey,27-1022,Fashion Designers,2012,480,2022,510,30,8,20
34,New Jersey,47-4031,Fence Erectors,2012,1070,2022,1370,300,27.7,60
34,New Jersey,51-2091,Fiberglass Laminators and Fabricators,2012,220,2022,210,-10,-5,0
34,New Jersey,43-4071,File Clerks,2012,8820,2022,8360,-460,-5.2,200
34,New Jersey,27-4032,Film and Video Editors,2012,380,2022,370,-10,-2.6,0
34,New Jersey,13-2051,Financial Analysts,2012,8450,2022,8930,480,5.7,250
34,New Jersey,43-3099,Financial Clerks  All Other,2012,2610,2022,2660,50,1.8,80
34,New Jersey,13-2061,Financial Examiners,2012,600,2022,590,-10,-1.3,20
34,New Jersey,Nov-31,Financial Managers,2012,23170,2022,24840,1670,7.2,600
34,New Jersey,13-2099,Financial Specialists  All Other,2012,10830,2022,11340,510,4.7,170
34,New Jersey,27-1013,Fine Artists  Including Painters  Sculptors  and Illustrators,2012,830,2022,850,20,3,20
34,New Jersey,33-2021,Fire Inspectors and Investigators,2012,1070,2022,1060,-10,-0.9,30
34,New Jersey,33-2011,Firefighters,2012,4310,2022,4240,-70,-1.7,120
34,New Jersey,47-1011,First-Line Supervisors of Construction Trades and Extraction Workers,2012,10670,2022,12680,2010,18.8,320
34,New Jersey,33-1011,First-Line Supervisors of Correctional Officers,2012,670,2022,650,-20,-3.1,20
34,New Jersey,45-1011,First-Line Supervisors of Farming  Fishing  and Forestry Workers,2012,190,2022,190,0,1.6,0
34,New Jersey,33-1021,First-Line Supervisors of Fire Fighting and Prevention Workers,2012,1390,2022,1370,-20,-1.2,60
34,New Jersey,35-1012,First-Line Supervisors of Food Preparation and Serving Workers,2012,21260,2022,24510,3250,15.3,920
34,New Jersey,53-1021,First-Line Supervisors of Helpers  Laborers  and Material Movers  Hand,2012,7520,2022,8290,770,10.1,280
34,New Jersey,37-1011,First-Line Supervisors of Housekeeping and Janitorial Workers,2012,6060,2022,6290,230,3.9,170
34,New Jersey,37-1012,First-Line Supervisors of Landscaping  Lawn Service  and Groundskeeping Workers,2012,7100,2022,7530,430,6,120
34,New Jersey,49-1011,First-Line Supervisors of Mechanics  Installers  and Repairers,2012,13510,2022,14310,800,5.9,450
34,New Jersey,41-1012,First-Line Supervisors of Non-Retail Sales Workers,2012,12960,2022,12760,-200,-1.5,170
34,New Jersey,43-1011,First-Line Supervisors of Office and Administrative Support Workers,2012,45410,2022,49600,4190,9.2,1500
34,New Jersey,39-1021,First-Line Supervisors of Personal Service Workers,2012,12330,2022,12730,400,3.3,270
34,New Jersey,33-1012,First-Line Supervisors of Police and Detectives,2012,3230,2022,3180,-50,-1.7,100
34,New Jersey,51-1011,First-Line Supervisors of Production and Operating Workers,2012,15420,2022,15060,-360,-2.3,220
34,New Jersey,33-1099,First-Line Supervisors of Protective Service Workers  All Other,2012,3190,2022,3420,230,7.1,100
34,New Jersey,41-1011,First-Line Supervisors of Retail Sales Workers,2012,40800,2022,41990,1190,2.9,1010
34,New Jersey,53-1031,First-Line Supervisors of Transportation and Material-Moving Machine and Vehicle Operators,2012,7190,2022,7790,600,8.4,260
34,New Jersey,33-3031,Fish and Game Wardens,2012,40,2022,40,0,-2.3,0
34,New Jersey,45-3011,Fishers and Related Fishing Workers,2012,0,2022,0,0,0,0
34,New Jersey,39-9031,Fitness Trainers and Aerobics Instructors,2012,13300,2022,14240,940,7,250
34,New Jersey,53-2031,Flight Attendants,2012,520,2022,580,60,11.4,10
34,New Jersey,47-2042,Floor Layers  Except Carpet  Wood  and Hard Tiles,2012,160,2022,180,20,11.5,10
34,New Jersey,47-2043,Floor Sanders and Finishers,2012,280,2022,320,40,14,10
34,New Jersey,27-1023,Floral Designers,2012,1560,2022,1720,160,10.1,60
34,New Jersey,51-3091,Food and Tobacco Roasting  Baking  and Drying Machine Operators and Tenders,2012,420,2022,450,30,6.9,10
34,New Jersey,51-3092,Food Batchmakers,2012,2750,2022,2870,120,4.2,100
34,New Jersey,51-3093,Food Cooking Machine Operators and Tenders,2012,940,2022,990,50,4.7,30
34,New Jersey,35-9099,Food Preparation and Serving Related Workers  All Other,2012,1530,2022,1590,60,3.7,90
34,New Jersey,35-2021,Food Preparation Workers,2012,22040,2022,23440,1400,6.4,770
34,New Jersey,51-3099,Food Processing Workers  All Other,2012,610,2022,690,80,13,20
34,New Jersey,19-1012,Food Scientists and Technologists,2012,530,2022,690,160,29.1,30
34,New Jersey,35-3041,Food Servers  Nonrestaurant,2012,12470,2022,15340,2870,23,650
34,New Jersey,Nov-51,Food Service Managers,2012,7140,2022,7310,170,2.4,150
34,New Jersey,25-1124,Foreign Language and Literature Teachers  Postsecondary,2012,740,2022,810,70,9.7,20
34,New Jersey,19-4092,Forensic Science Technicians,2012,90,2022,90,0,-3.2,0
34,New Jersey,19-4093,Forest and Conservation Technicians,2012,90,2022,90,0,0,0
34,New Jersey,45-4011,Forest and Conservation Workers,2012,140,2022,130,-10,-4.4,0
34,New Jersey,33-2022,Forest Fire Inspectors and Prevention Specialists,2012,90,2022,90,0,-2.2,0
34,New Jersey,19-1032,Foresters,2012,30,2022,30,0,10.3,0
34,New Jersey,25-1043,Forestry and Conservation Science Teachers  Postsecondary,2012,0,2022,0,0,0,0
34,New Jersey,51-4022,Forging Machine Setters  Operators  and Tenders  Metal and Plastic,2012,290,2022,240,-50,-18.9,10
34,New Jersey,51-4071,Foundry Mold and Coremakers,2012,80,2022,70,-10,-5.1,0
34,New Jersey,13-1131,Fundraisers,2012,1470,2022,1580,110,7,40
34,New Jersey,39-4021,Funeral Attendants,2012,820,2022,880,60,6.3,20
34,New Jersey,Nov-61,Funeral Service Managers,2012,470,2022,550,80,17.7,20
34,New Jersey,51-9051,Furnace  Kiln  Oven  Drier  and Kettle Operators and Tenders,2012,300,2022,280,-20,-6.4,10
34,New Jersey,51-7021,Furniture Finishers,2012,350,2022,340,-10,-2.8,10
34,New Jersey,39-3012,Gaming and Sports Book Writers and Runners,2012,60,2022,60,0,0,0
34,New Jersey,43-3041,Gaming Cage Workers,2012,180,2022,160,-20,-10.5,0
34,New Jersey,41-2012,Gaming Change Persons and Booth Cashiers,2012,1100,2022,840,-260,-23,50
34,New Jersey,39-3011,Gaming Dealers,2012,6130,2022,5770,-360,-5.9,110
34,New Jersey,Nov-71,Gaming Managers,2012,270,2022,240,-30,-10,10
34,New Jersey,39-3019,Gaming Service Workers  All Other,2012,190,2022,180,-10,-8.9,0
34,New Jersey,39-1011,Gaming Supervisors,2012,2890,2022,2590,-300,-10.3,60
34,New Jersey,33-9031,Gaming Surveillance Officers and Gaming Investigators,2012,250,2022,220,-30,-10.1,0
34,New Jersey,53-7071,Gas Compressor and Gas Pumping Station Operators,2012,20,2022,20,0,5,0
34,New Jersey,51-8092,Gas Plant Operators,2012,50,2022,50,0,-2.1,0
34,New Jersey,11-1021,General and Operations Managers,2012,44250,2022,48860,4610,10.4,1290
34,New Jersey,29-9092,Genetic Counselors,2012,50,2022,70,20,25,0
34,New Jersey,19-3092,Geographers,2012,0,2022,0,0,0,0
34,New Jersey,25-1064,Geography Teachers  Postsecondary,2012,50,2022,60,10,5.6,0
34,New Jersey,19-4041,Geological and Petroleum Technicians,2012,60,2022,70,10,15,0
34,New Jersey,19-2042,Geoscientists  Except Hydrologists and Geographers,2012,610,2022,710,100,16.9,30
34,New Jersey,47-2121,Glaziers,2012,950,2022,1130,180,18.5,40
34,New Jersey,45-2041,Graders and Sorters  Agricultural Products,2012,270,2022,310,40,15.4,10
34,New Jersey,25-1191,Graduate Teaching Assistants,2012,2940,2022,3090,150,5,60
34,New Jersey,27-1024,Graphic Designers,2012,7180,2022,7320,140,1.9,200
34,New Jersey,51-9022,Grinding and Polishing Workers  Hand,2012,420,2022,400,-20,-4.5,10
34,New Jersey,51-4033,Grinding  Lapping  Polishing  and Buffing Machine Tool Setters  Operators  and Tenders  Metal and Plastic,2012,1040,2022,920,-120,-11.1,20
34,New Jersey,37-3019,Grounds Maintenance Workers  All Other,2012,890,2022,920,30,4.3,30
34,New Jersey,39-5012,Hairdressers  Hairstylists  and Cosmetologists,2012,27270,2022,32110,4840,17.8,1120
34,New Jersey,47-4041,Hazardous Materials Removal Workers,2012,840,2022,910,70,8.1,30
34,New Jersey,17-2111,Health and Safety Engineers  Except Mining Safety Engineers and Inspectors,2012,610,2022,640,30,4.1,20
34,New Jersey,29-1199,Health Diagnosing and Treating Practitioners  All Other,2012,1490,2022,1620,130,8.6,40
34,New Jersey,21-1091,Health Educators,2012,660,2022,720,60,9,20
34,New Jersey,25-1071,Health Specialties Teachers  Postsecondary,2012,1700,2022,2200,500,29.3,80
34,New Jersey,29-2099,Health Technologists and Technicians  All Other,2012,2700,2022,3290,590,21.9,90
34,New Jersey,29-9099,Healthcare Practitioners and Technical Workers  All Other,2012,330,2022,320,-10,-2.4,10
34,New Jersey,21-1022,Healthcare Social Workers,2012,3390,2022,3930,540,15.9,130
34,New Jersey,31-9099,Healthcare Support Workers  All Other,2012,5170,2022,5890,720,13.9,170
34,New Jersey,29-2092,Hearing Aid Specialists,2012,60,2022,70,10,20.7,0
34,New Jersey,51-4191,Heat Treating Equipment Setters  Operators  and Tenders  Metal and Plastic,2012,250,2022,220,-30,-10.4,10
34,New Jersey,49-9021,Heating  Air Conditioning  and Refrigeration Mechanics and Installers,2012,9900,2022,11790,1890,19,440
34,New Jersey,53-3032,Heavy and Tractor-Trailer Truck Drivers,2012,41560,2022,47020,5460,13.1,1210
34,New Jersey,47-3019,Helpers  Construction Trades  All Other,2012,520,2022,580,60,12,10
34,New Jersey,47-3011,Helpers--Brickmasons  Blockmasons  Stonemasons  and Tile and Marble Setters,2012,220,2022,300,80,39.8,10
34,New Jersey,47-3012,Helpers--Carpenters,2012,670,2022,860,190,28.1,30
34,New Jersey,47-3013,Helpers--Electricians,2012,1310,2022,1800,490,37.5,70
34,New Jersey,47-5081,Helpers--Extraction Workers,2012,180,2022,190,10,5,10
34,New Jersey,49-9098,Helpers--Installation  Maintenance  and Repair Workers,2012,3880,2022,4310,430,11,160
34,New Jersey,47-3014,Helpers--Painters  Paperhangers  Plasterers  and Stucco Masons,2012,70,2022,90,20,17.8,0
34,New Jersey,47-3015,Helpers--Pipelayers  Plumbers  Pipefitters  and Steamfitters,2012,550,2022,710,160,28.2,30
34,New Jersey,51-9198,Helpers--Production Workers,2012,12280,2022,13190,910,7.4,300
34,New Jersey,47-3016,Helpers--Roofers,2012,100,2022,120,20,16.7,0
34,New Jersey,47-4051,Highway Maintenance Workers,2012,1780,2022,1750,-30,-1.8,30
34,New Jersey,19-3093,Historians,2012,110,2022,110,0,0,0
34,New Jersey,25-1125,History Teachers  Postsecondary,2012,560,2022,600,40,8.1,10
34,New Jersey,53-7041,Hoist and Winch Operators,2012,30,2022,30,0,3.8,0
34,New Jersey,49-9031,Home Appliance Repairers,2012,2540,2022,2530,-10,-0.4,80
34,New Jersey,25-1192,Home Economics Teachers  Postsecondary,2012,70,2022,70,0,3,0
34,New Jersey,31-1011,Home Health Aides,2012,31140,2022,46280,15140,48.6,2110
34,New Jersey,35-9031,Hosts and Hostesses  Restaurant  Lounge  and Coffee Shop,2012,9250,2022,9960,710,7.6,770
34,New Jersey,43-4081,Hotel  Motel  and Resort Desk Clerks,2012,3870,2022,3610,-260,-6.6,180
34,New Jersey,43-4161,Human Resources Assistants  Except Payroll and Timekeeping,2012,4080,2022,3970,-110,-2.8,100
34,New Jersey,Nov-21,Human Resources Managers,2012,3290,2022,3780,490,15,140
34,New Jersey,13-1071,Human Resources Specialists,2012,12430,2022,13080,650,5.3,290
34,New Jersey,19-2043,Hydrologists,2012,200,2022,210,10,7.6,10
34,New Jersey,17-3026,Industrial Engineering Technicians,2012,440,2022,430,-10,-1.4,10
34,New Jersey,17-2112,Industrial Engineers,2012,3320,2022,3360,40,1.3,100
34,New Jersey,49-9041,Industrial Machinery Mechanics,2012,7190,2022,8220,1030,14.5,310
34,New Jersey,Nov-51,Industrial Production Managers,2012,5240,2022,5020,-220,-4.2,100
34,New Jersey,53-7051,Industrial Truck and Tractor Operators,2012,14040,2022,13830,-210,-1.5,320
34,New Jersey,19-3032,Industrial-Organizational Psychologists,2012,20,2022,40,20,45.8,0
34,New Jersey,43-4199,Information and Record Clerks  All Other,2012,6230,2022,5710,-520,-8.4,140
34,New Jersey,15-1122,Information Security Analysts,2012,2070,2022,2400,330,16,70
34,New Jersey,51-9061,Inspectors  Testers  Sorters  Samplers  and Weighers,2012,9710,2022,9970,260,2.7,240
34,New Jersey,49-9099,Installation  Maintenance  and Repair Workers  All Other,2012,6430,2022,7010,580,9.1,170
34,New Jersey,25-9031,Instructional Coordinators,2012,3290,2022,3480,190,5.7,50
34,New Jersey,47-2131,Insulation Workers  Floor  Ceiling  and Wall,2012,350,2022,440,90,25.9,10
34,New Jersey,47-2132,Insulation Workers  Mechanical,2012,370,2022,540,170,48.2,20
34,New Jersey,13-1032,Insurance Appraisers  Auto Damage,2012,880,2022,850,-30,-2.8,20
34,New Jersey,43-9041,Insurance Claims and Policy Processing Clerks,2012,8080,2022,8860,780,9.6,290
34,New Jersey,41-3021,Insurance Sales Agents,2012,12070,2022,13680,1610,13.4,450
34,New Jersey,13-2053,Insurance Underwriters,2012,3550,2022,3410,-140,-3.8,100
34,New Jersey,27-1025,Interior Designers,2012,1310,2022,1310,0,0.2,40
34,New Jersey,29-1063,Internists  General,2012,1910,2022,2090,180,9.5,70
34,New Jersey,27-3091,Interpreters and Translators,2012,750,2022,930,180,23.9,30
34,New Jersey,43-4111,Interviewers  Except Eligibility and Loan,2012,7670,2022,7690,20,0.3,150
34,New Jersey,37-2011,Janitors and Cleaners  Except Maids and Housekeeping Cleaners,2012,70620,2022,73870,3250,4.6,1650
34,New Jersey,51-9071,Jewelers and Precious Stone and Metal Workers,2012,790,2022,700,-90,-10.8,20
34,New Jersey,23-1023,Judges  Magistrate Judges  and Magistrates,2012,990,2022,950,-40,-3.6,20
34,New Jersey,23-1012,Judicial Law Clerks,2012,480,2022,470,-10,-3.7,10
34,New Jersey,25-2012,Kindergarten Teachers  Except Special Education,2012,5410,2022,5760,350,6.5,190
34,New Jersey,13-1075,Labor Relations Specialists,2012,6380,2022,5860,-520,-8.2,120
34,New Jersey,53-7062,Laborers and Freight  Stock  and Material Movers  Hand,2012,75730,2022,83360,7630,10.1,3110
34,New Jersey,17-1012,Landscape Architects,2012,420,2022,450,30,8.2,10
34,New Jersey,37-3011,Landscaping and Groundskeeping Workers,2012,32440,2022,34210,1770,5.5,1000
34,New Jersey,51-4034,Lathe and Turning Machine Tool Setters  Operators  and Tenders  Metal and Plastic,2012,560,2022,490,-70,-11.5,10
34,New Jersey,51-6011,Laundry and Dry-Cleaning Workers,2012,6030,2022,6540,510,8.5,230
34,New Jersey,25-1112,Law Teachers  Postsecondary,2012,310,2022,350,40,11.9,10
34,New Jersey,23-1011,Lawyers,2012,24150,2022,26390,2240,9.3,610
34,New Jersey,51-4192,Layout Workers  Metal and Plastic,2012,30,2022,40,10,12.1,0
34,New Jersey,43-6012,Legal Secretaries,2012,10670,2022,10250,-420,-4,130
34,New Jersey,23-2099,Legal Support Workers  All Other,2012,710,2022,690,-20,-2.8,10
34,New Jersey,11-1031,Legislators,2012,2350,2022,2320,-30,-1,50
34,New Jersey,25-4021,Librarians,2012,4820,2022,4800,-20,-0.5,110
34,New Jersey,43-4121,Library Assistants  Clerical,2012,2950,2022,3180,230,7.7,150
34,New Jersey,25-1082,Library Science Teachers  Postsecondary,2012,60,2022,60,0,6.7,0
34,New Jersey,25-4031,Library Technicians,2012,5250,2022,5240,-10,-0.1,280
34,New Jersey,29-2061,Licensed Practical and Licensed Vocational Nurses,2012,14760,2022,17940,3180,21.6,680
34,New Jersey,19-1099,Life Scientists  All Other,2012,320,2022,320,0,1.9,10
34,New Jersey,19-4099,Life  Physical  and Social Science Technicians  All Other,2012,1900,2022,2010,110,6.2,90
34,New Jersey,33-9092,Lifeguards  Ski Patrol  and Other Recreational Protective Service Workers,2012,4910,2022,5070,160,3.4,350
34,New Jersey,53-3033,Light Truck or Delivery Services Drivers,2012,23070,2022,24810,1740,7.5,540
34,New Jersey,43-4131,Loan Interviewers and Clerks,2012,5200,2022,5700,500,9.7,90
34,New Jersey,13-2072,Loan Officers,2012,6840,2022,7470,630,9.3,190
34,New Jersey,39-3093,Locker Room  Coatroom  and Dressing Room Attendants,2012,530,2022,570,40,6.8,30
34,New Jersey,49-9094,Locksmiths and Safe Repairers,2012,810,2022,860,50,5.4,30
34,New Jersey,53-4011,Locomotive Engineers,2012,310,2022,330,20,6.9,10
34,New Jersey,53-4012,Locomotive Firers,2012,0,2022,0,0,33.3,0
34,New Jersey,Nov-81,Lodging Managers,2012,960,2022,790,-170,-16.9,30
34,New Jersey,13-1081,Logisticians,2012,3500,2022,4340,840,24,120
34,New Jersey,53-7063,Machine Feeders and Offbearers,2012,2440,2022,2420,-20,-0.7,50
34,New Jersey,51-4041,Machinists,2012,5580,2022,6110,530,9.5,180
34,New Jersey,29-2035,Magnetic Resonance Imaging Technologists,2012,920,2022,1080,160,18,30
34,New Jersey,37-2012,Maids and Housekeeping Cleaners,2012,23080,2022,23510,430,1.9,500
34,New Jersey,43-9051,Mail Clerks and Mail Machine Operators  Except Postal Service,2012,3460,2022,3090,-370,-10.7,80
34,New Jersey,49-9071,Maintenance and Repair Workers  General,2012,32430,2022,34060,1630,5,790
34,New Jersey,49-9043,Maintenance Workers  Machinery,2012,1640,2022,1760,120,7.8,30
34,New Jersey,39-5091,Makeup Artists  Theatrical and Performance,2012,140,2022,160,20,12.3,0
34,New Jersey,13-1111,Management Analysts,2012,18160,2022,20560,2400,13.2,520
34,New Jersey,Nov-99,Managers  All Other,2012,43430,2022,46400,2970,6.8,1250
34,New Jersey,39-5092,Manicurists and Pedicurists,2012,7610,2022,9190,1580,20.8,220
34,New Jersey,17-2121,Marine Engineers and Naval Architects,2012,50,2022,50,0,4.3,0
34,New Jersey,13-1161,Market Research Analysts and Marketing Specialists,2012,14020,2022,17930,3910,27.9,580
34,New Jersey,Nov-21,Marketing Managers,2012,9060,2022,10460,1400,15.4,330
34,New Jersey,21-1013,Marriage and Family Therapists,2012,5430,2022,5450,20,0.5,120
34,New Jersey,31-9011,Massage Therapists,2012,4340,2022,5110,770,17.8,120
34,New Jersey,53-7199,Material Moving Workers  All Other,2012,1720,2022,1780,60,3.3,50
34,New Jersey,17-2131,Materials Engineers,2012,480,2022,470,-10,-0.8,20
34,New Jersey,19-2032,Materials Scientists,2012,270,2022,280,10,3.4,10
34,New Jersey,15-2099,Mathematical Science Occupations  All Other,2012,220,2022,250,30,13.8,10
34,New Jersey,25-1022,Mathematical Science Teachers  Postsecondary,2012,1050,2022,1110,60,6.2,20
34,New Jersey,15-2091,Mathematical Technicians,2012,220,2022,270,50,22.1,10
34,New Jersey,15-2021,Mathematicians,2012,320,2022,380,60,19.9,10
34,New Jersey,51-3022,Meat  Poultry  and Fish Cutters and Trimmers,2012,1070,2022,1150,80,7,30
34,New Jersey,49-9011,Mechanical Door Repairers,2012,280,2022,360,80,29.6,20
34,New Jersey,17-3013,Mechanical Drafters,2012,1410,2022,1440,30,2.1,20
34,New Jersey,17-3027,Mechanical Engineering Technicians,2012,920,2022,960,40,3.9,20
34,New Jersey,17-2141,Mechanical Engineers,2012,6200,2022,6560,360,5.8,250
34,New Jersey,27-4099,Media and Communication Equipment Workers  All Other,2012,510,2022,510,0,-0.6,10
34,New Jersey,27-3099,Media and Communication Workers  All Other,2012,800,2022,820,20,3.5,10
34,New Jersey,29-2012,Medical and Clinical Laboratory Technicians,2012,2480,2022,3060,580,23.2,120
34,New Jersey,29-2011,Medical and Clinical Laboratory Technologists,2012,4960,2022,5350,390,7.7,170
34,New Jersey,Nov-11,Medical and Health Services Managers,2012,8890,2022,10360,1470,16.6,360
34,New Jersey,51-9082,Medical Appliance Technicians,2012,350,2022,340,-10,-0.9,10
34,New Jersey,31-9092,Medical Assistants,2012,14680,2022,17840,3160,21.5,600
34,New Jersey,31-9093,Medical Equipment Preparers,2012,1960,2022,2190,230,11.8,60
34,New Jersey,49-9062,Medical Equipment Repairers,2012,730,2022,920,190,25.4,40
34,New Jersey,29-2071,Medical Records and Health Information Technicians,2012,1970,2022,2150,180,9,70
34,New Jersey,19-1042,Medical Scientists  Except Epidemiologists,2012,1900,2022,2010,110,5.4,50
34,New Jersey,43-6013,Medical Secretaries,2012,14060,2022,17510,3450,24.6,510
34,New Jersey,31-9094,Medical Transcriptionists,2012,2210,2022,2240,30,1.7,50
34,New Jersey,13-1121,Meeting  Convention  and Event Planners,2012,2740,2022,3390,650,23.7,100
34,New Jersey,21-1023,Mental Health and Substance Abuse Social Workers,2012,1900,2022,2170,270,14,70
34,New Jersey,21-1014,Mental Health Counselors,2012,5310,2022,6200,890,16.8,200
34,New Jersey,27-1026,Merchandise Displayers and Window Trimmers,2012,2410,2022,2640,230,9.5,90
34,New Jersey,51-4199,Metal Workers and Plastic Workers  All Other,2012,880,2022,890,10,1.7,10
34,New Jersey,51-4051,Metal-Refining Furnace Operators and Tenders,2012,80,2022,70,-10,-3.9,0
34,New Jersey,43-5041,Meter Readers  Utilities,2012,1160,2022,1010,-150,-13,30
34,New Jersey,19-1022,Microbiologists,2012,480,2022,520,40,7.5,20
34,New Jersey,25-2022,Middle School Teachers  Except Special and Career/Technical Education,2012,25190,2022,26940,1750,6.9,730
34,New Jersey,51-4035,Milling and Planing Machine Setters  Operators  and Tenders  Metal and Plastic,2012,450,2022,410,-40,-9.5,10
34,New Jersey,49-9044,Millwrights,2012,460,2022,500,40,10.3,10
34,New Jersey,47-5042,Mine Cutting and Channeling Machine Operators,2012,80,2022,70,-10,-13,0
34,New Jersey,17-2151,Mining and Geological Engineers  Including Mining Safety Engineers,2012,10,2022,10,0,10,0
34,New Jersey,51-9023,Mixing and Blending Machine Setters  Operators  and Tenders,2012,4200,2022,3760,-440,-10.5,120
34,New Jersey,49-3042,Mobile Heavy Equipment Mechanics  Except Engines,2012,2150,2022,2400,250,11.7,90
34,New Jersey,51-4061,Model Makers  Metal and Plastic,2012,200,2022,210,10,5.6,10
34,New Jersey,41-9012,Models,2012,0,2022,0,0,0,0
34,New Jersey,51-9195,Molders  Shapers  and Casters  Except Metal and Plastic,2012,1060,2022,1020,-40,-3.8,40
34,New Jersey,51-4072,Molding  Coremaking  and Casting Machine Setters  Operators  and Tenders  Metal and Plastic,2012,910,2022,800,-110,-12.3,10
34,New Jersey,39-4031,Morticians  Undertakers  and Funeral Directors,2012,460,2022,540,80,17.6,20
34,New Jersey,39-3021,Motion Picture Projectionists,2012,300,2022,310,10,3.4,10
34,New Jersey,53-3099,Motor Vehicle Operators  All Other,2012,3790,2022,3960,170,4.4,120
34,New Jersey,49-3051,Motorboat Mechanics and Service Technicians,2012,240,2022,250,10,2.1,10
34,New Jersey,53-5022,Motorboat Operators,2012,30,2022,30,0,-6.3,0
34,New Jersey,49-3052,Motorcycle Mechanics,2012,180,2022,190,10,8.6,10
34,New Jersey,27-1014,Multimedia Artists and Animators,2012,1180,2022,1180,0,0.1,30
34,New Jersey,51-4081,Multiple Machine Tool Setters  Operators  and Tenders  Metal and Plastic,2012,930,2022,790,-140,-14.8,20
34,New Jersey,25-4013,Museum Technicians and Conservators,2012,80,2022,90,10,2.4,0
34,New Jersey,27-2041,Music Directors and Composers,2012,990,2022,1000,10,1.2,30
34,New Jersey,49-9063,Musical Instrument Repairers and Tuners,2012,230,2022,220,-10,-0.4,10
34,New Jersey,27-2042,Musicians and Singers,2012,1390,2022,1410,20,1.5,40
34,New Jersey,Nov-21,Natural Sciences Managers,2012,3020,2022,3200,180,6,80
34,New Jersey,15-1142,Network and Computer Systems Administrators,2012,10400,2022,11100,700,6.7,230
34,New Jersey,43-4141,New Accounts Clerks,2012,1810,2022,1730,-80,-4.3,50
34,New Jersey,39-2021,Nonfarm Animal Caretakers,2012,5170,2022,5920,750,14.5,140
34,New Jersey,17-2161,Nuclear Engineers,2012,380,2022,430,50,14.9,20
34,New Jersey,29-2033,Nuclear Medicine Technologists,2012,730,2022,810,80,11.5,20
34,New Jersey,51-8011,Nuclear Power Reactor Operators,2012,500,2022,580,80,17.6,20
34,New Jersey,19-4051,Nuclear Technicians,2012,90,2022,110,20,24.2,10
34,New Jersey,29-1151,Nurse Anesthetists,2012,620,2022,740,120,20.3,20
34,New Jersey,29-1161,Nurse Midwives,2012,150,2022,180,30,21.1,10
34,New Jersey,29-1171,Nurse Practitioners,2012,2740,2022,3350,610,22.3,110
34,New Jersey,31-1014,Nursing Assistants,2012,51780,2022,60070,8290,16,1810
34,New Jersey,25-1072,Nursing Instructors and Teachers  Postsecondary,2012,1170,2022,1500,330,28.1,50
34,New Jersey,29-1064,Obstetricians and Gynecologists,2012,1010,2022,1080,70,7.1,30
34,New Jersey,29-9011,Occupational Health and Safety Specialists,2012,1840,2022,1860,20,1.3,50
34,New Jersey,29-9012,Occupational Health and Safety Technicians,2012,200,2022,200,0,-1,10
34,New Jersey,29-1122,Occupational Therapists,2012,3750,2022,4550,800,21.4,130
34,New Jersey,31-2012,Occupational Therapy Aides,2012,80,2022,100,20,29.3,0
34,New Jersey,31-2011,Occupational Therapy Assistants,2012,370,2022,500,130,37.5,20
34,New Jersey,43-9199,Office and Administrative Support Workers  All Other,2012,7190,2022,7080,-110,-1.5,200
34,New Jersey,43-9061,Office Clerks  General,2012,84580,2022,86410,1830,2.2,1960
34,New Jersey,43-9071,Office Machine Operators  Except Computer,2012,3740,2022,3240,-500,-13.3,90
34,New Jersey,47-2073,Operating Engineers and Other Construction Equipment Operators,2012,4620,2022,5210,590,12.8,160
34,New Jersey,15-2031,Operations Research Analysts,2012,1320,2022,1730,410,30.8,70
34,New Jersey,51-9083,Ophthalmic Laboratory Technicians,2012,780,2022,880,100,13.6,40
34,New Jersey,29-2057,Ophthalmic Medical Technicians,2012,730,2022,890,160,22,20
34,New Jersey,29-2081,Opticians  Dispensing,2012,1320,2022,1530,210,16,60
34,New Jersey,29-1041,Optometrists,2012,560,2022,660,100,16.9,30
34,New Jersey,29-1022,Oral and Maxillofacial Surgeons,2012,320,2022,350,30,9.3,10
34,New Jersey,43-4151,Order Clerks,2012,7310,2022,6970,-340,-4.6,190
34,New Jersey,31-1015,Orderlies,2012,1830,2022,1900,70,4,40
34,New Jersey,29-1023,Orthodontists,2012,410,2022,440,30,9.1,10
34,New Jersey,29-2091,Orthotists and Prosthetists,2012,150,2022,200,50,34.7,10
34,New Jersey,49-3053,Outdoor Power Equipment and Other Small Engine Mechanics,2012,580,2022,610,30,6.4,20
34,New Jersey,51-9111,Packaging and Filling Machine Operators and Tenders,2012,14660,2022,14020,-640,-4.4,350
34,New Jersey,53-7064,Packers and Packagers  Hand,2012,30840,2022,33300,2460,8,1060
34,New Jersey,47-2141,Painters  Construction and Maintenance,2012,6850,2022,8040,1190,17.3,220
34,New Jersey,51-9122,Painters  Transportation Equipment,2012,860,2022,930,70,8.9,20
34,New Jersey,51-9123,Painting  Coating  and Decorating Workers,2012,460,2022,440,-20,-3.1,10
34,New Jersey,51-9196,Paper Goods Machine Setters  Operators  and Tenders,2012,3250,2022,2690,-560,-17.2,30
34,New Jersey,47-2142,Paperhangers,2012,150,2022,140,-10,-5.9,0
34,New Jersey,23-2011,Paralegals and Legal Assistants,2012,7390,2022,8600,1210,16.4,240
34,New Jersey,33-3041,Parking Enforcement Workers,2012,440,2022,390,-50,-11,10
34,New Jersey,53-6021,Parking Lot Attendants,2012,4160,2022,4410,250,6,230
34,New Jersey,41-2022,Parts Salespersons,2012,5370,2022,5860,490,9.1,190
34,New Jersey,51-4062,Patternmakers  Metal and Plastic,2012,10,2022,10,0,0,0
34,New Jersey,51-7032,Patternmakers  Wood,2012,0,2022,0,0,0,0
34,New Jersey,47-2071,Paving  Surfacing  and Tamping Equipment Operators,2012,1390,2022,1530,140,10.2,30
34,New Jersey,43-3051,Payroll and Timekeeping Clerks,2012,4760,2022,5120,360,7.6,140
34,New Jersey,29-1065,Pediatricians  General,2012,1670,2022,1810,140,8.3,60
34,New Jersey,39-9021,Personal Care Aides,2012,12490,2022,15990,3500,28,440
34,New Jersey,39-9099,Personal Care and Service Workers  All Other,2012,6590,2022,7220,630,9.6,250
34,New Jersey,13-2052,Personal Financial Advisors,2012,5770,2022,5570,-200,-3.4,90
34,New Jersey,37-2021,Pest Control Workers,2012,1230,2022,1350,120,9.8,50
34,New Jersey,37-3012,Pesticide Handlers  Sprayers  and Applicators  Vegetation,2012,730,2022,780,50,7.1,20
34,New Jersey,17-2171,Petroleum Engineers,2012,210,2022,220,10,3.4,10
34,New Jersey,51-8093,Petroleum Pump System Operators  Refinery Operators  and Gaugers,2012,500,2022,520,20,3.2,20
34,New Jersey,29-1051,Pharmacists,2012,9080,2022,9940,860,9.5,300
34,New Jersey,31-9095,Pharmacy Aides,2012,2220,2022,2420,200,9,60
34,New Jersey,29-2052,Pharmacy Technicians,2012,8300,2022,9370,1070,12.9,190
34,New Jersey,25-1126,Philosophy and Religion Teachers  Postsecondary,2012,430,2022,490,60,13.6,10
34,New Jersey,31-9097,Phlebotomists,2012,3840,2022,4630,790,20.6,150
34,New Jersey,27-4021,Photographers,2012,3250,2022,2970,-280,-8.6,30
34,New Jersey,51-9151,Photographic Process Workers and Processing Machine Operators,2012,880,2022,810,-70,-7.2,30
34,New Jersey,19-2099,Physical Scientists  All Other,2012,760,2022,760,0,0.8,20
34,New Jersey,31-2022,Physical Therapist Aides,2012,3460,2022,4550,1090,31.3,190
34,New Jersey,31-2021,Physical Therapist Assistants,2012,1090,2022,1470,380,34.1,60
34,New Jersey,29-1123,Physical Therapists,2012,6920,2022,8860,1940,28.1,360
34,New Jersey,29-1071,Physician Assistants,2012,1450,2022,1920,470,32.8,70
34,New Jersey,29-1069,Physicians and Surgeons  All Other,2012,12600,2022,14000,1400,11.1,460
34,New Jersey,19-2012,Physicists,2012,1020,2022,1090,70,7.2,30
34,New Jersey,25-1054,Physics Teachers  Postsecondary,2012,280,2022,310,30,8.1,10
34,New Jersey,47-2072,Pile-Driver Operators,2012,90,2022,110,20,15.1,0
34,New Jersey,47-2151,Pipelayers,2012,820,2022,960,140,16.7,20
34,New Jersey,51-8099,Plant and System Operators  All Other,2012,430,2022,440,10,3,20
34,New Jersey,47-2161,Plasterers and Stucco Masons,2012,290,2022,340,50,15.4,10
34,New Jersey,51-4193,Plating and Coating Machine Setters  Operators  and Tenders  Metal and Plastic,2012,560,2022,530,-30,-5.4,10
34,New Jersey,47-2152,Plumbers  Pipefitters  and Steamfitters,2012,8890,2022,10930,2040,23,310
34,New Jersey,29-1081,Podiatrists,2012,480,2022,560,80,17,20
34,New Jersey,33-3051,Police and Sheriff's Patrol Officers,2012,22180,2022,21910,-270,-1.2,700
34,New Jersey,43-5031,Police  Fire  and Ambulance Dispatchers,2012,3600,2022,3590,-10,-0.3,100
34,New Jersey,25-1065,Political Science Teachers  Postsecondary,2012,400,2022,440,40,9,10
34,New Jersey,19-3094,Political Scientists,2012,10,2022,10,0,14.3,0
34,New Jersey,43-5051,Postal Service Clerks,2012,2700,2022,1840,-860,-31.8,40
34,New Jersey,43-5052,Postal Service Mail Carriers,2012,9410,2022,6890,-2520,-26.9,330
34,New Jersey,43-5053,Postal Service Mail Sorters  Processors  and Processing Machine Operators,2012,6000,2022,4220,-1780,-29.8,40
34,New Jersey,Nov-31,Postmasters and Mail Superintendents,2012,450,2022,340,-110,-24.3,10
34,New Jersey,25-1199,Postsecondary Teachers  All Other,2012,17520,2022,18850,1330,7.6,400
34,New Jersey,51-4052,Pourers and Casters  Metal,2012,140,2022,130,-10,-5.1,0
34,New Jersey,51-8012,Power Distributors and Dispatchers,2012,270,2022,310,40,13.8,10
34,New Jersey,51-8013,Power Plant Operators,2012,730,2022,740,10,1.7,20
34,New Jersey,49-9069,Precision Instrument and Equipment Repairers  All Other,2012,200,2022,190,-10,-4,10
34,New Jersey,51-5111,Prepress Technicians and Workers,2012,1160,2022,930,-230,-20.3,30
34,New Jersey,25-2011,Preschool Teachers  Except Special Education,2012,14240,2022,14670,430,3,440
34,New Jersey,51-6021,Pressers  Textile  Garment  and Related Materials,2012,1110,2022,1200,90,8.1,20
34,New Jersey,51-5113,Print Binding and Finishing Workers,2012,1590,2022,1380,-210,-13.1,30
34,New Jersey,51-5112,Printing Press Operators,2012,5560,2022,4910,-650,-11.7,100
34,New Jersey,33-9021,Private Detectives and Investigators,2012,370,2022,420,50,11.2,10
34,New Jersey,21-1092,Probation Officers and Correctional Treatment Specialists,2012,2440,2022,2240,-200,-8.4,60
34,New Jersey,43-3061,Procurement Clerks,2012,3230,2022,3410,180,5.7,140
34,New Jersey,27-2012,Producers and Directors,2012,1490,2022,1500,10,0.9,50
34,New Jersey,51-9199,Production Workers  All Other,2012,6960,2022,7120,160,2.4,200
34,New Jersey,43-5061,Production  Planning  and Expediting Clerks,2012,6130,2022,6230,100,1.6,160
34,New Jersey,43-9081,Proofreaders and Copy Markers,2012,650,2022,670,20,3.1,10
34,New Jersey,Nov-41,Property  Real Estate  and Community Association Managers,2012,7400,2022,7990,590,7.9,230
34,New Jersey,29-1024,Prosthodontists,2012,50,2022,60,10,9.3,0
34,New Jersey,33-9099,Protective Service Workers  All Other,2012,2290,2022,2340,50,2.3,160
34,New Jersey,31-1013,Psychiatric Aides,2012,4870,2022,4740,-130,-2.8,90
34,New Jersey,29-2053,Psychiatric Technicians,2012,1340,2022,1220,-120,-9.3,10
34,New Jersey,29-1066,Psychiatrists,2012,960,2022,1050,90,9.8,30
34,New Jersey,19-3039,Psychologists  All Other,2012,130,2022,130,0,-0.7,0
34,New Jersey,25-1066,Psychology Teachers  Postsecondary,2012,1110,2022,1200,90,8.7,30
34,New Jersey,27-3012,Public Address System and Other Announcers,2012,300,2022,310,10,4.7,10
34,New Jersey,Nov-31,Public Relations and Fundraising Managers,2012,2110,2022,2270,160,7.4,60
34,New Jersey,27-3031,Public Relations Specialists,2012,4890,2022,5190,300,6.3,100
34,New Jersey,53-7072,Pump Operators  Except Wellhead Pumpers,2012,360,2022,390,30,7.7,20
34,New Jersey,13-1023,Purchasing Agents  Except Wholesale  Retail  and Farm Products,2012,6720,2022,6970,250,3.7,150
34,New Jersey,Nov-61,Purchasing Managers,2012,2310,2022,2490,180,8.1,70
34,New Jersey,29-1124,Radiation Therapists,2012,590,2022,670,80,13.7,20
34,New Jersey,27-3011,Radio and Television Announcers,2012,360,2022,360,0,0,10
34,New Jersey,27-4013,Radio Operators,2012,0,2022,0,0,0,0
34,New Jersey,49-2021,Radio  Cellular  and Tower Equipment Installers and Repairs,2012,120,2022,130,10,4.1,0
34,New Jersey,29-2034,Radiologic Technologists,2012,5920,2022,6690,770,12.9,160
34,New Jersey,49-3043,Rail Car Repairers,2012,270,2022,280,10,6,10
34,New Jersey,53-4099,Rail Transportation Workers  All Other,2012,100,2022,100,0,1,0
34,New Jersey,53-4013,Rail Yard Engineers  Dinkey Operators  and Hostlers,2012,270,2022,290,20,5.9,10
34,New Jersey,53-4021,Railroad Brake  Signal  and Switch Operators,2012,180,2022,190,10,4.5,10
34,New Jersey,53-4031,Railroad Conductors and Yardmasters,2012,680,2022,690,10,1.6,20
34,New Jersey,47-4061,Rail-Track Laying and Maintenance Equipment Operators,2012,600,2022,640,40,5.8,20
34,New Jersey,41-9021,Real Estate Brokers,2012,1620,2022,1770,150,8.9,30
34,New Jersey,41-9022,Real Estate Sales Agents,2012,3320,2022,3570,250,7.4,60
34,New Jersey,43-4171,Receptionists and Information Clerks,2012,51160,2022,57830,6670,13,2040
34,New Jersey,25-1193,Recreation and Fitness Studies Teachers  Postsecondary,2012,350,2022,380,30,6.8,10
34,New Jersey,39-9032,Recreation Workers,2012,13290,2022,14410,1120,8.4,270
34,New Jersey,29-1125,Recreational Therapists,2012,490,2022,510,20,4.7,10
34,New Jersey,49-3092,Recreational Vehicle Service Technicians,2012,270,2022,290,20,6.6,10
34,New Jersey,49-9045,Refractory Materials Repairers  Except Brickmasons,2012,30,2022,30,0,0,0
34,New Jersey,53-7081,Refuse and Recyclable Material Collectors,2012,3690,2022,3660,-30,-0.9,80
34,New Jersey,29-1141,Registered Nurses,2012,79840,2022,88880,9040,11.3,2450
34,New Jersey,21-1015,Rehabilitation Counselors,2012,2250,2022,2300,50,2.5,50
34,New Jersey,47-2171,Reinforcing Iron and Rebar Workers,2012,170,2022,200,30,19.4,10
34,New Jersey,21-2099,Religious Workers  All Other,2012,520,2022,530,10,1.1,10
34,New Jersey,27-3022,Reporters and Correspondents,2012,1200,2022,900,-300,-25.3,40
34,New Jersey,43-4181,Reservation and Transportation Ticket Agents and Travel Clerks,2012,2050,2022,1930,-120,-5.9,30
34,New Jersey,39-9041,Residential Advisors,2012,710,2022,790,80,11.6,40
34,New Jersey,29-1126,Respiratory Therapists,2012,2990,2022,3350,360,11.9,80
34,New Jersey,29-2054,Respiratory Therapy Technicians,2012,370,2022,400,30,8.7,10
34,New Jersey,41-2031,Retail Salespersons,2012,125690,2022,134870,9180,7.3,5220
34,New Jersey,49-9096,Riggers,2012,30,2022,40,10,6.1,0
34,New Jersey,51-4023,Rolling Machine Setters  Operators  and Tenders  Metal and Plastic,2012,730,2022,640,-90,-12.4,10
34,New Jersey,47-2181,Roofers,2012,2080,2022,2300,220,10.6,70
34,New Jersey,47-5012,Rotary Drill Operators  Oil and Gas,2012,70,2022,70,0,10.4,0
34,New Jersey,47-5071,Roustabouts  Oil and Gas,2012,0,2022,0,0,0,0
34,New Jersey,53-5011,Sailors and Marine Oilers,2012,320,2022,320,0,1.6,10
34,New Jersey,41-9099,Sales and Related Workers  All Other,2012,7800,2022,8440,640,8.2,220
34,New Jersey,41-9031,Sales Engineers,2012,2390,2022,2490,100,4.3,50
34,New Jersey,Nov-22,Sales Managers,2012,14090,2022,15360,1270,9.1,430
34,New Jersey,41-3099,Sales Representatives  Services  All Other,2012,45510,2022,51380,5870,12.9,1830
34,New Jersey,41-4012,Sales Representatives  Wholesale and Manufacturing  Except Technical and Scientific Products,2012,43780,2022,46540,2760,6.3,1130
34,New Jersey,41-4011,Sales Representatives  Wholesale and Manufacturing  Technical and Scientific Products,2012,12270,2022,13150,880,7.1,330
34,New Jersey,51-7041,Sawing Machine Setters  Operators  and Tenders  Wood,2012,220,2022,210,-10,-5.5,10
34,New Jersey,25-2031,Secondary School Teachers  Except Special and Career/Technical Education,2012,36810,2022,36960,150,0.4,1020
34,New Jersey,43-6014,Secretaries and Administrative Assistants  Except Legal  Medical  and Executive,2012,61830,2022,66350,4520,7.3,1200
34,New Jersey,41-3031,Securities  Commodities  and Financial Services Sales Agents,2012,15030,2022,14490,-540,-3.6,350
34,New Jersey,49-2098,Security and Fire Alarm Systems Installers,2012,2160,2022,2520,360,16.8,80
34,New Jersey,33-9032,Security Guards,2012,37220,2022,41120,3900,10.5,960
34,New Jersey,25-3021,Self-Enrichment Education Teachers,2012,12100,2022,13080,980,8.1,310
34,New Jersey,51-9141,Semiconductor Processors,2012,190,2022,150,-40,-24.2,10
34,New Jersey,51-9012,Separating  Filtering  Clarifying  Precipitating  and Still Machine Setters  Operators  and Tenders,2012,940,2022,880,-60,-6.7,30
34,New Jersey,47-4071,Septic Tank Servicers and Sewer Pipe Cleaners,2012,770,2022,850,80,10.5,20
34,New Jersey,47-5013,Service Unit Operators  Oil  Gas  and Mining,2012,20,2022,10,-10,-13.3,0
34,New Jersey,27-1027,Set and Exhibit Designers,2012,170,2022,180,10,1.7,10
34,New Jersey,51-6051,Sewers  Hand,2012,180,2022,190,10,5.4,0
34,New Jersey,51-6031,Sewing Machine Operators,2012,3110,2022,3240,130,4.1,30
34,New Jersey,39-5093,Shampooers,2012,2110,2022,2180,70,3.2,20
34,New Jersey,47-2211,Sheet Metal Workers,2012,2050,2022,2430,380,18.7,80
34,New Jersey,53-5031,Ship Engineers,2012,90,2022,80,-10,-8,0
34,New Jersey,43-5071,Shipping  Receiving  and Traffic Clerks,2012,23480,2022,23920,440,1.8,660
34,New Jersey,51-6041,Shoe and Leather Workers and Repairers,2012,50,2022,50,0,-2,0
34,New Jersey,49-9097,Signal and Track Switch Repairers,2012,270,2022,270,0,1.1,10
34,New Jersey,39-5094,Skincare Specialists,2012,1050,2022,1400,350,33.2,40
34,New Jersey,51-3023,Slaughterers and Meat Packers,2012,370,2022,380,10,4.1,10
34,New Jersey,39-1012,Slot Supervisors,2012,280,2022,250,-30,-13.4,10
34,New Jersey,Nov-51,Social and Community Service Managers,2012,4690,2022,5200,510,10.9,150
34,New Jersey,21-1093,Social and Human Service Assistants,2012,17290,2022,19130,1840,10.6,640
34,New Jersey,19-4061,Social Science Research Assistants,2012,280,2022,310,30,8.5,10
34,New Jersey,25-1069,Social Sciences Teachers  Postsecondary  All Other,2012,240,2022,260,20,7.8,10
34,New Jersey,19-3099,Social Scientists and Related Workers  All Other,2012,410,2022,390,-20,-4.1,10
34,New Jersey,25-1113,Social Work Teachers  Postsecondary,2012,160,2022,180,20,7.3,0
34,New Jersey,21-1029,Social Workers  All Other,2012,760,2022,760,0,-0.5,20
34,New Jersey,19-3041,Sociologists,2012,30,2022,30,0,6.7,0
34,New Jersey,25-1067,Sociology Teachers  Postsecondary,2012,350,2022,370,20,7.2,10
34,New Jersey,15-1132,Software Developers  Applications,2012,29090,2022,35770,6680,23,1040
34,New Jersey,15-1133,Software Developers  Systems Software,2012,9540,2022,11210,1670,17.5,290
34,New Jersey,19-1013,Soil and Plant Scientists,2012,100,2022,100,0,3.1,0
34,New Jersey,47-2231,Solar Photovoltaic Installers,2012,70,2022,90,20,33.3,0
34,New Jersey,27-4014,Sound Engineering Technicians,2012,370,2022,380,10,1.3,10
34,New Jersey,25-2059,Special Education Teachers  All Other,2012,800,2022,810,10,1,20
34,New Jersey,25-2052,Special Education Teachers  Kindergarten and Elementary School,2012,12070,2022,12090,20,0.2,210
34,New Jersey,25-2053,Special Education Teachers  Middle School,2012,5010,2022,5010,0,0.2,90
34,New Jersey,25-2051,Special Education Teachers  Preschool,2012,1050,2022,1060,10,1.3,20
34,New Jersey,25-2054,Special Education Teachers  Secondary School,2012,6270,2022,6240,-30,-0.5,110
34,New Jersey,29-1127,Speech-Language Pathologists,2012,5390,2022,5860,470,8.7,130
34,New Jersey,51-8021,Stationary Engineers and Boiler Operators,2012,1690,2022,1700,10,1.1,50
34,New Jersey,43-9111,Statistical Assistants,2012,240,2022,260,20,7.9,10
34,New Jersey,15-2041,Statisticians,2012,560,2022,690,130,23,30
34,New Jersey,43-5081,Stock Clerks and Order Fillers,2012,63420,2022,62470,-950,-1.5,1920
34,New Jersey,47-2022,Stonemasons,2012,580,2022,780,200,35.4,30
34,New Jersey,47-2221,Structural Iron and Steel Workers,2012,1720,2022,1990,270,15.7,80
34,New Jersey,51-2041,Structural Metal Fabricators and Fitters,2012,670,2022,740,70,10.4,30
34,New Jersey,21-1011,Substance Abuse and Behavioral Disorder Counselors,2012,2620,2022,3120,500,19.1,110
34,New Jersey,53-4041,Subway and Streetcar Operators,2012,90,2022,80,-10,-3.5,0
34,New Jersey,29-1067,Surgeons,2012,1700,2022,1990,290,17,70
34,New Jersey,29-2055,Surgical Technologists,2012,1790,2022,2140,350,19.8,50
34,New Jersey,19-3022,Survey Researchers,2012,1150,2022,1220,70,6,20
34,New Jersey,17-3031,Surveying and Mapping Technicians,2012,480,2022,540,60,13.6,20
34,New Jersey,17-1022,Surveyors,2012,1060,2022,1130,70,7.2,30
34,New Jersey,43-2011,Switchboard Operators  Including Answering Service,2012,3030,2022,2430,-600,-19.7,60
34,New Jersey,51-6052,Tailors  Dressmakers  and Custom Sewers,2012,1530,2022,1530,0,0.1,20
34,New Jersey,53-7121,Tank Car  Truck  and Ship Loaders,2012,1320,2022,1260,-60,-4.1,40
34,New Jersey,47-2082,Tapers,2012,140,2022,170,30,17,0
34,New Jersey,13-2081,Tax Examiners and Collectors  and Revenue Agents,2012,1690,2022,1580,-110,-6.7,60
34,New Jersey,13-2082,Tax Preparers,2012,2130,2022,2140,10,0.8,50
34,New Jersey,53-3041,Taxi Drivers and Chauffeurs,2012,10440,2022,11300,860,8.3,210
34,New Jersey,25-9041,Teacher Assistants,2012,50790,2022,51780,990,2,1250
34,New Jersey,25-3099,Teachers and Instructors  All Other,2012,39820,2022,41090,1270,3.2,810
34,New Jersey,51-2092,Team Assemblers,2012,7900,2022,8050,150,1.9,140
34,New Jersey,27-3042,Technical Writers,2012,1710,2022,1920,210,12.6,70
34,New Jersey,49-2022,Telecommunications Equipment Installers and Repairers  Except Line Installers,2012,5830,2022,6460,630,10.8,140
34,New Jersey,49-9052,Telecommunications Line Installers and Repairers,2012,6730,2022,6540,-190,-3,170
34,New Jersey,41-9041,Telemarketers,2012,4150,2022,4170,20,0.5,90
34,New Jersey,43-2021,Telephone Operators,2012,230,2022,190,-40,-20.1,10
34,New Jersey,43-3071,Tellers,2012,19510,2022,19940,430,2.2,950
34,New Jersey,47-2053,Terrazzo Workers and Finishers,2012,10,2022,10,0,20,0
34,New Jersey,51-6061,Textile Bleaching and Dyeing Machine Operators and Tenders,2012,180,2022,180,0,-2.7,0
34,New Jersey,51-6062,Textile Cutting Machine Setters  Operators  and Tenders,2012,510,2022,500,-10,-2.8,10
34,New Jersey,51-6063,Textile Knitting and Weaving Machine Setters  Operators  and Tenders,2012,170,2022,180,10,1.2,0
34,New Jersey,51-6064,Textile Winding  Twisting  and Drawing Out Machine Setters  Operators  and Tenders,2012,70,2022,70,0,-1.5,0
34,New Jersey,51-6099,Textile  Apparel  and Furnishings Workers  All Other,2012,460,2022,460,0,0,0
34,New Jersey,29-1129,Therapists  All Other,2012,270,2022,300,30,13.2,10
34,New Jersey,47-2044,Tile and Marble Setters,2012,1130,2022,1320,190,17,40
34,New Jersey,51-2093,Timing Device Assemblers and Adjusters,2012,10,2022,10,0,-7.7,0
34,New Jersey,51-9197,Tire Builders,2012,180,2022,130,-50,-24.6,0
34,New Jersey,49-3093,Tire Repairers and Changers,2012,1830,2022,2010,180,9.7,80
34,New Jersey,23-2093,Title Examiners  Abstractors  and Searchers,2012,2480,2022,2750,270,11.1,70
34,New Jersey,51-4111,Tool and Die Makers,2012,930,2022,910,-20,-2,10
34,New Jersey,51-4194,Tool Grinders  Filers  and Sharpeners,2012,90,2022,90,0,-2.3,0
34,New Jersey,00-0000,Total  All Occupations,2012,4149380,2022,4462570,313190,7.5,131470
34,New Jersey,39-7011,Tour Guides and Escorts,2012,580,2022,600,20,2.9,30
34,New Jersey,53-6041,Traffic Technicians,2012,270,2022,330,60,24.7,20
34,New Jersey,Nov-31,Training and Development Managers,2012,1060,2022,1140,80,7.4,40
34,New Jersey,13-1151,Training and Development Specialists,2012,5400,2022,6030,630,11.7,160
34,New Jersey,33-3052,Transit and Railroad Police,2012,460,2022,450,-10,-2,10
34,New Jersey,53-6061,Transportation Attendants  Except Flight Attendants,2012,1940,2022,2090,150,7.5,50
34,New Jersey,53-6051,Transportation Inspectors,2012,680,2022,770,90,12.9,30
34,New Jersey,33-9093,Transportation Security Screeners,2012,1440,2022,1470,30,1.9,40
34,New Jersey,53-6099,Transportation Workers  All Other,2012,1070,2022,1160,90,9,50
34,New Jersey,Nov-71,Transportation  Storage  and Distribution Managers,2012,4980,2022,5420,440,9,160
34,New Jersey,41-3041,Travel Agents,2012,2550,2022,2770,220,8.8,60
34,New Jersey,37-3013,Tree Trimmers and Pruners,2012,1200,2022,1310,110,9.1,40
34,New Jersey,27-2023,Umpires  Referees  and Other Sports Officials,2012,220,2022,220,0,1.9,10
34,New Jersey,51-6093,Upholsterers,2012,640,2022,610,-30,-5.6,20
34,New Jersey,19-3051,Urban and Regional Planners,2012,280,2022,280,0,0.4,10
34,New Jersey,39-3031,Ushers  Lobby Attendants  and Ticket Takers,2012,2380,2022,2440,60,2.5,130
34,New Jersey,29-1131,Veterinarians,2012,1560,2022,1510,-50,-3.2,50
34,New Jersey,31-9096,Veterinary Assistants and Laboratory Animal Caretakers,2012,1600,2022,1510,-90,-5.7,30
34,New Jersey,29-2056,Veterinary Technologists and Technicians,2012,1820,2022,2040,220,11.7,40
34,New Jersey,25-1194,Vocational Education Teachers  Postsecondary,2012,2950,2022,3100,150,5.3,60
34,New Jersey,35-3031,Waiters and Waitresses,2012,58660,2022,62530,3870,6.6,3210
34,New Jersey,49-9064,Watch Repairers,2012,220,2022,230,10,4.9,10
34,New Jersey,51-8031,Water and Wastewater Treatment Plant and System Operators,2012,2390,2022,2530,140,5.7,100
34,New Jersey,15-1134,Web Developers,2012,3340,2022,3840,500,14.9,100
34,New Jersey,43-5111,Weighers  Measurers  Checkers  and Samplers  Recordkeeping,2012,1990,2022,2110,120,6.3,60
34,New Jersey,51-4121,Welders  Cutters  Solderers  and Brazers,2012,3080,2022,3320,240,7.5,100
34,New Jersey,51-4122,Welding  Soldering  and Brazing Machine Setters  Operators  and Tenders,2012,650,2022,760,110,17.6,30
34,New Jersey,53-7073,Wellhead Pumpers,2012,20,2022,10,-10,-12.5,0
34,New Jersey,13-1022,Wholesale and Retail Buyers  Except Farm Products,2012,5010,2022,5550,540,10.9,180
34,New Jersey,51-7099,Woodworkers  All Other,2012,590,2022,580,-10,-2.2,20
34,New Jersey,51-7042,Woodworking Machine Setters  Operators  and Tenders  Except Sawing,2012,380,2022,370,-10,-3.4,0
34,New Jersey,43-9022,Word Processors and Typists,2012,8740,2022,6190,-2550,-29.1,30
34,New Jersey,27-3043,Writers and Authors,2012,3590,2022,3450,-140,-3.8,80
34,New Jersey,19-1023,Zoologists and Wildlife Biologists,2012,130,2022,130,0,-1.5,0
