STFIPS,AreaName,OccupationCode,OccupationName,BaseYear,Base,ProjYear,Proj,Change,PercentChange,AvgAnnualOpenings
36,New York,13-2011,Accountants and Auditors,2012,105530,2022,122410,16880,16,4810
36,New York,27-2011,Actors,2012,10270,2022,11280,1010,9.8,430
36,New York,15-2011,Actuaries,2012,2670,2022,3080,410,15.3,120
36,New York,51-9191,Adhesive Bonding Machine Operators and Tenders,2012,640,2022,640,0,-1.4,20
36,New York,23-1021,Administrative Law Judges  Adjudicators  and Hearing Officers,2012,1520,2022,1480,-40,-2.2,20
36,New York,Nov-11,Administrative Services Managers,2012,19200,2022,21230,2030,10.6,520
36,New York,25-3011,Adult Basic and Secondary Education and Literacy Teachers and Instructors,2012,9600,2022,10070,470,4.9,210
36,New York,Nov-11,Advertising and Promotions Managers,2012,4430,2022,5080,650,14.7,200
36,New York,41-3011,Advertising Sales Agents,2012,20480,2022,22460,1980,9.7,830
36,New York,17-3021,Aerospace Engineering and Operations Technicians,2012,290,2022,290,0,0.3,10
36,New York,13-1011,Agents and Business Managers of Artists  Performers  and Athletes,2012,3040,2022,3550,510,16.9,120
36,New York,19-4011,Agricultural and Food Science Technicians,2012,300,2022,340,40,13.1,20
36,New York,45-2091,Agricultural Equipment Operators,2012,1180,2022,1330,150,12.9,50
36,New York,53-2021,Air Traffic Controllers,2012,1280,2022,1300,20,1.6,60
36,New York,53-1011,Aircraft Cargo Handling Supervisors,2012,320,2022,320,0,1.3,10
36,New York,49-3011,Aircraft Mechanics and Service Technicians,2012,2690,2022,2720,30,1,80
36,New York,51-2011,Aircraft Structure  Surfaces  Rigging  and Systems Assemblers,2012,790,2022,790,0,0.3,10
36,New York,53-2022,Airfield Operations Specialists,2012,520,2022,540,20,5.4,30
36,New York,53-2011,Airline Pilots  Copilots  and Flight Engineers,2012,4640,2022,4340,-300,-6.4,130
36,New York,53-3011,Ambulance Drivers and Attendants  Except Emergency Medical Technicians,2012,1790,2022,2340,550,30.3,80
36,New York,39-3091,Amusement and Recreation Attendants,2012,15380,2022,18620,3240,21.1,1100
36,New York,29-1061,Anesthesiologists,2012,4130,2022,4780,650,15.9,170
36,New York,45-2021,Animal Breeders,2012,1100,2022,740,-360,-32.7,30
36,New York,33-9011,Animal Control Workers,2012,1190,2022,1250,60,4.7,30
36,New York,39-2011,Animal Trainers,2012,1480,2022,1690,210,14.5,90
36,New York,19-3091,Anthropologists and Archeologists,2012,300,2022,350,50,15.9,10
36,New York,25-1061,Anthropology and Archeology Teachers  Postsecondary,2012,730,2022,820,90,12.8,20
36,New York,13-2021,Appraisers and Assessors of Real Estate,2012,4590,2022,4590,0,0,40
36,New York,23-1022,Arbitrators  Mediators  and Conciliators,2012,9740,2022,10480,740,7.6,230
36,New York,17-1011,Architects  Except Landscape and Naval,2012,10090,2022,11470,1380,13.7,380
36,New York,17-3011,Architectural and Civil Drafters,2012,5650,2022,5690,40,0.7,80
36,New York,Nov-41,Architectural and Engineering Managers,2012,7260,2022,7660,400,5.6,220
36,New York,25-1031,Architecture Teachers  Postsecondary,2012,720,2022,820,100,14.1,20
36,New York,25-4011,Archivists,2012,830,2022,970,140,17,30
36,New York,25-1062,Area  Ethnic  and Cultural Studies Teachers  Postsecondary,2012,1190,2022,1380,190,16.3,40
36,New York,27-1011,Art Directors,2012,8540,2022,9350,810,9.5,280
36,New York,25-1121,Art  Drama  and Music Teachers  Postsecondary,2012,11300,2022,13110,1810,16,350
36,New York,51-2099,Assemblers and Fabricators  All Other,2012,7010,2022,8320,1310,18.7,240
36,New York,29-9091,Athletic Trainers,2012,1160,2022,1410,250,22,60
36,New York,19-2021,Atmospheric and Space Scientists,2012,300,2022,320,20,5.3,10
36,New York,25-1051,Atmospheric  Earth  Marine  and Space Sciences Teachers  Postsecondary,2012,860,2022,960,100,11.3,20
36,New York,27-4011,Audio and Video Equipment Technicians,2012,7030,2022,8650,1620,23.1,290
36,New York,29-1181,Audiologists,2012,710,2022,920,210,30,40
36,New York,53-6031,Automotive and Watercraft Service Attendants,2012,3190,2022,3760,570,18.1,150
36,New York,49-3021,Automotive Body and Related Repairers,2012,7990,2022,8950,960,12,250
36,New York,49-3022,Automotive Glass Installers and Repairers,2012,930,2022,1060,130,13.4,40
36,New York,49-3023,Automotive Service Technicians and Mechanics,2012,39640,2022,42590,2950,7.4,1300
36,New York,39-6011,Baggage Porters and Bellhops,2012,4840,2022,5660,820,17,200
36,New York,33-3011,Bailiffs,2012,4420,2022,4370,-50,-1.1,120
36,New York,51-3011,Bakers,2012,9960,2022,11240,1280,12.8,370
36,New York,39-5011,Barbers,2012,3720,2022,4060,340,9,130
36,New York,35-3011,Bartenders,2012,35920,2022,45930,10010,27.9,2330
36,New York,49-3091,Bicycle Repairers,2012,450,2022,540,90,18.1,20
36,New York,43-3011,Bill and Account Collectors,2012,26510,2022,30650,4140,15.6,1160
36,New York,43-3021,Billing and Posting Clerks,2012,32670,2022,38880,6210,19,1220
36,New York,19-1021,Biochemists and Biophysicists,2012,2020,2022,2460,440,21.6,100
36,New York,25-1042,Biological Science Teachers  Postsecondary,2012,3420,2022,4050,630,18.4,110
36,New York,19-1029,Biological Scientists  All Other,2012,570,2022,530,-40,-6.4,20
36,New York,19-4021,Biological Technicians,2012,3580,2022,3970,390,10.6,150
36,New York,17-2031,Biomedical Engineers,2012,390,2022,480,90,23.8,20
36,New York,47-2011,Boilermakers,2012,590,2022,590,0,-0.2,30
36,New York,43-3031,Bookkeeping  Accounting  and Auditing Clerks,2012,123050,2022,137070,14020,11.4,2530
36,New York,47-2021,Brickmasons and Blockmasons,2012,5450,2022,6960,1510,27.5,210
36,New York,27-3021,Broadcast News Analysts,2012,1110,2022,1080,-30,-2.4,40
36,New York,27-4012,Broadcast Technicians,2012,4560,2022,4800,240,5.2,110
36,New York,43-4011,Brokerage Clerks,2012,9410,2022,8250,-1160,-12.3,240
36,New York,13-2031,Budget Analysts,2012,2870,2022,3100,230,7.8,140
36,New York,49-3031,Bus and Truck Mechanics and Diesel Engine Specialists,2012,12050,2022,12980,930,7.7,350
36,New York,53-3022,Bus Drivers  School or Special Client,2012,49920,2022,55280,5360,10.7,1450
36,New York,53-3021,Bus Drivers  Transit and Intercity,2012,20550,2022,22050,1500,7.3,530
36,New York,13-1199,Business Operations Specialists  All Other,2012,28560,2022,31550,2990,10.4,690
36,New York,25-1011,Business Teachers  Postsecondary,2012,7460,2022,8480,1020,13.7,210
36,New York,51-3021,Butchers and Meat Cutters,2012,5270,2022,5780,510,9.6,180
36,New York,13-1021,Buyers and Purchasing Agents  Farm Products,2012,390,2022,410,20,5.1,10
36,New York,51-7011,Cabinetmakers and Bench Carpenters,2012,4090,2022,4230,140,3.5,50
36,New York,49-9061,Camera and Photographic Equipment Repairers,2012,390,2022,390,0,1.3,10
36,New York,27-4031,Camera Operators  Television  Video  and Motion Picture,2012,3080,2022,3310,230,7.5,50
36,New York,53-5021,Captains  Mates  and Pilots of Water Vessels,2012,1890,2022,2030,140,7.4,100
36,New York,29-2031,Cardiovascular Technologists and Technicians,2012,2940,2022,3650,710,24.1,110
36,New York,25-2023,Career/Technical Education Teachers  Middle School,2012,1610,2022,1630,20,1.2,40
36,New York,25-2032,Career/Technical Education Teachers  Secondary School,2012,5020,2022,5070,50,1,140
36,New York,43-5011,Cargo and Freight Agents,2012,7020,2022,7610,590,8.5,250
36,New York,47-2031,Carpenters,2012,58910,2022,67640,8730,14.8,1600
36,New York,47-2041,Carpet Installers,2012,1840,2022,1940,100,5.7,40
36,New York,17-1021,Cartographers and Photogrammetrists,2012,310,2022,360,50,16.8,10
36,New York,41-2011,Cashiers,2012,197130,2022,207360,10230,5.2,9550
36,New York,47-2051,Cement Masons and Concrete Finishers,2012,4400,2022,5280,880,19.9,140
36,New York,35-1011,Chefs and Head Cooks,2012,8400,2022,9730,1330,15.8,270
36,New York,17-2041,Chemical Engineers,2012,1020,2022,1060,40,3.8,30
36,New York,51-9011,Chemical Equipment Operators and Tenders,2012,1660,2022,1560,-100,-6,60
36,New York,51-8091,Chemical Plant and System Operators,2012,350,2022,330,-20,-5.7,10
36,New York,19-4031,Chemical Technicians,2012,4140,2022,4620,480,11.5,150
36,New York,25-1052,Chemistry Teachers  Postsecondary,2012,2120,2022,2420,300,14,60
36,New York,19-2031,Chemists,2012,4000,2022,4300,300,7.4,130
36,New York,11-1011,Chief Executives,2012,21520,2022,22650,1130,5.2,570
36,New York,21-1021,Child  Family  and School Social Workers,2012,22320,2022,24580,2260,10.1,700
36,New York,39-9011,Childcare Workers,2012,125140,2022,138600,13460,10.8,5020
36,New York,29-1011,Chiropractors,2012,2030,2022,2270,240,11.6,60
36,New York,27-2032,Choreographers,2012,430,2022,520,90,21.2,20
36,New York,17-3022,Civil Engineering Technicians,2012,2020,2022,2040,20,0.9,40
36,New York,17-2051,Civil Engineers,2012,14190,2022,16140,1950,13.8,540
36,New York,13-1031,Claims Adjusters  Examiners  and Investigators,2012,22750,2022,21530,-1220,-5.4,530
36,New York,53-7061,Cleaners of Vehicles and Equipment,2012,17220,2022,18560,1340,7.8,610
36,New York,51-9192,Cleaning  Washing  and Metal Pickling Equipment Operators and Tenders,2012,400,2022,420,20,6.3,10
36,New York,21-2011,Clergy,2012,11920,2022,14340,2420,20.3,490
36,New York,19-3031,Clinical  Counseling  and School Psychologists,2012,13160,2022,13970,810,6.2,440
36,New York,27-2022,Coaches and Scouts,2012,11650,2022,14030,2380,20.4,580
36,New York,51-9121,Coating  Painting  and Spraying Machine Setters  Operators  and Tenders,2012,3110,2022,3090,-20,-0.5,60
36,New York,51-2021,Coil Winders  Tapers  and Finishers,2012,660,2022,680,20,2.9,10
36,New York,49-9091,Coin  Vending  and Amusement Machine Servicers and Repairers,2012,2800,2022,2870,70,2.6,40
36,New York,35-3021,Combined Food Preparation and Serving Workers  Including Fast Food,2012,168520,2022,216210,47690,28.3,11200
36,New York,27-1021,Commercial and Industrial Designers,2012,3850,2022,3920,70,1.8,110
36,New York,53-2012,Commercial Pilots,2012,950,2022,1040,90,9,40
36,New York,25-1122,Communications Teachers  Postsecondary,2012,2400,2022,2720,320,13.2,70
36,New York,21-1099,Community and Social Service Specialists  All Other,2012,14290,2022,15150,860,6.1,460
36,New York,21-1094,Community Health Workers,2012,1900,2022,2270,370,19.5,90
36,New York,Nov-11,Compensation and Benefits Managers,2012,2030,2022,2060,30,1.8,60
36,New York,13-1141,Compensation  Benefits  and Job Analysis Specialists,2012,11800,2022,12100,300,2.5,250
36,New York,13-1041,Compliance Officers,2012,17500,2022,17790,290,1.6,350
36,New York,15-1111,Computer and Information Research Scientists,2012,1020,2022,1320,300,30,50
36,New York,Nov-21,Computer and Information Systems Managers,2012,26930,2022,31440,4510,16.8,830
36,New York,17-2061,Computer Hardware Engineers,2012,3180,2022,3400,220,7,90
36,New York,15-1143,Computer Network Architects,2012,6490,2022,6980,490,7.5,150
36,New York,15-1152,Computer Network Support Specialists,2012,8660,2022,9100,440,5.1,180
36,New York,51-4012,Computer Numerically Controlled Machine Tool Programmers  Metal and Plastic,2012,1120,2022,1450,330,29.3,60
36,New York,15-1199,Computer Occupations  All Other,2012,4900,2022,5320,420,8.6,120
36,New York,43-9011,Computer Operators,2012,5640,2022,4470,-1170,-20.6,60
36,New York,15-1131,Computer Programmers,2012,26000,2022,27940,1940,7.4,870
36,New York,25-1021,Computer Science Teachers  Postsecondary,2012,2420,2022,2740,320,13.3,70
36,New York,15-1121,Computer Systems Analysts,2012,32670,2022,40310,7640,23.4,1280
36,New York,15-1151,Computer User Support Specialists,2012,35920,2022,42350,6430,17.9,1210
36,New York,49-2011,Computer  Automated Teller  and Office Machine Repairers,2012,10350,2022,10810,460,4.4,260
36,New York,51-4011,Computer-Controlled Machine Tool Operators  Metal and Plastic,2012,5050,2022,5870,820,16.2,220
36,New York,39-6012,Concierges,2012,4090,2022,5060,970,23.7,200
36,New York,19-1031,Conservation Scientists,2012,820,2022,900,80,10,30
36,New York,47-4011,Construction and Building Inspectors,2012,8190,2022,8810,620,7.6,260
36,New York,47-2061,Construction Laborers,2012,66740,2022,75960,9220,13.8,2350
36,New York,Nov-21,Construction Managers,2012,18590,2022,20480,1890,10.2,480
36,New York,49-9012,Control and Valve Installers and Repairers  Except Mechanical Door,2012,3550,2022,3450,-100,-2.7,120
36,New York,53-7011,Conveyor Operators and Tenders,2012,610,2022,630,20,3.8,20
36,New York,35-2011,Cooks  Fast Food,2012,13530,2022,15300,1770,13.1,440
36,New York,35-2012,Cooks  Institution and Cafeteria,2012,17460,2022,19760,2300,13.2,570
36,New York,35-2014,Cooks  Restaurant,2012,56520,2022,74300,17780,31.4,2890
36,New York,35-2015,Cooks  Short Order,2012,10210,2022,11560,1350,13.3,340
36,New York,33-3012,Correctional Officers and Jailers,2012,38200,2022,37820,-380,-1,1020
36,New York,43-4021,Correspondence Clerks,2012,300,2022,330,30,9.7,10
36,New York,13-1051,Cost Estimators,2012,10840,2022,13070,2230,20.6,570
36,New York,39-3092,Costume Attendants,2012,1290,2022,1460,170,12.9,80
36,New York,21-1019,Counselors  All Other,2012,1690,2022,2010,320,18.6,70
36,New York,41-2021,Counter and Rental Clerks,2012,18030,2022,19560,1530,8.5,610
36,New York,35-3022,Counter Attendants  Cafeteria  Food Concession  and Coffee Shop,2012,27370,2022,30020,2650,9.7,1930
36,New York,43-5021,Couriers and Messengers,2012,11340,2022,9920,-1420,-12.5,150
36,New York,23-2091,Court Reporters,2012,1930,2022,1920,-10,-0.8,30
36,New York,43-4031,Court  Municipal  and License Clerks,2012,8560,2022,8950,390,4.6,170
36,New York,53-7021,Crane and Tower Operators,2012,930,2022,1050,120,12.8,40
36,New York,13-2041,Credit Analysts,2012,4200,2022,4360,160,3.9,120
36,New York,43-4041,Credit Authorizers  Checkers  and Clerks,2012,2920,2022,2700,-220,-7.4,30
36,New York,13-2071,Credit Counselors,2012,1410,2022,1610,200,14.6,50
36,New York,25-1111,Criminal Justice and Law Enforcement Teachers  Postsecondary,2012,1330,2022,1530,200,15,40
36,New York,33-9091,Crossing Guards,2012,12910,2022,12630,-280,-2.2,200
36,New York,51-9021,Crushing  Grinding  and Polishing Machine Setters  Operators  and Tenders,2012,1500,2022,1430,-70,-5.1,40
36,New York,25-4012,Curators,2012,1270,2022,1520,250,20,50
36,New York,43-4051,Customer Service Representatives,2012,146970,2022,160450,13480,9.2,5350
36,New York,51-9031,Cutters and Trimmers  Hand,2012,630,2022,620,-10,-1.9,10
36,New York,51-9032,Cutting and Slicing Machine Setters  Operators  and Tenders,2012,2000,2022,1890,-110,-5.5,30
36,New York,51-4031,Cutting  Punching  and Press Machine Setters  Operators  and Tenders  Metal and Plastic,2012,5740,2022,5270,-470,-8.1,50
36,New York,43-9021,Data Entry Keyers,2012,17050,2022,12780,-4270,-25,200
36,New York,15-1141,Database Administrators,2012,7620,2022,8390,770,10.1,220
36,New York,41-9011,Demonstrators and Product Promoters,2012,4340,2022,4840,500,11.5,170
36,New York,31-9091,Dental Assistants,2012,17570,2022,20420,2850,16.2,650
36,New York,29-2021,Dental Hygienists,2012,9820,2022,12140,2320,23.7,480
36,New York,51-9081,Dental Laboratory Technicians,2012,2420,2022,2540,120,5.3,100
36,New York,29-1029,Dentists  All Other Specialists,2012,670,2022,700,30,4.5,20
36,New York,29-1021,Dentists  General,2012,8030,2022,9060,1030,12.9,300
36,New York,27-1029,Designers  All Other,2012,2620,2022,2730,110,4.2,80
36,New York,43-9031,Desktop Publishers,2012,1060,2022,1010,-50,-4.4,20
36,New York,33-3021,Detectives and Criminal Investigators,2012,12010,2022,12060,50,0.4,270
36,New York,29-2032,Diagnostic Medical Sonographers,2012,4100,2022,5750,1650,40,220
36,New York,29-2051,Dietetic Technicians,2012,930,2022,1040,110,12.4,20
36,New York,29-1031,Dietitians and Nutritionists,2012,4950,2022,5770,820,16.5,140
36,New York,35-9011,Dining Room and Cafeteria Attendants and Bartender Helpers,2012,27940,2022,33940,6000,21.5,1830
36,New York,21-2021,Directors  Religious Activities and Education,2012,4520,2022,5390,870,19.4,240
36,New York,35-9021,Dishwashers,2012,33600,2022,40390,6790,20.2,2160
36,New York,43-5032,Dispatchers  Except Police  Fire  and Ambulance,2012,14380,2022,15900,1520,10.6,570
36,New York,17-3019,Drafters  All Other,2012,670,2022,730,60,9.6,20
36,New York,51-4032,Drilling and Boring Machine Tool Setters  Operators  and Tenders  Metal and Plastic,2012,730,2022,570,-160,-22.7,10
36,New York,53-3031,Driver/Sales Workers,2012,23890,2022,26380,2490,10.4,630
36,New York,47-2081,Drywall and Ceiling Tile Installers,2012,4090,2022,4470,380,9.2,80
36,New York,47-5021,Earth Drillers  Except Oil and Gas,2012,470,2022,510,40,8.6,20
36,New York,25-1063,Economics Teachers  Postsecondary,2012,1400,2022,1590,190,14.1,40
36,New York,19-3011,Economists,2012,580,2022,610,30,4.8,20
36,New York,27-3041,Editors,2012,24580,2022,23350,-1230,-5,600
36,New York,Nov-39,Education Administrators  All Other,2012,1120,2022,1200,80,6.5,40
36,New York,Nov-32,Education Administrators  Elementary and Secondary School,2012,17160,2022,17450,290,1.7,490
36,New York,Nov-33,Education Administrators  Postsecondary,2012,9800,2022,11250,1450,14.8,410
36,New York,Nov-31,Education Administrators  Preschool and Childcare Center/Program,2012,5400,2022,5860,460,8.6,190
36,New York,25-1081,Education Teachers  Postsecondary,2012,5520,2022,6320,800,14.6,160
36,New York,25-9099,Education  Training  and Library Workers  All Other,2012,2770,2022,3200,430,15.6,70
36,New York,21-1012,Educational  Guidance  School  and Vocational Counselors,2012,18500,2022,19870,1370,7.4,530
36,New York,49-2092,Electric Motor  Power Tool  and Related Repairers,2012,620,2022,570,-50,-8.3,10
36,New York,51-2022,Electrical and Electronic Equipment Assemblers,2012,12460,2022,12820,360,2.9,190
36,New York,17-3012,Electrical and Electronics Drafters,2012,1950,2022,2080,130,6.4,40
36,New York,17-3023,Electrical and Electronics Engineering Technicians,2012,8100,2022,8320,220,2.7,190
36,New York,49-2093,Electrical and Electronics Installers and Repairers  Transportation Equipment,2012,1040,2022,1090,50,4.7,30
36,New York,49-2094,Electrical and Electronics Repairers  Commercial and Industrial Equipment,2012,1940,2022,2100,160,7.9,50
36,New York,17-2071,Electrical Engineers,2012,9210,2022,9980,770,8.4,280
36,New York,49-9051,Electrical Power-Line Installers and Repairers,2012,3800,2022,4050,250,6.4,160
36,New York,47-2111,Electricians,2012,36960,2022,43240,6280,17,1320
36,New York,51-2023,Electromechanical Equipment Assemblers,2012,1760,2022,1720,-40,-2.7,20
36,New York,17-3024,Electro-Mechanical Technicians,2012,430,2022,510,80,18,20
36,New York,49-2096,Electronic Equipment Installers and Repairers  Motor Vehicles,2012,1080,2022,1060,-20,-2.5,10
36,New York,49-2097,Electronic Home Entertainment Equipment Installers and Repairers,2012,1890,2022,1980,90,4.8,80
36,New York,17-2072,Electronics Engineers  Except Computer,2012,3440,2022,3630,190,5.6,90
36,New York,25-2021,Elementary School Teachers  Except Special Education,2012,85130,2022,92070,6940,8.2,2570
36,New York,47-4021,Elevator Installers and Repairers,2012,3070,2022,3680,610,19.7,110
36,New York,43-4061,Eligibility Interviewers  Government Programs,2012,12490,2022,12850,360,2.9,290
36,New York,Nov-61,Emergency Management Directors,2012,510,2022,540,30,4.9,10
36,New York,29-2041,Emergency Medical Technicians and Paramedics,2012,16580,2022,19670,3090,18.7,760
36,New York,25-1032,Engineering Teachers  Postsecondary,2012,3160,2022,3520,360,11.3,80
36,New York,17-3029,Engineering Technicians  Except Drafters  All Other,2012,2080,2022,2110,30,1.2,50
36,New York,17-2199,Engineers  All Other,2012,2770,2022,2880,110,3.8,60
36,New York,25-1123,English Language and Literature Teachers  Postsecondary,2012,6930,2022,7770,840,12.2,190
36,New York,27-2099,Entertainers and Performers  Sports and Related Workers  All Other,2012,3300,2022,3510,210,6.5,60
36,New York,17-3025,Environmental Engineering Technicians,2012,1130,2022,1450,320,27.7,50
36,New York,17-2081,Environmental Engineers,2012,3130,2022,3480,350,11.1,110
36,New York,19-4091,Environmental Science and Protection Technicians  Including Health,2012,1910,2022,2240,330,17.3,110
36,New York,25-1053,Environmental Science Teachers  Postsecondary,2012,590,2022,660,70,13.2,20
36,New York,19-2041,Environmental Scientists and Specialists  Including Health,2012,2800,2022,3200,400,14.2,120
36,New York,51-9194,Etchers and Engravers,2012,480,2022,470,-10,-2.1,10
36,New York,53-7032,Excavating and Loading Machine and Dragline Operators,2012,1430,2022,1580,150,10.8,30
36,New York,43-6011,Executive Secretaries and Executive Administrative Assistants,2012,72070,2022,69220,-2850,-4,870
36,New York,51-4021,Extruding and Drawing Machine Setters  Operators  and Tenders  Metal and Plastic,2012,1650,2022,1470,-180,-10.9,30
36,New York,51-6091,Extruding and Forming Machine Setters  Operators  and Tenders  Synthetic and Glass Fibers,2012,730,2022,620,-110,-15,10
36,New York,51-9041,Extruding  Forming  Pressing  and Compacting Machine Setters  Operators  and Tenders,2012,2390,2022,2400,10,0.2,70
36,New York,51-6092,Fabric and Apparel Patternmakers,2012,1280,2022,1280,0,0.2,20
36,New York,45-4021,Fallers,2012,300,2022,180,-120,-40.1,0
36,New York,29-1062,Family and General Practitioners,2012,3660,2022,4060,400,11.1,130
36,New York,49-3041,Farm Equipment Mechanics and Service Technicians,2012,730,2022,790,60,8.8,30
36,New York,Nov-13,Farmers  Ranchers  and Other Agricultural Managers,2012,17500,2022,15150,-2350,-13.5,280
36,New York,45-2092,Farmworkers and Laborers  Crop  Nursery  and Greenhouse,2012,13810,2022,14660,850,6.1,500
36,New York,45-2093,Farmworkers  Farm  Ranch  and Aquacultural Animals,2012,1710,2022,1890,180,10.8,70
36,New York,27-1022,Fashion Designers,2012,9400,2022,9870,470,5.1,300
36,New York,47-4031,Fence Erectors,2012,1320,2022,1600,280,20.8,60
36,New York,51-2091,Fiberglass Laminators and Fabricators,2012,520,2022,510,-10,-0.4,10
36,New York,43-4071,File Clerks,2012,12300,2022,11910,-390,-3.2,280
36,New York,27-4032,Film and Video Editors,2012,5320,2022,5620,300,5.7,70
36,New York,13-2051,Financial Analysts,2012,34120,2022,37790,3670,10.7,1200
36,New York,43-3099,Financial Clerks  All Other,2012,2960,2022,3120,160,5.3,100
36,New York,13-2061,Financial Examiners,2012,2170,2022,2160,-10,-0.6,60
36,New York,Nov-31,Financial Managers,2012,37240,2022,39750,2510,6.7,950
36,New York,13-2099,Financial Specialists  All Other,2012,10060,2022,10760,700,6.9,180
36,New York,27-1013,Fine Artists  Including Painters  Sculptors  and Illustrators,2012,3340,2022,3490,150,4.4,90
36,New York,33-2011,Firefighters,2012,16410,2022,16660,250,1.5,470
36,New York,47-1011,First-Line Supervisors of Construction Trades and Extraction Workers,2012,27650,2022,31330,3680,13.3,670
36,New York,33-1011,First-Line Supervisors of Correctional Officers,2012,4240,2022,4210,-30,-0.6,150
36,New York,45-1011,First-Line Supervisors of Farming  Fishing  and Forestry Workers,2012,710,2022,680,-30,-3.3,20
36,New York,33-1021,First-Line Supervisors of Fire Fighting and Prevention Workers,2012,5150,2022,5230,80,1.6,230
36,New York,35-1012,First-Line Supervisors of Food Preparation and Serving Workers,2012,43440,2022,54800,11360,26.2,2360
36,New York,53-1021,First-Line Supervisors of Helpers  Laborers  and Material Movers  Hand,2012,6610,2022,7140,530,8,240
36,New York,37-1011,First-Line Supervisors of Housekeeping and Janitorial Workers,2012,16670,2022,18990,2320,13.9,630
36,New York,37-1012,First-Line Supervisors of Landscaping  Lawn Service  and Groundskeeping Workers,2012,5800,2022,6610,810,14,150
36,New York,49-1011,First-Line Supervisors of Mechanics  Installers  and Repairers,2012,24650,2022,26130,1480,6,820
36,New York,41-1012,First-Line Supervisors of Non-Retail Sales Workers,2012,23020,2022,23630,610,2.6,360
36,New York,43-1011,First-Line Supervisors of Office and Administrative Support Workers,2012,114020,2022,127140,13120,11.5,4020
36,New York,39-1021,First-Line Supervisors of Personal Service Workers,2012,14370,2022,16570,2200,15.3,480
36,New York,33-1012,First-Line Supervisors of Police and Detectives,2012,15150,2022,15330,180,1.2,470
36,New York,51-1011,First-Line Supervisors of Production and Operating Workers,2012,25100,2022,25440,340,1.4,390
36,New York,33-1099,First-Line Supervisors of Protective Service Workers  All Other,2012,6480,2022,7230,750,11.6,220
36,New York,41-1011,First-Line Supervisors of Retail Sales Workers,2012,71160,2022,75420,4260,6,1970
36,New York,53-1031,First-Line Supervisors of Transportation and Material-Moving Machine and Vehicle Operators,2012,12250,2022,13030,780,6.4,420
36,New York,39-9031,Fitness Trainers and Aerobics Instructors,2012,18800,2022,22800,4000,21.3,620
36,New York,53-2031,Flight Attendants,2012,9290,2022,8670,-620,-6.6,150
36,New York,47-2042,Floor Layers  Except Carpet  Wood  and Hard Tiles,2012,1280,2022,1380,100,8.1,30
36,New York,47-2043,Floor Sanders and Finishers,2012,380,2022,400,20,6.3,10
36,New York,27-1023,Floral Designers,2012,4900,2022,4860,-40,-0.6,130
36,New York,51-3091,Food and Tobacco Roasting  Baking  and Drying Machine Operators and Tenders,2012,290,2022,330,40,14.8,10
36,New York,51-3092,Food Batchmakers,2012,4920,2022,5440,520,10.7,210
36,New York,51-3093,Food Cooking Machine Operators and Tenders,2012,2140,2022,2400,260,11.9,80
36,New York,35-9099,Food Preparation and Serving Related Workers  All Other,2012,750,2022,900,150,20.1,60
36,New York,35-2021,Food Preparation Workers,2012,53480,2022,57970,4490,8.4,1980
36,New York,51-3099,Food Processing Workers  All Other,2012,360,2022,430,70,22.3,20
36,New York,19-1012,Food Scientists and Technologists,2012,460,2022,640,180,37.9,30
36,New York,35-3041,Food Servers  Nonrestaurant,2012,19710,2022,24200,4490,22.8,1030
36,New York,Nov-51,Food Service Managers,2012,13130,2022,14290,1160,8.9,350
36,New York,25-1124,Foreign Language and Literature Teachers  Postsecondary,2012,2730,2022,3110,380,13.9,80
36,New York,19-4092,Forensic Science Technicians,2012,700,2022,710,10,1,30
36,New York,19-4093,Forest and Conservation Technicians,2012,390,2022,410,20,5.1,20
36,New York,19-1032,Foresters,2012,370,2022,370,0,0.8,10
36,New York,25-1043,Forestry and Conservation Science Teachers  Postsecondary,2012,300,2022,330,30,9.5,10
36,New York,51-4022,Forging Machine Setters  Operators  and Tenders  Metal and Plastic,2012,880,2022,780,-100,-11,20
36,New York,13-1131,Fundraisers,2012,6420,2022,7980,1560,24.2,280
36,New York,Nov-61,Funeral Service Managers,2012,700,2022,770,70,9.6,20
36,New York,51-9051,Furnace  Kiln  Oven  Drier  and Kettle Operators and Tenders,2012,720,2022,650,-70,-9.3,20
36,New York,51-7021,Furniture Finishers,2012,1320,2022,1310,-10,-0.8,20
36,New York,39-3012,Gaming and Sports Book Writers and Runners,2012,600,2022,720,120,20.4,20
36,New York,43-3041,Gaming Cage Workers,2012,550,2022,950,400,74,50
36,New York,41-2012,Gaming Change Persons and Booth Cashiers,2012,2340,2022,2490,150,6.2,120
36,New York,39-1011,Gaming Supervisors,2012,340,2022,500,160,46.6,20
36,New York,51-8092,Gas Plant Operators,2012,380,2022,350,-30,-8.4,10
36,New York,11-1021,General and Operations Managers,2012,126620,2022,144240,17620,13.9,4130
36,New York,19-2042,Geoscientists  Except Hydrologists and Geographers,2012,890,2022,1020,130,15.3,40
36,New York,47-2121,Glaziers,2012,3020,2022,3430,410,13.4,110
36,New York,45-2041,Graders and Sorters  Agricultural Products,2012,1620,2022,1640,20,1.5,30
36,New York,25-1191,Graduate Teaching Assistants,2012,5240,2022,5780,540,10.2,130
36,New York,27-1024,Graphic Designers,2012,20220,2022,21540,1320,6.5,670
36,New York,51-9022,Grinding and Polishing Workers  Hand,2012,1360,2022,1340,-20,-1.8,40
36,New York,51-4033,Grinding  Lapping  Polishing  and Buffing Machine Tool Setters  Operators  and Tenders  Metal and Plastic,2012,2990,2022,2620,-370,-12.3,70
36,New York,37-3019,Grounds Maintenance Workers  All Other,2012,3480,2022,3590,110,3.4,100
36,New York,39-5012,Hairdressers  Hairstylists  and Cosmetologists,2012,41050,2022,45890,4840,11.8,1450
36,New York,47-4041,Hazardous Materials Removal Workers,2012,3960,2022,4870,910,22.9,180
36,New York,17-2111,Health and Safety Engineers  Except Mining Safety Engineers and Inspectors,2012,1590,2022,1790,200,13.2,70
36,New York,29-1199,Health Diagnosing and Treating Practitioners  All Other,2012,2250,2022,2500,250,11.1,70
36,New York,21-1091,Health Educators,2012,5640,2022,6560,920,16.4,240
36,New York,25-1071,Health Specialties Teachers  Postsecondary,2012,13500,2022,18310,4810,35.6,680
36,New York,29-2099,Health Technologists and Technicians  All Other,2012,4340,2022,4850,510,11.9,100
36,New York,29-9099,Healthcare Practitioners and Technical Workers  All Other,2012,1760,2022,1930,170,9.9,70
36,New York,21-1022,Healthcare Social Workers,2012,11530,2022,14390,2860,24.8,530
36,New York,31-9099,Healthcare Support Workers  All Other,2012,8800,2022,9940,1140,13,280
36,New York,51-4191,Heat Treating Equipment Setters  Operators  and Tenders  Metal and Plastic,2012,540,2022,510,-30,-4.3,10
36,New York,49-9021,Heating  Air Conditioning  and Refrigeration Mechanics and Installers,2012,14360,2022,16060,1700,11.9,530
36,New York,53-3032,Heavy and Tractor-Trailer Truck Drivers,2012,56400,2022,61620,5220,9.2,1420
36,New York,47-3019,Helpers  Construction Trades  All Other,2012,920,2022,1110,190,20.9,30
36,New York,47-3011,Helpers--Brickmasons  Blockmasons  Stonemasons  and Tile and Marble Setters,2012,1670,2022,2250,580,34.4,80
36,New York,47-3012,Helpers--Carpenters,2012,3610,2022,4150,540,15,110
36,New York,47-3013,Helpers--Electricians,2012,4180,2022,5360,1180,28.2,180
36,New York,49-9098,Helpers--Installation  Maintenance  and Repair Workers,2012,6500,2022,7240,740,11.3,270
36,New York,47-3015,Helpers--Pipelayers  Plumbers  Pipefitters  and Steamfitters,2012,3410,2022,4180,770,22.4,130
36,New York,51-9198,Helpers--Production Workers,2012,10940,2022,11820,880,8.1,280
36,New York,47-4051,Highway Maintenance Workers,2012,17190,2022,17380,190,1.1,270
36,New York,19-3093,Historians,2012,640,2022,660,20,2.5,10
36,New York,25-1125,History Teachers  Postsecondary,2012,2090,2022,2370,280,13.5,60
36,New York,49-9031,Home Appliance Repairers,2012,3490,2022,3920,430,12.2,150
36,New York,31-1011,Home Health Aides,2012,129500,2022,188130,58630,45.3,8330
36,New York,35-9031,Hosts and Hostesses  Restaurant  Lounge  and Coffee Shop,2012,16010,2022,19330,3320,20.8,1540
36,New York,43-4081,Hotel  Motel  and Resort Desk Clerks,2012,8680,2022,10980,2300,26.5,640
36,New York,43-4161,Human Resources Assistants  Except Payroll and Timekeeping,2012,8320,2022,8440,120,1.5,220
36,New York,Nov-21,Human Resources Managers,2012,9010,2022,10010,1000,11.1,340
36,New York,13-1071,Human Resources Specialists,2012,27410,2022,30200,2790,10.2,780
36,New York,17-3026,Industrial Engineering Technicians,2012,2730,2022,2770,40,1.4,60
36,New York,17-2112,Industrial Engineers,2012,7670,2022,8260,590,7.6,280
36,New York,49-9041,Industrial Machinery Mechanics,2012,9930,2022,12070,2140,21.6,500
36,New York,Nov-51,Industrial Production Managers,2012,4750,2022,4780,30,0.5,90
36,New York,53-7051,Industrial Truck and Tractor Operators,2012,14410,2022,14090,-320,-2.2,330
36,New York,19-3032,Industrial-Organizational Psychologists,2012,3570,2022,5430,1860,52.1,280
36,New York,43-4199,Information and Record Clerks  All Other,2012,7970,2022,7270,-700,-8.7,170
36,New York,15-1122,Information Security Analysts,2012,4830,2022,5850,1020,21.2,180
36,New York,51-9061,Inspectors  Testers  Sorters  Samplers  and Weighers,2012,20290,2022,21590,1300,6.4,580
36,New York,49-9099,Installation  Maintenance  and Repair Workers  All Other,2012,5700,2022,6170,470,8.4,140
36,New York,25-9031,Instructional Coordinators,2012,9830,2022,11100,1270,12.9,210
36,New York,47-2131,Insulation Workers  Floor  Ceiling  and Wall,2012,1080,2022,1310,230,21,40
36,New York,47-2132,Insulation Workers  Mechanical,2012,670,2022,960,290,44.3,40
36,New York,13-1032,Insurance Appraisers  Auto Damage,2012,1000,2022,860,-140,-14,20
36,New York,43-9041,Insurance Claims and Policy Processing Clerks,2012,9490,2022,9290,-200,-2.2,250
36,New York,41-3021,Insurance Sales Agents,2012,21180,2022,21100,-80,-0.4,500
36,New York,13-2053,Insurance Underwriters,2012,8270,2022,6900,-1370,-16.7,220
36,New York,27-1025,Interior Designers,2012,5160,2022,5520,360,6.9,170
36,New York,29-1063,Internists  General,2012,4110,2022,4540,430,10.5,150
36,New York,27-3091,Interpreters and Translators,2012,4390,2022,6170,1780,40.6,240
36,New York,43-4111,Interviewers  Except Eligibility and Loan,2012,17470,2022,18810,1340,7.7,460
36,New York,37-2011,Janitors and Cleaners  Except Maids and Housekeeping Cleaners,2012,200270,2022,227520,27250,13.6,6490
36,New York,51-9071,Jewelers and Precious Stone and Metal Workers,2012,4760,2022,4240,-520,-10.9,100
36,New York,23-1023,Judges  Magistrate Judges  and Magistrates,2012,3920,2022,3920,0,0,60
36,New York,23-1012,Judicial Law Clerks,2012,930,2022,920,-10,-1,20
36,New York,25-2012,Kindergarten Teachers  Except Special Education,2012,10070,2022,10890,820,8.1,370
36,New York,13-1075,Labor Relations Specialists,2012,9870,2022,10070,200,2.1,200
36,New York,53-7062,Laborers and Freight  Stock  and Material Movers  Hand,2012,89780,2022,98530,8750,9.7,3660
36,New York,17-1012,Landscape Architects,2012,1720,2022,1840,120,7.1,50
36,New York,37-3011,Landscaping and Groundskeeping Workers,2012,48120,2022,54950,6830,14.2,1900
36,New York,51-4034,Lathe and Turning Machine Tool Setters  Operators  and Tenders  Metal and Plastic,2012,1640,2022,1450,-190,-11.6,30
36,New York,51-6011,Laundry and Dry-Cleaning Workers,2012,15020,2022,16350,1330,8.9,580
36,New York,25-1112,Law Teachers  Postsecondary,2012,1500,2022,1770,270,17.7,50
36,New York,23-1011,Lawyers,2012,82220,2022,88680,6460,7.9,1960
36,New York,51-4192,Layout Workers  Metal and Plastic,2012,300,2022,300,0,0.3,10
36,New York,43-6012,Legal Secretaries,2012,18540,2022,17600,-940,-5.1,220
36,New York,23-2099,Legal Support Workers  All Other,2012,2650,2022,2740,90,3.3,50
36,New York,11-1031,Legislators,2012,8020,2022,8020,0,0,180
36,New York,25-4021,Librarians,2012,12550,2022,11950,-600,-4.8,280
36,New York,43-4121,Library Assistants  Clerical,2012,9330,2022,9040,-290,-3.1,410
36,New York,25-1082,Library Science Teachers  Postsecondary,2012,480,2022,520,40,10.3,10
36,New York,25-4031,Library Technicians,2012,7830,2022,7160,-670,-8.6,420
36,New York,29-2061,Licensed Practical and Licensed Vocational Nurses,2012,50010,2022,60320,10310,20.6,2250
36,New York,19-1099,Life Scientists  All Other,2012,260,2022,270,10,5.8,10
36,New York,19-4099,Life  Physical  and Social Science Technicians  All Other,2012,5980,2022,6630,650,11,300
36,New York,33-9092,Lifeguards  Ski Patrol  and Other Recreational Protective Service Workers,2012,9060,2022,10620,1560,17.2,780
36,New York,53-3033,Light Truck or Delivery Services Drivers,2012,41450,2022,43720,2270,5.5,890
36,New York,43-4131,Loan Interviewers and Clerks,2012,8760,2022,8770,10,0.2,60
36,New York,13-2072,Loan Officers,2012,16920,2022,17160,240,1.4,330
36,New York,39-3093,Locker Room  Coatroom  and Dressing Room Attendants,2012,1590,2022,1890,300,19.4,110
36,New York,49-9094,Locksmiths and Safe Repairers,2012,1250,2022,1400,150,12.6,60
36,New York,53-4011,Locomotive Engineers,2012,1500,2022,1500,0,0.1,50
36,New York,Nov-81,Lodging Managers,2012,1120,2022,1140,20,1.4,40
36,New York,45-4022,Logging Equipment Operators,2012,650,2022,620,-30,-5.2,10
36,New York,13-1081,Logisticians,2012,2580,2022,3260,680,26.4,100
36,New York,53-7063,Machine Feeders and Offbearers,2012,3440,2022,3390,-50,-1.6,70
36,New York,51-4041,Machinists,2012,13780,2022,15150,1370,10,450
36,New York,29-2035,Magnetic Resonance Imaging Technologists,2012,1310,2022,1630,320,24.5,50
36,New York,37-2012,Maids and Housekeeping Cleaners,2012,99860,2022,114350,14490,14.5,3430
36,New York,43-9051,Mail Clerks and Mail Machine Operators  Except Postal Service,2012,8430,2022,7720,-710,-8.4,190
36,New York,49-9071,Maintenance and Repair Workers  General,2012,98020,2022,108480,10460,10.7,2930
36,New York,49-9043,Maintenance Workers  Machinery,2012,3640,2022,4190,550,15.1,100
36,New York,39-5091,Makeup Artists  Theatrical and Performance,2012,1640,2022,1680,40,2.3,20
36,New York,13-1111,Management Analysts,2012,49000,2022,58010,9010,18.4,1660
36,New York,Nov-99,Managers  All Other,2012,32150,2022,33800,1650,5.1,870
36,New York,39-5092,Manicurists and Pedicurists,2012,11940,2022,14160,2220,18.6,320
36,New York,13-1161,Market Research Analysts and Marketing Specialists,2012,38380,2022,51480,13100,34.1,1840
36,New York,Nov-21,Marketing Managers,2012,12010,2022,13620,1610,13.4,420
36,New York,21-1013,Marriage and Family Therapists,2012,1280,2022,1600,320,24.3,60
36,New York,31-9011,Massage Therapists,2012,5820,2022,6810,990,17,160
36,New York,53-7199,Material Moving Workers  All Other,2012,770,2022,840,70,8.9,30
36,New York,17-2131,Materials Engineers,2012,1000,2022,1050,50,4.7,40
36,New York,19-2032,Materials Scientists,2012,440,2022,480,40,8.7,20
36,New York,25-1022,Mathematical Science Teachers  Postsecondary,2012,4240,2022,4730,490,11.7,110
36,New York,51-3022,Meat  Poultry  and Fish Cutters and Trimmers,2012,3660,2022,3970,310,8.5,120
36,New York,49-9011,Mechanical Door Repairers,2012,600,2022,710,110,18.4,30
36,New York,17-3013,Mechanical Drafters,2012,2670,2022,2600,-70,-2.8,40
36,New York,17-3027,Mechanical Engineering Technicians,2012,1760,2022,1900,140,7.5,50
36,New York,17-2141,Mechanical Engineers,2012,9650,2022,10130,480,5,380
36,New York,27-3099,Media and Communication Workers  All Other,2012,2670,2022,2770,100,4,50
36,New York,29-2012,Medical and Clinical Laboratory Technicians,2012,7480,2022,9180,1700,22.7,370
36,New York,29-2011,Medical and Clinical Laboratory Technologists,2012,10130,2022,10970,840,8.2,350
36,New York,Nov-11,Medical and Health Services Managers,2012,27320,2022,30650,3330,12.2,1000
36,New York,51-9082,Medical Appliance Technicians,2012,790,2022,870,80,10.2,40
36,New York,31-9092,Medical Assistants,2012,22140,2022,28080,5940,26.8,1020
36,New York,31-9093,Medical Equipment Preparers,2012,2370,2022,2600,230,9.7,70
36,New York,49-9062,Medical Equipment Repairers,2012,1870,2022,2340,470,24.9,100
36,New York,29-2071,Medical Records and Health Information Technicians,2012,9340,2022,10950,1610,17.2,410
36,New York,19-1042,Medical Scientists  Except Epidemiologists,2012,6140,2022,6850,710,11.7,200
36,New York,43-6013,Medical Secretaries,2012,11790,2022,15720,3930,33.4,540
36,New York,31-9094,Medical Transcriptionists,2012,4180,2022,4380,200,4.8,100
36,New York,13-1121,Meeting  Convention  and Event Planners,2012,8630,2022,12230,3600,41.7,480
36,New York,21-1023,Mental Health and Substance Abuse Social Workers,2012,11080,2022,12420,1340,12.2,370
36,New York,21-1014,Mental Health Counselors,2012,6300,2022,7400,1100,17.5,240
36,New York,27-1026,Merchandise Displayers and Window Trimmers,2012,5980,2022,6480,500,8.4,210
36,New York,51-4199,Metal Workers and Plastic Workers  All Other,2012,320,2022,330,10,2.2,10
36,New York,51-4051,Metal-Refining Furnace Operators and Tenders,2012,350,2022,340,-10,-4.5,10
36,New York,43-5041,Meter Readers  Utilities,2012,1800,2022,1420,-380,-21.4,50
36,New York,19-1022,Microbiologists,2012,1740,2022,1880,140,8.3,60
36,New York,25-2022,Middle School Teachers  Except Special and Career/Technical Education,2012,40340,2022,43580,3240,8,1210
36,New York,51-4035,Milling and Planing Machine Setters  Operators  and Tenders  Metal and Plastic,2012,670,2022,590,-80,-11.6,10
36,New York,49-9044,Millwrights,2012,1130,2022,1270,140,12,30
36,New York,51-9023,Mixing and Blending Machine Setters  Operators  and Tenders,2012,10400,2022,10040,-360,-3.5,290
36,New York,49-3042,Mobile Heavy Equipment Mechanics  Except Engines,2012,2620,2022,2790,170,6.2,90
36,New York,51-4061,Model Makers  Metal and Plastic,2012,300,2022,320,20,6.4,10
36,New York,41-9012,Models,2012,1320,2022,1390,70,5.4,40
36,New York,51-9195,Molders  Shapers  and Casters  Except Metal and Plastic,2012,2140,2022,2250,110,4.9,80
36,New York,51-4072,Molding  Coremaking  and Casting Machine Setters  Operators  and Tenders  Metal and Plastic,2012,3630,2022,3280,-350,-9.6,40
36,New York,39-4031,Morticians  Undertakers  and Funeral Directors,2012,1920,2022,2130,210,10.9,60
36,New York,39-3021,Motion Picture Projectionists,2012,500,2022,400,-100,-19.2,20
36,New York,53-3099,Motor Vehicle Operators  All Other,2012,2920,2022,3050,130,4.2,90
36,New York,49-3051,Motorboat Mechanics and Service Technicians,2012,1170,2022,1230,60,5.4,30
36,New York,49-3052,Motorcycle Mechanics,2012,680,2022,720,40,6,20
36,New York,27-1014,Multimedia Artists and Animators,2012,4820,2022,5300,480,10.1,160
36,New York,51-4081,Multiple Machine Tool Setters  Operators  and Tenders  Metal and Plastic,2012,2820,2022,2520,-300,-10.7,50
36,New York,25-4013,Museum Technicians and Conservators,2012,1010,2022,1090,80,8.2,30
36,New York,27-2041,Music Directors and Composers,2012,7400,2022,7770,370,5,240
36,New York,49-9063,Musical Instrument Repairers and Tuners,2012,600,2022,610,10,1.7,20
36,New York,27-2042,Musicians and Singers,2012,14670,2022,15860,1190,8.1,510
36,New York,Nov-21,Natural Sciences Managers,2012,1760,2022,1960,200,11.2,60
36,New York,15-1142,Network and Computer Systems Administrators,2012,22400,2022,24590,2190,9.8,570
36,New York,43-4141,New Accounts Clerks,2012,1980,2022,1730,-250,-12.5,50
36,New York,39-2021,Nonfarm Animal Caretakers,2012,11850,2022,13630,1780,15,320
36,New York,17-2161,Nuclear Engineers,2012,580,2022,580,0,0.2,20
36,New York,29-2033,Nuclear Medicine Technologists,2012,1130,2022,1290,160,14,30
36,New York,19-4051,Nuclear Technicians,2012,350,2022,360,10,3.2,10
36,New York,29-1151,Nurse Anesthetists,2012,1660,2022,1950,290,17.5,60
36,New York,29-1161,Nurse Midwives,2012,540,2022,640,100,18.7,20
36,New York,29-1171,Nurse Practitioners,2012,9150,2022,11520,2370,25.9,410
36,New York,31-1014,Nursing Assistants,2012,104700,2022,119010,14310,13.7,3420
36,New York,25-1072,Nursing Instructors and Teachers  Postsecondary,2012,3620,2022,4880,1260,34.6,180
36,New York,29-9011,Occupational Health and Safety Specialists,2012,3570,2022,3830,260,7.3,120
36,New York,29-9012,Occupational Health and Safety Technicians,2012,860,2022,910,50,5.7,30
36,New York,29-1122,Occupational Therapists,2012,8270,2022,9830,1560,18.9,270
36,New York,31-2012,Occupational Therapy Aides,2012,340,2022,430,90,27.8,20
36,New York,31-2011,Occupational Therapy Assistants,2012,2050,2022,2570,520,25.3,100
36,New York,43-9199,Office and Administrative Support Workers  All Other,2012,26520,2022,26440,-80,-0.3,740
36,New York,43-9061,Office Clerks  General,2012,221910,2022,230900,8990,4.1,5560
36,New York,43-9071,Office Machine Operators  Except Computer,2012,5810,2022,5350,-460,-7.9,140
36,New York,47-2073,Operating Engineers and Other Construction Equipment Operators,2012,14490,2022,15870,1380,9.5,460
36,New York,15-2031,Operations Research Analysts,2012,5250,2022,6440,1190,22.9,240
36,New York,51-9083,Ophthalmic Laboratory Technicians,2012,2160,2022,2490,330,15.3,110
36,New York,29-2057,Ophthalmic Medical Technicians,2012,1990,2022,2550,560,28,80
36,New York,29-2081,Opticians  Dispensing,2012,2830,2022,3330,500,17.4,130
36,New York,29-1041,Optometrists,2012,2280,2022,2830,550,24.1,120
36,New York,29-1022,Oral and Maxillofacial Surgeons,2012,1210,2022,1370,160,13,50
36,New York,43-4151,Order Clerks,2012,8400,2022,8020,-380,-4.5,220
36,New York,31-1015,Orderlies,2012,3910,2022,4510,600,15.2,130
36,New York,29-1023,Orthodontists,2012,1060,2022,1220,160,15.2,40
36,New York,29-2091,Orthotists and Prosthetists,2012,560,2022,660,100,16.5,20
36,New York,49-3053,Outdoor Power Equipment and Other Small Engine Mechanics,2012,1440,2022,1510,70,4.7,40
36,New York,51-9111,Packaging and Filling Machine Operators and Tenders,2012,17170,2022,17920,750,4.4,480
36,New York,53-7064,Packers and Packagers  Hand,2012,34270,2022,36790,2520,7.4,1150
36,New York,47-2141,Painters  Construction and Maintenance,2012,21100,2022,24210,3110,14.7,630
36,New York,51-9122,Painters  Transportation Equipment,2012,1130,2022,1230,100,9,30
36,New York,51-9123,Painting  Coating  and Decorating Workers,2012,990,2022,970,-20,-1.6,20
36,New York,51-9196,Paper Goods Machine Setters  Operators  and Tenders,2012,5120,2022,5110,-10,-0.2,50
36,New York,47-2142,Paperhangers,2012,390,2022,350,-40,-9.3,10
36,New York,23-2011,Paralegals and Legal Assistants,2012,25120,2022,29100,3980,15.8,810
36,New York,33-3041,Parking Enforcement Workers,2012,750,2022,690,-60,-8.6,20
36,New York,53-6021,Parking Lot Attendants,2012,14430,2022,15740,1310,9.1,820
36,New York,41-2022,Parts Salespersons,2012,8040,2022,8640,600,7.5,260
36,New York,47-2071,Paving  Surfacing  and Tamping Equipment Operators,2012,2420,2022,2740,320,13.2,70
36,New York,43-3051,Payroll and Timekeeping Clerks,2012,10980,2022,12720,1740,15.8,410
36,New York,29-1065,Pediatricians  General,2012,3400,2022,3800,400,11.8,130
36,New York,39-9021,Personal Care Aides,2012,142480,2022,194990,52510,36.9,6270
36,New York,39-9099,Personal Care and Service Workers  All Other,2012,4370,2022,5060,690,15.8,190
36,New York,13-2052,Personal Financial Advisors,2012,26820,2022,30930,4110,15.3,850
36,New York,37-3012,Pesticide Handlers  Sprayers  and Applicators  Vegetation,2012,2270,2022,2510,240,10.5,80
36,New York,29-1051,Pharmacists,2012,19090,2022,21620,2530,13.3,710
36,New York,31-9095,Pharmacy Aides,2012,2480,2022,2730,250,10,70
36,New York,29-2052,Pharmacy Technicians,2012,16670,2022,20120,3450,20.7,510
36,New York,25-1126,Philosophy and Religion Teachers  Postsecondary,2012,2150,2022,2580,430,19.9,80
36,New York,31-9097,Phlebotomists,2012,4460,2022,5430,970,21.8,180
36,New York,27-4021,Photographers,2012,11570,2022,11770,200,1.7,140
36,New York,51-9151,Photographic Process Workers and Processing Machine Operators,2012,2730,2022,2760,30,1.2,80
36,New York,19-2099,Physical Scientists  All Other,2012,1700,2022,1810,110,6.8,50
36,New York,31-2022,Physical Therapist Aides,2012,3180,2022,4240,1060,33.4,180
36,New York,31-2021,Physical Therapist Assistants,2012,3620,2022,4730,1110,30.7,190
36,New York,29-1123,Physical Therapists,2012,15790,2022,20070,4280,27.1,820
36,New York,29-1071,Physician Assistants,2012,9560,2022,12360,2800,29.3,450
36,New York,29-1069,Physicians and Surgeons  All Other,2012,41900,2022,48500,6600,15.7,1710
36,New York,19-2012,Physicists,2012,790,2022,870,80,10.3,30
36,New York,25-1054,Physics Teachers  Postsecondary,2012,1310,2022,1490,180,13.5,40
36,New York,47-2151,Pipelayers,2012,2100,2022,2310,210,9.8,50
36,New York,47-2161,Plasterers and Stucco Masons,2012,930,2022,980,50,5.8,10
36,New York,51-4193,Plating and Coating Machine Setters  Operators  and Tenders  Metal and Plastic,2012,1000,2022,930,-70,-7.3,20
36,New York,47-2152,Plumbers  Pipefitters  and Steamfitters,2012,22930,2022,27130,4200,18.3,710
36,New York,29-1081,Podiatrists,2012,1420,2022,1640,220,14.9,50
36,New York,33-3051,Police and Sheriff's Patrol Officers,2012,62300,2022,63220,920,1.5,2050
36,New York,43-5031,Police  Fire  and Ambulance Dispatchers,2012,6310,2022,6490,180,2.8,200
36,New York,25-1065,Political Science Teachers  Postsecondary,2012,1560,2022,1790,230,15,50
36,New York,43-5051,Postal Service Clerks,2012,5410,2022,3670,-1740,-32.1,80
36,New York,43-5052,Postal Service Mail Carriers,2012,19610,2022,14290,-5320,-27.1,680
36,New York,43-5053,Postal Service Mail Sorters  Processors  and Processing Machine Operators,2012,10070,2022,7050,-3020,-30,70
36,New York,Nov-31,Postmasters and Mail Superintendents,2012,1290,2022,980,-310,-24.6,30
36,New York,25-1199,Postsecondary Teachers  All Other,2012,22610,2022,25420,2810,12.4,620
36,New York,51-4052,Pourers and Casters  Metal,2012,270,2022,240,-30,-11.7,0
36,New York,51-8013,Power Plant Operators,2012,1890,2022,1730,-160,-8.5,60
36,New York,49-9069,Precision Instrument and Equipment Repairers  All Other,2012,470,2022,480,10,2.5,10
36,New York,51-5111,Prepress Technicians and Workers,2012,2190,2022,1970,-220,-10.2,60
36,New York,25-2011,Preschool Teachers  Except Special Education,2012,27390,2022,29990,2600,9.5,1030
36,New York,51-6021,Pressers  Textile  Garment  and Related Materials,2012,2790,2022,2940,150,5.3,40
36,New York,51-5113,Print Binding and Finishing Workers,2012,2380,2022,2300,-80,-3.4,40
36,New York,51-5112,Printing Press Operators,2012,10360,2022,10250,-110,-1.1,180
36,New York,33-9021,Private Detectives and Investigators,2012,3870,2022,4430,560,14.4,170
36,New York,21-1092,Probation Officers and Correctional Treatment Specialists,2012,5240,2022,5030,-210,-4,140
36,New York,43-3061,Procurement Clerks,2012,4090,2022,4350,260,6.2,170
36,New York,27-2012,Producers and Directors,2012,20110,2022,22170,2060,10.2,890
36,New York,51-9199,Production Workers  All Other,2012,3980,2022,4440,460,11.6,150
36,New York,43-5061,Production  Planning  and Expediting Clerks,2012,18690,2022,19900,1210,6.4,590
36,New York,43-9081,Proofreaders and Copy Markers,2012,1830,2022,1730,-100,-5.5,30
36,New York,Nov-41,Property  Real Estate  and Community Association Managers,2012,7290,2022,7890,600,8.2,230
36,New York,29-1024,Prosthodontists,2012,840,2022,940,100,11.9,30
36,New York,31-1013,Psychiatric Aides,2012,8790,2022,9070,280,3.3,200
36,New York,29-2053,Psychiatric Technicians,2012,1430,2022,1480,50,3.8,20
36,New York,29-1066,Psychiatrists,2012,4320,2022,4890,570,13,160
36,New York,19-3039,Psychologists  All Other,2012,1910,2022,2010,100,5,60
36,New York,25-1066,Psychology Teachers  Postsecondary,2012,3210,2022,3680,470,14.5,100
36,New York,27-3012,Public Address System and Other Announcers,2012,1350,2022,1530,180,13.6,50
36,New York,Nov-31,Public Relations and Fundraising Managers,2012,6370,2022,7430,1060,16.6,240
36,New York,27-3031,Public Relations Specialists,2012,23010,2022,26910,3900,16.9,710
36,New York,13-1023,Purchasing Agents  Except Wholesale  Retail  and Farm Products,2012,16290,2022,17480,1190,7.3,410
36,New York,Nov-61,Purchasing Managers,2012,3960,2022,4240,280,6.9,110
36,New York,29-1124,Radiation Therapists,2012,2520,2022,3160,640,25.4,120
36,New York,27-3011,Radio and Television Announcers,2012,2180,2022,2140,-40,-1.7,50
36,New York,49-2021,Radio  Cellular  and Tower Equipment Installers and Repairs,2012,470,2022,490,20,3.2,10
36,New York,29-2034,Radiologic Technologists,2012,12410,2022,14330,1920,15.5,370
36,New York,49-3043,Rail Car Repairers,2012,1490,2022,1510,20,1.4,50
36,New York,53-4021,Railroad Brake  Signal  and Switch Operators,2012,670,2022,710,40,5.7,20
36,New York,53-4031,Railroad Conductors and Yardmasters,2012,6130,2022,6120,-10,-0.1,190
36,New York,47-4061,Rail-Track Laying and Maintenance Equipment Operators,2012,3090,2022,3340,250,8,90
36,New York,41-9022,Real Estate Sales Agents,2012,23480,2022,25330,1850,7.9,410
36,New York,43-4171,Receptionists and Information Clerks,2012,87300,2022,99970,12670,14.5,3620
36,New York,25-1193,Recreation and Fitness Studies Teachers  Postsecondary,2012,1360,2022,1510,150,11.5,40
36,New York,39-9032,Recreation Workers,2012,30270,2022,35110,4840,16,840
36,New York,29-1125,Recreational Therapists,2012,2430,2022,2660,230,9.7,70
36,New York,49-3092,Recreational Vehicle Service Technicians,2012,400,2022,450,50,13.1,20
36,New York,53-7081,Refuse and Recyclable Material Collectors,2012,14170,2022,15820,1650,11.7,460
36,New York,29-1141,Registered Nurses,2012,171900,2022,194870,22970,13.4,5630
36,New York,21-1015,Rehabilitation Counselors,2012,9490,2022,10480,990,10.4,300
36,New York,47-2171,Reinforcing Iron and Rebar Workers,2012,1180,2022,1370,190,16.3,40
36,New York,21-2099,Religious Workers  All Other,2012,1010,2022,1230,220,21.5,50
36,New York,27-3022,Reporters and Correspondents,2012,5450,2022,4940,-510,-9.3,190
36,New York,43-4181,Reservation and Transportation Ticket Agents and Travel Clerks,2012,11520,2022,9880,-1640,-14.2,150
36,New York,39-9041,Residential Advisors,2012,7200,2022,8350,1150,15.9,430
36,New York,29-1126,Respiratory Therapists,2012,6150,2022,7030,880,14.2,180
36,New York,41-2031,Retail Salespersons,2012,300390,2022,331380,30990,10.3,13370
36,New York,51-4023,Rolling Machine Setters  Operators  and Tenders  Metal and Plastic,2012,620,2022,590,-30,-5,10
36,New York,47-2181,Roofers,2012,4830,2022,5210,380,7.8,140
36,New York,53-5011,Sailors and Marine Oilers,2012,2080,2022,2230,150,7,110
36,New York,41-9099,Sales and Related Workers  All Other,2012,4680,2022,5150,470,10.1,140
36,New York,41-9031,Sales Engineers,2012,3470,2022,3840,370,10.7,100
36,New York,Nov-22,Sales Managers,2012,17260,2022,18730,1470,8.5,520
36,New York,41-3099,Sales Representatives  Services  All Other,2012,45690,2022,52500,6810,14.9,1930
36,New York,41-4012,Sales Representatives  Wholesale and Manufacturing  Except Technical and Scientific Products,2012,101340,2022,106370,5030,5,2480
36,New York,41-4011,Sales Representatives  Wholesale and Manufacturing  Technical and Scientific Products,2012,14580,2022,15140,560,3.8,340
36,New York,51-7041,Sawing Machine Setters  Operators  and Tenders  Wood,2012,1390,2022,1470,80,6.3,50
36,New York,25-2031,Secondary School Teachers  Except Special and Career/Technical Education,2012,68100,2022,69130,1030,1.5,1950
36,New York,43-6014,Secretaries and Administrative Assistants  Except Legal  Medical  and Executive,2012,203020,2022,228700,25680,12.6,5010
36,New York,41-3031,Securities  Commodities  and Financial Services Sales Agents,2012,61470,2022,59810,-1660,-2.7,1440
36,New York,49-2098,Security and Fire Alarm Systems Installers,2012,3250,2022,3790,540,16.7,120
36,New York,33-9032,Security Guards,2012,103830,2022,119520,15690,15.1,3160
36,New York,25-3021,Self-Enrichment Education Teachers,2012,35740,2022,42390,6650,18.6,1280
36,New York,51-9012,Separating  Filtering  Clarifying  Precipitating  and Still Machine Setters  Operators  and Tenders,2012,1580,2022,1700,120,7.3,70
36,New York,47-4071,Septic Tank Servicers and Sewer Pipe Cleaners,2012,1090,2022,1470,380,34.2,60
36,New York,27-1027,Set and Exhibit Designers,2012,2720,2022,2820,100,3.9,80
36,New York,51-6051,Sewers  Hand,2012,1680,2022,1680,0,0.1,20
36,New York,51-6031,Sewing Machine Operators,2012,14750,2022,14120,-630,-4.3,70
36,New York,39-5093,Shampooers,2012,3240,2022,3160,-80,-2.4,30
36,New York,47-2211,Sheet Metal Workers,2012,5520,2022,6300,780,14.1,180
36,New York,53-5031,Ship Engineers,2012,890,2022,910,20,1.8,40
36,New York,43-5071,Shipping  Receiving  and Traffic Clerks,2012,43610,2022,44370,760,1.7,1220
36,New York,51-6041,Shoe and Leather Workers and Repairers,2012,510,2022,470,-40,-8.3,10
36,New York,39-5094,Skincare Specialists,2012,3360,2022,4660,1300,38.5,160
36,New York,51-3023,Slaughterers and Meat Packers,2012,530,2022,590,60,10.2,20
36,New York,Nov-51,Social and Community Service Managers,2012,12560,2022,14380,1820,14.5,440
36,New York,21-1093,Social and Human Service Assistants,2012,32780,2022,37120,4340,13.2,1290
36,New York,19-4061,Social Science Research Assistants,2012,6560,2022,7630,1070,16.2,360
36,New York,25-1069,Social Sciences Teachers  Postsecondary  All Other,2012,1390,2022,1570,180,13.1,40
36,New York,19-3099,Social Scientists and Related Workers  All Other,2012,2500,2022,2710,210,8.1,60
36,New York,25-1113,Social Work Teachers  Postsecondary,2012,1060,2022,1190,130,12.7,30
36,New York,21-1029,Social Workers  All Other,2012,10700,2022,11100,400,3.7,270
36,New York,25-1067,Sociology Teachers  Postsecondary,2012,1610,2022,1820,210,12.7,40
36,New York,15-1132,Software Developers  Applications,2012,39620,2022,49990,10370,26.2,1550
36,New York,15-1133,Software Developers  Systems Software,2012,18150,2022,21510,3360,18.5,570
36,New York,27-4014,Sound Engineering Technicians,2012,3240,2022,3450,210,6.7,80
36,New York,25-2059,Special Education Teachers  All Other,2012,420,2022,450,30,7.7,10
36,New York,25-2052,Special Education Teachers  Kindergarten and Elementary School,2012,19180,2022,20220,1040,5.4,430
36,New York,25-2053,Special Education Teachers  Middle School,2012,11280,2022,11420,140,1.2,210
36,New York,25-2051,Special Education Teachers  Preschool,2012,5770,2022,6750,980,17.1,200
36,New York,25-2054,Special Education Teachers  Secondary School,2012,16810,2022,16940,130,0.8,300
36,New York,29-1127,Speech-Language Pathologists,2012,10570,2022,12050,1480,14,310
36,New York,51-8021,Stationary Engineers and Boiler Operators,2012,4670,2022,4930,260,5.7,170
36,New York,43-9111,Statistical Assistants,2012,1580,2022,1750,170,11,60
36,New York,15-2041,Statisticians,2012,1370,2022,1840,470,34.8,90
36,New York,43-5081,Stock Clerks and Order Fillers,2012,119670,2022,119820,150,0.1,3630
36,New York,47-2022,Stonemasons,2012,1470,2022,1820,350,23.3,50
36,New York,47-2221,Structural Iron and Steel Workers,2012,4100,2022,4680,580,14.1,190
36,New York,51-2041,Structural Metal Fabricators and Fitters,2012,2520,2022,2720,200,7.8,120
36,New York,21-1011,Substance Abuse and Behavioral Disorder Counselors,2012,8500,2022,9850,1350,15.8,320
36,New York,53-4041,Subway and Streetcar Operators,2012,3690,2022,3930,240,6.5,140
36,New York,29-1067,Surgeons,2012,3830,2022,4410,580,15.1,150
36,New York,29-2055,Surgical Technologists,2012,5290,2022,6270,980,18.6,150
36,New York,19-3022,Survey Researchers,2012,900,2022,990,90,9.3,20
36,New York,17-3031,Surveying and Mapping Technicians,2012,1620,2022,1760,140,8.8,40
36,New York,17-1022,Surveyors,2012,1710,2022,1830,120,7.2,50
36,New York,43-2011,Switchboard Operators  Including Answering Service,2012,9360,2022,8150,-1210,-13,170
36,New York,51-6052,Tailors  Dressmakers  and Custom Sewers,2012,3680,2022,3800,120,3.5,50
36,New York,47-2082,Tapers,2012,2460,2022,2670,210,8.8,50
36,New York,13-2081,Tax Examiners and Collectors  and Revenue Agents,2012,6730,2022,6370,-360,-5.3,230
36,New York,13-2082,Tax Preparers,2012,4250,2022,5010,760,17.9,160
36,New York,53-3041,Taxi Drivers and Chauffeurs,2012,35260,2022,40090,4830,13.7,900
36,New York,25-9041,Teacher Assistants,2012,122460,2022,128470,6010,4.9,3380
36,New York,25-3099,Teachers and Instructors  All Other,2012,69520,2022,73440,3920,5.6,1580
36,New York,51-2092,Team Assemblers,2012,31870,2022,33030,1160,3.6,620
36,New York,27-3042,Technical Writers,2012,2080,2022,2430,350,17.2,100
36,New York,49-2022,Telecommunications Equipment Installers and Repairers  Except Line Installers,2012,15110,2022,15730,620,4.1,270
36,New York,49-9052,Telecommunications Line Installers and Repairers,2012,15780,2022,14880,-900,-5.7,390
36,New York,41-9041,Telemarketers,2012,11380,2022,12170,790,6.9,310
36,New York,43-2021,Telephone Operators,2012,1180,2022,1090,-90,-7,30
36,New York,43-3071,Tellers,2012,31700,2022,31640,-60,-0.2,1480
36,New York,51-6062,Textile Cutting Machine Setters  Operators  and Tenders,2012,1110,2022,1070,-40,-3.7,20
36,New York,51-6063,Textile Knitting and Weaving Machine Setters  Operators  and Tenders,2012,740,2022,640,-100,-13.6,10
36,New York,51-6064,Textile Winding  Twisting  and Drawing Out Machine Setters  Operators  and Tenders,2012,330,2022,320,-10,-4.5,10
36,New York,51-6099,Textile  Apparel  and Furnishings Workers  All Other,2012,770,2022,760,-10,-1.6,10
36,New York,29-1129,Therapists  All Other,2012,2400,2022,3030,630,26.4,90
36,New York,47-2044,Tile and Marble Setters,2012,2240,2022,2520,280,12.5,70
36,New York,51-9197,Tire Builders,2012,320,2022,320,0,-0.9,10
36,New York,49-3093,Tire Repairers and Changers,2012,3060,2022,3370,310,10.1,140
36,New York,23-2093,Title Examiners  Abstractors  and Searchers,2012,4150,2022,4440,290,7.1,100
36,New York,51-4111,Tool and Die Makers,2012,3350,2022,3310,-40,-1.2,20
36,New York,51-4194,Tool Grinders  Filers  and Sharpeners,2012,380,2022,380,0,-0.3,10
36,New York,00-0000,Total  All Occupations,2012,9448100,2022,10496320,1048220,11.1,328040
36,New York,39-7011,Tour Guides and Escorts,2012,2160,2022,2490,330,15.2,140
36,New York,53-6041,Traffic Technicians,2012,1630,2022,1770,140,8.4,80
36,New York,Nov-31,Training and Development Managers,2012,2640,2022,3000,360,13.3,110
36,New York,13-1151,Training and Development Specialists,2012,17800,2022,20340,2540,14.3,580
36,New York,53-6061,Transportation Attendants  Except Flight Attendants,2012,1940,2022,2130,190,9.9,50
36,New York,53-6051,Transportation Inspectors,2012,4260,2022,4430,170,4.1,160
36,New York,33-9093,Transportation Security Screeners,2012,4010,2022,4280,270,6.6,120
36,New York,Nov-71,Transportation  Storage  and Distribution Managers,2012,3310,2022,3470,160,4.8,90
36,New York,41-3041,Travel Agents,2012,5420,2022,4850,-570,-10.6,80
36,New York,39-7012,Travel Guides,2012,270,2022,290,20,6.7,20
36,New York,37-3013,Tree Trimmers and Pruners,2012,3110,2022,3530,420,13.6,120
36,New York,27-2023,Umpires  Referees  and Other Sports Officials,2012,1340,2022,1520,180,13.8,60
36,New York,51-6093,Upholsterers,2012,1720,2022,1720,0,0,50
36,New York,19-3051,Urban and Regional Planners,2012,1740,2022,1860,120,6.9,90
36,New York,39-3031,Ushers  Lobby Attendants  and Ticket Takers,2012,7260,2022,7770,510,7,430
36,New York,29-1131,Veterinarians,2012,3590,2022,4010,420,11.8,160
36,New York,31-9096,Veterinary Assistants and Laboratory Animal Caretakers,2012,3560,2022,3760,200,5.7,90
36,New York,29-2056,Veterinary Technologists and Technicians,2012,3800,2022,4710,910,24,130
36,New York,25-1194,Vocational Education Teachers  Postsecondary,2012,6080,2022,7000,920,15,180
36,New York,35-3031,Waiters and Waitresses,2012,141890,2022,170600,28710,20.2,9700
36,New York,49-9064,Watch Repairers,2012,520,2022,540,20,2.3,20
36,New York,51-8031,Water and Wastewater Treatment Plant and System Operators,2012,5210,2022,5400,190,3.6,200
36,New York,15-1134,Web Developers,2012,9700,2022,12230,2530,26.1,410
36,New York,43-5111,Weighers  Measurers  Checkers  and Samplers  Recordkeeping,2012,1790,2022,2010,220,12.3,60
36,New York,51-4121,Welders  Cutters  Solderers  and Brazers,2012,8090,2022,8570,480,5.9,250
36,New York,51-4122,Welding  Soldering  and Brazing Machine Setters  Operators  and Tenders,2012,1470,2022,1760,290,19.8,70
36,New York,13-1022,Wholesale and Retail Buyers  Except Farm Products,2012,9560,2022,10390,830,8.6,320
36,New York,51-7042,Woodworking Machine Setters  Operators  and Tenders  Except Sawing,2012,2220,2022,2300,80,4,20
36,New York,43-9022,Word Processors and Typists,2012,18130,2022,13060,-5070,-28,70
36,New York,27-3043,Writers and Authors,2012,14760,2022,15740,980,6.7,420
36,New York,19-1023,Zoologists and Wildlife Biologists,2012,480,2022,500,20,5.5,20
