STFIPS,AreaName,OccupationCode,OccupationName,BaseYear,Base,ProjYear,Proj,Change,PercentChange,AvgAnnualOpenings
37,North Carolina,13-2011,Accountants and Auditors,2012,32800,2022,38280,5480,16.7,1520
37,North Carolina,27-2011,Actors,2012,280,2022,260,-20,-7.2,10
37,North Carolina,15-2011,Actuaries,2012,270,2022,380,110,41.4,20
37,North Carolina,51-9191,Adhesive Bonding Machine Operators and Tenders,2012,1000,2022,900,-100,-9.2,20
37,North Carolina,Nov-11,Administrative Services Managers,2012,4330,2022,4930,600,13.9,130
37,North Carolina,25-3011,Adult Basic and Secondary Education and Literacy Teachers and Instructors,2012,4620,2022,5110,490,10.7,130
37,North Carolina,Nov-11,Advertising and Promotions Managers,2012,480,2022,540,60,13.4,20
37,North Carolina,41-3011,Advertising Sales Agents,2012,4280,2022,4320,40,0.8,140
37,North Carolina,17-3021,Aerospace Engineering and Operations Technicians,2012,20,2022,30,10,12.5,0
37,North Carolina,17-2011,Aerospace Engineers,2012,710,2022,770,60,7.6,20
37,North Carolina,13-1011,Agents and Business Managers of Artists  Performers  and Athletes,2012,230,2022,280,50,23.9,10
37,North Carolina,19-4011,Agricultural and Food Science Technicians,2012,860,2022,930,70,8.1,40
37,North Carolina,17-2021,Agricultural Engineers,2012,40,2022,40,0,-5.4,0
37,North Carolina,45-2091,Agricultural Equipment Operators,2012,1000,2022,810,-190,-19.3,30
37,North Carolina,45-2011,Agricultural Inspectors,2012,650,2022,640,-10,-1.4,20
37,North Carolina,45-2099,Agricultural Workers  All Other,2012,320,2022,350,30,8.3,10
37,North Carolina,53-2021,Air Traffic Controllers,2012,520,2022,550,30,5.9,30
37,North Carolina,53-1011,Aircraft Cargo Handling Supervisors,2012,20,2022,20,0,4.5,0
37,North Carolina,49-3011,Aircraft Mechanics and Service Technicians,2012,4080,2022,4530,450,11,150
37,North Carolina,51-2011,Aircraft Structure  Surfaces  Rigging  and Systems Assemblers,2012,90,2022,110,20,17.4,0
37,North Carolina,53-2022,Airfield Operations Specialists,2012,110,2022,120,10,8.4,10
37,North Carolina,53-3011,Ambulance Drivers and Attendants  Except Emergency Medical Technicians,2012,430,2022,530,100,22.2,20
37,North Carolina,39-3091,Amusement and Recreation Attendants,2012,10480,2022,11800,1320,12.6,660
37,North Carolina,29-1061,Anesthesiologists,2012,820,2022,1070,250,30.9,50
37,North Carolina,33-9011,Animal Control Workers,2012,560,2022,600,40,6.7,20
37,North Carolina,19-1011,Animal Scientists,2012,120,2022,150,30,25.2,10
37,North Carolina,39-2011,Animal Trainers,2012,910,2022,1100,190,20.8,60
37,North Carolina,19-3091,Anthropologists and Archeologists,2012,150,2022,210,60,38.3,10
37,North Carolina,25-1061,Anthropology and Archeology Teachers  Postsecondary,2012,210,2022,230,20,11.6,10
37,North Carolina,13-2021,Appraisers and Assessors of Real Estate,2012,2340,2022,2530,190,8.1,40
37,North Carolina,23-1022,Arbitrators  Mediators  and Conciliators,2012,150,2022,170,20,11.4,0
37,North Carolina,17-1011,Architects  Except Landscape and Naval,2012,2740,2022,3470,730,26.6,140
37,North Carolina,17-3011,Architectural and Civil Drafters,2012,2380,2022,2540,160,6.9,50
37,North Carolina,Nov-41,Architectural and Engineering Managers,2012,4640,2022,4890,250,5.3,140
37,North Carolina,25-1031,Architecture Teachers  Postsecondary,2012,170,2022,190,20,13.2,0
37,North Carolina,25-4011,Archivists,2012,100,2022,120,20,15,0
37,North Carolina,25-1062,Area  Ethnic  and Cultural Studies Teachers  Postsecondary,2012,270,2022,310,40,15,10
37,North Carolina,27-1011,Art Directors,2012,1220,2022,1310,90,7.3,40
37,North Carolina,25-1121,Art  Drama  and Music Teachers  Postsecondary,2012,2620,2022,3000,380,14.7,80
37,North Carolina,27-1019,Artists and Related Workers  All Other,2012,110,2022,110,0,1.9,0
37,North Carolina,51-2099,Assemblers and Fabricators  All Other,2012,9590,2022,10410,820,8.5,230
37,North Carolina,27-2021,Athletes and Sports Competitors,2012,500,2022,540,40,8.2,20
37,North Carolina,29-9091,Athletic Trainers,2012,510,2022,610,100,19.8,20
37,North Carolina,19-2021,Atmospheric and Space Scientists,2012,170,2022,190,20,8,10
37,North Carolina,25-1051,Atmospheric  Earth  Marine  and Space Sciences Teachers  Postsecondary,2012,320,2022,360,40,11.2,10
37,North Carolina,27-4011,Audio and Video Equipment Technicians,2012,1700,2022,1990,290,17.4,60
37,North Carolina,29-1181,Audiologists,2012,440,2022,620,180,40,30
37,North Carolina,25-9011,Audio-Visual and Multimedia Collections Specialists,2012,160,2022,170,10,7.1,0
37,North Carolina,53-6031,Automotive and Watercraft Service Attendants,2012,3510,2022,4180,670,19.1,170
37,North Carolina,49-3021,Automotive Body and Related Repairers,2012,4250,2022,4580,330,7.9,120
37,North Carolina,49-3022,Automotive Glass Installers and Repairers,2012,1010,2022,1090,80,8.3,30
37,North Carolina,49-3023,Automotive Service Technicians and Mechanics,2012,24890,2022,26890,2000,8.1,830
37,North Carolina,49-2091,Avionics Technicians,2012,700,2022,760,60,9.2,20
37,North Carolina,39-6011,Baggage Porters and Bellhops,2012,480,2022,540,60,14.3,20
37,North Carolina,33-3011,Bailiffs,2012,330,2022,350,20,6.4,10
37,North Carolina,51-3011,Bakers,2012,4560,2022,4880,320,7,140
37,North Carolina,39-5011,Barbers,2012,950,2022,1110,160,17.2,40
37,North Carolina,35-3011,Bartenders,2012,9770,2022,11310,1540,15.9,520
37,North Carolina,49-3091,Bicycle Repairers,2012,320,2022,410,90,27.3,20
37,North Carolina,43-3011,Bill and Account Collectors,2012,11820,2022,13990,2170,18.3,550
37,North Carolina,43-3021,Billing and Posting Clerks,2012,17030,2022,20480,3450,20.3,660
37,North Carolina,19-1021,Biochemists and Biophysicists,2012,500,2022,630,130,26,30
37,North Carolina,25-1042,Biological Science Teachers  Postsecondary,2012,1880,2022,2230,350,18.3,60
37,North Carolina,19-1029,Biological Scientists  All Other,2012,1170,2022,1140,-30,-2.4,30
37,North Carolina,19-4021,Biological Technicians,2012,1610,2022,1750,140,9,60
37,North Carolina,17-2031,Biomedical Engineers,2012,370,2022,540,170,47.4,30
37,North Carolina,47-2011,Boilermakers,2012,160,2022,170,10,6.9,10
37,North Carolina,43-3031,Bookkeeping  Accounting  and Auditing Clerks,2012,49680,2022,56690,7010,14.1,1160
37,North Carolina,47-2021,Brickmasons and Blockmasons,2012,2790,2022,4230,1440,51.5,170
37,North Carolina,27-3021,Broadcast News Analysts,2012,250,2022,250,0,-0.4,10
37,North Carolina,27-4012,Broadcast Technicians,2012,620,2022,660,40,5.8,20
37,North Carolina,43-4011,Brokerage Clerks,2012,1900,2022,2330,430,22.3,90
37,North Carolina,13-2031,Budget Analysts,2012,1040,2022,1150,110,10.3,50
37,North Carolina,37-2019,Building Cleaning Workers  All Other,2012,1240,2022,1400,160,12.2,40
37,North Carolina,49-3031,Bus and Truck Mechanics and Diesel Engine Specialists,2012,6390,2022,7050,660,10.4,200
37,North Carolina,53-3022,Bus Drivers  School or Special Client,2012,16290,2022,16830,540,3.3,350
37,North Carolina,53-3021,Bus Drivers  Transit and Intercity,2012,3640,2022,4300,660,18.1,130
37,North Carolina,13-1199,Business Operations Specialists  All Other,2012,29970,2022,33820,3850,12.9,800
37,North Carolina,25-1011,Business Teachers  Postsecondary,2012,2880,2022,3290,410,14.5,90
37,North Carolina,51-3021,Butchers and Meat Cutters,2012,4300,2022,4520,220,5.2,130
37,North Carolina,13-1021,Buyers and Purchasing Agents  Farm Products,2012,340,2022,350,10,4.2,10
37,North Carolina,51-7011,Cabinetmakers and Bench Carpenters,2012,3280,2022,2730,-550,-16.7,30
37,North Carolina,27-4031,Camera Operators  Television  Video  and Motion Picture,2012,540,2022,600,60,11.1,10
37,North Carolina,53-5021,Captains  Mates  and Pilots of Water Vessels,2012,380,2022,440,60,16.6,20
37,North Carolina,29-2031,Cardiovascular Technologists and Technicians,2012,1310,2022,1730,420,32,60
37,North Carolina,25-2023,Career/Technical Education Teachers  Middle School,2012,1040,2022,1130,90,9.3,30
37,North Carolina,25-2032,Career/Technical Education Teachers  Secondary School,2012,4870,2022,5320,450,9.1,180
37,North Carolina,43-5011,Cargo and Freight Agents,2012,1610,2022,1870,260,16,70
37,North Carolina,47-2031,Carpenters,2012,21610,2022,28820,7210,33.3,990
37,North Carolina,47-2041,Carpet Installers,2012,410,2022,520,110,26,20
37,North Carolina,17-1021,Cartographers and Photogrammetrists,2012,540,2022,680,140,24.4,30
37,North Carolina,41-2011,Cashiers,2012,103870,2022,109640,5770,5.6,5070
37,North Carolina,47-2051,Cement Masons and Concrete Finishers,2012,4040,2022,5500,1460,36,190
37,North Carolina,35-1011,Chefs and Head Cooks,2012,2800,2022,3030,230,8.1,70
37,North Carolina,17-2041,Chemical Engineers,2012,780,2022,850,70,8.7,30
37,North Carolina,51-9011,Chemical Equipment Operators and Tenders,2012,1690,2022,1560,-130,-7.9,60
37,North Carolina,51-8091,Chemical Plant and System Operators,2012,1430,2022,1280,-150,-10.7,50
37,North Carolina,19-4031,Chemical Technicians,2012,2150,2022,2230,80,3.6,60
37,North Carolina,25-1052,Chemistry Teachers  Postsecondary,2012,850,2022,970,120,13.2,20
37,North Carolina,19-2031,Chemists,2012,3660,2022,4010,350,9.4,130
37,North Carolina,11-1011,Chief Executives,2012,4190,2022,4510,320,7.5,120
37,North Carolina,21-1021,Child  Family  and School Social Workers,2012,9520,2022,11170,1650,17.3,370
37,North Carolina,39-9011,Childcare Workers,2012,37200,2022,45220,8020,21.6,1900
37,North Carolina,29-1011,Chiropractors,2012,1090,2022,1200,110,10.1,30
37,North Carolina,17-3022,Civil Engineering Technicians,2012,3820,2022,3960,140,3.8,90
37,North Carolina,17-2051,Civil Engineers,2012,8290,2022,10360,2070,25,410
37,North Carolina,13-1031,Claims Adjusters  Examiners  and Investigators,2012,5890,2022,6750,860,14.6,220
37,North Carolina,53-7061,Cleaners of Vehicles and Equipment,2012,8680,2022,9390,710,8.1,310
37,North Carolina,51-9192,Cleaning  Washing  and Metal Pickling Equipment Operators and Tenders,2012,320,2022,320,0,0.6,10
37,North Carolina,19-3031,Clinical  Counseling  and School Psychologists,2012,3630,2022,4200,570,15.6,160
37,North Carolina,27-2022,Coaches and Scouts,2012,7330,2022,9210,1880,25.6,410
37,North Carolina,51-9121,Coating  Painting  and Spraying Machine Setters  Operators  and Tenders,2012,3220,2022,2990,-230,-7.3,60
37,North Carolina,51-2021,Coil Winders  Tapers  and Finishers,2012,660,2022,600,-60,-8.7,10
37,North Carolina,49-9091,Coin  Vending  and Amusement Machine Servicers and Repairers,2012,1000,2022,930,-70,-7.4,10
37,North Carolina,35-3021,Combined Food Preparation and Serving Workers  Including Fast Food,2012,124910,2022,145960,21050,16.9,6870
37,North Carolina,27-1021,Commercial and Industrial Designers,2012,890,2022,960,70,7.5,30
37,North Carolina,53-2012,Commercial Pilots,2012,660,2022,760,100,15.2,30
37,North Carolina,43-2099,Communications Equipment Operators  All Other,2012,50,2022,50,0,6.1,0
37,North Carolina,25-1122,Communications Teachers  Postsecondary,2012,770,2022,870,100,13,20
37,North Carolina,21-1099,Community and Social Service Specialists  All Other,2012,2540,2022,3140,600,23.8,130
37,North Carolina,21-1094,Community Health Workers,2012,800,2022,1040,240,29.9,50
37,North Carolina,Nov-11,Compensation and Benefits Managers,2012,540,2022,590,50,7.9,20
37,North Carolina,13-1141,Compensation  Benefits  and Job Analysis Specialists,2012,2100,2022,2280,180,8.6,60
37,North Carolina,13-1041,Compliance Officers,2012,4850,2022,5450,600,12.4,150
37,North Carolina,15-1111,Computer and Information Research Scientists,2012,320,2022,350,30,10.3,10
37,North Carolina,Nov-21,Computer and Information Systems Managers,2012,11490,2022,13410,1920,16.8,350
37,North Carolina,17-2061,Computer Hardware Engineers,2012,1590,2022,1650,60,3.4,40
37,North Carolina,15-1143,Computer Network Architects,2012,5190,2022,5850,660,12.7,150
37,North Carolina,15-1152,Computer Network Support Specialists,2012,5970,2022,6460,490,8.1,140
37,North Carolina,51-4012,Computer Numerically Controlled Machine Tool Programmers  Metal and Plastic,2012,510,2022,660,150,29,30
37,North Carolina,15-1199,Computer Occupations  All Other,2012,3820,2022,4050,230,6.1,80
37,North Carolina,43-9011,Computer Operators,2012,2130,2022,1850,-280,-12.8,20
37,North Carolina,15-1131,Computer Programmers,2012,8890,2022,9260,370,4.1,270
37,North Carolina,25-1021,Computer Science Teachers  Postsecondary,2012,1430,2022,1620,190,12.8,40
37,North Carolina,15-1121,Computer Systems Analysts,2012,13390,2022,16860,3470,25.9,560
37,North Carolina,15-1151,Computer User Support Specialists,2012,19520,2022,23080,3560,18.2,660
37,North Carolina,49-2011,Computer  Automated Teller  and Office Machine Repairers,2012,5290,2022,5490,200,3.8,130
37,North Carolina,51-4011,Computer-Controlled Machine Tool Operators  Metal and Plastic,2012,4110,2022,4700,590,14.5,170
37,North Carolina,39-6012,Concierges,2012,280,2022,350,70,24.7,10
37,North Carolina,19-1031,Conservation Scientists,2012,450,2022,470,20,3.8,20
37,North Carolina,47-4011,Construction and Building Inspectors,2012,3400,2022,3950,550,16.2,140
37,North Carolina,47-4099,Construction and Related Workers  All Other,2012,2850,2022,3790,940,33.1,150
37,North Carolina,47-2061,Construction Laborers,2012,22570,2022,28180,5610,24.9,1040
37,North Carolina,Nov-21,Construction Managers,2012,14170,2022,17460,3290,23.2,550
37,North Carolina,49-9012,Control and Valve Installers and Repairers  Except Mechanical Door,2012,720,2022,680,-40,-5.6,20
37,North Carolina,53-7011,Conveyor Operators and Tenders,2012,1100,2022,1140,40,3.1,30
37,North Carolina,35-2019,Cooks  All Other,2012,430,2022,500,70,17.1,20
37,North Carolina,35-2011,Cooks  Fast Food,2012,4470,2022,4560,90,2,100
37,North Carolina,35-2012,Cooks  Institution and Cafeteria,2012,8280,2022,9870,1590,19.2,320
37,North Carolina,35-2014,Cooks  Restaurant,2012,29900,2022,35160,5260,17.6,1120
37,North Carolina,35-2015,Cooks  Short Order,2012,5030,2022,4890,-140,-2.7,100
37,North Carolina,51-9193,Cooling and Freezing Equipment Operators and Tenders,2012,150,2022,160,10,8.2,10
37,North Carolina,33-3012,Correctional Officers and Jailers,2012,18340,2022,19630,1290,7.1,620
37,North Carolina,43-4021,Correspondence Clerks,2012,110,2022,130,20,15.6,10
37,North Carolina,13-1051,Cost Estimators,2012,5580,2022,7600,2020,36.2,380
37,North Carolina,39-3092,Costume Attendants,2012,40,2022,40,0,2.7,0
37,North Carolina,41-2021,Counter and Rental Clerks,2012,11170,2022,12600,1430,12.8,430
37,North Carolina,35-3022,Counter Attendants  Cafeteria  Food Concession  and Coffee Shop,2012,10330,2022,10600,270,2.6,660
37,North Carolina,43-5021,Couriers and Messengers,2012,2150,2022,2050,-100,-4.3,30
37,North Carolina,23-2091,Court Reporters,2012,190,2022,210,20,11.8,10
37,North Carolina,43-4031,Court  Municipal  and License Clerks,2012,5070,2022,5660,590,11.8,140
37,North Carolina,27-1012,Craft Artists,2012,420,2022,460,40,7.8,10
37,North Carolina,53-7021,Crane and Tower Operators,2012,930,2022,1300,370,40.1,70
37,North Carolina,13-2041,Credit Analysts,2012,2650,2022,3280,630,24.2,130
37,North Carolina,43-4041,Credit Authorizers  Checkers  and Clerks,2012,810,2022,820,10,1.7,10
37,North Carolina,13-2071,Credit Counselors,2012,670,2022,900,230,34.7,40
37,North Carolina,25-1111,Criminal Justice and Law Enforcement Teachers  Postsecondary,2012,1580,2022,1800,220,14,50
37,North Carolina,33-9091,Crossing Guards,2012,600,2022,620,20,3.4,10
37,North Carolina,51-9021,Crushing  Grinding  and Polishing Machine Setters  Operators  and Tenders,2012,510,2022,500,-10,-1.6,10
37,North Carolina,25-4012,Curators,2012,440,2022,490,50,10.9,20
37,North Carolina,43-4051,Customer Service Representatives,2012,78960,2022,91420,12460,15.8,3400
37,North Carolina,51-9031,Cutters and Trimmers  Hand,2012,1430,2022,1110,-320,-22.3,20
37,North Carolina,51-9032,Cutting and Slicing Machine Setters  Operators  and Tenders,2012,3030,2022,2790,-240,-7.9,50
37,North Carolina,51-4031,Cutting  Punching  and Press Machine Setters  Operators  and Tenders  Metal and Plastic,2012,5840,2022,5220,-620,-10.6,50
37,North Carolina,27-2031,Dancers,2012,160,2022,160,0,0,10
37,North Carolina,43-9021,Data Entry Keyers,2012,6850,2022,5200,-1650,-24.1,80
37,North Carolina,15-1141,Database Administrators,2012,2710,2022,3130,420,15.5,90
37,North Carolina,41-9011,Demonstrators and Product Promoters,2012,2740,2022,3090,350,12.7,110
37,North Carolina,31-9091,Dental Assistants,2012,8820,2022,12740,3920,44.4,580
37,North Carolina,29-2021,Dental Hygienists,2012,6160,2022,9590,3430,55.7,500
37,North Carolina,51-9081,Dental Laboratory Technicians,2012,1010,2022,930,-80,-7.9,30
37,North Carolina,29-1029,Dentists  All Other Specialists,2012,140,2022,150,10,6.6,0
37,North Carolina,29-1021,Dentists  General,2012,3590,2022,4810,1220,34,210
37,North Carolina,27-1029,Designers  All Other,2012,240,2022,280,40,15.1,10
37,North Carolina,43-9031,Desktop Publishers,2012,380,2022,300,-80,-21.5,10
37,North Carolina,33-3021,Detectives and Criminal Investigators,2012,3070,2022,3260,190,6.1,90
37,North Carolina,29-2032,Diagnostic Medical Sonographers,2012,1770,2022,2640,870,49.6,110
37,North Carolina,29-2051,Dietetic Technicians,2012,370,2022,440,70,17.5,10
37,North Carolina,29-1031,Dietitians and Nutritionists,2012,1680,2022,2000,320,19.3,50
37,North Carolina,35-9011,Dining Room and Cafeteria Attendants and Bartender Helpers,2012,9330,2022,10530,1200,12.8,530
37,North Carolina,21-2021,Directors  Religious Activities and Education,2012,4780,2022,5700,920,19.3,260
37,North Carolina,35-9021,Dishwashers,2012,13750,2022,15030,1280,9.3,730
37,North Carolina,43-5032,Dispatchers  Except Police  Fire  and Ambulance,2012,4660,2022,5360,700,15,200
37,North Carolina,41-9091,Door-to-Door Sales Workers  News and Street Vendors  and Related Workers,2012,1850,2022,1710,-140,-7.3,20
37,North Carolina,17-3019,Drafters  All Other,2012,200,2022,240,40,17.8,10
37,North Carolina,51-4032,Drilling and Boring Machine Tool Setters  Operators  and Tenders  Metal and Plastic,2012,730,2022,580,-150,-20.2,10
37,North Carolina,53-3031,Driver/Sales Workers,2012,16090,2022,17720,1630,10.1,420
37,North Carolina,47-2081,Drywall and Ceiling Tile Installers,2012,2230,2022,3030,800,35.9,100
37,North Carolina,47-5021,Earth Drillers  Except Oil and Gas,2012,550,2022,610,60,11.3,20
37,North Carolina,25-1063,Economics Teachers  Postsecondary,2012,420,2022,470,50,13.5,10
37,North Carolina,19-3011,Economists,2012,190,2022,250,60,28.3,10
37,North Carolina,27-3041,Editors,2012,2350,2022,2360,10,0.7,60
37,North Carolina,Nov-39,Education Administrators  All Other,2012,1190,2022,1270,80,6.3,40
37,North Carolina,Nov-32,Education Administrators  Elementary and Secondary School,2012,7200,2022,7890,690,9.6,260
37,North Carolina,Nov-33,Education Administrators  Postsecondary,2012,4710,2022,5380,670,14.2,190
37,North Carolina,Nov-31,Education Administrators  Preschool and Childcare Center/Program,2012,2000,2022,2470,470,23.8,100
37,North Carolina,25-1081,Education Teachers  Postsecondary,2012,2160,2022,2440,280,13.4,60
37,North Carolina,25-9099,Education  Training  and Library Workers  All Other,2012,8100,2022,8910,810,10,150
37,North Carolina,21-1012,Educational  Guidance  School  and Vocational Counselors,2012,6090,2022,6960,870,14.4,220
37,North Carolina,49-2092,Electric Motor  Power Tool  and Related Repairers,2012,600,2022,590,-10,-2.5,10
37,North Carolina,51-2022,Electrical and Electronic Equipment Assemblers,2012,6370,2022,5670,-700,-11.1,80
37,North Carolina,17-3012,Electrical and Electronics Drafters,2012,680,2022,820,140,21.2,20
37,North Carolina,17-3023,Electrical and Electronics Engineering Technicians,2012,2940,2022,2960,20,0.6,60
37,North Carolina,49-2093,Electrical and Electronics Installers and Repairers  Transportation Equipment,2012,150,2022,160,10,2,0
37,North Carolina,49-2094,Electrical and Electronics Repairers  Commercial and Industrial Equipment,2012,2190,2022,2330,140,6.1,60
37,North Carolina,49-2095,Electrical and Electronics Repairers  Powerhouse  Substation  and Relay,2012,530,2022,540,10,1.5,10
37,North Carolina,17-2071,Electrical Engineers,2012,3840,2022,4210,370,9.5,120
37,North Carolina,49-9051,Electrical Power-Line Installers and Repairers,2012,3330,2022,3530,200,6,140
37,North Carolina,47-2111,Electricians,2012,14230,2022,18260,4030,28.3,670
37,North Carolina,51-2023,Electromechanical Equipment Assemblers,2012,1220,2022,1100,-120,-9.7,20
37,North Carolina,17-3024,Electro-Mechanical Technicians,2012,140,2022,120,-20,-12.9,0
37,North Carolina,49-2096,Electronic Equipment Installers and Repairers  Motor Vehicles,2012,600,2022,590,-10,-1,10
37,North Carolina,49-2097,Electronic Home Entertainment Equipment Installers and Repairers,2012,540,2022,470,-70,-12.7,20
37,North Carolina,17-2072,Electronics Engineers  Except Computer,2012,3630,2022,3920,290,8,110
37,North Carolina,25-2021,Elementary School Teachers  Except Special Education,2012,37010,2022,43140,6130,16.6,1430
37,North Carolina,47-4021,Elevator Installers and Repairers,2012,400,2022,560,160,41.2,20
37,North Carolina,43-4061,Eligibility Interviewers  Government Programs,2012,5110,2022,5540,430,8.3,140
37,North Carolina,39-4011,Embalmers,2012,90,2022,70,-20,-24.7,0
37,North Carolina,Nov-61,Emergency Management Directors,2012,220,2022,240,20,10,10
37,North Carolina,29-2041,Emergency Medical Technicians and Paramedics,2012,9770,2022,11920,2150,22,480
37,North Carolina,51-2031,Engine and Other Machine Assemblers,2012,780,2022,810,30,3.2,10
37,North Carolina,25-1032,Engineering Teachers  Postsecondary,2012,820,2022,910,90,10.9,20
37,North Carolina,17-3029,Engineering Technicians  Except Drafters  All Other,2012,790,2022,850,60,7.5,20
37,North Carolina,17-2199,Engineers  All Other,2012,1580,2022,1760,180,11.3,50
37,North Carolina,25-1123,English Language and Literature Teachers  Postsecondary,2012,3150,2022,3540,390,12.6,90
37,North Carolina,27-2099,Entertainers and Performers  Sports and Related Workers  All Other,2012,910,2022,990,80,8.8,20
37,North Carolina,17-3025,Environmental Engineering Technicians,2012,270,2022,350,80,26.4,10
37,North Carolina,17-2081,Environmental Engineers,2012,1270,2022,1650,380,29.9,70
37,North Carolina,19-4091,Environmental Science and Protection Technicians  Including Health,2012,1230,2022,1570,340,27.2,80
37,North Carolina,25-1053,Environmental Science Teachers  Postsecondary,2012,130,2022,150,20,12.3,0
37,North Carolina,19-2041,Environmental Scientists and Specialists  Including Health,2012,4260,2022,5170,910,21.4,220
37,North Carolina,19-1041,Epidemiologists,2012,80,2022,90,10,16.9,0
37,North Carolina,51-9194,Etchers and Engravers,2012,180,2022,180,0,-0.5,0
37,North Carolina,53-7032,Excavating and Loading Machine and Dragline Operators,2012,1430,2022,1690,260,18.5,40
37,North Carolina,43-6011,Executive Secretaries and Executive Administrative Assistants,2012,28330,2022,28840,510,1.8,390
37,North Carolina,29-1128,Exercise Physiologists,2012,540,2022,640,100,17.3,20
37,North Carolina,47-5031,Explosives Workers  Ordnance Handling Experts  and Blasters,2012,50,2022,50,0,17.8,0
37,North Carolina,51-4021,Extruding and Drawing Machine Setters  Operators  and Tenders  Metal and Plastic,2012,3580,2022,2910,-670,-18.7,70
37,North Carolina,51-6091,Extruding and Forming Machine Setters  Operators  and Tenders  Synthetic and Glass Fibers,2012,3080,2022,2530,-550,-18,50
37,North Carolina,51-9041,Extruding  Forming  Pressing  and Compacting Machine Setters  Operators  and Tenders,2012,2900,2022,2440,-460,-15.9,80
37,North Carolina,51-6092,Fabric and Apparel Patternmakers,2012,500,2022,350,-150,-30.2,10
37,North Carolina,49-9093,Fabric Menders  Except Garment,2012,80,2022,60,-20,-24.4,0
37,North Carolina,45-4021,Fallers,2012,530,2022,340,-190,-36.2,10
37,North Carolina,29-1062,Family and General Practitioners,2012,4210,2022,4970,760,18.1,180
37,North Carolina,25-9021,Farm and Home Management Advisors,2012,460,2022,500,40,8.5,10
37,North Carolina,49-3041,Farm Equipment Mechanics and Service Technicians,2012,380,2022,430,50,11.5,20
37,North Carolina,45-2092,Farmworkers and Laborers  Crop  Nursery  and Greenhouse,2012,10220,2022,7250,-2970,-29.1,310
37,North Carolina,45-2093,Farmworkers  Farm  Ranch  and Aquacultural Animals,2012,1040,2022,780,-260,-25.3,30
37,North Carolina,27-1022,Fashion Designers,2012,190,2022,170,-20,-11.4,10
37,North Carolina,47-4031,Fence Erectors,2012,760,2022,1060,300,39.7,50
37,North Carolina,51-2091,Fiberglass Laminators and Fabricators,2012,550,2022,580,30,5.1,10
37,North Carolina,43-4071,File Clerks,2012,2730,2022,2760,30,0.9,60
37,North Carolina,27-4032,Film and Video Editors,2012,350,2022,370,20,5.4,10
37,North Carolina,13-2051,Financial Analysts,2012,6730,2022,8440,1710,25.4,340
37,North Carolina,43-3099,Financial Clerks  All Other,2012,2220,2022,2780,560,25,120
37,North Carolina,13-2061,Financial Examiners,2012,850,2022,1020,170,20.3,40
37,North Carolina,Nov-31,Financial Managers,2012,16190,2022,18890,2700,16.6,570
37,North Carolina,13-2099,Financial Specialists  All Other,2012,5940,2022,7000,1060,17.8,170
37,North Carolina,27-1013,Fine Artists  Including Painters  Sculptors  and Illustrators,2012,400,2022,420,20,5.2,10
37,North Carolina,33-2021,Fire Inspectors and Investigators,2012,550,2022,580,30,6.4,20
37,North Carolina,33-2011,Firefighters,2012,12890,2022,13390,500,3.9,400
37,North Carolina,47-1011,First-Line Supervisors of Construction Trades and Extraction Workers,2012,22230,2022,29480,7250,32.6,970
37,North Carolina,33-1011,First-Line Supervisors of Correctional Officers,2012,1560,2022,1670,110,6.8,70
37,North Carolina,45-1011,First-Line Supervisors of Farming  Fishing  and Forestry Workers,2012,1320,2022,1220,-100,-8,30
37,North Carolina,33-1021,First-Line Supervisors of Fire Fighting and Prevention Workers,2012,2680,2022,2820,140,5.3,130
37,North Carolina,35-1012,First-Line Supervisors of Food Preparation and Serving Workers,2012,34450,2022,39980,5530,16,1530
37,North Carolina,53-1021,First-Line Supervisors of Helpers  Laborers  and Material Movers  Hand,2012,6290,2022,6670,380,6.1,210
37,North Carolina,37-1011,First-Line Supervisors of Housekeeping and Janitorial Workers,2012,7920,2022,9170,1250,15.8,310
37,North Carolina,37-1012,First-Line Supervisors of Landscaping  Lawn Service  and Groundskeeping Workers,2012,7960,2022,9300,1340,16.9,220
37,North Carolina,49-1011,First-Line Supervisors of Mechanics  Installers  and Repairers,2012,16280,2022,17970,1690,10.4,610
37,North Carolina,41-1012,First-Line Supervisors of Non-Retail Sales Workers,2012,18490,2022,19360,870,4.7,320
37,North Carolina,43-1011,First-Line Supervisors of Office and Administrative Support Workers,2012,39470,2022,46750,7280,18.4,1660
37,North Carolina,39-1021,First-Line Supervisors of Personal Service Workers,2012,6760,2022,7560,800,11.9,200
37,North Carolina,33-1012,First-Line Supervisors of Police and Detectives,2012,4610,2022,4900,290,6.2,170
37,North Carolina,51-1011,First-Line Supervisors of Production and Operating Workers,2012,22160,2022,20700,-1460,-6.6,310
37,North Carolina,33-1099,First-Line Supervisors of Protective Service Workers  All Other,2012,1850,2022,2000,150,8.2,60
37,North Carolina,41-1011,First-Line Supervisors of Retail Sales Workers,2012,59350,2022,63900,4550,7.7,1750
37,North Carolina,53-1031,First-Line Supervisors of Transportation and Material-Moving Machine and Vehicle Operators,2012,8480,2022,9280,800,9.5,310
37,North Carolina,33-3031,Fish and Game Wardens,2012,260,2022,280,20,7.4,10
37,North Carolina,39-9031,Fitness Trainers and Aerobics Instructors,2012,6730,2022,7410,680,10.1,150
37,North Carolina,47-2042,Floor Layers  Except Carpet  Wood  and Hard Tiles,2012,400,2022,490,90,24.7,20
37,North Carolina,47-2043,Floor Sanders and Finishers,2012,690,2022,940,250,37,40
37,North Carolina,27-1023,Floral Designers,2012,1720,2022,1740,20,1.3,50
37,North Carolina,51-3091,Food and Tobacco Roasting  Baking  and Drying Machine Operators and Tenders,2012,1410,2022,1300,-110,-7.9,40
37,North Carolina,51-3092,Food Batchmakers,2012,2060,2022,2050,-10,-0.1,70
37,North Carolina,51-3093,Food Cooking Machine Operators and Tenders,2012,850,2022,840,-10,-0.8,20
37,North Carolina,35-9099,Food Preparation and Serving Related Workers  All Other,2012,180,2022,200,20,8.9,10
37,North Carolina,35-2021,Food Preparation Workers,2012,27030,2022,29010,1980,7.3,970
37,North Carolina,51-3099,Food Processing Workers  All Other,2012,690,2022,810,120,17,30
37,North Carolina,19-1012,Food Scientists and Technologists,2012,430,2022,460,30,5.6,20
37,North Carolina,35-3041,Food Servers  Nonrestaurant,2012,4040,2022,4960,920,22.7,210
37,North Carolina,Nov-51,Food Service Managers,2012,9130,2022,9650,520,5.7,220
37,North Carolina,25-1124,Foreign Language and Literature Teachers  Postsecondary,2012,1170,2022,1350,180,14.8,40
37,North Carolina,19-4092,Forensic Science Technicians,2012,440,2022,480,40,7.7,20
37,North Carolina,19-4093,Forest and Conservation Technicians,2012,570,2022,600,30,5.6,30
37,North Carolina,45-4011,Forest and Conservation Workers,2012,70,2022,70,0,12.1,0
37,North Carolina,19-1032,Foresters,2012,410,2022,440,30,7.6,20
37,North Carolina,25-1043,Forestry and Conservation Science Teachers  Postsecondary,2012,20,2022,20,0,9.1,0
37,North Carolina,51-4022,Forging Machine Setters  Operators  and Tenders  Metal and Plastic,2012,910,2022,830,-80,-8.9,20
37,North Carolina,51-4071,Foundry Mold and Coremakers,2012,100,2022,90,-10,-14.7,0
37,North Carolina,13-1131,Fundraisers,2012,1070,2022,1260,190,18.1,40
37,North Carolina,39-4021,Funeral Attendants,2012,1510,2022,1360,-150,-9.8,30
37,North Carolina,Nov-61,Funeral Service Managers,2012,350,2022,350,0,0.3,10
37,North Carolina,51-9051,Furnace  Kiln  Oven  Drier  and Kettle Operators and Tenders,2012,1410,2022,1180,-230,-15.8,30
37,North Carolina,51-7021,Furniture Finishers,2012,1590,2022,1140,-450,-28.3,30
37,North Carolina,39-3012,Gaming and Sports Book Writers and Runners,2012,250,2022,250,0,-0.4,0
37,North Carolina,39-3011,Gaming Dealers,2012,420,2022,440,20,5,10
37,North Carolina,51-8092,Gas Plant Operators,2012,240,2022,220,-20,-6.8,10
37,North Carolina,11-1021,General and Operations Managers,2012,54360,2022,62460,8100,14.9,1830
37,North Carolina,29-9092,Genetic Counselors,2012,80,2022,110,30,32.1,10
37,North Carolina,25-1064,Geography Teachers  Postsecondary,2012,160,2022,180,20,9.9,0
37,North Carolina,19-4041,Geological and Petroleum Technicians,2012,20,2022,20,0,27.8,0
37,North Carolina,19-2042,Geoscientists  Except Hydrologists and Geographers,2012,640,2022,830,190,30.1,40
37,North Carolina,47-2121,Glaziers,2012,1000,2022,1280,280,28.9,50
37,North Carolina,45-2041,Graders and Sorters  Agricultural Products,2012,890,2022,830,-60,-6.6,20
37,North Carolina,27-1024,Graphic Designers,2012,7360,2022,7980,620,8.4,260
37,North Carolina,51-9022,Grinding and Polishing Workers  Hand,2012,1380,2022,1200,-180,-13.4,40
37,North Carolina,51-4033,Grinding  Lapping  Polishing  and Buffing Machine Tool Setters  Operators  and Tenders  Metal and Plastic,2012,1600,2022,1430,-170,-10.4,40
37,North Carolina,37-3019,Grounds Maintenance Workers  All Other,2012,70,2022,70,0,9.1,0
37,North Carolina,39-5012,Hairdressers  Hairstylists  and Cosmetologists,2012,14010,2022,15920,1910,13.6,520
37,North Carolina,47-4041,Hazardous Materials Removal Workers,2012,900,2022,1110,210,23.2,40
37,North Carolina,17-2111,Health and Safety Engineers  Except Mining Safety Engineers and Inspectors,2012,350,2022,380,30,8.2,10
37,North Carolina,29-1199,Health Diagnosing and Treating Practitioners  All Other,2012,1190,2022,1320,130,11,40
37,North Carolina,21-1091,Health Educators,2012,970,2022,1160,190,19.6,40
37,North Carolina,25-1071,Health Specialties Teachers  Postsecondary,2012,7490,2022,10280,2790,37.2,390
37,North Carolina,29-2099,Health Technologists and Technicians  All Other,2012,3990,2022,5040,1050,26.5,150
37,North Carolina,29-9099,Healthcare Practitioners and Technical Workers  All Other,2012,870,2022,1080,210,23.7,50
37,North Carolina,21-1022,Healthcare Social Workers,2012,3600,2022,4560,960,26.7,170
37,North Carolina,31-9099,Healthcare Support Workers  All Other,2012,3600,2022,4340,740,20.5,140
37,North Carolina,29-2092,Hearing Aid Specialists,2012,50,2022,70,20,37,0
37,North Carolina,51-4191,Heat Treating Equipment Setters  Operators  and Tenders  Metal and Plastic,2012,340,2022,350,10,2.4,10
37,North Carolina,49-9021,Heating  Air Conditioning  and Refrigeration Mechanics and Installers,2012,11510,2022,15080,3570,31,650
37,North Carolina,53-3032,Heavy and Tractor-Trailer Truck Drivers,2012,51660,2022,58610,6950,13.4,1520
37,North Carolina,47-3019,Helpers  Construction Trades  All Other,2012,1010,2022,1400,390,39.5,60
37,North Carolina,47-3011,Helpers--Brickmasons  Blockmasons  Stonemasons  and Tile and Marble Setters,2012,1370,2022,2240,870,63.5,110
37,North Carolina,47-3012,Helpers--Carpenters,2012,1500,2022,2120,620,41,90
37,North Carolina,47-3013,Helpers--Electricians,2012,4380,2022,6620,2240,51.3,290
37,North Carolina,47-5081,Helpers--Extraction Workers,2012,160,2022,180,20,12,10
37,North Carolina,49-9098,Helpers--Installation  Maintenance  and Repair Workers,2012,5260,2022,6360,1100,20.9,270
37,North Carolina,47-3014,Helpers--Painters  Paperhangers  Plasterers  and Stucco Masons,2012,270,2022,350,80,31.8,10
37,North Carolina,47-3015,Helpers--Pipelayers  Plumbers  Pipefitters  and Steamfitters,2012,2390,2022,3370,980,40.7,140
37,North Carolina,51-9198,Helpers--Production Workers,2012,17460,2022,17090,-370,-2.1,300
37,North Carolina,47-3016,Helpers--Roofers,2012,530,2022,680,150,29.8,20
37,North Carolina,47-4051,Highway Maintenance Workers,2012,4890,2022,5260,370,7.5,110
37,North Carolina,19-3093,Historians,2012,40,2022,50,10,4.7,0
37,North Carolina,25-1125,History Teachers  Postsecondary,2012,1010,2022,1140,130,13.3,30
37,North Carolina,53-7041,Hoist and Winch Operators,2012,10,2022,10,0,-27.3,0
37,North Carolina,49-9031,Home Appliance Repairers,2012,940,2022,970,30,3,30
37,North Carolina,25-1192,Home Economics Teachers  Postsecondary,2012,230,2022,250,20,10.6,10
37,North Carolina,31-1011,Home Health Aides,2012,47100,2022,66590,19490,41.4,2850
37,North Carolina,35-9031,Hosts and Hostesses  Restaurant  Lounge  and Coffee Shop,2012,11990,2022,12980,990,8.2,1000
37,North Carolina,43-4081,Hotel  Motel  and Resort Desk Clerks,2012,7720,2022,9210,1490,19.3,520
37,North Carolina,43-4161,Human Resources Assistants  Except Payroll and Timekeeping,2012,5430,2022,5410,-20,-0.4,140
37,North Carolina,Nov-21,Human Resources Managers,2012,3020,2022,3590,570,18.9,140
37,North Carolina,13-1071,Human Resources Specialists,2012,12210,2022,13140,930,7.6,320
37,North Carolina,19-2043,Hydrologists,2012,80,2022,100,20,21,0
37,North Carolina,17-3026,Industrial Engineering Technicians,2012,1750,2022,1620,-130,-7.4,40
37,North Carolina,17-2112,Industrial Engineers,2012,6970,2022,6920,-50,-0.7,200
37,North Carolina,49-9041,Industrial Machinery Mechanics,2012,8640,2022,9640,1000,11.6,350
37,North Carolina,Nov-51,Industrial Production Managers,2012,5360,2022,5000,-360,-6.6,100
37,North Carolina,53-7051,Industrial Truck and Tractor Operators,2012,17190,2022,16070,-1120,-6.5,400
37,North Carolina,19-3032,Industrial-Organizational Psychologists,2012,90,2022,160,70,77.5,10
37,North Carolina,43-4199,Information and Record Clerks  All Other,2012,3530,2022,3160,-370,-10.4,80
37,North Carolina,15-1122,Information Security Analysts,2012,3040,2022,4250,1210,39.7,170
37,North Carolina,51-9061,Inspectors  Testers  Sorters  Samplers  and Weighers,2012,18270,2022,17960,-310,-1.7,400
37,North Carolina,49-9099,Installation  Maintenance  and Repair Workers  All Other,2012,3360,2022,3770,410,12,100
37,North Carolina,25-9031,Instructional Coordinators,2012,3710,2022,4260,550,15.1,90
37,North Carolina,47-2131,Insulation Workers  Floor  Ceiling  and Wall,2012,920,2022,1400,480,52.3,60
37,North Carolina,47-2132,Insulation Workers  Mechanical,2012,610,2022,1010,400,67.3,50
37,North Carolina,13-1032,Insurance Appraisers  Auto Damage,2012,220,2022,250,30,13.4,10
37,North Carolina,43-9041,Insurance Claims and Policy Processing Clerks,2012,4770,2022,5740,970,20.2,220
37,North Carolina,41-3021,Insurance Sales Agents,2012,11150,2022,14190,3040,27.3,570
37,North Carolina,13-2053,Insurance Underwriters,2012,2220,2022,2350,130,6,70
37,North Carolina,27-1025,Interior Designers,2012,1540,2022,1810,270,18.2,70
37,North Carolina,29-1063,Internists  General,2012,1150,2022,1340,190,17.1,50
37,North Carolina,43-4111,Interviewers  Except Eligibility and Loan,2012,6130,2022,6690,560,9.2,170
37,North Carolina,37-2011,Janitors and Cleaners  Except Maids and Housekeeping Cleaners,2012,54700,2022,60500,5800,10.6,1610
37,North Carolina,51-9071,Jewelers and Precious Stone and Metal Workers,2012,710,2022,660,-50,-6.8,10
37,North Carolina,25-2012,Kindergarten Teachers  Except Special Education,2012,4130,2022,4810,680,16.7,190
37,North Carolina,13-1075,Labor Relations Specialists,2012,700,2022,760,60,8.6,20
37,North Carolina,53-7062,Laborers and Freight  Stock  and Material Movers  Hand,2012,71450,2022,76860,5410,7.6,2750
37,North Carolina,17-1012,Landscape Architects,2012,380,2022,470,90,25.3,20
37,North Carolina,37-3011,Landscaping and Groundskeeping Workers,2012,35620,2022,40170,4550,12.8,1350
37,North Carolina,51-4034,Lathe and Turning Machine Tool Setters  Operators  and Tenders  Metal and Plastic,2012,1250,2022,1070,-180,-13.9,20
37,North Carolina,51-6011,Laundry and Dry-Cleaning Workers,2012,4280,2022,4770,490,11.4,180
37,North Carolina,25-1112,Law Teachers  Postsecondary,2012,420,2022,490,70,15.9,10
37,North Carolina,23-1011,Lawyers,2012,14810,2022,17500,2690,18.2,510
37,North Carolina,51-4192,Layout Workers  Metal and Plastic,2012,80,2022,90,10,8.9,0
37,North Carolina,43-6012,Legal Secretaries,2012,2100,2022,2180,80,4,30
37,North Carolina,23-2099,Legal Support Workers  All Other,2012,1150,2022,1250,100,8.7,30
37,North Carolina,25-4021,Librarians,2012,4630,2022,5100,470,10.1,150
37,North Carolina,43-4121,Library Assistants  Clerical,2012,2280,2022,2600,320,14.4,130
37,North Carolina,25-1082,Library Science Teachers  Postsecondary,2012,130,2022,140,10,10.2,0
37,North Carolina,25-4031,Library Technicians,2012,3010,2022,3280,270,9.1,190
37,North Carolina,29-2061,Licensed Practical and Licensed Vocational Nurses,2012,16590,2022,20780,4190,25.3,820
37,North Carolina,19-1099,Life Scientists  All Other,2012,1070,2022,1180,110,10.1,30
37,North Carolina,19-4099,Life  Physical  and Social Science Technicians  All Other,2012,730,2022,810,80,10.8,40
37,North Carolina,33-9092,Lifeguards  Ski Patrol  and Other Recreational Protective Service Workers,2012,4320,2022,4750,430,9.9,340
37,North Carolina,53-3033,Light Truck or Delivery Services Drivers,2012,24580,2022,26490,1910,7.8,580
37,North Carolina,43-4131,Loan Interviewers and Clerks,2012,5500,2022,6550,1050,19.1,140
37,North Carolina,13-2072,Loan Officers,2012,8480,2022,10200,1720,20.2,330
37,North Carolina,39-3093,Locker Room  Coatroom  and Dressing Room Attendants,2012,230,2022,260,30,12.6,20
37,North Carolina,49-9094,Locksmiths and Safe Repairers,2012,430,2022,460,30,7.7,20
37,North Carolina,53-4011,Locomotive Engineers,2012,200,2022,180,-20,-9.9,10
37,North Carolina,Nov-81,Lodging Managers,2012,2640,2022,2840,200,7.7,100
37,North Carolina,45-4023,Log Graders and Scalers,2012,130,2022,80,-50,-38.4,0
37,North Carolina,45-4022,Logging Equipment Operators,2012,2020,2022,2160,140,7.1,50
37,North Carolina,13-1081,Logisticians,2012,2780,2022,3450,670,23.9,100
37,North Carolina,53-7063,Machine Feeders and Offbearers,2012,5290,2022,4780,-510,-9.5,110
37,North Carolina,51-4041,Machinists,2012,12220,2022,13170,950,7.8,380
37,North Carolina,29-2035,Magnetic Resonance Imaging Technologists,2012,900,2022,1110,210,22.8,30
37,North Carolina,37-2012,Maids and Housekeeping Cleaners,2012,37980,2022,44410,6430,16.9,1400
37,North Carolina,43-9051,Mail Clerks and Mail Machine Operators  Except Postal Service,2012,3950,2022,3850,-100,-2.6,90
37,North Carolina,49-9071,Maintenance and Repair Workers  General,2012,42680,2022,46200,3520,8.2,1170
37,North Carolina,49-9043,Maintenance Workers  Machinery,2012,4150,2022,4040,-110,-2.7,50
37,North Carolina,13-1111,Management Analysts,2012,13230,2022,16520,3290,24.8,530
37,North Carolina,Nov-99,Managers  All Other,2012,22710,2022,26160,3450,15.2,840
37,North Carolina,39-5092,Manicurists and Pedicurists,2012,860,2022,980,120,13.2,20
37,North Carolina,49-9095,Manufactured Building and Mobile Home Installers,2012,320,2022,260,-60,-16.2,10
37,North Carolina,13-1161,Market Research Analysts and Marketing Specialists,2012,11440,2022,15710,4270,37.3,580
37,North Carolina,Nov-21,Marketing Managers,2012,4960,2022,5830,870,17.6,190
37,North Carolina,21-1013,Marriage and Family Therapists,2012,180,2022,240,60,36.5,10
37,North Carolina,31-9011,Massage Therapists,2012,4400,2022,5310,910,20.6,140
37,North Carolina,53-7199,Material Moving Workers  All Other,2012,230,2022,260,30,14.3,10
37,North Carolina,17-2131,Materials Engineers,2012,320,2022,320,0,0.3,10
37,North Carolina,19-2032,Materials Scientists,2012,350,2022,410,60,15.7,20
37,North Carolina,25-1022,Mathematical Science Teachers  Postsecondary,2012,1980,2022,2220,240,12.1,50
37,North Carolina,15-2021,Mathematicians,2012,30,2022,40,10,36.7,0
37,North Carolina,51-3022,Meat  Poultry  and Fish Cutters and Trimmers,2012,6930,2022,7490,560,8,230
37,North Carolina,49-9011,Mechanical Door Repairers,2012,440,2022,650,210,47.4,40
37,North Carolina,17-3013,Mechanical Drafters,2012,1430,2022,1400,-30,-1.7,20
37,North Carolina,17-3027,Mechanical Engineering Technicians,2012,1000,2022,1070,70,7,30
37,North Carolina,17-2141,Mechanical Engineers,2012,5270,2022,5600,330,6.3,210
37,North Carolina,27-4099,Media and Communication Equipment Workers  All Other,2012,190,2022,180,-10,-5.8,0
37,North Carolina,27-3099,Media and Communication Workers  All Other,2012,740,2022,850,110,15,20
37,North Carolina,29-2012,Medical and Clinical Laboratory Technicians,2012,7420,2022,9850,2430,32.9,440
37,North Carolina,29-2011,Medical and Clinical Laboratory Technologists,2012,3870,2022,4530,660,16.9,170
37,North Carolina,Nov-11,Medical and Health Services Managers,2012,7670,2022,9700,2030,26.4,390
37,North Carolina,51-9082,Medical Appliance Technicians,2012,600,2022,560,-40,-6.9,20
37,North Carolina,31-9092,Medical Assistants,2012,14240,2022,18780,4540,31.8,730
37,North Carolina,31-9093,Medical Equipment Preparers,2012,1670,2022,2100,430,25.5,80
37,North Carolina,49-9062,Medical Equipment Repairers,2012,1290,2022,1810,520,39.9,90
37,North Carolina,29-2071,Medical Records and Health Information Technicians,2012,5220,2022,6390,1170,22.3,260
37,North Carolina,19-1042,Medical Scientists  Except Epidemiologists,2012,3760,2022,4820,1060,28.3,190
37,North Carolina,43-6013,Medical Secretaries,2012,11100,2022,15100,4000,36,530
37,North Carolina,31-9094,Medical Transcriptionists,2012,2330,2022,2540,210,9.2,70
37,North Carolina,13-1121,Meeting  Convention  and Event Planners,2012,2280,2022,3060,780,34.2,110
37,North Carolina,21-1023,Mental Health and Substance Abuse Social Workers,2012,4200,2022,5500,1300,31,220
37,North Carolina,21-1014,Mental Health Counselors,2012,4080,2022,5590,1510,37.1,240
37,North Carolina,27-1026,Merchandise Displayers and Window Trimmers,2012,1900,2022,2020,120,6.4,60
37,North Carolina,51-4199,Metal Workers and Plastic Workers  All Other,2012,450,2022,460,10,3.1,10
37,North Carolina,51-4051,Metal-Refining Furnace Operators and Tenders,2012,420,2022,390,-30,-5.8,10
37,North Carolina,43-5041,Meter Readers  Utilities,2012,1300,2022,1080,-220,-17.2,30
37,North Carolina,19-1022,Microbiologists,2012,550,2022,590,40,6.5,20
37,North Carolina,25-2022,Middle School Teachers  Except Special and Career/Technical Education,2012,16930,2022,19740,2810,16.6,650
37,North Carolina,51-4035,Milling and Planing Machine Setters  Operators  and Tenders  Metal and Plastic,2012,940,2022,840,-100,-10.1,20
37,North Carolina,49-9044,Millwrights,2012,770,2022,960,190,24.3,30
37,North Carolina,17-2151,Mining and Geological Engineers  Including Mining Safety Engineers,2012,10,2022,20,10,21.4,0
37,North Carolina,51-9023,Mixing and Blending Machine Setters  Operators  and Tenders,2012,5130,2022,4820,-310,-6,150
37,North Carolina,49-3042,Mobile Heavy Equipment Mechanics  Except Engines,2012,3060,2022,3630,570,18.8,150
37,North Carolina,51-4061,Model Makers  Metal and Plastic,2012,190,2022,200,10,2.1,0
37,North Carolina,51-7031,Model Makers  Wood,2012,180,2022,120,-60,-31.9,0
37,North Carolina,51-9195,Molders  Shapers  and Casters  Except Metal and Plastic,2012,580,2022,650,70,10.6,30
37,North Carolina,51-4072,Molding  Coremaking  and Casting Machine Setters  Operators  and Tenders  Metal and Plastic,2012,5600,2022,4620,-980,-17.5,70
37,North Carolina,39-4031,Morticians  Undertakers  and Funeral Directors,2012,990,2022,980,-10,-0.2,20
37,North Carolina,39-3021,Motion Picture Projectionists,2012,150,2022,110,-40,-24.8,10
37,North Carolina,53-3099,Motor Vehicle Operators  All Other,2012,1560,2022,1710,150,9.3,60
37,North Carolina,49-3051,Motorboat Mechanics and Service Technicians,2012,640,2022,710,70,11.3,20
37,North Carolina,53-5022,Motorboat Operators,2012,10,2022,10,0,0,0
37,North Carolina,49-3052,Motorcycle Mechanics,2012,530,2022,590,60,11.4,20
37,North Carolina,27-1014,Multimedia Artists and Animators,2012,2350,2022,2630,280,11.9,80
37,North Carolina,51-4081,Multiple Machine Tool Setters  Operators  and Tenders  Metal and Plastic,2012,2670,2022,2310,-360,-13.7,50
37,North Carolina,25-4013,Museum Technicians and Conservators,2012,230,2022,260,30,9.9,10
37,North Carolina,27-2041,Music Directors and Composers,2012,320,2022,340,20,5,10
37,North Carolina,27-2042,Musicians and Singers,2012,1890,2022,2160,270,14.2,80
37,North Carolina,Nov-21,Natural Sciences Managers,2012,2100,2022,2450,350,16.4,80
37,North Carolina,15-1142,Network and Computer Systems Administrators,2012,8730,2022,9740,1010,11.5,240
37,North Carolina,43-4141,New Accounts Clerks,2012,3140,2022,3560,420,13.4,120
37,North Carolina,39-2021,Nonfarm Animal Caretakers,2012,5910,2022,6800,890,15.1,160
37,North Carolina,17-2161,Nuclear Engineers,2012,240,2022,240,0,-0.8,10
37,North Carolina,29-2033,Nuclear Medicine Technologists,2012,630,2022,770,140,21.4,20
37,North Carolina,29-1151,Nurse Anesthetists,2012,2150,2022,2640,490,23.1,90
37,North Carolina,29-1161,Nurse Midwives,2012,190,2022,240,50,28.3,10
37,North Carolina,29-1171,Nurse Practitioners,2012,3380,2022,4620,1240,36.7,190
37,North Carolina,31-1014,Nursing Assistants,2012,54380,2022,68840,14460,26.6,2480
37,North Carolina,25-1072,Nursing Instructors and Teachers  Postsecondary,2012,1930,2022,2620,690,35.9,100
37,North Carolina,29-1064,Obstetricians and Gynecologists,2012,820,2022,990,170,21,40
37,North Carolina,29-9011,Occupational Health and Safety Specialists,2012,1700,2022,1870,170,9.8,60
37,North Carolina,29-9012,Occupational Health and Safety Technicians,2012,390,2022,430,40,10.6,10
37,North Carolina,29-1122,Occupational Therapists,2012,2630,2022,3280,650,24.5,100
37,North Carolina,31-2012,Occupational Therapy Aides,2012,170,2022,230,60,31,10
37,North Carolina,31-2011,Occupational Therapy Assistants,2012,870,2022,1180,310,35.8,50
37,North Carolina,43-9199,Office and Administrative Support Workers  All Other,2012,3700,2022,4140,440,11.9,150
37,North Carolina,43-9061,Office Clerks  General,2012,64720,2022,70250,5530,8.5,1910
37,North Carolina,43-9071,Office Machine Operators  Except Computer,2012,1960,2022,1750,-210,-10.3,50
37,North Carolina,47-2073,Operating Engineers and Other Construction Equipment Operators,2012,9710,2022,12000,2290,23.6,450
37,North Carolina,15-2031,Operations Research Analysts,2012,1310,2022,1740,430,33.2,70
37,North Carolina,51-9083,Ophthalmic Laboratory Technicians,2012,400,2022,460,60,15.2,20
37,North Carolina,29-2057,Ophthalmic Medical Technicians,2012,1660,2022,2070,410,24.9,60
37,North Carolina,29-2081,Opticians  Dispensing,2012,1690,2022,2040,350,20.4,80
37,North Carolina,29-1041,Optometrists,2012,950,2022,1100,150,16,40
37,North Carolina,43-4151,Order Clerks,2012,4480,2022,4260,-220,-5,120
37,North Carolina,31-1015,Orderlies,2012,930,2022,1100,170,18.3,40
37,North Carolina,29-1023,Orthodontists,2012,160,2022,220,60,34.8,10
37,North Carolina,29-2091,Orthotists and Prosthetists,2012,150,2022,180,30,21.9,10
37,North Carolina,49-3053,Outdoor Power Equipment and Other Small Engine Mechanics,2012,1100,2022,1200,100,8.5,30
37,North Carolina,51-9111,Packaging and Filling Machine Operators and Tenders,2012,13580,2022,13220,-360,-2.7,320
37,North Carolina,53-7064,Packers and Packagers  Hand,2012,28980,2022,30130,1150,4,880
37,North Carolina,47-2141,Painters  Construction and Maintenance,2012,7070,2022,9710,2640,37.4,370
37,North Carolina,51-9122,Painters  Transportation Equipment,2012,1260,2022,1360,100,8,30
37,North Carolina,51-9123,Painting  Coating  and Decorating Workers,2012,690,2022,650,-40,-6.8,10
37,North Carolina,51-9196,Paper Goods Machine Setters  Operators  and Tenders,2012,3520,2022,3300,-220,-6.2,30
37,North Carolina,47-2142,Paperhangers,2012,60,2022,70,10,13.6,0
37,North Carolina,23-2011,Paralegals and Legal Assistants,2012,10140,2022,12900,2760,27.2,440
37,North Carolina,33-3041,Parking Enforcement Workers,2012,100,2022,100,0,-1,0
37,North Carolina,53-6021,Parking Lot Attendants,2012,2090,2022,2190,100,4.6,110
37,North Carolina,41-2022,Parts Salespersons,2012,8760,2022,9880,1120,12.7,330
37,North Carolina,51-4062,Patternmakers  Metal and Plastic,2012,40,2022,40,0,0,0
37,North Carolina,51-7032,Patternmakers  Wood,2012,120,2022,80,-40,-32.5,0
37,North Carolina,47-2071,Paving  Surfacing  and Tamping Equipment Operators,2012,1730,2022,2170,440,25.5,70
37,North Carolina,43-3051,Payroll and Timekeeping Clerks,2012,5570,2022,6320,750,13.5,200
37,North Carolina,29-1065,Pediatricians  General,2012,650,2022,780,130,19.6,30
37,North Carolina,39-9021,Personal Care Aides,2012,14710,2022,25150,10440,71,1150
37,North Carolina,39-9099,Personal Care and Service Workers  All Other,2012,1120,2022,1280,160,14.2,50
37,North Carolina,13-2052,Personal Financial Advisors,2012,5840,2022,8080,2240,38.4,320
37,North Carolina,37-2021,Pest Control Workers,2012,2980,2022,3370,390,13.3,120
37,North Carolina,37-3012,Pesticide Handlers  Sprayers  and Applicators  Vegetation,2012,710,2022,800,90,13.3,30
37,North Carolina,51-8093,Petroleum Pump System Operators  Refinery Operators  and Gaugers,2012,150,2022,160,10,6.2,10
37,North Carolina,29-1051,Pharmacists,2012,8720,2022,10270,1550,17.7,360
37,North Carolina,31-9095,Pharmacy Aides,2012,830,2022,940,110,13.5,30
37,North Carolina,29-2052,Pharmacy Technicians,2012,11890,2022,14610,2720,22.9,390
37,North Carolina,25-1126,Philosophy and Religion Teachers  Postsecondary,2012,920,2022,1090,170,18.2,30
37,North Carolina,31-9097,Phlebotomists,2012,3520,2022,4610,1090,31,180
37,North Carolina,27-4021,Photographers,2012,4390,2022,4880,490,11.2,100
37,North Carolina,51-9151,Photographic Process Workers and Processing Machine Operators,2012,1340,2022,1360,20,1.3,40
37,North Carolina,19-2099,Physical Scientists  All Other,2012,1300,2022,1470,170,13,40
37,North Carolina,31-2022,Physical Therapist Aides,2012,860,2022,1140,280,31.8,50
37,North Carolina,31-2021,Physical Therapist Assistants,2012,2090,2022,2800,710,33.5,120
37,North Carolina,29-1123,Physical Therapists,2012,5260,2022,6760,1500,28.5,280
37,North Carolina,29-1071,Physician Assistants,2012,4150,2022,5930,1780,42.8,250
37,North Carolina,29-1069,Physicians and Surgeons  All Other,2012,8920,2022,10770,1850,20.8,410
37,North Carolina,19-2012,Physicists,2012,180,2022,220,40,24.2,10
37,North Carolina,25-1054,Physics Teachers  Postsecondary,2012,430,2022,480,50,13.1,10
37,North Carolina,47-2072,Pile-Driver Operators,2012,50,2022,60,10,20.4,0
37,North Carolina,47-2151,Pipelayers,2012,2160,2022,2450,290,13.4,60
37,North Carolina,51-8099,Plant and System Operators  All Other,2012,150,2022,130,-20,-12.6,10
37,North Carolina,47-2161,Plasterers and Stucco Masons,2012,190,2022,260,70,33.3,10
37,North Carolina,51-4193,Plating and Coating Machine Setters  Operators  and Tenders  Metal and Plastic,2012,770,2022,720,-50,-7.2,20
37,North Carolina,47-2152,Plumbers  Pipefitters  and Steamfitters,2012,9390,2022,12400,3010,32,420
37,North Carolina,29-1081,Podiatrists,2012,290,2022,330,40,13.4,10
37,North Carolina,33-3051,Police and Sheriff's Patrol Officers,2012,19400,2022,20640,1240,6.4,730
37,North Carolina,43-5031,Police  Fire  and Ambulance Dispatchers,2012,3600,2022,3810,210,5.7,130
37,North Carolina,25-1065,Political Science Teachers  Postsecondary,2012,510,2022,580,70,14.2,20
37,North Carolina,43-5051,Postal Service Clerks,2012,1960,2022,1860,-100,-5,30
37,North Carolina,43-5052,Postal Service Mail Carriers,2012,9310,2022,9400,90,1,330
37,North Carolina,43-5053,Postal Service Mail Sorters  Processors  and Processing Machine Operators,2012,3380,2022,3280,-100,-3.1,30
37,North Carolina,Nov-31,Postmasters and Mail Superintendents,2012,600,2022,630,30,4.5,20
37,North Carolina,25-1199,Postsecondary Teachers  All Other,2012,3470,2022,3940,470,13.4,100
37,North Carolina,51-4052,Pourers and Casters  Metal,2012,170,2022,150,-20,-13.5,0
37,North Carolina,51-8012,Power Distributors and Dispatchers,2012,300,2022,310,10,3,10
37,North Carolina,51-8013,Power Plant Operators,2012,1350,2022,1180,-170,-12.3,40
37,North Carolina,49-9069,Precision Instrument and Equipment Repairers  All Other,2012,330,2022,360,30,8.4,10
37,North Carolina,51-5111,Prepress Technicians and Workers,2012,980,2022,830,-150,-15.3,30
37,North Carolina,25-2011,Preschool Teachers  Except Special Education,2012,14290,2022,17610,3320,23.3,730
37,North Carolina,51-6021,Pressers  Textile  Garment  and Related Materials,2012,2270,2022,2140,-130,-5.8,20
37,North Carolina,51-5113,Print Binding and Finishing Workers,2012,1250,2022,1170,-80,-6.8,20
37,North Carolina,51-5112,Printing Press Operators,2012,5050,2022,4610,-440,-8.8,90
37,North Carolina,33-9021,Private Detectives and Investigators,2012,670,2022,770,100,15,30
37,North Carolina,21-1092,Probation Officers and Correctional Treatment Specialists,2012,2790,2022,2850,60,2.1,80
37,North Carolina,43-3061,Procurement Clerks,2012,1860,2022,1890,30,1.3,70
37,North Carolina,27-2012,Producers and Directors,2012,2000,2022,2130,130,6.4,80
37,North Carolina,51-9199,Production Workers  All Other,2012,3610,2022,3530,-80,-2.3,90
37,North Carolina,43-5061,Production  Planning  and Expediting Clerks,2012,7740,2022,7720,-20,-0.3,190
37,North Carolina,43-9081,Proofreaders and Copy Markers,2012,170,2022,160,-10,-3.6,0
37,North Carolina,Nov-41,Property  Real Estate  and Community Association Managers,2012,4470,2022,5200,730,16.4,170
37,North Carolina,33-9099,Protective Service Workers  All Other,2012,2240,2022,2500,260,11.2,180
37,North Carolina,31-1013,Psychiatric Aides,2012,800,2022,1240,440,55,60
37,North Carolina,29-2053,Psychiatric Technicians,2012,3360,2022,3790,430,12.7,80
37,North Carolina,29-1066,Psychiatrists,2012,430,2022,540,110,26.6,20
37,North Carolina,25-1066,Psychology Teachers  Postsecondary,2012,1230,2022,1390,160,13.4,30
37,North Carolina,27-3012,Public Address System and Other Announcers,2012,160,2022,170,10,11.6,10
37,North Carolina,Nov-31,Public Relations and Fundraising Managers,2012,1450,2022,1700,250,17.7,60
37,North Carolina,27-3031,Public Relations Specialists,2012,5300,2022,6160,860,16.2,160
37,North Carolina,53-7072,Pump Operators  Except Wellhead Pumpers,2012,60,2022,50,-10,-14.5,0
37,North Carolina,13-1023,Purchasing Agents  Except Wholesale  Retail  and Farm Products,2012,7150,2022,7400,250,3.6,160
37,North Carolina,Nov-61,Purchasing Managers,2012,2230,2022,2300,70,3,60
37,North Carolina,29-1124,Radiation Therapists,2012,520,2022,630,110,22,20
37,North Carolina,27-3011,Radio and Television Announcers,2012,1270,2022,1320,50,3.9,30
37,North Carolina,49-2021,Radio  Cellular  and Tower Equipment Installers and Repairs,2012,380,2022,390,10,3.7,10
37,North Carolina,29-2034,Radiologic Technologists,2012,6650,2022,8250,1600,23.9,250
37,North Carolina,49-3043,Rail Car Repairers,2012,670,2022,680,10,1,20
37,North Carolina,53-4013,Rail Yard Engineers  Dinkey Operators  and Hostlers,2012,320,2022,300,-20,-7.4,10
37,North Carolina,53-4021,Railroad Brake  Signal  and Switch Operators,2012,190,2022,170,-20,-10.1,10
37,North Carolina,53-4031,Railroad Conductors and Yardmasters,2012,730,2022,660,-70,-9.8,20
37,North Carolina,47-4061,Rail-Track Laying and Maintenance Equipment Operators,2012,170,2022,160,-10,-6.9,0
37,North Carolina,41-9021,Real Estate Brokers,2012,10180,2022,11870,1690,16.6,270
37,North Carolina,41-9022,Real Estate Sales Agents,2012,8890,2022,11360,2470,27.8,330
37,North Carolina,43-4171,Receptionists and Information Clerks,2012,29670,2022,36200,6530,22,1450
37,North Carolina,25-1193,Recreation and Fitness Studies Teachers  Postsecondary,2012,970,2022,1090,120,12.7,30
37,North Carolina,39-9032,Recreation Workers,2012,9040,2022,10380,1340,14.8,240
37,North Carolina,29-1125,Recreational Therapists,2012,400,2022,470,70,16.3,20
37,North Carolina,49-3092,Recreational Vehicle Service Technicians,2012,230,2022,270,40,14.5,10
37,North Carolina,49-9045,Refractory Materials Repairers  Except Brickmasons,2012,20,2022,20,0,0,0
37,North Carolina,53-7081,Refuse and Recyclable Material Collectors,2012,5090,2022,5710,620,12.1,170
37,North Carolina,29-1141,Registered Nurses,2012,87850,2022,105730,17880,20.4,3490
37,North Carolina,21-1015,Rehabilitation Counselors,2012,3670,2022,4760,1090,29.7,190
37,North Carolina,47-2171,Reinforcing Iron and Rebar Workers,2012,250,2022,330,80,34.6,10
37,North Carolina,21-2099,Religious Workers  All Other,2012,5230,2022,6250,1020,19.5,220
37,North Carolina,27-3022,Reporters and Correspondents,2012,910,2022,690,-220,-23.6,30
37,North Carolina,43-4181,Reservation and Transportation Ticket Agents and Travel Clerks,2012,4360,2022,4280,-80,-1.8,60
37,North Carolina,39-9041,Residential Advisors,2012,1520,2022,2030,510,33.6,120
37,North Carolina,29-1126,Respiratory Therapists,2012,3550,2022,4240,690,19.3,120
37,North Carolina,29-2054,Respiratory Therapy Technicians,2012,350,2022,420,70,19.8,10
37,North Carolina,41-2031,Retail Salespersons,2012,136700,2022,150830,14130,10.3,6090
37,North Carolina,49-9096,Riggers,2012,290,2022,400,110,36.6,20
37,North Carolina,47-5051,Rock Splitters  Quarry,2012,100,2022,110,10,14.3,0
37,North Carolina,51-4023,Rolling Machine Setters  Operators  and Tenders  Metal and Plastic,2012,520,2022,460,-60,-11.3,10
37,North Carolina,47-2181,Roofers,2012,4210,2022,5190,980,23.2,190
37,North Carolina,41-9099,Sales and Related Workers  All Other,2012,3560,2022,4220,660,18.6,140
37,North Carolina,41-9031,Sales Engineers,2012,1950,2022,2060,110,5.6,50
37,North Carolina,Nov-22,Sales Managers,2012,8120,2022,8800,680,8.3,240
37,North Carolina,41-3099,Sales Representatives  Services  All Other,2012,17460,2022,20430,2970,17,770
37,North Carolina,41-4012,Sales Representatives  Wholesale and Manufacturing  Except Technical and Scientific Products,2012,45040,2022,49970,4930,11,1370
37,North Carolina,41-4011,Sales Representatives  Wholesale and Manufacturing  Technical and Scientific Products,2012,10640,2022,11710,1070,10,310
37,North Carolina,51-7041,Sawing Machine Setters  Operators  and Tenders  Wood,2012,2310,2022,2040,-270,-11.6,60
37,North Carolina,25-2031,Secondary School Teachers  Except Special and Career/Technical Education,2012,22770,2022,24920,2150,9.5,840
37,North Carolina,43-6014,Secretaries and Administrative Assistants  Except Legal  Medical  and Executive,2012,71610,2022,83860,12250,17.1,2090
37,North Carolina,41-3031,Securities  Commodities  and Financial Services Sales Agents,2012,7800,2022,10350,2550,32.8,440
37,North Carolina,49-2098,Security and Fire Alarm Systems Installers,2012,2080,2022,2470,390,18.8,80
37,North Carolina,33-9032,Security Guards,2012,28290,2022,31460,3170,11.2,750
37,North Carolina,47-4091,Segmental Pavers,2012,90,2022,130,40,45.6,10
37,North Carolina,25-3021,Self-Enrichment Education Teachers,2012,5230,2022,6600,1370,26.3,230
37,North Carolina,51-9141,Semiconductor Processors,2012,810,2022,540,-270,-33.2,20
37,North Carolina,51-9012,Separating  Filtering  Clarifying  Precipitating  and Still Machine Setters  Operators  and Tenders,2012,3370,2022,3200,-170,-4.9,120
37,North Carolina,47-4071,Septic Tank Servicers and Sewer Pipe Cleaners,2012,740,2022,1000,260,35.8,40
37,North Carolina,27-1027,Set and Exhibit Designers,2012,210,2022,230,20,10.5,10
37,North Carolina,51-6051,Sewers  Hand,2012,630,2022,580,-50,-7.5,10
37,North Carolina,51-6031,Sewing Machine Operators,2012,10050,2022,7290,-2760,-27.5,50
37,North Carolina,47-2211,Sheet Metal Workers,2012,3960,2022,4900,940,23.7,170
37,North Carolina,43-5071,Shipping  Receiving  and Traffic Clerks,2012,21330,2022,21080,-250,-1.1,560
37,North Carolina,51-6041,Shoe and Leather Workers and Repairers,2012,270,2022,200,-70,-28.3,0
37,North Carolina,49-9097,Signal and Track Switch Repairers,2012,80,2022,70,-10,-9.8,0
37,North Carolina,39-5094,Skincare Specialists,2012,440,2022,600,160,35.9,20
37,North Carolina,51-3023,Slaughterers and Meat Packers,2012,11120,2022,10870,-250,-2.2,270
37,North Carolina,Nov-51,Social and Community Service Managers,2012,2700,2022,3690,990,36.7,160
37,North Carolina,21-1093,Social and Human Service Assistants,2012,7870,2022,10300,2430,30.8,450
37,North Carolina,19-4061,Social Science Research Assistants,2012,1280,2022,1450,170,13.1,70
37,North Carolina,25-1069,Social Sciences Teachers  Postsecondary  All Other,2012,250,2022,290,40,14.9,10
37,North Carolina,19-3099,Social Scientists and Related Workers  All Other,2012,1000,2022,1120,120,11.2,30
37,North Carolina,25-1113,Social Work Teachers  Postsecondary,2012,410,2022,460,50,12.3,10
37,North Carolina,21-1029,Social Workers  All Other,2012,1560,2022,1930,370,23.5,70
37,North Carolina,19-3041,Sociologists,2012,50,2022,70,20,33.3,0
37,North Carolina,25-1067,Sociology Teachers  Postsecondary,2012,660,2022,740,80,12.5,20
37,North Carolina,15-1132,Software Developers  Applications,2012,19710,2022,23780,4070,20.7,660
37,North Carolina,15-1133,Software Developers  Systems Software,2012,10760,2022,12010,1250,11.6,260
37,North Carolina,19-1013,Soil and Plant Scientists,2012,680,2022,760,80,12.7,30
37,North Carolina,27-4014,Sound Engineering Technicians,2012,260,2022,270,10,4.3,10
37,North Carolina,25-2052,Special Education Teachers  Kindergarten and Elementary School,2012,7970,2022,8700,730,9.2,210
37,North Carolina,25-2053,Special Education Teachers  Middle School,2012,3150,2022,3440,290,9.2,80
37,North Carolina,25-2051,Special Education Teachers  Preschool,2012,460,2022,550,90,20.2,20
37,North Carolina,25-2054,Special Education Teachers  Secondary School,2012,4360,2022,4730,370,8.4,110
37,North Carolina,29-1127,Speech-Language Pathologists,2012,3840,2022,4650,810,20.9,140
37,North Carolina,51-8021,Stationary Engineers and Boiler Operators,2012,560,2022,550,-10,-2.7,20
37,North Carolina,43-9111,Statistical Assistants,2012,390,2022,460,70,18.8,20
37,North Carolina,15-2041,Statisticians,2012,850,2022,1190,340,40,60
37,North Carolina,43-5081,Stock Clerks and Order Fillers,2012,47720,2022,47710,-10,0,1440
37,North Carolina,47-2221,Structural Iron and Steel Workers,2012,1410,2022,1770,360,25.6,80
37,North Carolina,51-2041,Structural Metal Fabricators and Fitters,2012,2250,2022,2360,110,5.1,100
37,North Carolina,21-1011,Substance Abuse and Behavioral Disorder Counselors,2012,1500,2022,1970,470,31.9,80
37,North Carolina,29-1067,Surgeons,2012,1600,2022,2100,500,31.4,90
37,North Carolina,29-2055,Surgical Technologists,2012,3120,2022,4130,1010,32.5,130
37,North Carolina,19-3022,Survey Researchers,2012,430,2022,550,120,28.9,20
37,North Carolina,17-3031,Surveying and Mapping Technicians,2012,2430,2022,2990,560,23,100
37,North Carolina,17-1022,Surveyors,2012,950,2022,1110,160,15.9,40
37,North Carolina,43-2011,Switchboard Operators  Including Answering Service,2012,4120,2022,3650,-470,-11.3,80
37,North Carolina,51-6052,Tailors  Dressmakers  and Custom Sewers,2012,1130,2022,1130,0,0.2,10
37,North Carolina,53-7121,Tank Car  Truck  and Ship Loaders,2012,390,2022,440,50,12.7,20
37,North Carolina,13-2081,Tax Examiners and Collectors  and Revenue Agents,2012,1730,2022,1790,60,3.6,70
37,North Carolina,13-2082,Tax Preparers,2012,2770,2022,3160,390,13.9,90
37,North Carolina,53-3041,Taxi Drivers and Chauffeurs,2012,3750,2022,4750,1000,26.7,140
37,North Carolina,25-9041,Teacher Assistants,2012,31630,2022,35270,3640,11.5,1080
37,North Carolina,25-3099,Teachers and Instructors  All Other,2012,24310,2022,27190,2880,11.8,700
37,North Carolina,51-2092,Team Assemblers,2012,34950,2022,34260,-690,-2,550
37,North Carolina,27-3042,Technical Writers,2012,1420,2022,1780,360,25.5,80
37,North Carolina,49-2022,Telecommunications Equipment Installers and Repairers  Except Line Installers,2012,6830,2022,7830,1000,14.7,190
37,North Carolina,49-9052,Telecommunications Line Installers and Repairers,2012,2540,2022,3050,510,20.3,110
37,North Carolina,41-9041,Telemarketers,2012,4030,2022,4590,560,13.8,140
37,North Carolina,43-3071,Tellers,2012,13870,2022,16730,2860,20.7,930
37,North Carolina,47-2053,Terrazzo Workers and Finishers,2012,250,2022,350,100,41.6,10
37,North Carolina,51-6061,Textile Bleaching and Dyeing Machine Operators and Tenders,2012,2370,2022,1500,-870,-36.8,40
37,North Carolina,51-6062,Textile Cutting Machine Setters  Operators  and Tenders,2012,1020,2022,660,-360,-35.3,20
37,North Carolina,51-6063,Textile Knitting and Weaving Machine Setters  Operators  and Tenders,2012,4420,2022,2670,-1750,-39.6,70
37,North Carolina,51-6064,Textile Winding  Twisting  and Drawing Out Machine Setters  Operators  and Tenders,2012,6620,2022,5280,-1340,-20.3,110
37,North Carolina,51-6099,Textile  Apparel  and Furnishings Workers  All Other,2012,1370,2022,1210,-160,-12,10
37,North Carolina,29-1129,Therapists  All Other,2012,160,2022,220,60,36.4,10
37,North Carolina,47-2044,Tile and Marble Setters,2012,550,2022,730,180,33.2,30
37,North Carolina,51-9197,Tire Builders,2012,1600,2022,1250,-350,-22,40
37,North Carolina,49-3093,Tire Repairers and Changers,2012,2800,2022,3160,360,12.8,130
37,North Carolina,23-2093,Title Examiners  Abstractors  and Searchers,2012,450,2022,520,70,16.3,10
37,North Carolina,51-4111,Tool and Die Makers,2012,1810,2022,1840,30,1.3,10
37,North Carolina,51-4194,Tool Grinders  Filers  and Sharpeners,2012,550,2022,580,30,4.7,10
37,North Carolina,00-0000,Total  All Occupations,2012,4263800,2022,4812450,548650,12.9,159410
37,North Carolina,39-7011,Tour Guides and Escorts,2012,520,2022,550,30,6.4,30
37,North Carolina,53-6041,Traffic Technicians,2012,150,2022,160,10,7.6,10
37,North Carolina,Nov-31,Training and Development Managers,2012,710,2022,810,100,14.7,30
37,North Carolina,13-1151,Training and Development Specialists,2012,6240,2022,7480,1240,19.8,240
37,North Carolina,33-3052,Transit and Railroad Police,2012,20,2022,20,0,-5,0
37,North Carolina,53-6061,Transportation Attendants  Except Flight Attendants,2012,60,2022,70,10,18.2,0
37,North Carolina,53-6051,Transportation Inspectors,2012,250,2022,290,40,14.6,10
37,North Carolina,33-9093,Transportation Security Screeners,2012,1210,2022,1340,130,10.4,40
37,North Carolina,53-6099,Transportation Workers  All Other,2012,880,2022,1010,130,15.4,50
37,North Carolina,Nov-71,Transportation  Storage  and Distribution Managers,2012,2530,2022,2710,180,6.9,80
37,North Carolina,41-3041,Travel Agents,2012,1070,2022,930,-140,-12.7,20
37,North Carolina,39-7012,Travel Guides,2012,130,2022,120,-10,-7.2,10
37,North Carolina,37-3013,Tree Trimmers and Pruners,2012,2560,2022,2990,430,16.8,110
37,North Carolina,27-2023,Umpires  Referees  and Other Sports Officials,2012,280,2022,310,30,10.8,10
37,North Carolina,51-6093,Upholsterers,2012,6760,2022,5380,-1380,-20.5,180
37,North Carolina,19-3051,Urban and Regional Planners,2012,1230,2022,1320,90,7.9,70
37,North Carolina,39-3031,Ushers  Lobby Attendants  and Ticket Takers,2012,3240,2022,3060,-180,-5.6,170
37,North Carolina,29-1131,Veterinarians,2012,2420,2022,2840,420,17.6,120
37,North Carolina,31-9096,Veterinary Assistants and Laboratory Animal Caretakers,2012,2750,2022,3150,400,14.7,90
37,North Carolina,29-2056,Veterinary Technologists and Technicians,2012,3170,2022,4290,1120,35.4,140
37,North Carolina,25-1194,Vocational Education Teachers  Postsecondary,2012,6020,2022,6930,910,15,180
37,North Carolina,35-3031,Waiters and Waitresses,2012,73540,2022,79360,5820,7.9,4120
37,North Carolina,51-8031,Water and Wastewater Treatment Plant and System Operators,2012,3500,2022,3670,170,4.9,140
37,North Carolina,15-1134,Web Developers,2012,4010,2022,5000,990,24.7,160
37,North Carolina,43-5111,Weighers  Measurers  Checkers  and Samplers  Recordkeeping,2012,2740,2022,2820,80,2.9,70
37,North Carolina,51-4121,Welders  Cutters  Solderers  and Brazers,2012,7670,2022,8250,580,7.6,250
37,North Carolina,51-4122,Welding  Soldering  and Brazing Machine Setters  Operators  and Tenders,2012,2010,2022,2370,360,17.7,90
37,North Carolina,13-1022,Wholesale and Retail Buyers  Except Farm Products,2012,4140,2022,4550,410,10.1,150
37,North Carolina,51-7099,Woodworkers  All Other,2012,230,2022,250,20,6,10
37,North Carolina,51-7042,Woodworking Machine Setters  Operators  and Tenders  Except Sawing,2012,4730,2022,4410,-320,-6.8,30
37,North Carolina,43-9022,Word Processors and Typists,2012,820,2022,630,-190,-23,0
37,North Carolina,27-3043,Writers and Authors,2012,2590,2022,2900,310,11.9,90
37,North Carolina,19-1023,Zoologists and Wildlife Biologists,2012,580,2022,680,100,17.1,30
