STFIPS,AreaName,OccupationCode,OccupationName,BaseYear,Base,ProjYear,Proj,Change,PercentChange,AvgAnnualOpenings
39,Ohio,13-2011,Accountants and Auditors,2012,40290,2022,43820,3530,8.8,1550
39,Ohio,27-2011,Actors,2012,440,2022,480,40,10,20
39,Ohio,15-2011,Actuaries,2012,1010,2022,1270,260,25.6,60
39,Ohio,51-9191,Adhesive Bonding Machine Operators and Tenders,2012,1150,2022,1080,-70,-5.5,30
39,Ohio,23-1021,Administrative Law Judges  Adjudicators  and Hearing Officers,2012,410,2022,370,-40,-8.4,10
39,Ohio,Nov-11,Administrative Services Managers,2012,9520,2022,10420,900,9.5,250
39,Ohio,Nov-11,Advertising and Promotions Managers,2012,880,2022,940,60,6.3,30
39,Ohio,41-3011,Advertising Sales Agents,2012,4090,2022,4080,-10,-0.3,130
39,Ohio,17-3021,Aerospace Engineering and Operations Technicians,2012,230,2022,210,-20,-10.8,10
39,Ohio,17-2011,Aerospace Engineers,2012,4000,2022,3900,-100,-2.5,90
39,Ohio,13-1011,Agents and Business Managers of Artists  Performers  and Athletes,2012,290,2022,320,30,10.5,10
39,Ohio,19-4011,Agricultural and Food Science Technicians,2012,480,2022,480,0,0.4,20
39,Ohio,17-2021,Agricultural Engineers,2012,90,2022,80,-10,-7,0
39,Ohio,45-2091,Agricultural Equipment Operators,2012,1020,2022,1060,40,3.3,30
39,Ohio,45-2011,Agricultural Inspectors,2012,260,2022,240,-20,-8.8,10
39,Ohio,53-1011,Aircraft Cargo Handling Supervisors,2012,290,2022,310,20,5.5,10
39,Ohio,49-3011,Aircraft Mechanics and Service Technicians,2012,2410,2022,2580,170,6.9,80
39,Ohio,51-2011,Aircraft Structure  Surfaces  Rigging  and Systems Assemblers,2012,250,2022,260,10,4,10
39,Ohio,53-2022,Airfield Operations Specialists,2012,300,2022,310,10,3,10
39,Ohio,39-3091,Amusement and Recreation Attendants,2012,7440,2022,7780,340,4.6,410
39,Ohio,29-1061,Anesthesiologists,2012,1040,2022,1220,180,17.4,40
39,Ohio,33-9011,Animal Control Workers,2012,360,2022,380,20,5.6,10
39,Ohio,19-1011,Animal Scientists,2012,60,2022,60,0,5.4,0
39,Ohio,39-2011,Animal Trainers,2012,870,2022,1070,200,22,60
39,Ohio,19-3091,Anthropologists and Archeologists,2012,60,2022,70,10,24.1,0
39,Ohio,25-1061,Anthropology and Archeology Teachers  Postsecondary,2012,210,2022,240,30,13.3,10
39,Ohio,13-2021,Appraisers and Assessors of Real Estate,2012,2790,2022,3000,210,7.4,50
39,Ohio,17-1011,Architects  Except Landscape and Naval,2012,3120,2022,3580,460,14.9,120
39,Ohio,17-3011,Architectural and Civil Drafters,2012,2940,2022,2890,-50,-1.7,40
39,Ohio,Nov-41,Architectural and Engineering Managers,2012,7350,2022,7740,390,5.4,220
39,Ohio,25-1031,Architecture Teachers  Postsecondary,2012,360,2022,420,60,15.2,10
39,Ohio,25-4011,Archivists,2012,160,2022,200,40,21.1,10
39,Ohio,25-1062,Area  Ethnic  and Cultural Studies Teachers  Postsecondary,2012,580,2022,680,100,16.6,20
39,Ohio,27-1011,Art Directors,2012,2400,2022,2590,190,7.9,80
39,Ohio,25-1121,Art  Drama  and Music Teachers  Postsecondary,2012,4930,2022,5770,840,17,160
39,Ohio,27-1019,Artists and Related Workers  All Other,2012,280,2022,280,0,0.7,10
39,Ohio,51-2099,Assemblers and Fabricators  All Other,2012,21560,2022,23390,1830,8.5,520
39,Ohio,27-2021,Athletes and Sports Competitors,2012,450,2022,470,20,4.9,20
39,Ohio,29-9091,Athletic Trainers,2012,1030,2022,1190,160,15.6,40
39,Ohio,25-1051,Atmospheric  Earth  Marine  and Space Sciences Teachers  Postsecondary,2012,300,2022,340,40,12.4,10
39,Ohio,27-4011,Audio and Video Equipment Technicians,2012,1110,2022,1290,180,16.2,40
39,Ohio,29-1181,Audiologists,2012,450,2022,580,130,28.6,20
39,Ohio,25-9011,Audio-Visual and Multimedia Collections Specialists,2012,250,2022,250,0,-0.8,0
39,Ohio,53-6031,Automotive and Watercraft Service Attendants,2012,4070,2022,4530,460,11.2,160
39,Ohio,49-3021,Automotive Body and Related Repairers,2012,7380,2022,8080,700,9.5,210
39,Ohio,49-3022,Automotive Glass Installers and Repairers,2012,880,2022,970,90,9.9,30
39,Ohio,49-3023,Automotive Service Technicians and Mechanics,2012,25590,2022,27170,1580,6.2,810
39,Ohio,49-2091,Avionics Technicians,2012,380,2022,380,0,0.5,10
39,Ohio,39-6011,Baggage Porters and Bellhops,2012,370,2022,400,30,8.6,10
39,Ohio,33-3011,Bailiffs,2012,1470,2022,1530,60,4.6,50
39,Ohio,51-3011,Bakers,2012,8310,2022,8360,50,0.6,210
39,Ohio,35-3011,Bartenders,2012,24550,2022,26370,1820,7.4,1090
39,Ohio,49-3091,Bicycle Repairers,2012,290,2022,290,0,2.1,10
39,Ohio,43-3011,Bill and Account Collectors,2012,16800,2022,19420,2620,15.6,740
39,Ohio,43-3021,Billing and Posting Clerks,2012,24550,2022,28130,3580,14.5,810
39,Ohio,19-1021,Biochemists and Biophysicists,2012,200,2022,230,30,11.3,10
39,Ohio,25-1042,Biological Science Teachers  Postsecondary,2012,1690,2022,2020,330,19.7,60
39,Ohio,19-1029,Biological Scientists  All Other,2012,360,2022,350,-10,-2.5,10
39,Ohio,19-4021,Biological Technicians,2012,2800,2022,3230,430,15.3,130
39,Ohio,17-2031,Biomedical Engineers,2012,530,2022,600,70,11.8,20
39,Ohio,47-2011,Boilermakers,2012,1100,2022,1110,10,0.5,50
39,Ohio,43-3031,Bookkeeping  Accounting  and Auditing Clerks,2012,65330,2022,70330,5000,7.7,1100
39,Ohio,47-2021,Brickmasons and Blockmasons,2012,3650,2022,4410,760,20.7,120
39,Ohio,53-6011,Bridge and Lock Tenders,2012,100,2022,90,-10,-7.1,0
39,Ohio,27-4012,Broadcast Technicians,2012,1030,2022,1050,20,2.6,20
39,Ohio,43-4011,Brokerage Clerks,2012,1950,2022,1920,-30,-1.1,50
39,Ohio,13-2031,Budget Analysts,2012,1770,2022,1840,70,3.7,80
39,Ohio,49-3031,Bus and Truck Mechanics and Diesel Engine Specialists,2012,10610,2022,11190,580,5.5,280
39,Ohio,53-3022,Bus Drivers  School or Special Client,2012,12390,2022,13410,1020,8.2,330
39,Ohio,53-3021,Bus Drivers  Transit and Intercity,2012,5570,2022,5880,310,5.7,130
39,Ohio,13-1199,Business Operations Specialists  All Other,2012,23620,2022,24270,650,2.8,390
39,Ohio,25-1011,Business Teachers  Postsecondary,2012,4020,2022,4650,630,15.6,120
39,Ohio,51-3021,Butchers and Meat Cutters,2012,5560,2022,5590,30,0.4,140
39,Ohio,13-1021,Buyers and Purchasing Agents  Farm Products,2012,430,2022,450,20,5.4,10
39,Ohio,51-7011,Cabinetmakers and Bench Carpenters,2012,3200,2022,3150,-50,-1.6,30
39,Ohio,27-4031,Camera Operators  Television  Video  and Motion Picture,2012,410,2022,430,20,7.2,10
39,Ohio,53-5021,Captains  Mates  and Pilots of Water Vessels,2012,350,2022,340,-10,-4.3,20
39,Ohio,29-2031,Cardiovascular Technologists and Technicians,2012,1960,2022,2470,510,25.8,80
39,Ohio,25-2023,Career/Technical Education Teachers  Middle School,2012,320,2022,340,20,6.3,10
39,Ohio,25-2032,Career/Technical Education Teachers  Secondary School,2012,6460,2022,6840,380,5.8,210
39,Ohio,43-5011,Cargo and Freight Agents,2012,2540,2022,3120,580,22.7,130
39,Ohio,47-2031,Carpenters,2012,27780,2022,33050,5270,19,870
39,Ohio,47-2041,Carpet Installers,2012,1330,2022,1420,90,7.2,30
39,Ohio,17-1021,Cartographers and Photogrammetrists,2012,160,2022,180,20,14,10
39,Ohio,41-2011,Cashiers,2012,121350,2022,119830,-1520,-1.3,5250
39,Ohio,47-2051,Cement Masons and Concrete Finishers,2012,3530,2022,4140,610,17.3,100
39,Ohio,35-1011,Chefs and Head Cooks,2012,3820,2022,4000,180,4.8,80
39,Ohio,17-2041,Chemical Engineers,2012,1470,2022,1520,50,3.4,40
39,Ohio,51-9011,Chemical Equipment Operators and Tenders,2012,2470,2022,2310,-160,-6.7,90
39,Ohio,51-8091,Chemical Plant and System Operators,2012,2050,2022,2060,10,0.7,80
39,Ohio,19-4031,Chemical Technicians,2012,3360,2022,3470,110,3.4,90
39,Ohio,25-1052,Chemistry Teachers  Postsecondary,2012,980,2022,1120,140,14.7,30
39,Ohio,19-2031,Chemists,2012,3340,2022,3410,70,2.2,90
39,Ohio,11-1011,Chief Executives,2012,10160,2022,10110,-50,-0.5,220
39,Ohio,21-1021,Child  Family  and School Social Workers,2012,8730,2022,9970,1240,14.1,310
39,Ohio,39-9011,Childcare Workers,2012,31900,2022,35600,3700,11.6,1310
39,Ohio,29-1011,Chiropractors,2012,1580,2022,1600,20,1.3,30
39,Ohio,27-2032,Choreographers,2012,470,2022,580,110,23.6,30
39,Ohio,17-3022,Civil Engineering Technicians,2012,2040,2022,2020,-20,-0.7,40
39,Ohio,17-2051,Civil Engineers,2012,7160,2022,8330,1170,16.3,290
39,Ohio,13-1031,Claims Adjusters  Examiners  and Investigators,2012,11490,2022,11890,400,3.5,310
39,Ohio,53-7061,Cleaners of Vehicles and Equipment,2012,11770,2022,12620,850,7.3,410
39,Ohio,51-9192,Cleaning  Washing  and Metal Pickling Equipment Operators and Tenders,2012,1640,2022,1610,-30,-1.5,40
39,Ohio,21-2011,Clergy,2012,14080,2022,15230,1150,8.1,400
39,Ohio,19-3031,Clinical  Counseling  and School Psychologists,2012,4380,2022,4620,240,5.4,140
39,Ohio,27-2022,Coaches and Scouts,2012,9810,2022,11190,1380,14.1,430
39,Ohio,51-9121,Coating  Painting  and Spraying Machine Setters  Operators  and Tenders,2012,6050,2022,6180,130,2.1,120
39,Ohio,51-2021,Coil Winders  Tapers  and Finishers,2012,1330,2022,1210,-120,-8.8,20
39,Ohio,49-9091,Coin  Vending  and Amusement Machine Servicers and Repairers,2012,2350,2022,2120,-230,-9.6,20
39,Ohio,35-3021,Combined Food Preparation and Serving Workers  Including Fast Food,2012,143260,2022,162330,19070,13.3,7380
39,Ohio,27-1021,Commercial and Industrial Designers,2012,2170,2022,2250,80,3.4,70
39,Ohio,53-2012,Commercial Pilots,2012,1650,2022,2090,440,26.9,90
39,Ohio,25-1122,Communications Teachers  Postsecondary,2012,1920,2022,2180,260,13.7,60
39,Ohio,21-1099,Community and Social Service Specialists  All Other,2012,3770,2022,4440,670,17.6,170
39,Ohio,21-1094,Community Health Workers,2012,560,2022,630,70,14.1,20
39,Ohio,Nov-11,Compensation and Benefits Managers,2012,780,2022,770,-10,-1.7,20
39,Ohio,13-1141,Compensation  Benefits  and Job Analysis Specialists,2012,3110,2022,3270,160,5.3,70
39,Ohio,13-1041,Compliance Officers,2012,6870,2022,7170,300,4.4,160
39,Ohio,15-1111,Computer and Information Research Scientists,2012,270,2022,280,10,4.4,10
39,Ohio,Nov-21,Computer and Information Systems Managers,2012,11380,2022,13000,1620,14.2,320
39,Ohio,17-2061,Computer Hardware Engineers,2012,720,2022,740,20,3,20
39,Ohio,15-1143,Computer Network Architects,2012,4310,2022,4800,490,11.3,120
39,Ohio,15-1152,Computer Network Support Specialists,2012,7010,2022,7230,220,3.2,130
39,Ohio,51-4012,Computer Numerically Controlled Machine Tool Programmers  Metal and Plastic,2012,1570,2022,1930,360,22.5,80
39,Ohio,15-1199,Computer Occupations  All Other,2012,8180,2022,8240,60,0.8,140
39,Ohio,43-9011,Computer Operators,2012,2590,2022,2150,-440,-17,30
39,Ohio,15-1131,Computer Programmers,2012,9300,2022,9380,80,0.9,250
39,Ohio,25-1021,Computer Science Teachers  Postsecondary,2012,1680,2022,1910,230,13.7,50
39,Ohio,15-1121,Computer Systems Analysts,2012,27160,2022,33070,5910,21.8,1020
39,Ohio,15-1151,Computer User Support Specialists,2012,18750,2022,22090,3340,17.8,630
39,Ohio,49-2011,Computer  Automated Teller  and Office Machine Repairers,2012,4050,2022,3990,-60,-1.3,80
39,Ohio,51-4011,Computer-Controlled Machine Tool Operators  Metal and Plastic,2012,11860,2022,13640,1780,15.1,510
39,Ohio,39-6012,Concierges,2012,430,2022,510,80,18.8,20
39,Ohio,19-1031,Conservation Scientists,2012,320,2022,320,0,-2.2,10
39,Ohio,47-4011,Construction and Building Inspectors,2012,3380,2022,3630,250,7.4,110
39,Ohio,47-4099,Construction and Related Workers  All Other,2012,1200,2022,1330,130,11.4,40
39,Ohio,47-2061,Construction Laborers,2012,30260,2022,35830,5570,18.4,1210
39,Ohio,Nov-21,Construction Managers,2012,18500,2022,20820,2320,12.5,520
39,Ohio,47-5041,Continuous Mining Machine Operators,2012,1210,2022,1050,-160,-13.4,20
39,Ohio,49-9012,Control and Valve Installers and Repairers  Except Mechanical Door,2012,1390,2022,1320,-70,-4.5,50
39,Ohio,53-7011,Conveyor Operators and Tenders,2012,1600,2022,1670,70,4.6,50
39,Ohio,35-2011,Cooks  Fast Food,2012,16080,2022,15870,-210,-1.3,320
39,Ohio,35-2012,Cooks  Institution and Cafeteria,2012,18710,2022,20820,2110,11.3,580
39,Ohio,35-2014,Cooks  Restaurant,2012,36230,2022,41200,4970,13.7,1210
39,Ohio,35-2015,Cooks  Short Order,2012,6810,2022,6970,160,2.4,150
39,Ohio,33-3012,Correctional Officers and Jailers,2012,12770,2022,12490,-280,-2.2,340
39,Ohio,13-1051,Cost Estimators,2012,9600,2022,11670,2070,21.5,520
39,Ohio,39-3092,Costume Attendants,2012,70,2022,80,10,11,10
39,Ohio,21-1019,Counselors  All Other,2012,420,2022,500,80,17.6,20
39,Ohio,35-3022,Counter Attendants  Cafeteria  Food Concession  and Coffee Shop,2012,19420,2022,18810,-610,-3.1,1180
39,Ohio,43-5021,Couriers and Messengers,2012,3150,2022,2800,-350,-11.1,40
39,Ohio,23-2091,Court Reporters,2012,570,2022,670,100,16.4,20
39,Ohio,43-4031,Court  Municipal  and License Clerks,2012,6230,2022,6830,600,9.6,160
39,Ohio,27-1012,Craft Artists,2012,330,2022,320,-10,-2.1,10
39,Ohio,53-7021,Crane and Tower Operators,2012,1930,2022,2050,120,6,80
39,Ohio,13-2041,Credit Analysts,2012,3140,2022,3320,180,5.8,100
39,Ohio,13-2071,Credit Counselors,2012,1190,2022,1380,190,16.4,40
39,Ohio,25-1111,Criminal Justice and Law Enforcement Teachers  Postsecondary,2012,1010,2022,1150,140,14.1,30
39,Ohio,33-9091,Crossing Guards,2012,2020,2022,2020,0,-0.1,30
39,Ohio,51-9021,Crushing  Grinding  and Polishing Machine Setters  Operators  and Tenders,2012,1070,2022,1030,-40,-3.1,30
39,Ohio,25-4012,Curators,2012,350,2022,390,40,12,10
39,Ohio,43-4051,Customer Service Representatives,2012,80130,2022,86570,6440,8,2820
39,Ohio,51-9031,Cutters and Trimmers  Hand,2012,590,2022,530,-60,-9.8,10
39,Ohio,51-9032,Cutting and Slicing Machine Setters  Operators  and Tenders,2012,2140,2022,1860,-280,-13.3,40
39,Ohio,51-4031,Cutting  Punching  and Press Machine Setters  Operators  and Tenders  Metal and Plastic,2012,16320,2022,14930,-1390,-8.5,140
39,Ohio,43-9021,Data Entry Keyers,2012,7590,2022,5720,-1870,-24.7,90
39,Ohio,15-1141,Database Administrators,2012,4510,2022,5100,590,12.9,140
39,Ohio,41-9011,Demonstrators and Product Promoters,2012,3800,2022,4640,840,22,190
39,Ohio,31-9091,Dental Assistants,2012,9710,2022,10940,1230,12.6,320
39,Ohio,29-2021,Dental Hygienists,2012,8070,2022,9680,1610,20,370
39,Ohio,51-9081,Dental Laboratory Technicians,2012,1210,2022,1230,20,1.4,40
39,Ohio,29-1029,Dentists  All Other Specialists,2012,530,2022,570,40,8.1,20
39,Ohio,29-1021,Dentists  General,2012,4970,2022,5210,240,4.8,150
39,Ohio,47-5011,Derrick Operators  Oil and Gas,2012,120,2022,140,20,16.5,10
39,Ohio,27-1029,Designers  All Other,2012,190,2022,210,20,9.9,10
39,Ohio,43-9031,Desktop Publishers,2012,490,2022,460,-30,-6.9,10
39,Ohio,33-3021,Detectives and Criminal Investigators,2012,2350,2022,2340,-10,-0.3,50
39,Ohio,29-2032,Diagnostic Medical Sonographers,2012,2380,2022,3310,930,39.2,130
39,Ohio,29-2051,Dietetic Technicians,2012,490,2022,550,60,12.2,10
39,Ohio,29-1031,Dietitians and Nutritionists,2012,3060,2022,3520,460,15.2,80
39,Ohio,35-9011,Dining Room and Cafeteria Attendants and Bartender Helpers,2012,11870,2022,12600,730,6.2,590
39,Ohio,21-2021,Directors  Religious Activities and Education,2012,5710,2022,6130,420,7.5,240
39,Ohio,35-9021,Dishwashers,2012,15910,2022,16670,760,4.8,780
39,Ohio,43-5032,Dispatchers  Except Police  Fire  and Ambulance,2012,6580,2022,7170,590,9,250
39,Ohio,41-9091,Door-to-Door Sales Workers  News and Street Vendors  and Related Workers,2012,2340,2022,2080,-260,-11.1,20
39,Ohio,17-3019,Drafters  All Other,2012,780,2022,870,90,11.3,20
39,Ohio,51-4032,Drilling and Boring Machine Tool Setters  Operators  and Tenders  Metal and Plastic,2012,1580,2022,1210,-370,-23.6,30
39,Ohio,53-3031,Driver/Sales Workers,2012,22990,2022,24450,1460,6.3,510
39,Ohio,47-2081,Drywall and Ceiling Tile Installers,2012,1190,2022,1350,160,13.2,30
39,Ohio,47-5021,Earth Drillers  Except Oil and Gas,2012,370,2022,460,90,25.8,20
39,Ohio,25-1063,Economics Teachers  Postsecondary,2012,540,2022,630,90,15.1,20
39,Ohio,19-3011,Economists,2012,140,2022,140,0,2.9,0
39,Ohio,27-3041,Editors,2012,4300,2022,4320,20,0.6,110
39,Ohio,Nov-32,Education Administrators  Elementary and Secondary School,2012,8110,2022,8630,520,6.4,270
39,Ohio,Nov-33,Education Administrators  Postsecondary,2012,4220,2022,4880,660,15.5,180
39,Ohio,Nov-31,Education Administrators  Preschool and Childcare Center/Program,2012,3120,2022,3640,520,16.9,140
39,Ohio,25-1081,Education Teachers  Postsecondary,2012,2850,2022,3300,450,15.6,90
39,Ohio,25-9099,Education  Training  and Library Workers  All Other,2012,2680,2022,2860,180,6.9,40
39,Ohio,21-1012,Educational  Guidance  School  and Vocational Counselors,2012,8360,2022,9370,1010,12.1,280
39,Ohio,49-2092,Electric Motor  Power Tool  and Related Repairers,2012,630,2022,570,-60,-9.2,10
39,Ohio,51-2022,Electrical and Electronic Equipment Assemblers,2012,7860,2022,7330,-530,-6.7,100
39,Ohio,17-3012,Electrical and Electronics Drafters,2012,630,2022,670,40,6.7,10
39,Ohio,17-3023,Electrical and Electronics Engineering Technicians,2012,4180,2022,4230,50,1.2,90
39,Ohio,49-2093,Electrical and Electronics Installers and Repairers  Transportation Equipment,2012,370,2022,350,-20,-6.2,10
39,Ohio,49-2094,Electrical and Electronics Repairers  Commercial and Industrial Equipment,2012,2080,2022,2060,-20,-1.2,40
39,Ohio,49-2095,Electrical and Electronics Repairers  Powerhouse  Substation  and Relay,2012,1030,2022,990,-40,-4.6,20
39,Ohio,17-2071,Electrical Engineers,2012,5620,2022,5860,240,4.3,150
39,Ohio,49-9051,Electrical Power-Line Installers and Repairers,2012,3970,2022,4310,340,8.5,170
39,Ohio,47-2111,Electricians,2012,21390,2022,24820,3430,16,750
39,Ohio,51-2023,Electromechanical Equipment Assemblers,2012,2200,2022,2040,-160,-7.1,30
39,Ohio,17-3024,Electro-Mechanical Technicians,2012,590,2022,560,-30,-4.4,10
39,Ohio,49-2096,Electronic Equipment Installers and Repairers  Motor Vehicles,2012,330,2022,330,0,-0.3,0
39,Ohio,49-2097,Electronic Home Entertainment Equipment Installers and Repairers,2012,960,2022,1080,120,12.7,50
39,Ohio,17-2072,Electronics Engineers  Except Computer,2012,3870,2022,3940,70,1.7,90
39,Ohio,25-2021,Elementary School Teachers  Except Special Education,2012,48120,2022,54440,6320,13.1,1690
39,Ohio,47-4021,Elevator Installers and Repairers,2012,820,2022,1020,200,23.6,30
39,Ohio,43-4061,Eligibility Interviewers  Government Programs,2012,4730,2022,4930,200,4.3,120
39,Ohio,39-4011,Embalmers,2012,120,2022,100,-20,-15.4,0
39,Ohio,Nov-61,Emergency Management Directors,2012,290,2022,300,10,2.8,10
39,Ohio,29-2041,Emergency Medical Technicians and Paramedics,2012,9590,2022,11480,1890,19.7,450
39,Ohio,51-2031,Engine and Other Machine Assemblers,2012,2690,2022,2790,100,3.5,50
39,Ohio,25-1032,Engineering Teachers  Postsecondary,2012,1400,2022,1580,180,12.7,40
39,Ohio,17-3029,Engineering Technicians  Except Drafters  All Other,2012,3200,2022,3100,-100,-3.1,70
39,Ohio,17-2199,Engineers  All Other,2012,6540,2022,6460,-80,-1.2,120
39,Ohio,25-1123,English Language and Literature Teachers  Postsecondary,2012,3240,2022,3670,430,13.1,90
39,Ohio,17-3025,Environmental Engineering Technicians,2012,250,2022,280,30,10.7,10
39,Ohio,17-2081,Environmental Engineers,2012,1000,2022,1110,110,11,40
39,Ohio,19-4091,Environmental Science and Protection Technicians  Including Health,2012,1210,2022,1390,180,14.7,70
39,Ohio,25-1053,Environmental Science Teachers  Postsecondary,2012,240,2022,270,30,14.2,10
39,Ohio,19-2041,Environmental Scientists and Specialists  Including Health,2012,2560,2022,2800,240,9.3,100
39,Ohio,19-1041,Epidemiologists,2012,110,2022,110,0,0,0
39,Ohio,51-9194,Etchers and Engravers,2012,670,2022,620,-50,-6.4,20
39,Ohio,53-7032,Excavating and Loading Machine and Dragline Operators,2012,1260,2022,1280,20,1.4,10
39,Ohio,43-6011,Executive Secretaries and Executive Administrative Assistants,2012,30510,2022,29340,-1170,-3.9,370
39,Ohio,29-1128,Exercise Physiologists,2012,660,2022,680,20,4,10
39,Ohio,51-4021,Extruding and Drawing Machine Setters  Operators  and Tenders  Metal and Plastic,2012,5390,2022,4580,-810,-15.1,100
39,Ohio,51-6091,Extruding and Forming Machine Setters  Operators  and Tenders  Synthetic and Glass Fibers,2012,950,2022,810,-140,-15.2,20
39,Ohio,51-9041,Extruding  Forming  Pressing  and Compacting Machine Setters  Operators  and Tenders,2012,4760,2022,4180,-580,-12.2,130
39,Ohio,51-6092,Fabric and Apparel Patternmakers,2012,120,2022,140,20,19.8,0
39,Ohio,29-1062,Family and General Practitioners,2012,4620,2022,5040,420,9.2,160
39,Ohio,25-9021,Farm and Home Management Advisors,2012,110,2022,130,20,16.2,0
39,Ohio,49-3041,Farm Equipment Mechanics and Service Technicians,2012,940,2022,1040,100,10.8,40
39,Ohio,45-2092,Farmworkers and Laborers  Crop  Nursery  and Greenhouse,2012,9070,2022,8440,-630,-6.9,280
39,Ohio,45-2093,Farmworkers  Farm  Ranch  and Aquacultural Animals,2012,1160,2022,1170,10,0.3,40
39,Ohio,27-1022,Fashion Designers,2012,520,2022,600,80,15.9,20
39,Ohio,51-2091,Fiberglass Laminators and Fabricators,2012,1060,2022,1090,30,2.8,20
39,Ohio,43-4071,File Clerks,2012,5310,2022,5060,-250,-4.7,120
39,Ohio,27-4032,Film and Video Editors,2012,430,2022,440,10,3,0
39,Ohio,13-2051,Financial Analysts,2012,8390,2022,9210,820,9.7,290
39,Ohio,43-3099,Financial Clerks  All Other,2012,1640,2022,1740,100,5.7,60
39,Ohio,Nov-31,Financial Managers,2012,19640,2022,20720,1080,5.5,480
39,Ohio,13-2099,Financial Specialists  All Other,2012,5090,2022,5120,30,0.5,60
39,Ohio,27-1013,Fine Artists  Including Painters  Sculptors  and Illustrators,2012,470,2022,460,-10,-2.8,10
39,Ohio,33-2021,Fire Inspectors and Investigators,2012,370,2022,380,10,2.7,10
39,Ohio,33-2011,Firefighters,2012,18470,2022,19280,810,4.4,590
39,Ohio,47-1011,First-Line Supervisors of Construction Trades and Extraction Workers,2012,12640,2022,14820,2180,17.2,350
39,Ohio,33-1011,First-Line Supervisors of Correctional Officers,2012,740,2022,730,-10,-1.2,30
39,Ohio,45-1011,First-Line Supervisors of Farming  Fishing  and Forestry Workers,2012,530,2022,510,-20,-3.6,10
39,Ohio,33-1021,First-Line Supervisors of Fire Fighting and Prevention Workers,2012,2540,2022,2650,110,4.2,120
39,Ohio,35-1012,First-Line Supervisors of Food Preparation and Serving Workers,2012,33460,2022,37430,3970,11.9,1340
39,Ohio,53-1021,First-Line Supervisors of Helpers  Laborers  and Material Movers  Hand,2012,7110,2022,7660,550,7.7,250
39,Ohio,37-1011,First-Line Supervisors of Housekeeping and Janitorial Workers,2012,7920,2022,8770,850,10.7,270
39,Ohio,37-1012,First-Line Supervisors of Landscaping  Lawn Service  and Groundskeeping Workers,2012,6900,2022,7500,600,8.6,140
39,Ohio,49-1011,First-Line Supervisors of Mechanics  Installers  and Repairers,2012,15760,2022,16770,1010,6.4,530
39,Ohio,41-1012,First-Line Supervisors of Non-Retail Sales Workers,2012,13300,2022,13250,-50,-0.4,170
39,Ohio,43-1011,First-Line Supervisors of Office and Administrative Support Workers,2012,43370,2022,47210,3840,8.9,1410
39,Ohio,39-1021,First-Line Supervisors of Personal Service Workers,2012,5810,2022,6160,350,5.9,140
39,Ohio,33-1012,First-Line Supervisors of Police and Detectives,2012,2780,2022,2880,100,3.5,90
39,Ohio,51-1011,First-Line Supervisors of Production and Operating Workers,2012,29590,2022,28910,-680,-2.3,420
39,Ohio,33-1099,First-Line Supervisors of Protective Service Workers  All Other,2012,1890,2022,1990,100,5.1,50
39,Ohio,41-1011,First-Line Supervisors of Retail Sales Workers,2012,57100,2022,56250,-850,-1.5,1240
39,Ohio,53-1031,First-Line Supervisors of Transportation and Material-Moving Machine and Vehicle Operators,2012,8840,2022,9350,510,5.7,290
39,Ohio,33-3031,Fish and Game Wardens,2012,140,2022,130,-10,-6.9,0
39,Ohio,39-9031,Fitness Trainers and Aerobics Instructors,2012,8130,2022,8560,430,5.2,140
39,Ohio,53-2031,Flight Attendants,2012,370,2022,390,20,4.6,10
39,Ohio,47-2042,Floor Layers  Except Carpet  Wood  and Hard Tiles,2012,520,2022,580,60,12,20
39,Ohio,27-1023,Floral Designers,2012,2100,2022,2010,-90,-4,60
39,Ohio,51-3091,Food and Tobacco Roasting  Baking  and Drying Machine Operators and Tenders,2012,300,2022,290,-10,-2.4,10
39,Ohio,51-3092,Food Batchmakers,2012,4200,2022,4000,-200,-4.7,140
39,Ohio,51-3093,Food Cooking Machine Operators and Tenders,2012,1500,2022,1530,30,2.1,40
39,Ohio,35-9099,Food Preparation and Serving Related Workers  All Other,2012,990,2022,1080,90,9.2,60
39,Ohio,35-2021,Food Preparation Workers,2012,24610,2022,25140,530,2.1,760
39,Ohio,51-3099,Food Processing Workers  All Other,2012,960,2022,1010,50,5.6,30
39,Ohio,19-1012,Food Scientists and Technologists,2012,640,2022,660,20,3.9,20
39,Ohio,35-3041,Food Servers  Nonrestaurant,2012,14360,2022,17350,2990,20.9,720
39,Ohio,Nov-51,Food Service Managers,2012,14730,2022,14730,0,0,260
39,Ohio,25-1124,Foreign Language and Literature Teachers  Postsecondary,2012,1390,2022,1620,230,16.2,40
39,Ohio,19-4092,Forensic Science Technicians,2012,310,2022,310,0,0.6,10
39,Ohio,19-4093,Forest and Conservation Technicians,2012,310,2022,310,0,0,10
39,Ohio,45-4011,Forest and Conservation Workers,2012,70,2022,70,0,9.2,0
39,Ohio,33-2022,Forest Fire Inspectors and Prevention Specialists,2012,40,2022,40,0,5.7,0
39,Ohio,19-1032,Foresters,2012,150,2022,170,20,8.5,10
39,Ohio,51-4022,Forging Machine Setters  Operators  and Tenders  Metal and Plastic,2012,1700,2022,1460,-240,-14.3,30
39,Ohio,51-4071,Foundry Mold and Coremakers,2012,1550,2022,1320,-230,-14.8,20
39,Ohio,13-1131,Fundraisers,2012,3470,2022,4000,530,15.3,120
39,Ohio,39-4021,Funeral Attendants,2012,2640,2022,2710,70,2.7,60
39,Ohio,Nov-61,Funeral Service Managers,2012,210,2022,240,30,14.2,10
39,Ohio,51-9051,Furnace  Kiln  Oven  Drier  and Kettle Operators and Tenders,2012,1360,2022,1250,-110,-8.6,30
39,Ohio,51-7021,Furniture Finishers,2012,590,2022,600,10,1.5,10
39,Ohio,39-3012,Gaming and Sports Book Writers and Runners,2012,330,2022,350,20,6,10
39,Ohio,43-3041,Gaming Cage Workers,2012,130,2022,140,10,5.3,0
39,Ohio,53-7071,Gas Compressor and Gas Pumping Station Operators,2012,140,2022,110,-30,-17.8,10
39,Ohio,11-1021,General and Operations Managers,2012,56910,2022,61520,4610,8.1,1530
39,Ohio,29-9092,Genetic Counselors,2012,180,2022,230,50,26.2,10
39,Ohio,25-1064,Geography Teachers  Postsecondary,2012,230,2022,250,20,11.9,10
39,Ohio,19-4041,Geological and Petroleum Technicians,2012,200,2022,220,20,10.4,10
39,Ohio,19-2042,Geoscientists  Except Hydrologists and Geographers,2012,660,2022,750,90,12.8,30
39,Ohio,47-2121,Glaziers,2012,1380,2022,1480,100,7,40
39,Ohio,45-2041,Graders and Sorters  Agricultural Products,2012,520,2022,490,-30,-6.3,10
39,Ohio,25-1191,Graduate Teaching Assistants,2012,1400,2022,1560,160,11.1,40
39,Ohio,27-1024,Graphic Designers,2012,9960,2022,10880,920,9.2,360
39,Ohio,51-9022,Grinding and Polishing Workers  Hand,2012,1320,2022,1300,-20,-1.1,40
39,Ohio,51-4033,Grinding  Lapping  Polishing  and Buffing Machine Tool Setters  Operators  and Tenders  Metal and Plastic,2012,5080,2022,4270,-810,-16,110
39,Ohio,37-3019,Grounds Maintenance Workers  All Other,2012,300,2022,320,20,6.3,10
39,Ohio,39-5012,Hairdressers  Hairstylists  and Cosmetologists,2012,33370,2022,36530,3160,9.5,1100
39,Ohio,47-4041,Hazardous Materials Removal Workers,2012,1990,2022,2220,230,11.2,70
39,Ohio,17-2111,Health and Safety Engineers  Except Mining Safety Engineers and Inspectors,2012,750,2022,860,110,14,30
39,Ohio,29-1199,Health Diagnosing and Treating Practitioners  All Other,2012,990,2022,1020,30,3.5,20
39,Ohio,21-1091,Health Educators,2012,1810,2022,2090,280,15.1,70
39,Ohio,25-1071,Health Specialties Teachers  Postsecondary,2012,7090,2022,9710,2620,37,370
39,Ohio,29-2099,Health Technologists and Technicians  All Other,2012,5250,2022,6250,1000,19.1,150
39,Ohio,29-9099,Healthcare Practitioners and Technical Workers  All Other,2012,1250,2022,1380,130,10.3,50
39,Ohio,21-1022,Healthcare Social Workers,2012,6670,2022,8210,1540,23.1,300
39,Ohio,31-9099,Healthcare Support Workers  All Other,2012,2840,2022,3150,310,11.1,90
39,Ohio,29-2092,Hearing Aid Specialists,2012,160,2022,200,40,19.6,10
39,Ohio,51-4191,Heat Treating Equipment Setters  Operators  and Tenders  Metal and Plastic,2012,2030,2022,2020,-10,-0.6,40
39,Ohio,49-9021,Heating  Air Conditioning  and Refrigeration Mechanics and Installers,2012,9090,2022,10910,1820,20,410
39,Ohio,53-3032,Heavy and Tractor-Trailer Truck Drivers,2012,70010,2022,75650,5640,8.1,1680
39,Ohio,47-3019,Helpers  Construction Trades  All Other,2012,440,2022,540,100,21.8,20
39,Ohio,47-3011,Helpers--Brickmasons  Blockmasons  Stonemasons  and Tile and Marble Setters,2012,870,2022,1120,250,27.9,40
39,Ohio,47-3012,Helpers--Carpenters,2012,600,2022,720,120,19.1,20
39,Ohio,47-3013,Helpers--Electricians,2012,1120,2022,1510,390,35.1,60
39,Ohio,49-9098,Helpers--Installation  Maintenance  and Repair Workers,2012,2370,2022,2580,210,8.6,90
39,Ohio,47-3014,Helpers--Painters  Paperhangers  Plasterers  and Stucco Masons,2012,120,2022,120,0,3.5,0
39,Ohio,47-3015,Helpers--Pipelayers  Plumbers  Pipefitters  and Steamfitters,2012,620,2022,780,160,25.7,30
39,Ohio,51-9198,Helpers--Production Workers,2012,22380,2022,23630,1250,5.6,510
39,Ohio,47-3016,Helpers--Roofers,2012,230,2022,230,0,1.8,0
39,Ohio,47-4051,Highway Maintenance Workers,2012,8020,2022,8280,260,3.3,150
39,Ohio,19-3093,Historians,2012,50,2022,50,0,1.9,0
39,Ohio,25-1125,History Teachers  Postsecondary,2012,930,2022,1070,140,14.5,30
39,Ohio,49-9031,Home Appliance Repairers,2012,1190,2022,1260,70,6.1,40
39,Ohio,25-1192,Home Economics Teachers  Postsecondary,2012,140,2022,150,10,10.3,0
39,Ohio,31-1011,Home Health Aides,2012,73550,2022,102370,28820,39.2,4280
39,Ohio,35-9031,Hosts and Hostesses  Restaurant  Lounge  and Coffee Shop,2012,16220,2022,16970,750,4.6,1300
39,Ohio,43-4081,Hotel  Motel  and Resort Desk Clerks,2012,6410,2022,7170,760,11.8,380
39,Ohio,43-4161,Human Resources Assistants  Except Payroll and Timekeeping,2012,4770,2022,4660,-110,-2.4,120
39,Ohio,Nov-21,Human Resources Managers,2012,3700,2022,4160,460,12.4,140
39,Ohio,13-1071,Human Resources Specialists,2012,15610,2022,16580,970,6.2,380
39,Ohio,19-2043,Hydrologists,2012,240,2022,230,-10,-5,10
39,Ohio,17-3026,Industrial Engineering Technicians,2012,3050,2022,3050,0,0.2,60
39,Ohio,17-2112,Industrial Engineers,2012,10990,2022,11390,400,3.6,360
39,Ohio,49-9041,Industrial Machinery Mechanics,2012,15370,2022,17940,2570,16.7,700
39,Ohio,Nov-51,Industrial Production Managers,2012,12570,2022,12230,-340,-2.7,230
39,Ohio,53-7051,Industrial Truck and Tractor Operators,2012,24210,2022,22930,-1280,-5.3,560
39,Ohio,19-3032,Industrial-Organizational Psychologists,2012,50,2022,70,20,60.9,0
39,Ohio,43-4199,Information and Record Clerks  All Other,2012,3230,2022,2750,-480,-14.9,70
39,Ohio,15-1122,Information Security Analysts,2012,1810,2022,2340,530,29.4,80
39,Ohio,51-9061,Inspectors  Testers  Sorters  Samplers  and Weighers,2012,23570,2022,24480,910,3.9,610
39,Ohio,49-9099,Installation  Maintenance  and Repair Workers  All Other,2012,4440,2022,4660,220,4.8,100
39,Ohio,25-9031,Instructional Coordinators,2012,4020,2022,4540,520,12.9,90
39,Ohio,47-2131,Insulation Workers  Floor  Ceiling  and Wall,2012,860,2022,1040,180,21.3,30
39,Ohio,13-1032,Insurance Appraisers  Auto Damage,2012,300,2022,290,-10,-3.7,10
39,Ohio,43-9041,Insurance Claims and Policy Processing Clerks,2012,16180,2022,17670,1490,9.2,580
39,Ohio,41-3021,Insurance Sales Agents,2012,18390,2022,20270,1880,10.2,620
39,Ohio,13-2053,Insurance Underwriters,2012,5160,2022,4830,-330,-6.4,140
39,Ohio,27-1025,Interior Designers,2012,1490,2022,1680,190,12.4,60
39,Ohio,29-1063,Internists  General,2012,2100,2022,2250,150,7.4,70
39,Ohio,27-3091,Interpreters and Translators,2012,2250,2022,3310,1060,47.6,140
39,Ohio,43-4111,Interviewers  Except Eligibility and Loan,2012,9570,2022,10370,800,8.4,260
39,Ohio,37-2011,Janitors and Cleaners  Except Maids and Housekeeping Cleaners,2012,83230,2022,90590,7360,8.8,2300
39,Ohio,51-9071,Jewelers and Precious Stone and Metal Workers,2012,1010,2022,980,-30,-2.6,20
39,Ohio,23-1012,Judicial Law Clerks,2012,450,2022,460,10,3.1,10
39,Ohio,25-2012,Kindergarten Teachers  Except Special Education,2012,5520,2022,6260,740,13.4,230
39,Ohio,13-1075,Labor Relations Specialists,2012,7490,2022,7560,70,0.9,140
39,Ohio,53-7062,Laborers and Freight  Stock  and Material Movers  Hand,2012,101050,2022,114220,13170,13,4450
39,Ohio,17-1012,Landscape Architects,2012,450,2022,510,60,13.3,20
39,Ohio,37-3011,Landscaping and Groundskeeping Workers,2012,40420,2022,43840,3420,8.5,1360
39,Ohio,51-4034,Lathe and Turning Machine Tool Setters  Operators  and Tenders  Metal and Plastic,2012,2820,2022,2420,-400,-14.3,50
39,Ohio,51-6011,Laundry and Dry-Cleaning Workers,2012,7070,2022,7700,630,8.9,270
39,Ohio,25-1112,Law Teachers  Postsecondary,2012,790,2022,940,150,18.5,30
39,Ohio,23-1011,Lawyers,2012,21160,2022,23480,2320,10.9,570
39,Ohio,51-4192,Layout Workers  Metal and Plastic,2012,380,2022,410,30,6.8,10
39,Ohio,43-6012,Legal Secretaries,2012,8030,2022,7890,-140,-1.8,100
39,Ohio,23-2099,Legal Support Workers  All Other,2012,890,2022,920,30,2.7,20
39,Ohio,11-1031,Legislators,2012,3590,2022,3750,160,4.6,90
39,Ohio,25-4021,Librarians,2012,5950,2022,6340,390,6.7,170
39,Ohio,43-4121,Library Assistants  Clerical,2012,7840,2022,8950,1110,14.2,450
39,Ohio,25-1082,Library Science Teachers  Postsecondary,2012,180,2022,200,20,12,10
39,Ohio,25-4031,Library Technicians,2012,4510,2022,4810,300,6.6,270
39,Ohio,29-2061,Licensed Practical and Licensed Vocational Nurses,2012,40970,2022,49830,8860,21.6,1890
39,Ohio,19-1099,Life Scientists  All Other,2012,190,2022,220,30,13,10
39,Ohio,19-4099,Life  Physical  and Social Science Technicians  All Other,2012,1170,2022,1260,90,7.8,60
39,Ohio,33-9092,Lifeguards  Ski Patrol  and Other Recreational Protective Service Workers,2012,7410,2022,7860,450,6.1,550
39,Ohio,53-3033,Light Truck or Delivery Services Drivers,2012,30670,2022,31680,1010,3.3,590
39,Ohio,43-4131,Loan Interviewers and Clerks,2012,8430,2022,8920,490,5.8,110
39,Ohio,13-2072,Loan Officers,2012,11270,2022,11920,650,5.7,270
39,Ohio,49-9094,Locksmiths and Safe Repairers,2012,890,2022,940,50,5.4,40
39,Ohio,53-4011,Locomotive Engineers,2012,1490,2022,1260,-230,-15.8,50
39,Ohio,Nov-81,Lodging Managers,2012,1880,2022,1870,-10,-0.5,60
39,Ohio,45-4023,Log Graders and Scalers,2012,70,2022,50,-20,-34.8,0
39,Ohio,45-4022,Logging Equipment Operators,2012,290,2022,320,30,9.2,10
39,Ohio,13-1081,Logisticians,2012,5950,2022,7050,1100,18.5,180
39,Ohio,53-7063,Machine Feeders and Offbearers,2012,4270,2022,4180,-90,-2,90
39,Ohio,51-4041,Machinists,2012,29520,2022,32130,2610,8.8,940
39,Ohio,29-2035,Magnetic Resonance Imaging Technologists,2012,1470,2022,1760,290,19.7,50
39,Ohio,37-2012,Maids and Housekeeping Cleaners,2012,42770,2022,47700,4930,11.5,1340
39,Ohio,43-9051,Mail Clerks and Mail Machine Operators  Except Postal Service,2012,4530,2022,4130,-400,-8.9,100
39,Ohio,49-9071,Maintenance and Repair Workers  General,2012,53970,2022,57320,3350,6.2,1370
39,Ohio,49-9043,Maintenance Workers  Machinery,2012,4000,2022,4230,230,5.9,70
39,Ohio,13-1111,Management Analysts,2012,23050,2022,26410,3360,14.6,690
39,Ohio,Nov-99,Managers  All Other,2012,25160,2022,26550,1390,5.5,690
39,Ohio,39-5092,Manicurists and Pedicurists,2012,1570,2022,1770,200,13,30
39,Ohio,49-9095,Manufactured Building and Mobile Home Installers,2012,160,2022,120,-40,-23.2,0
39,Ohio,13-1161,Market Research Analysts and Marketing Specialists,2012,18810,2022,24330,5520,29.4,810
39,Ohio,Nov-21,Marketing Managers,2012,5420,2022,5970,550,10.1,170
39,Ohio,21-1013,Marriage and Family Therapists,2012,400,2022,500,100,26.2,20
39,Ohio,31-9011,Massage Therapists,2012,3040,2022,3710,670,22.1,100
39,Ohio,53-7199,Material Moving Workers  All Other,2012,900,2022,1070,170,19.3,40
39,Ohio,17-2131,Materials Engineers,2012,1380,2022,1330,-50,-3.1,40
39,Ohio,19-2032,Materials Scientists,2012,620,2022,630,10,1.9,20
39,Ohio,25-1022,Mathematical Science Teachers  Postsecondary,2012,2360,2022,2650,290,12.4,70
39,Ohio,15-2021,Mathematicians,2012,50,2022,50,0,8,0
39,Ohio,51-3022,Meat  Poultry  and Fish Cutters and Trimmers,2012,2570,2022,2680,110,4.2,70
39,Ohio,49-9011,Mechanical Door Repairers,2012,1160,2022,1410,250,21.3,60
39,Ohio,17-3013,Mechanical Drafters,2012,3100,2022,2860,-240,-7.8,40
39,Ohio,17-3027,Mechanical Engineering Technicians,2012,2880,2022,2970,90,3.2,70
39,Ohio,27-4099,Media and Communication Equipment Workers  All Other,2012,220,2022,210,-10,-2.8,0
39,Ohio,27-3099,Media and Communication Workers  All Other,2012,520,2022,540,20,5.6,10
39,Ohio,29-2012,Medical and Clinical Laboratory Technicians,2012,6370,2022,7860,1490,23.4,320
39,Ohio,29-2011,Medical and Clinical Laboratory Technologists,2012,6060,2022,6690,630,10.4,220
39,Ohio,Nov-11,Medical and Health Services Managers,2012,15160,2022,17920,2760,18.2,640
39,Ohio,51-9082,Medical Appliance Technicians,2012,380,2022,380,0,1.6,10
39,Ohio,31-9092,Medical Assistants,2012,22510,2022,27130,4620,20.6,890
39,Ohio,31-9093,Medical Equipment Preparers,2012,2070,2022,2400,330,15.9,70
39,Ohio,49-9062,Medical Equipment Repairers,2012,1950,2022,2380,430,22.2,100
39,Ohio,29-2071,Medical Records and Health Information Technicians,2012,7840,2022,9130,1290,16.4,340
39,Ohio,19-1042,Medical Scientists  Except Epidemiologists,2012,2140,2022,2360,220,10.6,70
39,Ohio,43-6013,Medical Secretaries,2012,38860,2022,49330,10470,26.9,1520
39,Ohio,31-9094,Medical Transcriptionists,2012,3820,2022,4010,190,5.1,90
39,Ohio,13-1121,Meeting  Convention  and Event Planners,2012,2280,2022,2980,700,30.8,100
39,Ohio,21-1023,Mental Health and Substance Abuse Social Workers,2012,6230,2022,7500,1270,20.3,260
39,Ohio,21-1014,Mental Health Counselors,2012,4100,2022,5100,1000,24.5,190
39,Ohio,27-1026,Merchandise Displayers and Window Trimmers,2012,3020,2022,3200,180,6,100
39,Ohio,51-4199,Metal Workers and Plastic Workers  All Other,2012,1330,2022,1310,-20,-2.1,10
39,Ohio,51-4051,Metal-Refining Furnace Operators and Tenders,2012,2520,2022,2350,-170,-6.5,30
39,Ohio,43-5041,Meter Readers  Utilities,2012,1760,2022,1380,-380,-21.3,40
39,Ohio,19-1022,Microbiologists,2012,370,2022,390,20,5.3,10
39,Ohio,25-2022,Middle School Teachers  Except Special and Career/Technical Education,2012,26140,2022,29590,3450,13.2,920
39,Ohio,51-4035,Milling and Planing Machine Setters  Operators  and Tenders  Metal and Plastic,2012,1540,2022,1320,-220,-14.4,30
39,Ohio,49-9044,Millwrights,2012,2560,2022,2940,380,14.8,80
39,Ohio,47-5042,Mine Cutting and Channeling Machine Operators,2012,260,2022,230,-30,-11.5,10
39,Ohio,17-2151,Mining and Geological Engineers  Including Mining Safety Engineers,2012,140,2022,150,10,7.4,10
39,Ohio,49-3042,Mobile Heavy Equipment Mechanics  Except Engines,2012,3210,2022,3520,310,9.7,120
39,Ohio,51-4061,Model Makers  Metal and Plastic,2012,350,2022,350,0,-1.4,10
39,Ohio,51-9195,Molders  Shapers  and Casters  Except Metal and Plastic,2012,2560,2022,2720,160,6.5,100
39,Ohio,51-4072,Molding  Coremaking  and Casting Machine Setters  Operators  and Tenders  Metal and Plastic,2012,10990,2022,9450,-1540,-14,130
39,Ohio,39-4031,Morticians  Undertakers  and Funeral Directors,2012,1130,2022,1280,150,13,40
39,Ohio,39-3021,Motion Picture Projectionists,2012,240,2022,190,-50,-21.9,10
39,Ohio,49-3051,Motorboat Mechanics and Service Technicians,2012,780,2022,790,10,1.7,20
39,Ohio,49-3052,Motorcycle Mechanics,2012,520,2022,540,20,5,10
39,Ohio,27-1014,Multimedia Artists and Animators,2012,1010,2022,1070,60,5.7,30
39,Ohio,51-4081,Multiple Machine Tool Setters  Operators  and Tenders  Metal and Plastic,2012,9740,2022,8670,-1070,-11.1,190
39,Ohio,25-4013,Museum Technicians and Conservators,2012,300,2022,310,10,3.3,10
39,Ohio,27-2041,Music Directors and Composers,2012,2980,2022,3100,120,4.1,90
39,Ohio,27-2042,Musicians and Singers,2012,6940,2022,7220,280,4.1,220
39,Ohio,Nov-21,Natural Sciences Managers,2012,1080,2022,1120,40,3.7,30
39,Ohio,15-1142,Network and Computer Systems Administrators,2012,14700,2022,16160,1460,9.9,380
39,Ohio,43-4141,New Accounts Clerks,2012,1980,2022,1890,-90,-4.8,50
39,Ohio,39-2021,Nonfarm Animal Caretakers,2012,6470,2022,7370,900,14,170
39,Ohio,17-2161,Nuclear Engineers,2012,950,2022,900,-50,-5.1,20
39,Ohio,29-2033,Nuclear Medicine Technologists,2012,970,2022,1130,160,16.6,30
39,Ohio,19-4051,Nuclear Technicians,2012,440,2022,480,40,8.8,20
39,Ohio,29-1151,Nurse Anesthetists,2012,1640,2022,1950,310,19.4,60
39,Ohio,29-1171,Nurse Practitioners,2012,3970,2022,5000,1030,26,180
39,Ohio,31-1014,Nursing Assistants,2012,71180,2022,81370,10190,14.3,2370
39,Ohio,25-1072,Nursing Instructors and Teachers  Postsecondary,2012,3490,2022,4760,1270,36.4,180
39,Ohio,29-1064,Obstetricians and Gynecologists,2012,1310,2022,1410,100,7.8,40
39,Ohio,29-9011,Occupational Health and Safety Specialists,2012,2490,2022,2590,100,4.1,80
39,Ohio,29-9012,Occupational Health and Safety Technicians,2012,890,2022,950,60,6.9,30
39,Ohio,29-1122,Occupational Therapists,2012,4970,2022,6070,1100,22.1,180
39,Ohio,31-2012,Occupational Therapy Aides,2012,270,2022,340,70,26.2,10
39,Ohio,31-2011,Occupational Therapy Assistants,2012,2390,2022,3240,850,35.6,150
39,Ohio,43-9199,Office and Administrative Support Workers  All Other,2012,3500,2022,3700,200,5.7,120
39,Ohio,43-9061,Office Clerks  General,2012,102530,2022,106760,4230,4.1,2580
39,Ohio,43-9071,Office Machine Operators  Except Computer,2012,2200,2022,1930,-270,-12.4,50
39,Ohio,47-2073,Operating Engineers and Other Construction Equipment Operators,2012,12680,2022,14420,1740,13.7,460
39,Ohio,15-2031,Operations Research Analysts,2012,2840,2022,3500,660,23.4,130
39,Ohio,51-9083,Ophthalmic Laboratory Technicians,2012,780,2022,810,30,3.8,30
39,Ohio,29-2057,Ophthalmic Medical Technicians,2012,1660,2022,2050,390,23.6,60
39,Ohio,29-2081,Opticians  Dispensing,2012,3010,2022,3400,390,13.1,130
39,Ohio,29-1041,Optometrists,2012,850,2022,940,90,10.5,30
39,Ohio,29-1022,Oral and Maxillofacial Surgeons,2012,340,2022,360,20,5,10
39,Ohio,43-4151,Order Clerks,2012,9010,2022,8570,-440,-4.9,240
39,Ohio,31-1015,Orderlies,2012,1940,2022,2170,230,12,60
39,Ohio,29-1023,Orthodontists,2012,390,2022,410,20,4.7,10
39,Ohio,29-2091,Orthotists and Prosthetists,2012,410,2022,540,130,32.4,20
39,Ohio,49-3053,Outdoor Power Equipment and Other Small Engine Mechanics,2012,1340,2022,1420,80,5.7,40
39,Ohio,51-9111,Packaging and Filling Machine Operators and Tenders,2012,16830,2022,16610,-220,-1.3,400
39,Ohio,53-7064,Packers and Packagers  Hand,2012,38250,2022,41000,2750,7.2,1280
39,Ohio,47-2141,Painters  Construction and Maintenance,2012,8800,2022,10340,1540,17.5,290
39,Ohio,51-9122,Painters  Transportation Equipment,2012,1320,2022,1450,130,10,40
39,Ohio,51-9123,Painting  Coating  and Decorating Workers,2012,640,2022,630,-10,-2,10
39,Ohio,51-9196,Paper Goods Machine Setters  Operators  and Tenders,2012,5050,2022,4360,-690,-13.6,50
39,Ohio,47-2142,Paperhangers,2012,70,2022,80,10,11.8,0
39,Ohio,23-2011,Paralegals and Legal Assistants,2012,7280,2022,8540,1260,17.4,240
39,Ohio,33-3041,Parking Enforcement Workers,2012,350,2022,340,-10,-3.4,10
39,Ohio,53-6021,Parking Lot Attendants,2012,3670,2022,3780,110,3,190
39,Ohio,41-2022,Parts Salespersons,2012,10000,2022,10500,500,5,300
39,Ohio,51-4062,Patternmakers  Metal and Plastic,2012,440,2022,450,10,2.7,10
39,Ohio,47-2071,Paving  Surfacing  and Tamping Equipment Operators,2012,1650,2022,1930,280,17.1,50
39,Ohio,43-3051,Payroll and Timekeeping Clerks,2012,6940,2022,7480,540,7.9,210
39,Ohio,29-1065,Pediatricians  General,2012,2180,2022,2340,160,7.6,70
39,Ohio,39-9021,Personal Care Aides,2012,18550,2022,25750,7200,38.8,850
39,Ohio,39-9099,Personal Care and Service Workers  All Other,2012,1360,2022,1480,120,9.1,50
39,Ohio,37-2021,Pest Control Workers,2012,1270,2022,1450,180,14.6,50
39,Ohio,37-3012,Pesticide Handlers  Sprayers  and Applicators  Vegetation,2012,870,2022,960,90,9.5,30
39,Ohio,51-8093,Petroleum Pump System Operators  Refinery Operators  and Gaugers,2012,1500,2022,1390,-110,-7.6,60
39,Ohio,29-1051,Pharmacists,2012,11640,2022,13060,1420,12.2,420
39,Ohio,31-9095,Pharmacy Aides,2012,1570,2022,1660,90,5.6,40
39,Ohio,29-2052,Pharmacy Technicians,2012,14470,2022,16880,2410,16.6,380
39,Ohio,25-1126,Philosophy and Religion Teachers  Postsecondary,2012,1160,2022,1400,240,20.4,40
39,Ohio,31-9097,Phlebotomists,2012,4740,2022,5730,990,20.9,190
39,Ohio,27-4021,Photographers,2012,5210,2022,5410,200,3.9,80
39,Ohio,51-9151,Photographic Process Workers and Processing Machine Operators,2012,1680,2022,1560,-120,-6.7,50
39,Ohio,19-2099,Physical Scientists  All Other,2012,910,2022,1020,110,12.8,30
39,Ohio,31-2022,Physical Therapist Aides,2012,1000,2022,1280,280,28.1,50
39,Ohio,31-2021,Physical Therapist Assistants,2012,5130,2022,6690,1560,30.5,270
39,Ohio,29-1123,Physical Therapists,2012,7590,2022,9480,1890,24.9,380
39,Ohio,29-1071,Physician Assistants,2012,2110,2022,2780,670,31.7,110
39,Ohio,29-1069,Physicians and Surgeons  All Other,2012,15300,2022,17500,2200,14.4,600
39,Ohio,19-2012,Physicists,2012,680,2022,730,50,7.3,20
39,Ohio,25-1054,Physics Teachers  Postsecondary,2012,630,2022,730,100,14.7,20
39,Ohio,47-2072,Pile-Driver Operators,2012,100,2022,120,20,15.7,0
39,Ohio,47-2151,Pipelayers,2012,1880,2022,2100,220,11.6,50
39,Ohio,51-8099,Plant and System Operators  All Other,2012,280,2022,260,-20,-8.6,10
39,Ohio,47-2161,Plasterers and Stucco Masons,2012,230,2022,240,10,1.7,0
39,Ohio,51-4193,Plating and Coating Machine Setters  Operators  and Tenders  Metal and Plastic,2012,2040,2022,1880,-160,-7.7,40
39,Ohio,47-2152,Plumbers  Pipefitters  and Steamfitters,2012,12960,2022,15450,2490,19.1,410
39,Ohio,29-1081,Podiatrists,2012,830,2022,950,120,14.1,30
39,Ohio,43-5031,Police  Fire  and Ambulance Dispatchers,2012,4270,2022,4520,250,5.9,150
39,Ohio,25-1065,Political Science Teachers  Postsecondary,2012,650,2022,760,110,15.7,20
39,Ohio,43-5051,Postal Service Clerks,2012,2370,2022,1690,-680,-28.7,40
39,Ohio,43-5052,Postal Service Mail Carriers,2012,12160,2022,9310,-2850,-23.4,420
39,Ohio,43-5053,Postal Service Mail Sorters  Processors  and Processing Machine Operators,2012,4960,2022,3640,-1320,-26.5,40
39,Ohio,Nov-31,Postmasters and Mail Superintendents,2012,820,2022,650,-170,-20.8,20
39,Ohio,25-1199,Postsecondary Teachers  All Other,2012,1990,2022,2260,270,13.9,60
39,Ohio,51-4052,Pourers and Casters  Metal,2012,1370,2022,1160,-210,-15.1,20
39,Ohio,51-8012,Power Distributors and Dispatchers,2012,990,2022,990,0,0.3,30
39,Ohio,51-8013,Power Plant Operators,2012,1810,2022,1520,-290,-16.4,60
39,Ohio,49-9069,Precision Instrument and Equipment Repairers  All Other,2012,680,2022,670,-10,-1.5,20
39,Ohio,25-2011,Preschool Teachers  Except Special Education,2012,19920,2022,23430,3510,17.6,910
39,Ohio,51-6021,Pressers  Textile  Garment  and Related Materials,2012,2240,2022,2330,90,4.2,30
39,Ohio,51-5112,Printing Press Operators,2012,8980,2022,8580,-400,-4.4,160
39,Ohio,33-9021,Private Detectives and Investigators,2012,420,2022,460,40,10,20
39,Ohio,21-1092,Probation Officers and Correctional Treatment Specialists,2012,2550,2022,2460,-90,-3.5,70
39,Ohio,43-3061,Procurement Clerks,2012,2430,2022,2450,20,0.8,90
39,Ohio,27-2012,Producers and Directors,2012,1630,2022,1700,70,4.2,60
39,Ohio,51-9199,Production Workers  All Other,2012,9130,2022,9330,200,2.2,260
39,Ohio,43-5061,Production  Planning  and Expediting Clerks,2012,13980,2022,14900,920,6.6,440
39,Ohio,43-9081,Proofreaders and Copy Markers,2012,420,2022,410,-10,-2.6,10
39,Ohio,Nov-41,Property  Real Estate  and Community Association Managers,2012,10190,2022,11120,930,9.1,320
39,Ohio,33-9099,Protective Service Workers  All Other,2012,1640,2022,1820,180,11.3,130
39,Ohio,31-1013,Psychiatric Aides,2012,1360,2022,1340,-20,-1.6,30
39,Ohio,29-2053,Psychiatric Technicians,2012,510,2022,510,0,-0.8,10
39,Ohio,29-1066,Psychiatrists,2012,1350,2022,1540,190,14.3,50
39,Ohio,19-3039,Psychologists  All Other,2012,420,2022,430,10,2.9,10
39,Ohio,25-1066,Psychology Teachers  Postsecondary,2012,1390,2022,1600,210,15.2,40
39,Ohio,Nov-31,Public Relations and Fundraising Managers,2012,1750,2022,1930,180,9.9,60
39,Ohio,27-3031,Public Relations Specialists,2012,7530,2022,8360,830,11,190
39,Ohio,53-7072,Pump Operators  Except Wellhead Pumpers,2012,170,2022,170,0,1.8,10
39,Ohio,13-1023,Purchasing Agents  Except Wholesale  Retail  and Farm Products,2012,12430,2022,12370,-60,-0.5,230
39,Ohio,Nov-61,Purchasing Managers,2012,2760,2022,2760,0,0.2,60
39,Ohio,29-1124,Radiation Therapists,2012,600,2022,700,100,17.1,20
39,Ohio,27-3011,Radio and Television Announcers,2012,1570,2022,1560,-10,-1,30
39,Ohio,49-2021,Radio  Cellular  and Tower Equipment Installers and Repairs,2012,840,2022,890,50,5.9,20
39,Ohio,29-2034,Radiologic Technologists,2012,8770,2022,10170,1400,15.9,260
39,Ohio,49-3043,Rail Car Repairers,2012,860,2022,760,-100,-12,30
39,Ohio,53-4099,Rail Transportation Workers  All Other,2012,70,2022,60,-10,-11.3,0
39,Ohio,53-4031,Railroad Conductors and Yardmasters,2012,2590,2022,2170,-420,-16.2,80
39,Ohio,47-4061,Rail-Track Laying and Maintenance Equipment Operators,2012,730,2022,740,10,1.2,20
39,Ohio,41-9021,Real Estate Brokers,2012,680,2022,750,70,9.9,10
39,Ohio,41-9022,Real Estate Sales Agents,2012,6840,2022,7500,660,9.6,130
39,Ohio,43-4171,Receptionists and Information Clerks,2012,26470,2022,28180,1710,6.5,880
39,Ohio,25-1193,Recreation and Fitness Studies Teachers  Postsecondary,2012,640,2022,720,80,13.1,20
39,Ohio,39-9032,Recreation Workers,2012,14250,2022,15750,1500,10.5,320
39,Ohio,29-1125,Recreational Therapists,2012,450,2022,490,40,9.2,10
39,Ohio,49-3092,Recreational Vehicle Service Technicians,2012,440,2022,470,30,6.9,20
39,Ohio,49-9045,Refractory Materials Repairers  Except Brickmasons,2012,270,2022,290,20,7.3,10
39,Ohio,53-7081,Refuse and Recyclable Material Collectors,2012,6300,2022,6460,160,2.5,150
39,Ohio,29-1141,Registered Nurses,2012,122760,2022,141670,18910,15.4,4270
39,Ohio,21-1015,Rehabilitation Counselors,2012,6100,2022,6820,720,11.9,200
39,Ohio,47-2171,Reinforcing Iron and Rebar Workers,2012,560,2022,610,50,8.9,20
39,Ohio,21-2099,Religious Workers  All Other,2012,2590,2022,2790,200,7.8,80
39,Ohio,27-3022,Reporters and Correspondents,2012,2470,2022,2140,-330,-13.3,80
39,Ohio,43-4181,Reservation and Transportation Ticket Agents and Travel Clerks,2012,2810,2022,2440,-370,-12.9,40
39,Ohio,39-9041,Residential Advisors,2012,2370,2022,2790,420,18,150
39,Ohio,29-1126,Respiratory Therapists,2012,5730,2022,6620,890,15.5,170
39,Ohio,29-2054,Respiratory Therapy Technicians,2012,360,2022,420,60,15.7,10
39,Ohio,41-2031,Retail Salespersons,2012,151690,2022,154520,2830,1.9,5470
39,Ohio,49-9096,Riggers,2012,120,2022,160,40,30.9,10
39,Ohio,47-5051,Rock Splitters  Quarry,2012,80,2022,80,0,-7.4,0
39,Ohio,51-4023,Rolling Machine Setters  Operators  and Tenders  Metal and Plastic,2012,4950,2022,4790,-160,-3.3,100
39,Ohio,47-2181,Roofers,2012,6120,2022,6480,360,5.8,160
39,Ohio,47-5012,Rotary Drill Operators  Oil and Gas,2012,100,2022,120,20,15.4,10
39,Ohio,47-5071,Roustabouts  Oil and Gas,2012,360,2022,410,50,13.5,20
39,Ohio,53-5011,Sailors and Marine Oilers,2012,290,2022,300,10,3.1,10
39,Ohio,41-9099,Sales and Related Workers  All Other,2012,5030,2022,5320,290,5.8,130
39,Ohio,41-9031,Sales Engineers,2012,2910,2022,3180,270,9.4,80
39,Ohio,Nov-22,Sales Managers,2012,14450,2022,15400,950,6.5,410
39,Ohio,41-3099,Sales Representatives  Services  All Other,2012,26720,2022,30460,3740,14,1100
39,Ohio,41-4012,Sales Representatives  Wholesale and Manufacturing  Except Technical and Scientific Products,2012,50350,2022,54400,4050,8,1390
39,Ohio,41-4011,Sales Representatives  Wholesale and Manufacturing  Technical and Scientific Products,2012,23130,2022,25580,2450,10.6,700
39,Ohio,51-7041,Sawing Machine Setters  Operators  and Tenders  Wood,2012,1230,2022,1490,260,20.9,60
39,Ohio,25-2031,Secondary School Teachers  Except Special and Career/Technical Education,2012,39400,2022,41870,2470,6.3,1320
39,Ohio,43-6014,Secretaries and Administrative Assistants  Except Legal  Medical  and Executive,2012,69620,2022,77120,7500,10.8,1590
39,Ohio,41-3031,Securities  Commodities  and Financial Services Sales Agents,2012,13150,2022,13850,700,5.3,380
39,Ohio,49-2098,Security and Fire Alarm Systems Installers,2012,2090,2022,2320,230,10.9,70
39,Ohio,33-9032,Security Guards,2012,31560,2022,34490,2930,9.3,780
39,Ohio,25-3021,Self-Enrichment Education Teachers,2012,11260,2022,12740,1480,13.1,340
39,Ohio,51-9012,Separating  Filtering  Clarifying  Precipitating  and Still Machine Setters  Operators  and Tenders,2012,1490,2022,1420,-70,-4.6,50
39,Ohio,47-4071,Septic Tank Servicers and Sewer Pipe Cleaners,2012,1040,2022,1300,260,25.4,50
39,Ohio,47-5013,Service Unit Operators  Oil  Gas  and Mining,2012,310,2022,370,60,18.8,20
39,Ohio,27-1027,Set and Exhibit Designers,2012,200,2022,210,10,6.6,10
39,Ohio,51-6051,Sewers  Hand,2012,210,2022,210,0,0,0
39,Ohio,51-6031,Sewing Machine Operators,2012,4750,2022,4490,-260,-5.4,20
39,Ohio,47-2211,Sheet Metal Workers,2012,4220,2022,4810,590,13.9,140
39,Ohio,43-5071,Shipping  Receiving  and Traffic Clerks,2012,34080,2022,34730,650,1.9,960
39,Ohio,51-6041,Shoe and Leather Workers and Repairers,2012,190,2022,170,-20,-7.6,0
39,Ohio,49-9097,Signal and Track Switch Repairers,2012,490,2022,450,-40,-7.8,10
39,Ohio,39-5094,Skincare Specialists,2012,1470,2022,2030,560,37.7,70
39,Ohio,51-3023,Slaughterers and Meat Packers,2012,2870,2022,2750,-120,-4.4,70
39,Ohio,Nov-51,Social and Community Service Managers,2012,4520,2022,5210,690,15.2,160
39,Ohio,21-1093,Social and Human Service Assistants,2012,11490,2022,13210,1720,15,470
39,Ohio,19-4061,Social Science Research Assistants,2012,210,2022,250,40,19.6,10
39,Ohio,25-1069,Social Sciences Teachers  Postsecondary  All Other,2012,320,2022,370,50,14.2,10
39,Ohio,19-3099,Social Scientists and Related Workers  All Other,2012,1410,2022,1300,-110,-7.5,20
39,Ohio,25-1113,Social Work Teachers  Postsecondary,2012,590,2022,670,80,13.9,20
39,Ohio,21-1029,Social Workers  All Other,2012,2920,2022,3130,210,7.2,80
39,Ohio,19-3041,Sociologists,2012,50,2022,50,0,6,0
39,Ohio,25-1067,Sociology Teachers  Postsecondary,2012,740,2022,850,110,13.7,20
39,Ohio,15-1132,Software Developers  Applications,2012,24810,2022,29530,4720,19,790
39,Ohio,15-1133,Software Developers  Systems Software,2012,5630,2022,6140,510,9.1,120
39,Ohio,19-1013,Soil and Plant Scientists,2012,170,2022,180,10,9.7,10
39,Ohio,27-4014,Sound Engineering Technicians,2012,200,2022,230,30,13.4,10
39,Ohio,25-2059,Special Education Teachers  All Other,2012,1520,2022,1650,130,8.7,40
39,Ohio,25-2052,Special Education Teachers  Kindergarten and Elementary School,2012,8660,2022,9210,550,6.3,200
39,Ohio,25-2053,Special Education Teachers  Middle School,2012,4750,2022,5030,280,6,110
39,Ohio,25-2051,Special Education Teachers  Preschool,2012,690,2022,740,50,6.6,20
39,Ohio,25-2054,Special Education Teachers  Secondary School,2012,6550,2022,6890,340,5.3,150
39,Ohio,29-1127,Speech-Language Pathologists,2012,5560,2022,6480,920,16.6,180
39,Ohio,51-8021,Stationary Engineers and Boiler Operators,2012,1250,2022,1280,30,2.7,40
39,Ohio,43-9111,Statistical Assistants,2012,650,2022,700,50,7.4,20
39,Ohio,15-2041,Statisticians,2012,870,2022,1130,260,30.1,50
39,Ohio,43-5081,Stock Clerks and Order Fillers,2012,74200,2022,70280,-3920,-5.3,2240
39,Ohio,47-2022,Stonemasons,2012,50,2022,50,0,2,0
39,Ohio,47-2221,Structural Iron and Steel Workers,2012,2000,2022,2240,240,12,90
39,Ohio,51-2041,Structural Metal Fabricators and Fitters,2012,2920,2022,3200,280,9.8,150
39,Ohio,21-1011,Substance Abuse and Behavioral Disorder Counselors,2012,2350,2022,2930,580,24.7,110
39,Ohio,29-1067,Surgeons,2012,2400,2022,2820,420,17.4,100
39,Ohio,29-2055,Surgical Technologists,2012,3740,2022,4640,900,24,130
39,Ohio,19-3022,Survey Researchers,2012,240,2022,280,40,18.2,10
39,Ohio,17-3031,Surveying and Mapping Technicians,2012,1290,2022,1440,150,11.5,40
39,Ohio,17-1022,Surveyors,2012,1110,2022,1190,80,6.8,30
39,Ohio,43-2011,Switchboard Operators  Including Answering Service,2012,4780,2022,4130,-650,-13.6,90
39,Ohio,51-6052,Tailors  Dressmakers  and Custom Sewers,2012,1730,2022,1610,-120,-6.8,20
39,Ohio,53-7121,Tank Car  Truck  and Ship Loaders,2012,90,2022,100,10,14.4,0
39,Ohio,47-2082,Tapers,2012,290,2022,330,40,14.4,10
39,Ohio,13-2081,Tax Examiners and Collectors  and Revenue Agents,2012,1820,2022,1690,-130,-7,60
39,Ohio,13-2082,Tax Preparers,2012,3550,2022,3890,340,9.4,110
39,Ohio,53-3041,Taxi Drivers and Chauffeurs,2012,7230,2022,8800,1570,21.7,240
39,Ohio,25-9041,Teacher Assistants,2012,37500,2022,41040,3540,9.5,1210
39,Ohio,51-2092,Team Assemblers,2012,64850,2022,68950,4100,6.3,1440
39,Ohio,27-3042,Technical Writers,2012,1160,2022,1280,120,10.2,50
39,Ohio,49-2022,Telecommunications Equipment Installers and Repairers  Except Line Installers,2012,7680,2022,8170,490,6.4,150
39,Ohio,49-9052,Telecommunications Line Installers and Repairers,2012,2340,2022,2650,310,13.5,90
39,Ohio,41-9041,Telemarketers,2012,21830,2022,24410,2580,11.8,710
39,Ohio,43-3071,Tellers,2012,22120,2022,21860,-260,-1.2,1030
39,Ohio,51-6062,Textile Cutting Machine Setters  Operators  and Tenders,2012,70,2022,70,0,-6.9,0
39,Ohio,51-6063,Textile Knitting and Weaving Machine Setters  Operators  and Tenders,2012,140,2022,110,-30,-20.6,0
39,Ohio,51-6064,Textile Winding  Twisting  and Drawing Out Machine Setters  Operators  and Tenders,2012,70,2022,60,-10,-13.2,0
39,Ohio,51-6099,Textile  Apparel  and Furnishings Workers  All Other,2012,300,2022,290,-10,-1.3,0
39,Ohio,29-1129,Therapists  All Other,2012,1580,2022,1990,410,26.2,60
39,Ohio,47-2044,Tile and Marble Setters,2012,530,2022,590,60,10.7,20
39,Ohio,51-9197,Tire Builders,2012,920,2022,740,-180,-19.9,20
39,Ohio,49-3093,Tire Repairers and Changers,2012,2980,2022,3030,50,1.8,110
39,Ohio,23-2093,Title Examiners  Abstractors  and Searchers,2012,2730,2022,2990,260,9.6,70
39,Ohio,51-4111,Tool and Die Makers,2012,10290,2022,10540,250,2.4,90
39,Ohio,51-4194,Tool Grinders  Filers  and Sharpeners,2012,640,2022,600,-40,-6.4,10
39,Ohio,00-0000,Total  All Occupations,2012,5502120,2022,5957130,455010,8.3,178500
39,Ohio,Nov-31,Training and Development Managers,2012,750,2022,820,70,9.7,30
39,Ohio,13-1151,Training and Development Specialists,2012,7870,2022,8810,940,12,240
39,Ohio,53-6061,Transportation Attendants  Except Flight Attendants,2012,670,2022,740,70,10.1,20
39,Ohio,53-6051,Transportation Inspectors,2012,640,2022,680,40,5.8,30
39,Ohio,53-6099,Transportation Workers  All Other,2012,810,2022,880,70,9.1,40
39,Ohio,Nov-71,Transportation  Storage  and Distribution Managers,2012,5280,2022,5610,330,6.3,150
39,Ohio,41-3041,Travel Agents,2012,1990,2022,1810,-180,-8.9,30
39,Ohio,37-3013,Tree Trimmers and Pruners,2012,3580,2022,4160,580,16.4,150
39,Ohio,27-2023,Umpires  Referees  and Other Sports Officials,2012,310,2022,330,20,5.1,10
39,Ohio,51-6093,Upholsterers,2012,490,2022,490,0,0.2,10
39,Ohio,19-3051,Urban and Regional Planners,2012,760,2022,800,40,5.9,40
39,Ohio,39-3031,Ushers  Lobby Attendants  and Ticket Takers,2012,2390,2022,2460,70,3,130
39,Ohio,29-1131,Veterinarians,2012,2910,2022,3280,370,12.6,130
39,Ohio,31-9096,Veterinary Assistants and Laboratory Animal Caretakers,2012,3060,2022,3340,280,9,90
39,Ohio,29-2056,Veterinary Technologists and Technicians,2012,3040,2022,3940,900,29.7,120
39,Ohio,25-1194,Vocational Education Teachers  Postsecondary,2012,3620,2022,4110,490,13.6,100
39,Ohio,35-3031,Waiters and Waitresses,2012,83120,2022,86450,3330,4,4330
39,Ohio,49-9064,Watch Repairers,2012,90,2022,80,-10,-4.7,0
39,Ohio,51-8031,Water and Wastewater Treatment Plant and System Operators,2012,4490,2022,4690,200,4.4,180
39,Ohio,15-1134,Web Developers,2012,4230,2022,5040,810,19.2,150
39,Ohio,43-5111,Weighers  Measurers  Checkers  and Samplers  Recordkeeping,2012,2030,2022,2100,70,3.6,50
39,Ohio,51-4121,Welders  Cutters  Solderers  and Brazers,2012,13760,2022,14370,610,4.4,400
39,Ohio,51-4122,Welding  Soldering  and Brazing Machine Setters  Operators  and Tenders,2012,5210,2022,6420,1210,23.3,250
39,Ohio,53-7073,Wellhead Pumpers,2012,370,2022,420,50,13.8,20
39,Ohio,13-1022,Wholesale and Retail Buyers  Except Farm Products,2012,4720,2022,5110,390,8.2,160
39,Ohio,51-7099,Woodworkers  All Other,2012,1000,2022,1030,30,2.4,40
39,Ohio,43-9022,Word Processors and Typists,2012,2800,2022,2170,-630,-22.3,10
39,Ohio,27-3043,Writers and Authors,2012,3520,2022,3670,150,4.2,90
39,Ohio,19-1023,Zoologists and Wildlife Biologists,2012,190,2022,190,0,0.5,10
