STFIPS,AreaName,OccupationCode,OccupationName,BaseYear,Base,ProjYear,Proj,Change,PercentChange,AvgAnnualOpenings
40,Oklahoma,13-2011,Accountants and Auditors,2012,16420,2022,18700,2280,13.8,710
40,Oklahoma,23-1021,Administrative Law Judges  Adjudicators  and Hearing Officers,2012,170,2022,170,0,-2.4,0
40,Oklahoma,Nov-11,Administrative Services Managers,2012,4800,2022,5410,610,12.8,140
40,Oklahoma,25-3011,Adult Basic and Secondary Education and Literacy Teachers and Instructors,2012,920,2022,990,70,7.6,20
40,Oklahoma,41-3011,Advertising Sales Agents,2012,1310,2022,1250,-60,-4.3,40
40,Oklahoma,17-3021,Aerospace Engineering and Operations Technicians,2012,80,2022,70,-10,-6.5,0
40,Oklahoma,17-2011,Aerospace Engineers,2012,1030,2022,1130,100,9.6,30
40,Oklahoma,13-1011,Agents and Business Managers of Artists  Performers  and Athletes,2012,50,2022,60,10,12.2,0
40,Oklahoma,19-4011,Agricultural and Food Science Technicians,2012,310,2022,300,-10,-2.9,10
40,Oklahoma,45-2091,Agricultural Equipment Operators,2012,840,2022,850,10,1.7,30
40,Oklahoma,45-2011,Agricultural Inspectors,2012,280,2022,260,-20,-5.1,10
40,Oklahoma,25-1041,Agricultural Sciences Teachers  Postsecondary,2012,110,2022,110,0,4.6,0
40,Oklahoma,53-2021,Air Traffic Controllers,2012,330,2022,340,10,4.6,20
40,Oklahoma,53-1011,Aircraft Cargo Handling Supervisors,2012,200,2022,220,20,11.6,10
40,Oklahoma,49-3011,Aircraft Mechanics and Service Technicians,2012,5870,2022,5600,-270,-4.6,160
40,Oklahoma,51-2011,Aircraft Structure  Surfaces  Rigging  and Systems Assemblers,2012,1050,2022,1180,130,12.8,30
40,Oklahoma,53-2011,Airline Pilots  Copilots  and Flight Engineers,2012,240,2022,220,-20,-9.7,10
40,Oklahoma,39-3091,Amusement and Recreation Attendants,2012,1060,2022,1200,140,13.2,70
40,Oklahoma,29-1061,Anesthesiologists,2012,160,2022,190,30,19.6,10
40,Oklahoma,45-2021,Animal Breeders,2012,60,2022,40,-20,-27.3,0
40,Oklahoma,33-9011,Animal Control Workers,2012,280,2022,330,50,17.7,10
40,Oklahoma,19-1011,Animal Scientists,2012,60,2022,60,0,1.7,0
40,Oklahoma,39-2011,Animal Trainers,2012,520,2022,580,60,9.9,30
40,Oklahoma,13-2021,Appraisers and Assessors of Real Estate,2012,1010,2022,1090,80,8.2,20
40,Oklahoma,23-1022,Arbitrators  Mediators  and Conciliators,2012,60,2022,60,0,8.5,0
40,Oklahoma,17-1011,Architects  Except Landscape and Naval,2012,780,2022,940,160,20.2,40
40,Oklahoma,17-3011,Architectural and Civil Drafters,2012,1170,2022,1210,40,2.8,20
40,Oklahoma,25-4011,Archivists,2012,100,2022,110,10,6.7,0
40,Oklahoma,25-1062,Area  Ethnic  and Cultural Studies Teachers  Postsecondary,2012,60,2022,70,10,8.1,0
40,Oklahoma,27-1011,Art Directors,2012,250,2022,250,0,0.4,10
40,Oklahoma,25-1121,Art  Drama  and Music Teachers  Postsecondary,2012,1130,2022,1250,120,11.3,30
40,Oklahoma,51-2099,Assemblers and Fabricators  All Other,2012,1960,2022,2280,320,16.4,60
40,Oklahoma,29-9091,Athletic Trainers,2012,370,2022,420,50,14.7,20
40,Oklahoma,19-2021,Atmospheric and Space Scientists,2012,310,2022,320,10,2.9,10
40,Oklahoma,25-1051,Atmospheric  Earth  Marine  and Space Sciences Teachers  Postsecondary,2012,60,2022,70,10,6.5,0
40,Oklahoma,27-4011,Audio and Video Equipment Technicians,2012,380,2022,430,50,11.2,10
40,Oklahoma,29-1181,Audiologists,2012,140,2022,200,60,38.5,10
40,Oklahoma,25-9011,Audio-Visual and Multimedia Collections Specialists,2012,200,2022,190,-10,-3,0
40,Oklahoma,53-6031,Automotive and Watercraft Service Attendants,2012,1230,2022,1470,240,20,60
40,Oklahoma,49-3021,Automotive Body and Related Repairers,2012,2030,2022,2290,260,12.8,70
40,Oklahoma,49-3022,Automotive Glass Installers and Repairers,2012,220,2022,250,30,11.2,10
40,Oklahoma,49-3023,Automotive Service Technicians and Mechanics,2012,8700,2022,9380,680,7.8,290
40,Oklahoma,49-2091,Avionics Technicians,2012,930,2022,860,-70,-7.5,20
40,Oklahoma,39-6011,Baggage Porters and Bellhops,2012,320,2022,350,30,11.7,10
40,Oklahoma,33-3011,Bailiffs,2012,50,2022,60,10,15.4,0
40,Oklahoma,51-3011,Bakers,2012,2260,2022,2390,130,5.8,70
40,Oklahoma,39-5011,Barbers,2012,1270,2022,1360,90,7.2,40
40,Oklahoma,35-3011,Bartenders,2012,5200,2022,5970,770,14.7,270
40,Oklahoma,43-3011,Bill and Account Collectors,2012,4710,2022,5350,640,13.6,200
40,Oklahoma,43-3021,Billing and Posting Clerks,2012,5290,2022,6140,850,16.1,180
40,Oklahoma,19-1021,Biochemists and Biophysicists,2012,160,2022,190,30,20,10
40,Oklahoma,25-1042,Biological Science Teachers  Postsecondary,2012,520,2022,590,70,13.7,20
40,Oklahoma,19-1029,Biological Scientists  All Other,2012,210,2022,190,-20,-9,10
40,Oklahoma,19-4021,Biological Technicians,2012,1370,2022,1480,110,8.2,50
40,Oklahoma,17-2031,Biomedical Engineers,2012,70,2022,80,10,20,0
40,Oklahoma,47-2011,Boilermakers,2012,150,2022,140,-10,-11.2,10
40,Oklahoma,43-3031,Bookkeeping  Accounting  and Auditing Clerks,2012,33380,2022,37430,4050,12.1,710
40,Oklahoma,47-2021,Brickmasons and Blockmasons,2012,720,2022,930,210,29.1,30
40,Oklahoma,27-4012,Broadcast Technicians,2012,250,2022,250,0,-1.6,0
40,Oklahoma,43-4011,Brokerage Clerks,2012,270,2022,250,-20,-4.9,10
40,Oklahoma,13-2031,Budget Analysts,2012,750,2022,780,30,3.7,30
40,Oklahoma,37-2019,Building Cleaning Workers  All Other,2012,70,2022,90,20,27.5,0
40,Oklahoma,49-3031,Bus and Truck Mechanics and Diesel Engine Specialists,2012,4200,2022,4610,410,9.9,130
40,Oklahoma,53-3022,Bus Drivers  School or Special Client,2012,4460,2022,4320,-140,-3.2,80
40,Oklahoma,53-3021,Bus Drivers  Transit and Intercity,2012,1060,2022,1240,180,16.5,40
40,Oklahoma,13-1199,Business Operations Specialists  All Other,2012,7610,2022,7460,-150,-2,100
40,Oklahoma,25-1011,Business Teachers  Postsecondary,2012,1210,2022,1330,120,9.9,30
40,Oklahoma,51-3021,Butchers and Meat Cutters,2012,1690,2022,1620,-70,-3.9,40
40,Oklahoma,13-1021,Buyers and Purchasing Agents  Farm Products,2012,310,2022,320,10,3.5,10
40,Oklahoma,51-7011,Cabinetmakers and Bench Carpenters,2012,670,2022,710,40,5.3,10
40,Oklahoma,49-9061,Camera and Photographic Equipment Repairers,2012,50,2022,50,0,-2,0
40,Oklahoma,27-4031,Camera Operators  Television  Video  and Motion Picture,2012,290,2022,310,20,4.1,0
40,Oklahoma,29-2031,Cardiovascular Technologists and Technicians,2012,790,2022,1010,220,27.7,30
40,Oklahoma,25-2023,Career/Technical Education Teachers  Middle School,2012,280,2022,290,10,4.7,10
40,Oklahoma,25-2032,Career/Technical Education Teachers  Secondary School,2012,1080,2022,1130,50,4.3,30
40,Oklahoma,43-5011,Cargo and Freight Agents,2012,460,2022,470,10,4,10
40,Oklahoma,47-2031,Carpenters,2012,9090,2022,10550,1460,16.1,260
40,Oklahoma,47-2041,Carpet Installers,2012,150,2022,160,10,3.2,0
40,Oklahoma,17-1021,Cartographers and Photogrammetrists,2012,150,2022,180,30,26.2,10
40,Oklahoma,41-2011,Cashiers,2012,42840,2022,44030,1190,2.8,1970
40,Oklahoma,47-2051,Cement Masons and Concrete Finishers,2012,3320,2022,4040,720,21.6,110
40,Oklahoma,35-1011,Chefs and Head Cooks,2012,1700,2022,1850,150,9.1,40
40,Oklahoma,17-2041,Chemical Engineers,2012,290,2022,310,20,8.7,10
40,Oklahoma,51-9011,Chemical Equipment Operators and Tenders,2012,360,2022,380,20,6.5,10
40,Oklahoma,51-8091,Chemical Plant and System Operators,2012,340,2022,350,10,2,10
40,Oklahoma,19-4031,Chemical Technicians,2012,480,2022,540,60,14.1,20
40,Oklahoma,25-1052,Chemistry Teachers  Postsecondary,2012,350,2022,380,30,9,10
40,Oklahoma,19-2031,Chemists,2012,450,2022,480,30,4.8,10
40,Oklahoma,11-1011,Chief Executives,2012,7220,2022,7550,330,4.5,190
40,Oklahoma,21-1021,Child  Family  and School Social Workers,2012,4960,2022,5180,220,4.4,130
40,Oklahoma,39-9011,Childcare Workers,2012,11980,2022,13470,1490,12.5,500
40,Oklahoma,29-1011,Chiropractors,2012,470,2022,530,60,11.8,20
40,Oklahoma,17-3022,Civil Engineering Technicians,2012,690,2022,750,60,8.6,20
40,Oklahoma,17-2051,Civil Engineers,2012,2580,2022,3070,490,18.9,110
40,Oklahoma,13-1031,Claims Adjusters  Examiners  and Investigators,2012,4480,2022,4340,-140,-3.1,100
40,Oklahoma,53-7061,Cleaners of Vehicles and Equipment,2012,3990,2022,4280,290,7.3,140
40,Oklahoma,51-9192,Cleaning  Washing  and Metal Pickling Equipment Operators and Tenders,2012,210,2022,210,0,1.5,10
40,Oklahoma,21-2011,Clergy,2012,820,2022,890,70,8.7,20
40,Oklahoma,19-3031,Clinical  Counseling  and School Psychologists,2012,1440,2022,1560,120,8.8,50
40,Oklahoma,27-2022,Coaches and Scouts,2012,2860,2022,3290,430,15.4,130
40,Oklahoma,51-9121,Coating  Painting  and Spraying Machine Setters  Operators  and Tenders,2012,1350,2022,1440,90,6.8,30
40,Oklahoma,51-2021,Coil Winders  Tapers  and Finishers,2012,170,2022,160,-10,-5.2,0
40,Oklahoma,49-9091,Coin  Vending  and Amusement Machine Servicers and Repairers,2012,970,2022,1040,70,7,20
40,Oklahoma,35-3021,Combined Food Preparation and Serving Workers  Including Fast Food,2012,28770,2022,34970,6200,21.6,1720
40,Oklahoma,27-1021,Commercial and Industrial Designers,2012,230,2022,240,10,3,10
40,Oklahoma,53-2012,Commercial Pilots,2012,360,2022,380,20,5.8,10
40,Oklahoma,25-1122,Communications Teachers  Postsecondary,2012,470,2022,510,40,8.7,10
40,Oklahoma,21-1094,Community Health Workers,2012,970,2022,1120,150,15.5,40
40,Oklahoma,Nov-11,Compensation and Benefits Managers,2012,400,2022,430,30,7.3,10
40,Oklahoma,13-1141,Compensation  Benefits  and Job Analysis Specialists,2012,830,2022,860,30,3.5,20
40,Oklahoma,13-1041,Compliance Officers,2012,3190,2022,3400,210,6.7,80
40,Oklahoma,15-1111,Computer and Information Research Scientists,2012,190,2022,210,20,9.6,10
40,Oklahoma,Nov-21,Computer and Information Systems Managers,2012,2730,2022,2930,200,7.3,60
40,Oklahoma,17-2061,Computer Hardware Engineers,2012,220,2022,240,20,8.2,10
40,Oklahoma,15-1143,Computer Network Architects,2012,540,2022,600,60,11.6,10
40,Oklahoma,15-1152,Computer Network Support Specialists,2012,1840,2022,1920,80,3.9,40
40,Oklahoma,51-4012,Computer Numerically Controlled Machine Tool Programmers  Metal and Plastic,2012,180,2022,250,70,38,10
40,Oklahoma,15-1199,Computer Occupations  All Other,2012,1400,2022,1290,-110,-7.8,20
40,Oklahoma,43-9011,Computer Operators,2012,840,2022,710,-130,-16.4,10
40,Oklahoma,15-1131,Computer Programmers,2012,2670,2022,2740,70,2.7,80
40,Oklahoma,25-1021,Computer Science Teachers  Postsecondary,2012,430,2022,470,40,8.3,10
40,Oklahoma,15-1121,Computer Systems Analysts,2012,2580,2022,3100,520,20.5,90
40,Oklahoma,15-1151,Computer User Support Specialists,2012,6110,2022,7140,1030,16.9,200
40,Oklahoma,49-2011,Computer  Automated Teller  and Office Machine Repairers,2012,1040,2022,1030,-10,-1.6,20
40,Oklahoma,51-4011,Computer-Controlled Machine Tool Operators  Metal and Plastic,2012,1760,2022,2200,440,25.1,90
40,Oklahoma,39-6012,Concierges,2012,190,2022,240,50,22.3,10
40,Oklahoma,19-1031,Conservation Scientists,2012,370,2022,360,-10,-3.5,10
40,Oklahoma,47-4011,Construction and Building Inspectors,2012,980,2022,1130,150,15.3,40
40,Oklahoma,47-4099,Construction and Related Workers  All Other,2012,180,2022,200,20,12,10
40,Oklahoma,47-2061,Construction Laborers,2012,14360,2022,16990,2630,18.3,570
40,Oklahoma,Nov-21,Construction Managers,2012,7450,2022,8340,890,12,210
40,Oklahoma,47-5041,Continuous Mining Machine Operators,2012,220,2022,220,0,-1.8,0
40,Oklahoma,49-9012,Control and Valve Installers and Repairers  Except Mechanical Door,2012,770,2022,780,10,0.9,30
40,Oklahoma,53-7011,Conveyor Operators and Tenders,2012,490,2022,490,0,1.4,20
40,Oklahoma,35-2019,Cooks  All Other,2012,340,2022,390,50,15.1,10
40,Oklahoma,35-2011,Cooks  Fast Food,2012,8940,2022,9470,530,6,230
40,Oklahoma,35-2012,Cooks  Institution and Cafeteria,2012,9050,2022,9850,800,8.9,260
40,Oklahoma,35-2014,Cooks  Restaurant,2012,11930,2022,14550,2620,22,500
40,Oklahoma,35-2015,Cooks  Short Order,2012,1730,2022,1860,130,7.3,50
40,Oklahoma,51-9193,Cooling and Freezing Equipment Operators and Tenders,2012,100,2022,100,0,-4,0
40,Oklahoma,33-3012,Correctional Officers and Jailers,2012,6060,2022,6730,670,11.1,230
40,Oklahoma,43-4021,Correspondence Clerks,2012,80,2022,80,0,0,0
40,Oklahoma,13-1051,Cost Estimators,2012,1930,2022,2360,430,22.6,110
40,Oklahoma,39-3092,Costume Attendants,2012,90,2022,110,20,18.7,10
40,Oklahoma,21-1019,Counselors  All Other,2012,120,2022,150,30,23.4,10
40,Oklahoma,41-2021,Counter and Rental Clerks,2012,3900,2022,4160,260,6.7,130
40,Oklahoma,35-3022,Counter Attendants  Cafeteria  Food Concession  and Coffee Shop,2012,5740,2022,5920,180,3.3,370
40,Oklahoma,43-5021,Couriers and Messengers,2012,1090,2022,970,-120,-11.5,10
40,Oklahoma,23-2091,Court Reporters,2012,220,2022,250,30,15.7,10
40,Oklahoma,43-4031,Court  Municipal  and License Clerks,2012,1840,2022,2290,450,24.3,70
40,Oklahoma,53-7021,Crane and Tower Operators,2012,430,2022,510,80,18.5,20
40,Oklahoma,13-2041,Credit Analysts,2012,810,2022,830,20,2.5,20
40,Oklahoma,43-4041,Credit Authorizers  Checkers  and Clerks,2012,310,2022,310,0,-1.3,0
40,Oklahoma,13-2071,Credit Counselors,2012,630,2022,710,80,13.2,20
40,Oklahoma,25-1111,Criminal Justice and Law Enforcement Teachers  Postsecondary,2012,210,2022,230,20,11,10
40,Oklahoma,33-9091,Crossing Guards,2012,280,2022,290,10,5.4,10
40,Oklahoma,51-9021,Crushing  Grinding  and Polishing Machine Setters  Operators  and Tenders,2012,530,2022,500,-30,-5.5,20
40,Oklahoma,25-4012,Curators,2012,80,2022,90,10,9.5,0
40,Oklahoma,43-4051,Customer Service Representatives,2012,27430,2022,31300,3870,14.1,1130
40,Oklahoma,51-9031,Cutters and Trimmers  Hand,2012,160,2022,140,-20,-8.9,0
40,Oklahoma,51-9032,Cutting and Slicing Machine Setters  Operators  and Tenders,2012,750,2022,710,-40,-6,10
40,Oklahoma,51-4031,Cutting  Punching  and Press Machine Setters  Operators  and Tenders  Metal and Plastic,2012,2300,2022,2280,-20,-1,20
40,Oklahoma,27-2031,Dancers,2012,60,2022,60,0,5.1,0
40,Oklahoma,43-9021,Data Entry Keyers,2012,2430,2022,1780,-650,-26.7,30
40,Oklahoma,15-1141,Database Administrators,2012,930,2022,1000,70,7.2,30
40,Oklahoma,41-9011,Demonstrators and Product Promoters,2012,480,2022,540,60,13,20
40,Oklahoma,31-9091,Dental Assistants,2012,3450,2022,4160,710,20.6,140
40,Oklahoma,29-2021,Dental Hygienists,2012,2080,2022,2710,630,30.5,120
40,Oklahoma,51-9081,Dental Laboratory Technicians,2012,330,2022,330,0,-1.5,10
40,Oklahoma,29-1029,Dentists  All Other Specialists,2012,140,2022,140,0,5.1,0
40,Oklahoma,29-1021,Dentists  General,2012,1580,2022,1800,220,13.5,60
40,Oklahoma,47-5011,Derrick Operators  Oil and Gas,2012,2200,2022,2710,510,23,140
40,Oklahoma,43-9031,Desktop Publishers,2012,180,2022,170,-10,-3.4,0
40,Oklahoma,33-3021,Detectives and Criminal Investigators,2012,1790,2022,1930,140,7.4,50
40,Oklahoma,29-2032,Diagnostic Medical Sonographers,2012,860,2022,1220,360,41.1,50
40,Oklahoma,29-2051,Dietetic Technicians,2012,500,2022,570,70,14,10
40,Oklahoma,29-1031,Dietitians and Nutritionists,2012,930,2022,1130,200,21.7,30
40,Oklahoma,35-9011,Dining Room and Cafeteria Attendants and Bartender Helpers,2012,3820,2022,4310,490,12.9,220
40,Oklahoma,35-9021,Dishwashers,2012,5170,2022,5760,590,11.4,290
40,Oklahoma,43-5032,Dispatchers  Except Police  Fire  and Ambulance,2012,1860,2022,2090,230,12.2,80
40,Oklahoma,41-9091,Door-to-Door Sales Workers  News and Street Vendors  and Related Workers,2012,650,2022,540,-110,-17.4,10
40,Oklahoma,17-3019,Drafters  All Other,2012,210,2022,250,40,16.9,10
40,Oklahoma,51-4032,Drilling and Boring Machine Tool Setters  Operators  and Tenders  Metal and Plastic,2012,560,2022,490,-70,-12,10
40,Oklahoma,53-3031,Driver/Sales Workers,2012,6430,2022,7100,670,10.5,170
40,Oklahoma,47-2081,Drywall and Ceiling Tile Installers,2012,970,2022,1040,70,7.2,20
40,Oklahoma,47-5021,Earth Drillers  Except Oil and Gas,2012,1000,2022,1210,210,21.5,50
40,Oklahoma,25-1063,Economics Teachers  Postsecondary,2012,160,2022,170,10,8.9,0
40,Oklahoma,19-3011,Economists,2012,180,2022,190,10,8.5,10
40,Oklahoma,27-3041,Editors,2012,900,2022,880,-20,-1.7,20
40,Oklahoma,Nov-39,Education Administrators  All Other,2012,350,2022,360,10,2.3,10
40,Oklahoma,Nov-32,Education Administrators  Elementary and Secondary School,2012,2650,2022,2780,130,5.1,80
40,Oklahoma,Nov-33,Education Administrators  Postsecondary,2012,1800,2022,1970,170,8.9,60
40,Oklahoma,Nov-31,Education Administrators  Preschool and Childcare Center/Program,2012,1070,2022,1210,140,12.3,40
40,Oklahoma,25-1081,Education Teachers  Postsecondary,2012,870,2022,950,80,9.2,20
40,Oklahoma,25-9099,Education  Training  and Library Workers  All Other,2012,510,2022,490,-20,-4.5,0
40,Oklahoma,21-1012,Educational  Guidance  School  and Vocational Counselors,2012,3820,2022,4180,360,9.2,120
40,Oklahoma,49-2092,Electric Motor  Power Tool  and Related Repairers,2012,130,2022,130,0,-5.2,0
40,Oklahoma,51-2022,Electrical and Electronic Equipment Assemblers,2012,1700,2022,1750,50,2.6,30
40,Oklahoma,17-3012,Electrical and Electronics Drafters,2012,400,2022,450,50,14.4,10
40,Oklahoma,17-3023,Electrical and Electronics Engineering Technicians,2012,1390,2022,1380,-10,-0.9,30
40,Oklahoma,49-2093,Electrical and Electronics Installers and Repairers  Transportation Equipment,2012,90,2022,100,10,7.7,0
40,Oklahoma,49-2094,Electrical and Electronics Repairers  Commercial and Industrial Equipment,2012,1370,2022,1360,-10,-1.2,30
40,Oklahoma,49-2095,Electrical and Electronics Repairers  Powerhouse  Substation  and Relay,2012,270,2022,310,40,15.4,10
40,Oklahoma,17-2071,Electrical Engineers,2012,990,2022,1120,130,13.4,40
40,Oklahoma,49-9051,Electrical Power-Line Installers and Repairers,2012,1900,2022,2290,390,20.4,110
40,Oklahoma,47-2111,Electricians,2012,6950,2022,7970,1020,14.8,230
40,Oklahoma,51-2023,Electromechanical Equipment Assemblers,2012,760,2022,810,50,7.8,20
40,Oklahoma,17-3024,Electro-Mechanical Technicians,2012,100,2022,100,0,0,0
40,Oklahoma,49-2096,Electronic Equipment Installers and Repairers  Motor Vehicles,2012,340,2022,320,-20,-5.4,0
40,Oklahoma,49-2097,Electronic Home Entertainment Equipment Installers and Repairers,2012,280,2022,240,-40,-11.6,10
40,Oklahoma,17-2072,Electronics Engineers  Except Computer,2012,1470,2022,1400,-70,-4.8,30
40,Oklahoma,25-2021,Elementary School Teachers  Except Special Education,2012,15860,2022,17730,1870,11.8,540
40,Oklahoma,43-4061,Eligibility Interviewers  Government Programs,2012,690,2022,780,90,13.5,20
40,Oklahoma,39-4011,Embalmers,2012,190,2022,150,-40,-20.3,0
40,Oklahoma,Nov-61,Emergency Management Directors,2012,260,2022,300,40,14.9,10
40,Oklahoma,29-2041,Emergency Medical Technicians and Paramedics,2012,3080,2022,3830,750,24.4,160
40,Oklahoma,51-2031,Engine and Other Machine Assemblers,2012,690,2022,770,80,12.2,20
40,Oklahoma,25-1032,Engineering Teachers  Postsecondary,2012,290,2022,310,20,6.6,10
40,Oklahoma,17-3029,Engineering Technicians  Except Drafters  All Other,2012,1110,2022,1140,30,2.4,30
40,Oklahoma,17-2199,Engineers  All Other,2012,1140,2022,1170,30,2.2,20
40,Oklahoma,25-1123,English Language and Literature Teachers  Postsecondary,2012,870,2022,940,70,8.7,20
40,Oklahoma,17-3025,Environmental Engineering Technicians,2012,230,2022,270,40,17.5,10
40,Oklahoma,17-2081,Environmental Engineers,2012,350,2022,380,30,10.1,10
40,Oklahoma,19-4091,Environmental Science and Protection Technicians  Including Health,2012,430,2022,520,90,21.1,30
40,Oklahoma,19-2041,Environmental Scientists and Specialists  Including Health,2012,1130,2022,1270,140,11.9,50
40,Oklahoma,19-1041,Epidemiologists,2012,80,2022,90,10,10.8,0
40,Oklahoma,53-7032,Excavating and Loading Machine and Dragline Operators,2012,1070,2022,1210,140,13.3,20
40,Oklahoma,43-6011,Executive Secretaries and Executive Administrative Assistants,2012,11590,2022,11240,-350,-3,140
40,Oklahoma,29-1128,Exercise Physiologists,2012,70,2022,70,0,9.2,0
40,Oklahoma,47-5031,Explosives Workers  Ordnance Handling Experts  and Blasters,2012,560,2022,520,-40,-5.9,20
40,Oklahoma,47-5099,Extraction Workers  All Other,2012,110,2022,140,30,18.4,0
40,Oklahoma,51-4021,Extruding and Drawing Machine Setters  Operators  and Tenders  Metal and Plastic,2012,560,2022,530,-30,-5.9,10
40,Oklahoma,51-6091,Extruding and Forming Machine Setters  Operators  and Tenders  Synthetic and Glass Fibers,2012,100,2022,90,-10,-12.4,0
40,Oklahoma,51-9041,Extruding  Forming  Pressing  and Compacting Machine Setters  Operators  and Tenders,2012,1410,2022,1320,-90,-6.7,40
40,Oklahoma,29-1062,Family and General Practitioners,2012,2340,2022,2580,240,10.1,80
40,Oklahoma,25-9021,Farm and Home Management Advisors,2012,60,2022,60,0,0,0
40,Oklahoma,49-3041,Farm Equipment Mechanics and Service Technicians,2012,370,2022,410,40,10,20
40,Oklahoma,Nov-13,Farmers  Ranchers  and Other Agricultural Managers,2012,15420,2022,12170,-3250,-21.1,250
40,Oklahoma,45-2092,Farmworkers and Laborers  Crop  Nursery  and Greenhouse,2012,9140,2022,8440,-700,-7.6,280
40,Oklahoma,45-2093,Farmworkers  Farm  Ranch  and Aquacultural Animals,2012,2040,2022,2140,100,4.7,70
40,Oklahoma,47-4031,Fence Erectors,2012,270,2022,330,60,24.5,10
40,Oklahoma,51-2091,Fiberglass Laminators and Fabricators,2012,240,2022,230,-10,-2.5,0
40,Oklahoma,43-4071,File Clerks,2012,1820,2022,1720,-100,-5.6,40
40,Oklahoma,27-4032,Film and Video Editors,2012,170,2022,170,0,0,0
40,Oklahoma,13-2051,Financial Analysts,2012,1410,2022,1580,170,11.8,50
40,Oklahoma,43-3099,Financial Clerks  All Other,2012,350,2022,410,60,17.1,20
40,Oklahoma,13-2061,Financial Examiners,2012,360,2022,370,10,2.8,10
40,Oklahoma,Nov-31,Financial Managers,2012,5980,2022,6490,510,8.5,160
40,Oklahoma,13-2099,Financial Specialists  All Other,2012,570,2022,580,10,1.4,10
40,Oklahoma,27-1013,Fine Artists  Including Painters  Sculptors  and Illustrators,2012,180,2022,190,10,2.7,0
40,Oklahoma,33-2021,Fire Inspectors and Investigators,2012,120,2022,140,20,15.6,10
40,Oklahoma,33-2011,Firefighters,2012,2740,2022,3200,460,16.8,120
40,Oklahoma,47-1011,First-Line Supervisors of Construction Trades and Extraction Workers,2012,9510,2022,11270,1760,18.6,280
40,Oklahoma,33-1011,First-Line Supervisors of Correctional Officers,2012,850,2022,910,60,7.3,40
40,Oklahoma,45-1011,First-Line Supervisors of Farming  Fishing  and Forestry Workers,2012,670,2022,650,-20,-2.2,10
40,Oklahoma,33-1021,First-Line Supervisors of Fire Fighting and Prevention Workers,2012,640,2022,750,110,17.3,40
40,Oklahoma,35-1012,First-Line Supervisors of Food Preparation and Serving Workers,2012,10780,2022,12650,1870,17.3,490
40,Oklahoma,53-1021,First-Line Supervisors of Helpers  Laborers  and Material Movers  Hand,2012,1990,2022,2180,190,9.2,70
40,Oklahoma,37-1011,First-Line Supervisors of Housekeeping and Janitorial Workers,2012,3670,2022,4060,390,10.7,130
40,Oklahoma,37-1012,First-Line Supervisors of Landscaping  Lawn Service  and Groundskeeping Workers,2012,2140,2022,2390,250,11.9,50
40,Oklahoma,49-1011,First-Line Supervisors of Mechanics  Installers  and Repairers,2012,5820,2022,6260,440,7.6,200
40,Oklahoma,41-1012,First-Line Supervisors of Non-Retail Sales Workers,2012,4450,2022,4310,-140,-3.1,60
40,Oklahoma,43-1011,First-Line Supervisors of Office and Administrative Support Workers,2012,20310,2022,22510,2200,10.9,700
40,Oklahoma,39-1021,First-Line Supervisors of Personal Service Workers,2012,1960,2022,2100,140,6.8,50
40,Oklahoma,33-1012,First-Line Supervisors of Police and Detectives,2012,1080,2022,1250,170,15.6,50
40,Oklahoma,51-1011,First-Line Supervisors of Production and Operating Workers,2012,8140,2022,8470,330,4.1,150
40,Oklahoma,33-1099,First-Line Supervisors of Protective Service Workers  All Other,2012,900,2022,1020,120,13.1,30
40,Oklahoma,41-1011,First-Line Supervisors of Retail Sales Workers,2012,24490,2022,25370,880,3.6,620
40,Oklahoma,53-1031,First-Line Supervisors of Transportation and Material-Moving Machine and Vehicle Operators,2012,3570,2022,3750,180,5.1,120
40,Oklahoma,33-3031,Fish and Game Wardens,2012,120,2022,120,0,2.6,0
40,Oklahoma,45-3011,Fishers and Related Fishing Workers,2012,60,2022,50,-10,-8.5,0
40,Oklahoma,39-9031,Fitness Trainers and Aerobics Instructors,2012,2880,2022,3150,270,9.7,60
40,Oklahoma,47-2042,Floor Layers  Except Carpet  Wood  and Hard Tiles,2012,90,2022,100,10,8,0
40,Oklahoma,27-1023,Floral Designers,2012,980,2022,890,-90,-8.6,30
40,Oklahoma,51-3092,Food Batchmakers,2012,700,2022,640,-60,-8.5,20
40,Oklahoma,51-3093,Food Cooking Machine Operators and Tenders,2012,510,2022,490,-20,-3.6,10
40,Oklahoma,35-9099,Food Preparation and Serving Related Workers  All Other,2012,80,2022,90,10,6.2,0
40,Oklahoma,35-2021,Food Preparation Workers,2012,8260,2022,8730,470,5.7,280
40,Oklahoma,19-1012,Food Scientists and Technologists,2012,110,2022,110,0,0,0
40,Oklahoma,35-3041,Food Servers  Nonrestaurant,2012,2700,2022,3100,400,15.1,120
40,Oklahoma,Nov-51,Food Service Managers,2012,4420,2022,4570,150,3.2,90
40,Oklahoma,25-1124,Foreign Language and Literature Teachers  Postsecondary,2012,330,2022,370,40,11.2,10
40,Oklahoma,19-4092,Forensic Science Technicians,2012,210,2022,240,30,10.8,10
40,Oklahoma,19-4093,Forest and Conservation Technicians,2012,180,2022,180,0,-2.2,10
40,Oklahoma,33-2022,Forest Fire Inspectors and Prevention Specialists,2012,190,2022,190,0,-3.1,10
40,Oklahoma,19-1032,Foresters,2012,110,2022,110,0,7.6,0
40,Oklahoma,51-4022,Forging Machine Setters  Operators  and Tenders  Metal and Plastic,2012,260,2022,240,-20,-8.2,10
40,Oklahoma,51-4071,Foundry Mold and Coremakers,2012,190,2022,210,20,6.2,0
40,Oklahoma,13-1131,Fundraisers,2012,820,2022,880,60,7.7,20
40,Oklahoma,39-4021,Funeral Attendants,2012,450,2022,430,-20,-4.9,10
40,Oklahoma,Nov-61,Funeral Service Managers,2012,160,2022,170,10,5.5,10
40,Oklahoma,51-9051,Furnace  Kiln  Oven  Drier  and Kettle Operators and Tenders,2012,580,2022,530,-50,-8.1,10
40,Oklahoma,51-7021,Furniture Finishers,2012,60,2022,60,0,3.4,0
40,Oklahoma,39-3012,Gaming and Sports Book Writers and Runners,2012,350,2022,400,50,14.2,10
40,Oklahoma,43-3041,Gaming Cage Workers,2012,2310,2022,2730,420,18.3,90
40,Oklahoma,41-2012,Gaming Change Persons and Booth Cashiers,2012,1380,2022,1630,250,17.8,90
40,Oklahoma,39-3011,Gaming Dealers,2012,2760,2022,3270,510,18.4,100
40,Oklahoma,Nov-71,Gaming Managers,2012,640,2022,760,120,18,30
40,Oklahoma,39-3019,Gaming Service Workers  All Other,2012,500,2022,590,90,18.3,20
40,Oklahoma,39-1011,Gaming Supervisors,2012,1330,2022,1510,180,13.9,50
40,Oklahoma,33-9031,Gaming Surveillance Officers and Gaming Investigators,2012,960,2022,1140,180,18.4,30
40,Oklahoma,53-7071,Gas Compressor and Gas Pumping Station Operators,2012,270,2022,300,30,12.3,10
40,Oklahoma,51-8092,Gas Plant Operators,2012,490,2022,550,60,12.1,20
40,Oklahoma,11-1021,General and Operations Managers,2012,28160,2022,31310,3150,11.2,840
40,Oklahoma,29-9092,Genetic Counselors,2012,80,2022,120,40,46.4,10
40,Oklahoma,19-3092,Geographers,2012,50,2022,70,20,42.6,0
40,Oklahoma,25-1064,Geography Teachers  Postsecondary,2012,100,2022,110,10,6.9,0
40,Oklahoma,19-4041,Geological and Petroleum Technicians,2012,760,2022,880,120,16.6,40
40,Oklahoma,19-2042,Geoscientists  Except Hydrologists and Geographers,2012,1650,2022,1860,210,13,70
40,Oklahoma,47-2121,Glaziers,2012,300,2022,330,30,11.7,10
40,Oklahoma,45-2041,Graders and Sorters  Agricultural Products,2012,490,2022,460,-30,-6.6,10
40,Oklahoma,27-1024,Graphic Designers,2012,1830,2022,1900,70,3.7,60
40,Oklahoma,51-9022,Grinding and Polishing Workers  Hand,2012,320,2022,350,30,8,10
40,Oklahoma,51-4033,Grinding  Lapping  Polishing  and Buffing Machine Tool Setters  Operators  and Tenders  Metal and Plastic,2012,970,2022,910,-60,-6.7,20
40,Oklahoma,37-3019,Grounds Maintenance Workers  All Other,2012,290,2022,330,40,10.9,10
40,Oklahoma,39-5012,Hairdressers  Hairstylists  and Cosmetologists,2012,3990,2022,4300,310,7.8,120
40,Oklahoma,47-4041,Hazardous Materials Removal Workers,2012,370,2022,430,60,14.2,10
40,Oklahoma,17-2111,Health and Safety Engineers  Except Mining Safety Engineers and Inspectors,2012,610,2022,690,80,13.2,30
40,Oklahoma,29-1199,Health Diagnosing and Treating Practitioners  All Other,2012,320,2022,330,10,1.5,10
40,Oklahoma,21-1091,Health Educators,2012,640,2022,750,110,15.8,30
40,Oklahoma,25-1071,Health Specialties Teachers  Postsecondary,2012,2270,2022,2930,660,29,100
40,Oklahoma,29-2099,Health Technologists and Technicians  All Other,2012,550,2022,660,110,20.7,20
40,Oklahoma,29-9099,Healthcare Practitioners and Technical Workers  All Other,2012,390,2022,420,30,8,10
40,Oklahoma,21-1022,Healthcare Social Workers,2012,1640,2022,2060,420,25.1,80
40,Oklahoma,31-9099,Healthcare Support Workers  All Other,2012,320,2022,320,0,-0.9,10
40,Oklahoma,29-2092,Hearing Aid Specialists,2012,90,2022,110,20,18.1,0
40,Oklahoma,51-4191,Heat Treating Equipment Setters  Operators  and Tenders  Metal and Plastic,2012,330,2022,360,30,9.7,10
40,Oklahoma,49-9021,Heating  Air Conditioning  and Refrigeration Mechanics and Installers,2012,3110,2022,3610,500,16,130
40,Oklahoma,53-3032,Heavy and Tractor-Trailer Truck Drivers,2012,26540,2022,29640,3100,11.7,730
40,Oklahoma,47-3011,Helpers--Brickmasons  Blockmasons  Stonemasons  and Tile and Marble Setters,2012,360,2022,480,120,34.3,20
40,Oklahoma,47-3012,Helpers--Carpenters,2012,920,2022,1060,140,15.5,30
40,Oklahoma,47-3013,Helpers--Electricians,2012,1630,2022,2090,460,28.6,70
40,Oklahoma,47-5081,Helpers--Extraction Workers,2012,1630,2022,2000,370,22.7,80
40,Oklahoma,49-9098,Helpers--Installation  Maintenance  and Repair Workers,2012,2780,2022,3180,400,14.5,120
40,Oklahoma,47-3014,Helpers--Painters  Paperhangers  Plasterers  and Stucco Masons,2012,50,2022,50,0,1.9,0
40,Oklahoma,47-3015,Helpers--Pipelayers  Plumbers  Pipefitters  and Steamfitters,2012,840,2022,1000,160,19.3,30
40,Oklahoma,51-9198,Helpers--Production Workers,2012,5520,2022,5860,340,6.1,130
40,Oklahoma,47-3016,Helpers--Roofers,2012,190,2022,210,20,8.8,10
40,Oklahoma,47-4051,Highway Maintenance Workers,2012,2490,2022,2970,480,19.1,90
40,Oklahoma,19-3093,Historians,2012,80,2022,80,0,1.3,0
40,Oklahoma,25-1125,History Teachers  Postsecondary,2012,380,2022,420,40,8.9,10
40,Oklahoma,49-9031,Home Appliance Repairers,2012,540,2022,540,0,-0.7,20
40,Oklahoma,25-1192,Home Economics Teachers  Postsecondary,2012,90,2022,100,10,7.5,0
40,Oklahoma,31-1011,Home Health Aides,2012,7820,2022,11230,3410,43.6,490
40,Oklahoma,35-9031,Hosts and Hostesses  Restaurant  Lounge  and Coffee Shop,2012,3410,2022,3830,420,12.4,300
40,Oklahoma,43-4081,Hotel  Motel  and Resort Desk Clerks,2012,2890,2022,3310,420,14.3,180
40,Oklahoma,43-4161,Human Resources Assistants  Except Payroll and Timekeeping,2012,1980,2022,1950,-30,-1.6,50
40,Oklahoma,Nov-21,Human Resources Managers,2012,1330,2022,1470,140,10.8,50
40,Oklahoma,13-1071,Human Resources Specialists,2012,3880,2022,4080,200,5.2,90
40,Oklahoma,17-3026,Industrial Engineering Technicians,2012,1090,2022,1110,20,2.1,30
40,Oklahoma,17-2112,Industrial Engineers,2012,2010,2022,2310,300,14.7,90
40,Oklahoma,49-9041,Industrial Machinery Mechanics,2012,5930,2022,7520,1590,26.6,330
40,Oklahoma,Nov-51,Industrial Production Managers,2012,3150,2022,3360,210,6.8,80
40,Oklahoma,53-7051,Industrial Truck and Tractor Operators,2012,4920,2022,4810,-110,-2.3,110
40,Oklahoma,43-4199,Information and Record Clerks  All Other,2012,2270,2022,1990,-280,-12.3,50
40,Oklahoma,15-1122,Information Security Analysts,2012,510,2022,650,140,27.4,20
40,Oklahoma,51-9061,Inspectors  Testers  Sorters  Samplers  and Weighers,2012,7430,2022,8550,1120,15,280
40,Oklahoma,49-9099,Installation  Maintenance  and Repair Workers  All Other,2012,1810,2022,1890,80,4,40
40,Oklahoma,25-9031,Instructional Coordinators,2012,1360,2022,1490,130,9.7,30
40,Oklahoma,47-2131,Insulation Workers  Floor  Ceiling  and Wall,2012,570,2022,670,100,17.5,20
40,Oklahoma,47-2132,Insulation Workers  Mechanical,2012,190,2022,250,60,37.3,10
40,Oklahoma,43-9041,Insurance Claims and Policy Processing Clerks,2012,3640,2022,3750,110,3,110
40,Oklahoma,41-3021,Insurance Sales Agents,2012,5340,2022,5590,250,4.7,150
40,Oklahoma,13-2053,Insurance Underwriters,2012,750,2022,670,-80,-10.9,20
40,Oklahoma,27-1025,Interior Designers,2012,350,2022,380,30,10.4,10
40,Oklahoma,29-1063,Internists  General,2012,390,2022,440,50,11.2,10
40,Oklahoma,27-3091,Interpreters and Translators,2012,420,2022,560,140,32.4,20
40,Oklahoma,43-4111,Interviewers  Except Eligibility and Loan,2012,1360,2022,1370,10,0.8,30
40,Oklahoma,37-2011,Janitors and Cleaners  Except Maids and Housekeeping Cleaners,2012,23950,2022,26420,2470,10.3,700
40,Oklahoma,51-9071,Jewelers and Precious Stone and Metal Workers,2012,160,2022,150,-10,-5.5,0
40,Oklahoma,23-1023,Judges  Magistrate Judges  and Magistrates,2012,950,2022,980,30,3.4,20
40,Oklahoma,23-1012,Judicial Law Clerks,2012,130,2022,150,20,14.4,0
40,Oklahoma,25-2012,Kindergarten Teachers  Except Special Education,2012,2010,2022,2240,230,11.8,80
40,Oklahoma,13-1075,Labor Relations Specialists,2012,1480,2022,1350,-130,-9.2,30
40,Oklahoma,53-7062,Laborers and Freight  Stock  and Material Movers  Hand,2012,27360,2022,29830,2470,9,1100
40,Oklahoma,17-1012,Landscape Architects,2012,140,2022,170,30,20.3,10
40,Oklahoma,37-3011,Landscaping and Groundskeeping Workers,2012,11210,2022,12470,1260,11.3,410
40,Oklahoma,51-4034,Lathe and Turning Machine Tool Setters  Operators  and Tenders  Metal and Plastic,2012,840,2022,790,-50,-5.4,20
40,Oklahoma,51-6011,Laundry and Dry-Cleaning Workers,2012,3320,2022,3440,120,3.6,110
40,Oklahoma,25-1112,Law Teachers  Postsecondary,2012,160,2022,180,20,11,0
40,Oklahoma,23-1011,Lawyers,2012,9260,2022,10270,1010,10.9,250
40,Oklahoma,51-4192,Layout Workers  Metal and Plastic,2012,80,2022,70,-10,-6.6,0
40,Oklahoma,43-6012,Legal Secretaries,2012,2790,2022,2780,-10,-0.2,30
40,Oklahoma,23-2099,Legal Support Workers  All Other,2012,450,2022,480,30,5.7,10
40,Oklahoma,11-1031,Legislators,2012,850,2022,980,130,15.4,30
40,Oklahoma,25-4021,Librarians,2012,1950,2022,2130,180,9.2,60
40,Oklahoma,43-4121,Library Assistants  Clerical,2012,1390,2022,1650,260,18.7,90
40,Oklahoma,25-4031,Library Technicians,2012,1560,2022,1740,180,11.8,100
40,Oklahoma,29-2061,Licensed Practical and Licensed Vocational Nurses,2012,14000,2022,15930,1930,13.8,540
40,Oklahoma,19-4099,Life  Physical  and Social Science Technicians  All Other,2012,630,2022,630,0,0,30
40,Oklahoma,33-9092,Lifeguards  Ski Patrol  and Other Recreational Protective Service Workers,2012,1430,2022,1590,160,11.3,110
40,Oklahoma,53-3033,Light Truck or Delivery Services Drivers,2012,8020,2022,8450,430,5.3,170
40,Oklahoma,43-4131,Loan Interviewers and Clerks,2012,2280,2022,2470,190,8.2,30
40,Oklahoma,13-2072,Loan Officers,2012,5150,2022,5560,410,8,140
40,Oklahoma,39-3093,Locker Room  Coatroom  and Dressing Room Attendants,2012,490,2022,530,40,8.8,30
40,Oklahoma,49-9094,Locksmiths and Safe Repairers,2012,370,2022,420,50,12.4,20
40,Oklahoma,53-4011,Locomotive Engineers,2012,320,2022,320,0,-0.6,10
40,Oklahoma,Nov-81,Lodging Managers,2012,830,2022,840,10,0.6,30
40,Oklahoma,45-4022,Logging Equipment Operators,2012,260,2022,300,40,16.1,10
40,Oklahoma,13-1081,Logisticians,2012,2150,2022,2410,260,12.2,50
40,Oklahoma,53-7063,Machine Feeders and Offbearers,2012,640,2022,630,-10,-2.8,10
40,Oklahoma,51-4041,Machinists,2012,7550,2022,8700,1150,15.3,290
40,Oklahoma,29-2035,Magnetic Resonance Imaging Technologists,2012,370,2022,440,70,18.5,10
40,Oklahoma,37-2012,Maids and Housekeeping Cleaners,2012,13010,2022,14350,1340,10.3,390
40,Oklahoma,43-9051,Mail Clerks and Mail Machine Operators  Except Postal Service,2012,1000,2022,900,-100,-10,20
40,Oklahoma,49-9071,Maintenance and Repair Workers  General,2012,16270,2022,17750,1480,9,460
40,Oklahoma,49-9043,Maintenance Workers  Machinery,2012,2100,2022,2510,410,19.2,70
40,Oklahoma,13-1111,Management Analysts,2012,5150,2022,5700,550,10.6,140
40,Oklahoma,Nov-99,Managers  All Other,2012,5000,2022,5180,180,3.5,130
40,Oklahoma,49-9095,Manufactured Building and Mobile Home Installers,2012,60,2022,50,-10,-12.1,0
40,Oklahoma,13-1161,Market Research Analysts and Marketing Specialists,2012,2420,2022,3080,660,27.3,100
40,Oklahoma,Nov-21,Marketing Managers,2012,1540,2022,1710,170,10.7,50
40,Oklahoma,21-1013,Marriage and Family Therapists,2012,610,2022,770,160,25.2,30
40,Oklahoma,31-9011,Massage Therapists,2012,500,2022,560,60,12.9,10
40,Oklahoma,53-7199,Material Moving Workers  All Other,2012,70,2022,80,10,11.6,0
40,Oklahoma,17-2131,Materials Engineers,2012,480,2022,510,30,5.6,20
40,Oklahoma,25-1022,Mathematical Science Teachers  Postsecondary,2012,660,2022,710,50,8.5,20
40,Oklahoma,51-3022,Meat  Poultry  and Fish Cutters and Trimmers,2012,2160,2022,2160,0,-0.1,50
40,Oklahoma,17-3013,Mechanical Drafters,2012,1460,2022,1490,30,1.9,20
40,Oklahoma,17-3027,Mechanical Engineering Technicians,2012,440,2022,500,60,14.1,20
40,Oklahoma,17-2141,Mechanical Engineers,2012,2540,2022,2760,220,8.6,110
40,Oklahoma,27-4099,Media and Communication Equipment Workers  All Other,2012,60,2022,60,0,-9.7,0
40,Oklahoma,27-3099,Media and Communication Workers  All Other,2012,190,2022,200,10,9.2,0
40,Oklahoma,29-2012,Medical and Clinical Laboratory Technicians,2012,1890,2022,2370,480,25.2,100
40,Oklahoma,29-2011,Medical and Clinical Laboratory Technologists,2012,2260,2022,2570,310,14,90
40,Oklahoma,Nov-11,Medical and Health Services Managers,2012,5000,2022,6010,1010,20.2,220
40,Oklahoma,51-9082,Medical Appliance Technicians,2012,150,2022,170,20,12.9,10
40,Oklahoma,31-9092,Medical Assistants,2012,7630,2022,9080,1450,19,290
40,Oklahoma,31-9093,Medical Equipment Preparers,2012,390,2022,470,80,19.6,20
40,Oklahoma,49-9062,Medical Equipment Repairers,2012,400,2022,530,130,33.2,20
40,Oklahoma,29-2071,Medical Records and Health Information Technicians,2012,3670,2022,4360,690,18.6,170
40,Oklahoma,19-1042,Medical Scientists  Except Epidemiologists,2012,320,2022,380,60,17.4,10
40,Oklahoma,43-6013,Medical Secretaries,2012,6050,2022,7960,1910,31.5,260
40,Oklahoma,31-9094,Medical Transcriptionists,2012,1080,2022,1090,10,0.3,20
40,Oklahoma,13-1121,Meeting  Convention  and Event Planners,2012,1090,2022,1430,340,30.9,50
40,Oklahoma,21-1023,Mental Health and Substance Abuse Social Workers,2012,1440,2022,1670,230,15.7,50
40,Oklahoma,21-1014,Mental Health Counselors,2012,1510,2022,1860,350,23.4,70
40,Oklahoma,27-1026,Merchandise Displayers and Window Trimmers,2012,330,2022,360,30,8.1,10
40,Oklahoma,51-4199,Metal Workers and Plastic Workers  All Other,2012,330,2022,350,20,6.1,10
40,Oklahoma,51-4051,Metal-Refining Furnace Operators and Tenders,2012,70,2022,80,10,11.8,0
40,Oklahoma,43-5041,Meter Readers  Utilities,2012,980,2022,920,-60,-6.6,30
40,Oklahoma,25-2022,Middle School Teachers  Except Special and Career/Technical Education,2012,7530,2022,8410,880,11.7,250
40,Oklahoma,51-4035,Milling and Planing Machine Setters  Operators  and Tenders  Metal and Plastic,2012,210,2022,200,-10,-1,0
40,Oklahoma,49-9044,Millwrights,2012,170,2022,200,30,16.2,10
40,Oklahoma,17-2151,Mining and Geological Engineers  Including Mining Safety Engineers,2012,280,2022,340,60,23,10
40,Oklahoma,51-9023,Mixing and Blending Machine Setters  Operators  and Tenders,2012,1230,2022,1220,-10,-0.2,40
40,Oklahoma,49-3042,Mobile Heavy Equipment Mechanics  Except Engines,2012,1660,2022,1870,210,12.8,70
40,Oklahoma,51-9195,Molders  Shapers  and Casters  Except Metal and Plastic,2012,600,2022,610,10,1.5,20
40,Oklahoma,51-4072,Molding  Coremaking  and Casting Machine Setters  Operators  and Tenders  Metal and Plastic,2012,660,2022,590,-70,-9.9,10
40,Oklahoma,39-4031,Morticians  Undertakers  and Funeral Directors,2012,290,2022,310,20,5.8,10
40,Oklahoma,39-3021,Motion Picture Projectionists,2012,90,2022,70,-20,-19.3,0
40,Oklahoma,53-3099,Motor Vehicle Operators  All Other,2012,570,2022,560,-10,-1.1,20
40,Oklahoma,49-3051,Motorboat Mechanics and Service Technicians,2012,200,2022,220,20,6.4,10
40,Oklahoma,49-3052,Motorcycle Mechanics,2012,180,2022,190,10,6.1,10
40,Oklahoma,27-1014,Multimedia Artists and Animators,2012,150,2022,170,20,8.6,10
40,Oklahoma,51-4081,Multiple Machine Tool Setters  Operators  and Tenders  Metal and Plastic,2012,730,2022,710,-20,-2.2,10
40,Oklahoma,25-4013,Museum Technicians and Conservators,2012,130,2022,140,10,10.1,0
40,Oklahoma,27-2041,Music Directors and Composers,2012,630,2022,620,-10,-1.4,20
40,Oklahoma,27-2042,Musicians and Singers,2012,640,2022,640,0,0,20
40,Oklahoma,Nov-21,Natural Sciences Managers,2012,290,2022,290,0,-1.4,10
40,Oklahoma,15-1142,Network and Computer Systems Administrators,2012,2670,2022,2830,160,6.1,60
40,Oklahoma,43-4141,New Accounts Clerks,2012,960,2022,910,-50,-5.5,30
40,Oklahoma,39-2021,Nonfarm Animal Caretakers,2012,1630,2022,1840,210,13.3,40
40,Oklahoma,29-2033,Nuclear Medicine Technologists,2012,280,2022,320,40,16.2,10
40,Oklahoma,29-1151,Nurse Anesthetists,2012,280,2022,330,50,19.1,10
40,Oklahoma,29-1171,Nurse Practitioners,2012,880,2022,1080,200,23.5,40
40,Oklahoma,31-1014,Nursing Assistants,2012,19970,2022,22680,2710,13.6,650
40,Oklahoma,25-1072,Nursing Instructors and Teachers  Postsecondary,2012,1340,2022,1720,380,28.6,60
40,Oklahoma,29-1064,Obstetricians and Gynecologists,2012,100,2022,110,10,9.3,0
40,Oklahoma,29-9011,Occupational Health and Safety Specialists,2012,850,2022,900,50,6.3,30
40,Oklahoma,29-1122,Occupational Therapists,2012,1160,2022,1460,300,25.5,50
40,Oklahoma,31-2012,Occupational Therapy Aides,2012,50,2022,70,20,24.1,0
40,Oklahoma,31-2011,Occupational Therapy Assistants,2012,550,2022,730,180,33.1,30
40,Oklahoma,43-9199,Office and Administrative Support Workers  All Other,2012,1350,2022,1370,20,1.3,40
40,Oklahoma,43-9061,Office Clerks  General,2012,40590,2022,41540,950,2.3,950
40,Oklahoma,43-9071,Office Machine Operators  Except Computer,2012,600,2022,540,-60,-10.6,10
40,Oklahoma,47-2073,Operating Engineers and Other Construction Equipment Operators,2012,5920,2022,6960,1040,17.6,240
40,Oklahoma,15-2031,Operations Research Analysts,2012,470,2022,590,120,24.7,20
40,Oklahoma,51-9083,Ophthalmic Laboratory Technicians,2012,370,2022,440,70,17.9,20
40,Oklahoma,29-2057,Ophthalmic Medical Technicians,2012,520,2022,660,140,26.8,20
40,Oklahoma,29-2081,Opticians  Dispensing,2012,980,2022,1210,230,23.6,50
40,Oklahoma,29-1041,Optometrists,2012,660,2022,810,150,21.4,30
40,Oklahoma,43-4151,Order Clerks,2012,1560,2022,1460,-100,-6.8,40
40,Oklahoma,31-1015,Orderlies,2012,1660,2022,1960,300,18,60
40,Oklahoma,29-1023,Orthodontists,2012,90,2022,100,10,13.3,0
40,Oklahoma,29-2091,Orthotists and Prosthetists,2012,140,2022,170,30,24.1,0
40,Oklahoma,49-3053,Outdoor Power Equipment and Other Small Engine Mechanics,2012,340,2022,380,40,10.2,10
40,Oklahoma,51-9111,Packaging and Filling Machine Operators and Tenders,2012,3170,2022,3050,-120,-3.7,80
40,Oklahoma,53-7064,Packers and Packagers  Hand,2012,5080,2022,5150,70,1.4,140
40,Oklahoma,47-2141,Painters  Construction and Maintenance,2012,4120,2022,4610,490,11.8,110
40,Oklahoma,51-9122,Painters  Transportation Equipment,2012,820,2022,910,90,12.1,30
40,Oklahoma,51-9123,Painting  Coating  and Decorating Workers,2012,200,2022,220,20,8.9,10
40,Oklahoma,51-9196,Paper Goods Machine Setters  Operators  and Tenders,2012,820,2022,810,-10,-1.3,10
40,Oklahoma,23-2011,Paralegals and Legal Assistants,2012,2810,2022,3320,510,18.3,100
40,Oklahoma,53-6021,Parking Lot Attendants,2012,940,2022,990,50,6.1,50
40,Oklahoma,41-2022,Parts Salespersons,2012,3140,2022,3380,240,7.6,100
40,Oklahoma,51-4062,Patternmakers  Metal and Plastic,2012,160,2022,190,30,17.3,10
40,Oklahoma,47-2071,Paving  Surfacing  and Tamping Equipment Operators,2012,1910,2022,1930,20,1,30
40,Oklahoma,43-3051,Payroll and Timekeeping Clerks,2012,2810,2022,3160,350,12.4,100
40,Oklahoma,29-1065,Pediatricians  General,2012,210,2022,240,30,12.7,10
40,Oklahoma,39-9021,Personal Care Aides,2012,14150,2022,20810,6660,47.1,770
40,Oklahoma,39-9099,Personal Care and Service Workers  All Other,2012,450,2022,490,40,8.3,20
40,Oklahoma,13-2052,Personal Financial Advisors,2012,1040,2022,1220,180,17.5,40
40,Oklahoma,37-2021,Pest Control Workers,2012,790,2022,930,140,17.6,40
40,Oklahoma,37-3012,Pesticide Handlers  Sprayers  and Applicators  Vegetation,2012,530,2022,600,70,12,20
40,Oklahoma,17-2171,Petroleum Engineers,2012,4070,2022,5100,1030,25.5,210
40,Oklahoma,51-8093,Petroleum Pump System Operators  Refinery Operators  and Gaugers,2012,1790,2022,1880,90,5.1,80
40,Oklahoma,29-1051,Pharmacists,2012,3900,2022,4360,460,12,140
40,Oklahoma,31-9095,Pharmacy Aides,2012,710,2022,790,80,11.5,20
40,Oklahoma,29-2052,Pharmacy Technicians,2012,5010,2022,5840,830,16.6,130
40,Oklahoma,25-1126,Philosophy and Religion Teachers  Postsecondary,2012,340,2022,390,50,13.9,10
40,Oklahoma,31-9097,Phlebotomists,2012,1130,2022,1370,240,21.1,50
40,Oklahoma,27-4021,Photographers,2012,1900,2022,1980,80,4.4,30
40,Oklahoma,51-9151,Photographic Process Workers and Processing Machine Operators,2012,580,2022,570,-10,-2.1,20
40,Oklahoma,19-2099,Physical Scientists  All Other,2012,60,2022,50,-10,-7.3,0
40,Oklahoma,31-2022,Physical Therapist Aides,2012,630,2022,850,220,35.7,40
40,Oklahoma,31-2021,Physical Therapist Assistants,2012,1160,2022,1590,430,37,70
40,Oklahoma,29-1123,Physical Therapists,2012,2130,2022,2790,660,30.9,120
40,Oklahoma,29-1071,Physician Assistants,2012,1800,2022,2330,530,29.7,90
40,Oklahoma,29-1069,Physicians and Surgeons  All Other,2012,6180,2022,6880,700,11.4,230
40,Oklahoma,19-2012,Physicists,2012,70,2022,80,10,10.1,0
40,Oklahoma,25-1054,Physics Teachers  Postsecondary,2012,190,2022,200,10,8.1,10
40,Oklahoma,47-2151,Pipelayers,2012,1170,2022,1430,260,22.8,40
40,Oklahoma,51-4193,Plating and Coating Machine Setters  Operators  and Tenders  Metal and Plastic,2012,390,2022,360,-30,-7.2,10
40,Oklahoma,47-2152,Plumbers  Pipefitters  and Steamfitters,2012,5770,2022,6790,1020,17.6,170
40,Oklahoma,33-3051,Police and Sheriff's Patrol Officers,2012,8480,2022,9820,1340,15.8,400
40,Oklahoma,43-5031,Police  Fire  and Ambulance Dispatchers,2012,1590,2022,1860,270,16.7,70
40,Oklahoma,25-1065,Political Science Teachers  Postsecondary,2012,260,2022,290,30,8.4,10
40,Oklahoma,43-5051,Postal Service Clerks,2012,660,2022,440,-220,-33,10
40,Oklahoma,43-5052,Postal Service Mail Carriers,2012,3630,2022,2610,-1020,-28.1,130
40,Oklahoma,43-5053,Postal Service Mail Sorters  Processors  and Processing Machine Operators,2012,1200,2022,830,-370,-31,10
40,Oklahoma,Nov-31,Postmasters and Mail Superintendents,2012,500,2022,370,-130,-25.7,10
40,Oklahoma,25-1199,Postsecondary Teachers  All Other,2012,1730,2022,1870,140,8.3,40
40,Oklahoma,51-4052,Pourers and Casters  Metal,2012,80,2022,80,0,3.7,0
40,Oklahoma,51-8012,Power Distributors and Dispatchers,2012,110,2022,120,10,9.7,10
40,Oklahoma,51-8013,Power Plant Operators,2012,340,2022,340,0,0.3,10
40,Oklahoma,49-9069,Precision Instrument and Equipment Repairers  All Other,2012,310,2022,290,-20,-5.8,10
40,Oklahoma,51-5111,Prepress Technicians and Workers,2012,410,2022,350,-60,-15.6,10
40,Oklahoma,25-2011,Preschool Teachers  Except Special Education,2012,6330,2022,7140,810,12.7,260
40,Oklahoma,51-6021,Pressers  Textile  Garment  and Related Materials,2012,650,2022,640,-10,-2.5,10
40,Oklahoma,51-5113,Print Binding and Finishing Workers,2012,280,2022,250,-30,-8.7,10
40,Oklahoma,51-5112,Printing Press Operators,2012,1580,2022,1460,-120,-7.4,30
40,Oklahoma,33-9021,Private Detectives and Investigators,2012,120,2022,140,20,10.6,10
40,Oklahoma,21-1092,Probation Officers and Correctional Treatment Specialists,2012,750,2022,780,30,3.7,20
40,Oklahoma,43-3061,Procurement Clerks,2012,1150,2022,1140,-10,-1.5,40
40,Oklahoma,27-2012,Producers and Directors,2012,660,2022,660,0,0.6,20
40,Oklahoma,51-9199,Production Workers  All Other,2012,1250,2022,1300,50,3.3,40
40,Oklahoma,43-5061,Production  Planning  and Expediting Clerks,2012,4370,2022,4550,180,4,130
40,Oklahoma,Nov-41,Property  Real Estate  and Community Association Managers,2012,5060,2022,5540,480,9.4,160
40,Oklahoma,33-9099,Protective Service Workers  All Other,2012,570,2022,620,50,8.8,40
40,Oklahoma,31-1013,Psychiatric Aides,2012,540,2022,560,20,3,10
40,Oklahoma,29-2053,Psychiatric Technicians,2012,1070,2022,1070,0,0.3,10
40,Oklahoma,29-1066,Psychiatrists,2012,200,2022,210,10,7,10
40,Oklahoma,19-3039,Psychologists  All Other,2012,140,2022,150,10,7,10
40,Oklahoma,27-3012,Public Address System and Other Announcers,2012,90,2022,90,0,2.2,0
40,Oklahoma,Nov-31,Public Relations and Fundraising Managers,2012,810,2022,900,90,10,30
40,Oklahoma,27-3031,Public Relations Specialists,2012,2130,2022,2300,170,7.9,50
40,Oklahoma,53-7072,Pump Operators  Except Wellhead Pumpers,2012,870,2022,930,60,7.6,40
40,Oklahoma,13-1023,Purchasing Agents  Except Wholesale  Retail  and Farm Products,2012,3850,2022,4060,210,5.6,90
40,Oklahoma,Nov-61,Purchasing Managers,2012,690,2022,720,30,4.3,20
40,Oklahoma,29-1124,Radiation Therapists,2012,350,2022,430,80,22.5,20
40,Oklahoma,27-3011,Radio and Television Announcers,2012,480,2022,460,-20,-5.2,10
40,Oklahoma,49-2021,Radio  Cellular  and Tower Equipment Installers and Repairs,2012,150,2022,170,20,12.2,0
40,Oklahoma,29-2034,Radiologic Technologists,2012,2810,2022,3310,500,17.7,90
40,Oklahoma,49-3043,Rail Car Repairers,2012,200,2022,200,0,3.6,10
40,Oklahoma,53-4021,Railroad Brake  Signal  and Switch Operators,2012,230,2022,220,-10,-1.3,10
40,Oklahoma,53-4031,Railroad Conductors and Yardmasters,2012,350,2022,340,-10,-0.9,10
40,Oklahoma,47-4061,Rail-Track Laying and Maintenance Equipment Operators,2012,660,2022,670,10,2,20
40,Oklahoma,41-9021,Real Estate Brokers,2012,1330,2022,1450,120,8.8,30
40,Oklahoma,41-9022,Real Estate Sales Agents,2012,4630,2022,5040,410,8.8,90
40,Oklahoma,43-4171,Receptionists and Information Clerks,2012,10490,2022,11390,900,8.5,370
40,Oklahoma,25-1193,Recreation and Fitness Studies Teachers  Postsecondary,2012,360,2022,390,30,9.5,10
40,Oklahoma,39-9032,Recreation Workers,2012,2970,2022,3250,280,9.4,60
40,Oklahoma,29-1125,Recreational Therapists,2012,290,2022,310,20,5.8,10
40,Oklahoma,49-3092,Recreational Vehicle Service Technicians,2012,120,2022,130,10,8.1,10
40,Oklahoma,53-7081,Refuse and Recyclable Material Collectors,2012,1470,2022,1670,200,13.7,50
40,Oklahoma,29-1141,Registered Nurses,2012,32100,2022,37670,5570,17.3,1180
40,Oklahoma,21-1015,Rehabilitation Counselors,2012,2290,2022,2690,400,17.3,90
40,Oklahoma,47-2171,Reinforcing Iron and Rebar Workers,2012,100,2022,120,20,15.7,0
40,Oklahoma,27-3022,Reporters and Correspondents,2012,660,2022,570,-90,-12.8,20
40,Oklahoma,43-4181,Reservation and Transportation Ticket Agents and Travel Clerks,2012,1430,2022,1340,-90,-6.8,20
40,Oklahoma,39-9041,Residential Advisors,2012,910,2022,1010,100,11.2,50
40,Oklahoma,29-1126,Respiratory Therapists,2012,1580,2022,1850,270,16.8,50
40,Oklahoma,29-2054,Respiratory Therapy Technicians,2012,280,2022,330,50,16.2,10
40,Oklahoma,41-2031,Retail Salespersons,2012,47680,2022,51940,4260,8.9,2060
40,Oklahoma,49-9096,Riggers,2012,230,2022,290,60,25,10
40,Oklahoma,47-5051,Rock Splitters  Quarry,2012,300,2022,350,50,16.6,10
40,Oklahoma,51-4023,Rolling Machine Setters  Operators  and Tenders  Metal and Plastic,2012,400,2022,410,10,3.5,10
40,Oklahoma,47-2181,Roofers,2012,1440,2022,1500,60,4.4,40
40,Oklahoma,47-5012,Rotary Drill Operators  Oil and Gas,2012,2330,2022,2810,480,20.7,140
40,Oklahoma,47-5071,Roustabouts  Oil and Gas,2012,4900,2022,5940,1040,21.4,240
40,Oklahoma,41-9099,Sales and Related Workers  All Other,2012,2290,2022,2610,320,13.7,80
40,Oklahoma,41-9031,Sales Engineers,2012,280,2022,300,20,6.1,10
40,Oklahoma,Nov-22,Sales Managers,2012,4040,2022,4390,350,8.8,120
40,Oklahoma,41-3099,Sales Representatives  Services  All Other,2012,5230,2022,5800,570,10.9,200
40,Oklahoma,41-4012,Sales Representatives  Wholesale and Manufacturing  Except Technical and Scientific Products,2012,15870,2022,17180,1310,8.2,440
40,Oklahoma,41-4011,Sales Representatives  Wholesale and Manufacturing  Technical and Scientific Products,2012,5880,2022,6300,420,7,160
40,Oklahoma,51-7041,Sawing Machine Setters  Operators  and Tenders  Wood,2012,390,2022,390,0,0.5,10
40,Oklahoma,25-2031,Secondary School Teachers  Except Special and Career/Technical Education,2012,11690,2022,12270,580,5,380
40,Oklahoma,43-6014,Secretaries and Administrative Assistants  Except Legal  Medical  and Executive,2012,28380,2022,31310,2930,10.3,640
40,Oklahoma,41-3031,Securities  Commodities  and Financial Services Sales Agents,2012,1870,2022,1960,90,4.7,50
40,Oklahoma,49-2098,Security and Fire Alarm Systems Installers,2012,520,2022,610,90,17.6,20
40,Oklahoma,33-9032,Security Guards,2012,12910,2022,14880,1970,15.3,400
40,Oklahoma,25-3021,Self-Enrichment Education Teachers,2012,2370,2022,2700,330,13.7,70
40,Oklahoma,51-9012,Separating  Filtering  Clarifying  Precipitating  and Still Machine Setters  Operators  and Tenders,2012,280,2022,280,0,1.1,10
40,Oklahoma,47-4071,Septic Tank Servicers and Sewer Pipe Cleaners,2012,450,2022,540,90,20.1,20
40,Oklahoma,47-5013,Service Unit Operators  Oil  Gas  and Mining,2012,4110,2022,5170,1060,25.7,270
40,Oklahoma,27-1027,Set and Exhibit Designers,2012,90,2022,100,10,7.5,0
40,Oklahoma,51-6051,Sewers  Hand,2012,70,2022,70,0,-5.7,0
40,Oklahoma,51-6031,Sewing Machine Operators,2012,1060,2022,970,-90,-8.8,10
40,Oklahoma,47-2211,Sheet Metal Workers,2012,3550,2022,3580,30,1,70
40,Oklahoma,43-5071,Shipping  Receiving  and Traffic Clerks,2012,6820,2022,6970,150,2.2,190
40,Oklahoma,51-6041,Shoe and Leather Workers and Repairers,2012,270,2022,250,-20,-7.1,0
40,Oklahoma,49-9097,Signal and Track Switch Repairers,2012,130,2022,130,0,0.8,0
40,Oklahoma,39-5094,Skincare Specialists,2012,350,2022,470,120,31.9,10
40,Oklahoma,51-3023,Slaughterers and Meat Packers,2012,910,2022,940,30,3.3,30
40,Oklahoma,39-1012,Slot Supervisors,2012,950,2022,1100,150,15.5,30
40,Oklahoma,Nov-51,Social and Community Service Managers,2012,1540,2022,1760,220,14.3,50
40,Oklahoma,21-1093,Social and Human Service Assistants,2012,3240,2022,3620,380,11.9,120
40,Oklahoma,19-3099,Social Scientists and Related Workers  All Other,2012,140,2022,120,-20,-10.1,0
40,Oklahoma,25-1113,Social Work Teachers  Postsecondary,2012,110,2022,120,10,7.9,0
40,Oklahoma,21-1029,Social Workers  All Other,2012,710,2022,730,20,2.5,20
40,Oklahoma,25-1067,Sociology Teachers  Postsecondary,2012,220,2022,240,20,8.1,10
40,Oklahoma,15-1132,Software Developers  Applications,2012,2550,2022,3040,490,19,80
40,Oklahoma,15-1133,Software Developers  Systems Software,2012,1970,2022,2370,400,20,70
40,Oklahoma,27-4014,Sound Engineering Technicians,2012,50,2022,50,0,-4.2,0
40,Oklahoma,25-2052,Special Education Teachers  Kindergarten and Elementary School,2012,1680,2022,1760,80,4.7,40
40,Oklahoma,25-2053,Special Education Teachers  Middle School,2012,1070,2022,1120,50,4.7,20
40,Oklahoma,25-2051,Special Education Teachers  Preschool,2012,70,2022,80,10,11.3,0
40,Oklahoma,25-2054,Special Education Teachers  Secondary School,2012,1290,2022,1340,50,3.8,30
40,Oklahoma,29-1127,Speech-Language Pathologists,2012,1410,2022,1640,230,16.1,40
40,Oklahoma,51-8021,Stationary Engineers and Boiler Operators,2012,490,2022,530,40,8.4,20
40,Oklahoma,15-2041,Statisticians,2012,340,2022,440,100,29.8,20
40,Oklahoma,43-5081,Stock Clerks and Order Fillers,2012,20310,2022,19750,-560,-2.7,610
40,Oklahoma,47-2022,Stonemasons,2012,310,2022,350,40,12,10
40,Oklahoma,47-2221,Structural Iron and Steel Workers,2012,740,2022,860,120,15.1,40
40,Oklahoma,51-2041,Structural Metal Fabricators and Fitters,2012,1740,2022,1960,220,12.7,90
40,Oklahoma,21-1011,Substance Abuse and Behavioral Disorder Counselors,2012,1180,2022,1440,260,21.6,50
40,Oklahoma,29-1067,Surgeons,2012,930,2022,1090,160,17.2,40
40,Oklahoma,29-2055,Surgical Technologists,2012,2180,2022,2800,620,28.5,80
40,Oklahoma,19-3022,Survey Researchers,2012,90,2022,90,0,1.1,0
40,Oklahoma,17-3031,Surveying and Mapping Technicians,2012,970,2022,1140,170,17.9,30
40,Oklahoma,17-1022,Surveyors,2012,1060,2022,1240,180,17,40
40,Oklahoma,43-2011,Switchboard Operators  Including Answering Service,2012,1580,2022,1350,-230,-15,30
40,Oklahoma,51-6052,Tailors  Dressmakers  and Custom Sewers,2012,180,2022,180,0,-1.7,0
40,Oklahoma,53-7121,Tank Car  Truck  and Ship Loaders,2012,100,2022,110,10,2.9,0
40,Oklahoma,47-2082,Tapers,2012,90,2022,90,0,7.1,0
40,Oklahoma,13-2081,Tax Examiners and Collectors  and Revenue Agents,2012,650,2022,650,0,0.5,20
40,Oklahoma,13-2082,Tax Preparers,2012,1140,2022,1300,160,14.1,40
40,Oklahoma,53-3041,Taxi Drivers and Chauffeurs,2012,1620,2022,1880,260,15.8,50
40,Oklahoma,25-9041,Teacher Assistants,2012,11740,2022,12510,770,6.5,340
40,Oklahoma,25-3099,Teachers and Instructors  All Other,2012,10720,2022,11170,450,4.2,230
40,Oklahoma,51-2092,Team Assemblers,2012,13350,2022,14470,1120,8.4,320
40,Oklahoma,27-3042,Technical Writers,2012,510,2022,590,80,15.9,20
40,Oklahoma,49-2022,Telecommunications Equipment Installers and Repairers  Except Line Installers,2012,1520,2022,1530,10,0.7,20
40,Oklahoma,49-9052,Telecommunications Line Installers and Repairers,2012,1650,2022,1810,160,9.6,60
40,Oklahoma,41-9041,Telemarketers,2012,4470,2022,4680,210,4.7,110
40,Oklahoma,43-2021,Telephone Operators,2012,50,2022,40,-10,-8.5,0
40,Oklahoma,43-3071,Tellers,2012,7860,2022,8000,140,1.7,380
40,Oklahoma,51-6062,Textile Cutting Machine Setters  Operators  and Tenders,2012,50,2022,50,0,-16.7,0
40,Oklahoma,29-1129,Therapists  All Other,2012,50,2022,60,10,24.5,0
40,Oklahoma,47-2044,Tile and Marble Setters,2012,420,2022,460,40,8.8,10
40,Oklahoma,51-9197,Tire Builders,2012,1150,2022,1080,-70,-6.6,30
40,Oklahoma,49-3093,Tire Repairers and Changers,2012,1720,2022,1850,130,7.5,70
40,Oklahoma,23-2093,Title Examiners  Abstractors  and Searchers,2012,1080,2022,1200,120,11.3,30
40,Oklahoma,51-4111,Tool and Die Makers,2012,500,2022,520,20,4.4,10
40,Oklahoma,51-4194,Tool Grinders  Filers  and Sharpeners,2012,170,2022,180,10,6.6,0
40,Oklahoma,00-0000,Total  All Occupations,2012,1749370,2022,1924440,175070,10,59670
40,Oklahoma,39-7011,Tour Guides and Escorts,2012,210,2022,220,10,6.3,10
40,Oklahoma,53-6041,Traffic Technicians,2012,250,2022,250,0,0.8,10
40,Oklahoma,Nov-31,Training and Development Managers,2012,430,2022,480,50,11.1,20
40,Oklahoma,13-1151,Training and Development Specialists,2012,3750,2022,4590,840,22.5,150
40,Oklahoma,53-6061,Transportation Attendants  Except Flight Attendants,2012,230,2022,250,20,9.3,10
40,Oklahoma,53-6051,Transportation Inspectors,2012,290,2022,310,20,8.3,10
40,Oklahoma,33-9093,Transportation Security Screeners,2012,370,2022,390,20,4.9,10
40,Oklahoma,53-6099,Transportation Workers  All Other,2012,50,2022,50,0,6,0
40,Oklahoma,Nov-71,Transportation  Storage  and Distribution Managers,2012,1330,2022,1400,70,4.6,40
40,Oklahoma,41-3041,Travel Agents,2012,430,2022,420,-10,-3.9,10
40,Oklahoma,39-7012,Travel Guides,2012,50,2022,50,0,0,0
40,Oklahoma,37-3013,Tree Trimmers and Pruners,2012,1220,2022,1450,230,18.6,50
40,Oklahoma,51-6093,Upholsterers,2012,380,2022,380,0,0.3,10
40,Oklahoma,19-3051,Urban and Regional Planners,2012,160,2022,190,30,19,10
40,Oklahoma,39-3031,Ushers  Lobby Attendants  and Ticket Takers,2012,880,2022,860,-20,-2.7,50
40,Oklahoma,29-1131,Veterinarians,2012,780,2022,920,140,17.5,40
40,Oklahoma,31-9096,Veterinary Assistants and Laboratory Animal Caretakers,2012,2410,2022,2740,330,13.5,80
40,Oklahoma,29-2056,Veterinary Technologists and Technicians,2012,770,2022,1080,310,39.4,40
40,Oklahoma,25-1194,Vocational Education Teachers  Postsecondary,2012,1980,2022,2130,150,7.6,50
40,Oklahoma,35-3031,Waiters and Waitresses,2012,31750,2022,35540,3790,11.9,1910
40,Oklahoma,51-8031,Water and Wastewater Treatment Plant and System Operators,2012,1630,2022,1960,330,20,90
40,Oklahoma,15-1134,Web Developers,2012,1070,2022,1220,150,14.4,30
40,Oklahoma,43-5111,Weighers  Measurers  Checkers  and Samplers  Recordkeeping,2012,850,2022,1010,160,18.4,40
40,Oklahoma,51-4121,Welders  Cutters  Solderers  and Brazers,2012,10500,2022,11700,1200,11.4,380
40,Oklahoma,51-4122,Welding  Soldering  and Brazing Machine Setters  Operators  and Tenders,2012,830,2022,1080,250,29.8,50
40,Oklahoma,53-7073,Wellhead Pumpers,2012,1530,2022,1730,200,13.2,70
40,Oklahoma,13-1022,Wholesale and Retail Buyers  Except Farm Products,2012,1020,2022,1090,70,6.8,30
40,Oklahoma,51-7099,Woodworkers  All Other,2012,240,2022,230,-10,-3,10
40,Oklahoma,51-7042,Woodworking Machine Setters  Operators  and Tenders  Except Sawing,2012,240,2022,250,10,4.2,0
40,Oklahoma,43-9022,Word Processors and Typists,2012,410,2022,300,-110,-26.7,0
40,Oklahoma,27-3043,Writers and Authors,2012,1190,2022,1200,10,0.8,30
40,Oklahoma,19-1023,Zoologists and Wildlife Biologists,2012,90,2022,90,0,-2.2,0
