STFIPS,AreaName,OccupationCode,OccupationName,BaseYear,Base,ProjYear,Proj,Change,PercentChange,AvgAnnualOpenings
46,South Dakota,13-2011,Accountants and Auditors,2012,4300,2022,4670,370,8.7,160
46,South Dakota,51-9191,Adhesive Bonding Machine Operators and Tenders,2012,130,2022,140,10,3,0
46,South Dakota,Nov-11,Administrative Services Managers,2012,300,2022,320,20,7.4,10
46,South Dakota,25-3011,Adult Basic and Secondary Education and Literacy Teachers and Instructors,2012,320,2022,340,20,8.9,10
46,South Dakota,Nov-11,Advertising and Promotions Managers,2012,20,2022,20,0,4.8,0
46,South Dakota,41-3011,Advertising Sales Agents,2012,640,2022,660,20,3,20
46,South Dakota,19-4011,Agricultural and Food Science Technicians,2012,320,2022,350,30,7.8,10
46,South Dakota,17-2021,Agricultural Engineers,2012,80,2022,80,0,2.5,0
46,South Dakota,45-2091,Agricultural Equipment Operators,2012,1470,2022,1550,80,5.6,50
46,South Dakota,49-3011,Aircraft Mechanics and Service Technicians,2012,220,2022,240,20,9.5,10
46,South Dakota,53-2011,Airline Pilots  Copilots  and Flight Engineers,2012,20,2022,20,0,5.9,0
46,South Dakota,53-3011,Ambulance Drivers and Attendants  Except Emergency Medical Technicians,2012,50,2022,50,0,8.3,0
46,South Dakota,39-3091,Amusement and Recreation Attendants,2012,1290,2022,1360,70,4.8,70
46,South Dakota,29-1061,Anesthesiologists,2012,30,2022,30,0,13.3,0
46,South Dakota,33-9011,Animal Control Workers,2012,40,2022,40,0,2.6,0
46,South Dakota,19-1011,Animal Scientists,2012,120,2022,130,10,4.9,10
46,South Dakota,13-2021,Appraisers and Assessors of Real Estate,2012,320,2022,320,0,0,0
46,South Dakota,17-1011,Architects  Except Landscape and Naval,2012,150,2022,180,30,17.5,10
46,South Dakota,17-3011,Architectural and Civil Drafters,2012,290,2022,280,-10,-0.7,0
46,South Dakota,Nov-41,Architectural and Engineering Managers,2012,150,2022,160,10,8.6,10
46,South Dakota,25-1031,Architecture Teachers  Postsecondary,2012,10,2022,10,0,0,0
46,South Dakota,25-4011,Archivists,2012,10,2022,10,0,20,0
46,South Dakota,25-1062,Area  Ethnic  and Cultural Studies Teachers  Postsecondary,2012,10,2022,20,10,7.1,0
46,South Dakota,27-1011,Art Directors,2012,50,2022,50,0,4.4,0
46,South Dakota,25-1121,Art  Drama  and Music Teachers  Postsecondary,2012,120,2022,140,20,9.7,0
46,South Dakota,51-2099,Assemblers and Fabricators  All Other,2012,60,2022,70,10,16.9,0
46,South Dakota,29-9091,Athletic Trainers,2012,100,2022,100,0,7.4,0
46,South Dakota,19-2021,Atmospheric and Space Scientists,2012,50,2022,50,0,10.6,0
46,South Dakota,27-4011,Audio and Video Equipment Technicians,2012,50,2022,50,0,6.4,0
46,South Dakota,29-1181,Audiologists,2012,40,2022,50,10,26.3,0
46,South Dakota,53-6031,Automotive and Watercraft Service Attendants,2012,630,2022,700,70,11.7,30
46,South Dakota,49-3021,Automotive Body and Related Repairers,2012,640,2022,650,10,1.9,10
46,South Dakota,49-3022,Automotive Glass Installers and Repairers,2012,40,2022,40,0,0,0
46,South Dakota,49-3023,Automotive Service Technicians and Mechanics,2012,2180,2022,2240,60,2.8,60
46,South Dakota,39-6011,Baggage Porters and Bellhops,2012,40,2022,40,0,8.3,0
46,South Dakota,33-3011,Bailiffs,2012,90,2022,90,0,2.2,0
46,South Dakota,51-3011,Bakers,2012,320,2022,350,30,11.7,10
46,South Dakota,35-3011,Bartenders,2012,3140,2022,3460,320,10.4,150
46,South Dakota,49-3091,Bicycle Repairers,2012,50,2022,60,10,18,0
46,South Dakota,43-3011,Bill and Account Collectors,2012,3820,2022,4140,320,8.4,140
46,South Dakota,43-3021,Billing and Posting Clerks,2012,1270,2022,1390,120,9.5,40
46,South Dakota,25-1042,Biological Science Teachers  Postsecondary,2012,110,2022,130,20,13.3,0
46,South Dakota,19-1029,Biological Scientists  All Other,2012,120,2022,120,0,2.6,0
46,South Dakota,19-4021,Biological Technicians,2012,340,2022,370,30,8.8,10
46,South Dakota,43-3031,Bookkeeping  Accounting  and Auditing Clerks,2012,10470,2022,11280,810,7.7,180
46,South Dakota,47-2021,Brickmasons and Blockmasons,2012,350,2022,420,70,20.7,10
46,South Dakota,27-4012,Broadcast Technicians,2012,170,2022,170,0,-1.2,0
46,South Dakota,43-4011,Brokerage Clerks,2012,110,2022,100,-10,-5.6,0
46,South Dakota,13-2031,Budget Analysts,2012,120,2022,130,10,8.5,10
46,South Dakota,49-3031,Bus and Truck Mechanics and Diesel Engine Specialists,2012,1150,2022,1220,70,5.9,30
46,South Dakota,53-3022,Bus Drivers  School or Special Client,2012,1330,2022,1270,-60,-4.1,20
46,South Dakota,53-3021,Bus Drivers  Transit and Intercity,2012,340,2022,360,20,7.4,10
46,South Dakota,13-1199,Business Operations Specialists  All Other,2012,750,2022,780,30,3.5,10
46,South Dakota,25-1011,Business Teachers  Postsecondary,2012,170,2022,190,20,9.4,10
46,South Dakota,51-3021,Butchers and Meat Cutters,2012,640,2022,670,30,4.8,20
46,South Dakota,13-1021,Buyers and Purchasing Agents  Farm Products,2012,370,2022,380,10,3,10
46,South Dakota,51-7011,Cabinetmakers and Bench Carpenters,2012,610,2022,660,50,8.6,10
46,South Dakota,27-4031,Camera Operators  Television  Video  and Motion Picture,2012,80,2022,90,10,6,0
46,South Dakota,29-2031,Cardiovascular Technologists and Technicians,2012,190,2022,240,50,26.1,10
46,South Dakota,25-2023,Career/Technical Education Teachers  Middle School,2012,60,2022,60,0,1.8,0
46,South Dakota,25-2032,Career/Technical Education Teachers  Secondary School,2012,390,2022,400,10,2.8,10
46,South Dakota,43-5011,Cargo and Freight Agents,2012,250,2022,290,40,17.1,10
46,South Dakota,47-2031,Carpenters,2012,6070,2022,6920,850,13.9,160
46,South Dakota,47-2041,Carpet Installers,2012,100,2022,100,0,5.3,0
46,South Dakota,41-2011,Cashiers,2012,13340,2022,13610,270,2,600
46,South Dakota,47-2051,Cement Masons and Concrete Finishers,2012,1250,2022,1380,130,11,30
46,South Dakota,35-1011,Chefs and Head Cooks,2012,90,2022,90,0,5.7,0
46,South Dakota,51-9011,Chemical Equipment Operators and Tenders,2012,240,2022,250,10,5.9,10
46,South Dakota,51-8091,Chemical Plant and System Operators,2012,70,2022,80,10,7,0
46,South Dakota,19-4031,Chemical Technicians,2012,130,2022,150,20,11.5,10
46,South Dakota,25-1052,Chemistry Teachers  Postsecondary,2012,60,2022,60,0,9.1,0
46,South Dakota,19-2031,Chemists,2012,110,2022,120,10,10.2,0
46,South Dakota,11-1011,Chief Executives,2012,1140,2022,1160,20,1.6,30
46,South Dakota,21-1021,Child  Family  and School Social Workers,2012,1540,2022,1630,90,6.1,40
46,South Dakota,39-9011,Childcare Workers,2012,6530,2022,7360,830,12.7,280
46,South Dakota,29-1011,Chiropractors,2012,300,2022,320,20,7,10
46,South Dakota,27-2032,Choreographers,2012,170,2022,220,50,28.2,10
46,South Dakota,17-3022,Civil Engineering Technicians,2012,370,2022,380,10,1.4,10
46,South Dakota,17-2051,Civil Engineers,2012,900,2022,1060,160,17.8,40
46,South Dakota,13-1031,Claims Adjusters  Examiners  and Investigators,2012,530,2022,580,50,9.1,20
46,South Dakota,53-7061,Cleaners of Vehicles and Equipment,2012,1050,2022,1100,50,4.2,30
46,South Dakota,51-9192,Cleaning  Washing  and Metal Pickling Equipment Operators and Tenders,2012,90,2022,100,10,9.6,0
46,South Dakota,21-2011,Clergy,2012,1780,2022,1820,40,2.3,40
46,South Dakota,19-3031,Clinical  Counseling  and School Psychologists,2012,320,2022,340,20,7.3,10
46,South Dakota,27-2022,Coaches and Scouts,2012,1100,2022,1220,120,10.7,50
46,South Dakota,51-9121,Coating  Painting  and Spraying Machine Setters  Operators  and Tenders,2012,630,2022,700,70,10,20
46,South Dakota,51-2021,Coil Winders  Tapers  and Finishers,2012,120,2022,130,10,4.1,0
46,South Dakota,49-9091,Coin  Vending  and Amusement Machine Servicers and Repairers,2012,260,2022,270,10,3.5,0
46,South Dakota,35-3021,Combined Food Preparation and Serving Workers  Including Fast Food,2012,7220,2022,8430,1210,16.7,400
46,South Dakota,27-1021,Commercial and Industrial Designers,2012,120,2022,130,10,6.5,0
46,South Dakota,53-2012,Commercial Pilots,2012,210,2022,220,10,5.7,10
46,South Dakota,25-1122,Communications Teachers  Postsecondary,2012,70,2022,70,0,9,0
46,South Dakota,Nov-11,Compensation and Benefits Managers,2012,30,2022,30,0,3.2,0
46,South Dakota,13-1141,Compensation  Benefits  and Job Analysis Specialists,2012,500,2022,510,10,2.2,10
46,South Dakota,13-1041,Compliance Officers,2012,900,2022,960,60,6.3,20
46,South Dakota,Nov-21,Computer and Information Systems Managers,2012,180,2022,200,20,10.5,0
46,South Dakota,17-2061,Computer Hardware Engineers,2012,40,2022,40,0,10.3,0
46,South Dakota,15-1143,Computer Network Architects,2012,210,2022,250,40,15.5,10
46,South Dakota,15-1152,Computer Network Support Specialists,2012,640,2022,660,20,3.8,10
46,South Dakota,51-4012,Computer Numerically Controlled Machine Tool Programmers  Metal and Plastic,2012,50,2022,80,30,47.2,0
46,South Dakota,15-1199,Computer Occupations  All Other,2012,220,2022,220,0,3.2,0
46,South Dakota,43-9011,Computer Operators,2012,50,2022,40,-10,-21.2,0
46,South Dakota,15-1131,Computer Programmers,2012,530,2022,530,0,1,10
46,South Dakota,25-1021,Computer Science Teachers  Postsecondary,2012,100,2022,110,10,9.4,0
46,South Dakota,15-1121,Computer Systems Analysts,2012,550,2022,650,100,19.4,20
46,South Dakota,15-1151,Computer User Support Specialists,2012,1510,2022,1680,170,11.4,40
46,South Dakota,49-2011,Computer  Automated Teller  and Office Machine Repairers,2012,330,2022,350,20,4.9,10
46,South Dakota,51-4011,Computer-Controlled Machine Tool Operators  Metal and Plastic,2012,330,2022,420,90,26.8,20
46,South Dakota,39-6012,Concierges,2012,20,2022,30,10,22.7,0
46,South Dakota,19-1031,Conservation Scientists,2012,280,2022,290,10,3.6,10
46,South Dakota,47-4011,Construction and Building Inspectors,2012,190,2022,200,10,6.5,10
46,South Dakota,47-2061,Construction Laborers,2012,2640,2022,2900,260,9.9,80
46,South Dakota,Nov-21,Construction Managers,2012,510,2022,560,50,9.2,10
46,South Dakota,49-9012,Control and Valve Installers and Repairers  Except Mechanical Door,2012,240,2022,240,0,1.7,10
46,South Dakota,53-7011,Conveyor Operators and Tenders,2012,530,2022,560,30,5.7,20
46,South Dakota,35-2011,Cooks  Fast Food,2012,2340,2022,2350,10,0.3,50
46,South Dakota,35-2012,Cooks  Institution and Cafeteria,2012,2500,2022,2790,290,11.4,80
46,South Dakota,35-2013,Cooks  Private Household,2012,70,2022,70,0,-1.5,0
46,South Dakota,35-2014,Cooks  Restaurant,2012,1830,2022,2090,260,14.3,60
46,South Dakota,35-2015,Cooks  Short Order,2012,1250,2022,1240,-10,-1.4,30
46,South Dakota,51-9193,Cooling and Freezing Equipment Operators and Tenders,2012,30,2022,30,0,10.3,0
46,South Dakota,33-3012,Correctional Officers and Jailers,2012,1230,2022,1270,40,3,40
46,South Dakota,43-4021,Correspondence Clerks,2012,270,2022,290,20,7.7,10
46,South Dakota,13-1051,Cost Estimators,2012,500,2022,570,70,15.4,20
46,South Dakota,41-2021,Counter and Rental Clerks,2012,1050,2022,1110,60,5.7,30
46,South Dakota,35-3022,Counter Attendants  Cafeteria  Food Concession  and Coffee Shop,2012,3300,2022,3360,60,1.9,210
46,South Dakota,43-5021,Couriers and Messengers,2012,210,2022,200,-10,-5.2,0
46,South Dakota,43-4031,Court  Municipal  and License Clerks,2012,710,2022,770,60,8.4,20
46,South Dakota,27-1012,Craft Artists,2012,90,2022,90,0,4.7,0
46,South Dakota,53-7021,Crane and Tower Operators,2012,60,2022,70,10,15.6,0
46,South Dakota,13-2041,Credit Analysts,2012,430,2022,490,60,13.8,20
46,South Dakota,43-4041,Credit Authorizers  Checkers  and Clerks,2012,240,2022,240,0,-1.7,0
46,South Dakota,25-1111,Criminal Justice and Law Enforcement Teachers  Postsecondary,2012,20,2022,20,0,9.5,0
46,South Dakota,33-9091,Crossing Guards,2012,50,2022,50,0,-2.2,0
46,South Dakota,51-9021,Crushing  Grinding  and Polishing Machine Setters  Operators  and Tenders,2012,120,2022,130,10,6.5,10
46,South Dakota,25-4012,Curators,2012,90,2022,100,10,7.5,0
46,South Dakota,43-4051,Customer Service Representatives,2012,8870,2022,9790,920,10.3,330
46,South Dakota,51-9031,Cutters and Trimmers  Hand,2012,90,2022,90,0,2.2,0
46,South Dakota,51-9032,Cutting and Slicing Machine Setters  Operators  and Tenders,2012,490,2022,490,0,-1,10
46,South Dakota,51-4031,Cutting  Punching  and Press Machine Setters  Operators  and Tenders  Metal and Plastic,2012,890,2022,910,20,1.5,10
46,South Dakota,43-9021,Data Entry Keyers,2012,230,2022,170,-60,-24,0
46,South Dakota,41-9011,Demonstrators and Product Promoters,2012,120,2022,130,10,7.6,0
46,South Dakota,31-9091,Dental Assistants,2012,860,2022,980,120,13,30
46,South Dakota,29-2021,Dental Hygienists,2012,490,2022,590,100,21.2,20
46,South Dakota,51-9081,Dental Laboratory Technicians,2012,110,2022,120,10,3.5,0
46,South Dakota,29-1029,Dentists  All Other Specialists,2012,30,2022,30,0,-3.4,0
46,South Dakota,29-1021,Dentists  General,2012,510,2022,540,30,6.7,20
46,South Dakota,43-9031,Desktop Publishers,2012,20,2022,20,0,-8.3,0
46,South Dakota,33-3021,Detectives and Criminal Investigators,2012,200,2022,220,20,7.8,10
46,South Dakota,29-2032,Diagnostic Medical Sonographers,2012,300,2022,400,100,34.9,10
46,South Dakota,29-1031,Dietitians and Nutritionists,2012,190,2022,220,30,11.3,0
46,South Dakota,35-9011,Dining Room and Cafeteria Attendants and Bartender Helpers,2012,2360,2022,2570,210,9,120
46,South Dakota,35-9021,Dishwashers,2012,1800,2022,1910,110,6.4,90
46,South Dakota,43-5032,Dispatchers  Except Police  Fire  and Ambulance,2012,470,2022,500,30,5.8,20
46,South Dakota,51-4032,Drilling and Boring Machine Tool Setters  Operators  and Tenders  Metal and Plastic,2012,80,2022,70,-10,-11.7,0
46,South Dakota,53-3031,Driver/Sales Workers,2012,1740,2022,1880,140,8.2,40
46,South Dakota,47-2081,Drywall and Ceiling Tile Installers,2012,440,2022,480,40,7,10
46,South Dakota,47-5021,Earth Drillers  Except Oil and Gas,2012,40,2022,40,0,2.4,0
46,South Dakota,25-1063,Economics Teachers  Postsecondary,2012,40,2022,50,10,9.1,0
46,South Dakota,19-3011,Economists,2012,20,2022,20,0,5.3,0
46,South Dakota,27-3041,Editors,2012,140,2022,150,10,3.5,0
46,South Dakota,Nov-39,Education Administrators  All Other,2012,120,2022,120,0,2.5,0
46,South Dakota,Nov-32,Education Administrators  Elementary and Secondary School,2012,600,2022,620,20,2.3,20
46,South Dakota,Nov-33,Education Administrators  Postsecondary,2012,150,2022,170,20,8.6,10
46,South Dakota,Nov-31,Education Administrators  Preschool and Childcare Center/Program,2012,180,2022,200,20,12.5,10
46,South Dakota,25-1081,Education Teachers  Postsecondary,2012,150,2022,160,10,9.6,0
46,South Dakota,25-9099,Education  Training  and Library Workers  All Other,2012,170,2022,170,0,0,0
46,South Dakota,21-1012,Educational  Guidance  School  and Vocational Counselors,2012,630,2022,660,30,5.9,20
46,South Dakota,49-2092,Electric Motor  Power Tool  and Related Repairers,2012,20,2022,20,0,4.8,0
46,South Dakota,51-2022,Electrical and Electronic Equipment Assemblers,2012,1600,2022,1620,20,1.6,20
46,South Dakota,17-3012,Electrical and Electronics Drafters,2012,50,2022,50,0,8.7,0
46,South Dakota,17-3023,Electrical and Electronics Engineering Technicians,2012,220,2022,230,10,3.6,10
46,South Dakota,49-2093,Electrical and Electronics Installers and Repairers  Transportation Equipment,2012,50,2022,50,0,11.1,0
46,South Dakota,49-2094,Electrical and Electronics Repairers  Commercial and Industrial Equipment,2012,470,2022,540,70,13.8,20
46,South Dakota,49-2095,Electrical and Electronics Repairers  Powerhouse  Substation  and Relay,2012,80,2022,80,0,7.8,0
46,South Dakota,17-2071,Electrical Engineers,2012,240,2022,260,20,10.2,10
46,South Dakota,49-9051,Electrical Power-Line Installers and Repairers,2012,690,2022,760,70,9.6,30
46,South Dakota,47-2111,Electricians,2012,1880,2022,2120,240,12.6,60
46,South Dakota,49-2097,Electronic Home Entertainment Equipment Installers and Repairers,2012,140,2022,140,0,0.7,10
46,South Dakota,17-2072,Electronics Engineers  Except Computer,2012,160,2022,170,10,9,0
46,South Dakota,25-2021,Elementary School Teachers  Except Special Education,2012,4160,2022,4530,370,8.9,130
46,South Dakota,43-4061,Eligibility Interviewers  Government Programs,2012,470,2022,530,60,12.7,20
46,South Dakota,Nov-61,Emergency Management Directors,2012,90,2022,90,0,4.6,0
46,South Dakota,29-2041,Emergency Medical Technicians and Paramedics,2012,940,2022,1040,100,10.9,40
46,South Dakota,51-2031,Engine and Other Machine Assemblers,2012,640,2022,720,80,12.6,20
46,South Dakota,25-1123,English Language and Literature Teachers  Postsecondary,2012,130,2022,140,10,8.8,0
46,South Dakota,17-3025,Environmental Engineering Technicians,2012,40,2022,40,0,22.9,0
46,South Dakota,17-2081,Environmental Engineers,2012,110,2022,130,20,17.4,10
46,South Dakota,19-4091,Environmental Science and Protection Technicians  Including Health,2012,80,2022,90,10,11.3,0
46,South Dakota,19-2041,Environmental Scientists and Specialists  Including Health,2012,290,2022,330,40,14.8,10
46,South Dakota,51-9194,Etchers and Engravers,2012,70,2022,70,0,0,0
46,South Dakota,53-7032,Excavating and Loading Machine and Dragline Operators,2012,280,2022,310,30,9.9,10
46,South Dakota,43-6011,Executive Secretaries and Executive Administrative Assistants,2012,2420,2022,2270,-150,-6.2,30
46,South Dakota,47-5031,Explosives Workers  Ordnance Handling Experts  and Blasters,2012,20,2022,20,0,12.5,0
46,South Dakota,51-4021,Extruding and Drawing Machine Setters  Operators  and Tenders  Metal and Plastic,2012,370,2022,380,10,2.2,10
46,South Dakota,51-9041,Extruding  Forming  Pressing  and Compacting Machine Setters  Operators  and Tenders,2012,610,2022,650,40,6.9,20
46,South Dakota,45-4021,Fallers,2012,20,2022,10,-10,-46.7,0
46,South Dakota,29-1062,Family and General Practitioners,2012,500,2022,520,20,2.6,10
46,South Dakota,49-3041,Farm Equipment Mechanics and Service Technicians,2012,1100,2022,1170,70,6.5,40
46,South Dakota,45-2092,Farmworkers and Laborers  Crop  Nursery  and Greenhouse,2012,2130,2022,2040,-90,-4.2,70
46,South Dakota,45-2093,Farmworkers  Farm  Ranch  and Aquacultural Animals,2012,3800,2022,3820,20,0.5,120
46,South Dakota,47-4031,Fence Erectors,2012,80,2022,90,10,14.5,0
46,South Dakota,51-2091,Fiberglass Laminators and Fabricators,2012,420,2022,440,20,5.7,10
46,South Dakota,43-4071,File Clerks,2012,160,2022,140,-20,-8.3,0
46,South Dakota,27-4032,Film and Video Editors,2012,30,2022,30,0,3,0
46,South Dakota,13-2051,Financial Analysts,2012,590,2022,640,50,9.2,20
46,South Dakota,Nov-31,Financial Managers,2012,710,2022,760,50,7.3,20
46,South Dakota,13-2099,Financial Specialists  All Other,2012,120,2022,130,10,4.1,0
46,South Dakota,33-2011,Firefighters,2012,510,2022,520,10,2.2,20
46,South Dakota,47-1011,First-Line Supervisors of Construction Trades and Extraction Workers,2012,1570,2022,1750,180,10.9,30
46,South Dakota,45-1011,First-Line Supervisors of Farming  Fishing  and Forestry Workers,2012,490,2022,480,-10,-1.4,10
46,South Dakota,35-1012,First-Line Supervisors of Food Preparation and Serving Workers,2012,1800,2022,2030,230,12.8,70
46,South Dakota,37-1011,First-Line Supervisors of Housekeeping and Janitorial Workers,2012,610,2022,660,50,8.5,20
46,South Dakota,37-1012,First-Line Supervisors of Landscaping  Lawn Service  and Groundskeeping Workers,2012,360,2022,390,30,8.1,10
46,South Dakota,49-1011,First-Line Supervisors of Mechanics  Installers  and Repairers,2012,950,2022,1010,60,6.1,30
46,South Dakota,41-1012,First-Line Supervisors of Non-Retail Sales Workers,2012,1010,2022,980,-30,-3.4,10
46,South Dakota,43-1011,First-Line Supervisors of Office and Administrative Support Workers,2012,1940,2022,2110,170,8.7,60
46,South Dakota,39-1021,First-Line Supervisors of Personal Service Workers,2012,780,2022,830,50,6.7,20
46,South Dakota,33-1012,First-Line Supervisors of Police and Detectives,2012,150,2022,150,0,3.4,0
46,South Dakota,51-1011,First-Line Supervisors of Production and Operating Workers,2012,1470,2022,1570,100,6.7,30
46,South Dakota,33-1099,First-Line Supervisors of Protective Service Workers  All Other,2012,70,2022,80,10,8.2,0
46,South Dakota,41-1011,First-Line Supervisors of Retail Sales Workers,2012,4040,2022,4150,110,2.8,100
46,South Dakota,53-1031,First-Line Supervisors of Transportation and Material-Moving Machine and Vehicle Operators,2012,480,2022,510,30,7.6,20
46,South Dakota,33-3031,Fish and Game Wardens,2012,90,2022,90,0,3.3,0
46,South Dakota,39-9031,Fitness Trainers and Aerobics Instructors,2012,970,2022,1050,80,7.9,20
46,South Dakota,47-2042,Floor Layers  Except Carpet  Wood  and Hard Tiles,2012,130,2022,140,10,9.9,0
46,South Dakota,27-1023,Floral Designers,2012,390,2022,370,-20,-3.1,10
46,South Dakota,51-3091,Food and Tobacco Roasting  Baking  and Drying Machine Operators and Tenders,2012,150,2022,150,0,2,0
46,South Dakota,51-3092,Food Batchmakers,2012,300,2022,310,10,1.3,10
46,South Dakota,35-2021,Food Preparation Workers,2012,3880,2022,3960,80,1.9,120
46,South Dakota,19-1012,Food Scientists and Technologists,2012,40,2022,50,10,9.8,0
46,South Dakota,35-3041,Food Servers  Nonrestaurant,2012,250,2022,300,50,19.8,10
46,South Dakota,Nov-51,Food Service Managers,2012,1020,2022,1030,10,0.7,20
46,South Dakota,25-1124,Foreign Language and Literature Teachers  Postsecondary,2012,40,2022,40,0,10.3,0
46,South Dakota,19-4093,Forest and Conservation Technicians,2012,450,2022,480,30,7.1,20
46,South Dakota,45-4011,Forest and Conservation Workers,2012,480,2022,490,10,3.4,10
46,South Dakota,19-1032,Foresters,2012,90,2022,100,10,10,0
46,South Dakota,25-1043,Forestry and Conservation Science Teachers  Postsecondary,2012,20,2022,20,0,4.3,0
46,South Dakota,51-4022,Forging Machine Setters  Operators  and Tenders  Metal and Plastic,2012,100,2022,100,0,4.2,0
46,South Dakota,39-4021,Funeral Attendants,2012,120,2022,120,0,0.8,0
46,South Dakota,Nov-61,Funeral Service Managers,2012,40,2022,50,10,11.9,0
46,South Dakota,51-9051,Furnace  Kiln  Oven  Drier  and Kettle Operators and Tenders,2012,40,2022,40,0,2.4,0
46,South Dakota,39-3012,Gaming and Sports Book Writers and Runners,2012,220,2022,230,10,5.1,10
46,South Dakota,43-3041,Gaming Cage Workers,2012,310,2022,330,20,5.5,10
46,South Dakota,41-2012,Gaming Change Persons and Booth Cashiers,2012,370,2022,360,-10,-2.7,20
46,South Dakota,39-3011,Gaming Dealers,2012,370,2022,400,30,8.4,10
46,South Dakota,39-1011,Gaming Supervisors,2012,140,2022,150,10,4.9,0
46,South Dakota,33-9031,Gaming Surveillance Officers and Gaming Investigators,2012,100,2022,110,10,5,0
46,South Dakota,11-1021,General and Operations Managers,2012,4160,2022,4450,290,7.1,110
46,South Dakota,19-4041,Geological and Petroleum Technicians,2012,50,2022,60,10,27.7,0
46,South Dakota,19-2042,Geoscientists  Except Hydrologists and Geographers,2012,60,2022,80,20,20.6,0
46,South Dakota,47-2121,Glaziers,2012,160,2022,160,0,1.3,0
46,South Dakota,45-2041,Graders and Sorters  Agricultural Products,2012,510,2022,520,10,2.6,10
46,South Dakota,27-1024,Graphic Designers,2012,740,2022,800,60,7.7,30
46,South Dakota,51-9022,Grinding and Polishing Workers  Hand,2012,130,2022,140,10,15.2,10
46,South Dakota,51-4033,Grinding  Lapping  Polishing  and Buffing Machine Tool Setters  Operators  and Tenders  Metal and Plastic,2012,190,2022,190,0,-2.1,0
46,South Dakota,39-5012,Hairdressers  Hairstylists  and Cosmetologists,2012,1680,2022,1790,110,6.5,50
46,South Dakota,47-4041,Hazardous Materials Removal Workers,2012,70,2022,70,0,5.8,0
46,South Dakota,17-2111,Health and Safety Engineers  Except Mining Safety Engineers and Inspectors,2012,70,2022,70,0,4.3,0
46,South Dakota,29-1199,Health Diagnosing and Treating Practitioners  All Other,2012,90,2022,90,0,1.2,0
46,South Dakota,21-1091,Health Educators,2012,170,2022,190,20,12.4,10
46,South Dakota,25-1071,Health Specialties Teachers  Postsecondary,2012,130,2022,160,30,28.3,10
46,South Dakota,29-2099,Health Technologists and Technicians  All Other,2012,90,2022,110,20,14.9,0
46,South Dakota,21-1022,Healthcare Social Workers,2012,490,2022,560,70,12.8,20
46,South Dakota,31-9099,Healthcare Support Workers  All Other,2012,100,2022,110,10,5.9,0
46,South Dakota,51-4191,Heat Treating Equipment Setters  Operators  and Tenders  Metal and Plastic,2012,20,2022,20,0,22.2,0
46,South Dakota,49-9021,Heating  Air Conditioning  and Refrigeration Mechanics and Installers,2012,890,2022,1020,130,15.1,40
46,South Dakota,53-3032,Heavy and Tractor-Trailer Truck Drivers,2012,8790,2022,9300,510,5.8,190
46,South Dakota,47-3011,Helpers--Brickmasons  Blockmasons  Stonemasons  and Tile and Marble Setters,2012,150,2022,190,40,25.7,10
46,South Dakota,47-3012,Helpers--Carpenters,2012,620,2022,700,80,13.4,20
46,South Dakota,47-3013,Helpers--Electricians,2012,400,2022,500,100,26.8,20
46,South Dakota,47-5081,Helpers--Extraction Workers,2012,50,2022,60,10,7.8,0
46,South Dakota,49-9098,Helpers--Installation  Maintenance  and Repair Workers,2012,20,2022,20,0,10.5,0
46,South Dakota,47-3015,Helpers--Pipelayers  Plumbers  Pipefitters  and Steamfitters,2012,190,2022,220,30,16.9,10
46,South Dakota,51-9198,Helpers--Production Workers,2012,140,2022,150,10,5.7,0
46,South Dakota,47-3016,Helpers--Roofers,2012,50,2022,40,-10,-2.2,0
46,South Dakota,47-4051,Highway Maintenance Workers,2012,1330,2022,1380,50,3.4,20
46,South Dakota,25-1125,History Teachers  Postsecondary,2012,40,2022,40,0,7.9,0
46,South Dakota,49-9031,Home Appliance Repairers,2012,160,2022,160,0,3.8,10
46,South Dakota,31-1011,Home Health Aides,2012,950,2022,1030,80,9.1,30
46,South Dakota,35-9031,Hosts and Hostesses  Restaurant  Lounge  and Coffee Shop,2012,660,2022,690,30,5.5,50
46,South Dakota,43-4081,Hotel  Motel  and Resort Desk Clerks,2012,2020,2022,2250,230,11.4,120
46,South Dakota,43-4161,Human Resources Assistants  Except Payroll and Timekeeping,2012,320,2022,310,-10,-2.2,10
46,South Dakota,Nov-21,Human Resources Managers,2012,190,2022,210,20,11.5,10
46,South Dakota,13-1071,Human Resources Specialists,2012,920,2022,960,40,4.5,20
46,South Dakota,17-3026,Industrial Engineering Technicians,2012,170,2022,190,20,8,10
46,South Dakota,17-2112,Industrial Engineers,2012,380,2022,420,40,11.1,20
46,South Dakota,49-9041,Industrial Machinery Mechanics,2012,840,2022,1070,230,26.7,50
46,South Dakota,Nov-51,Industrial Production Managers,2012,380,2022,400,20,7.7,10
46,South Dakota,53-7051,Industrial Truck and Tractor Operators,2012,1170,2022,1140,-30,-2.6,30
46,South Dakota,43-4199,Information and Record Clerks  All Other,2012,440,2022,400,-40,-7.3,10
46,South Dakota,15-1122,Information Security Analysts,2012,120,2022,150,30,26.3,10
46,South Dakota,51-9061,Inspectors  Testers  Sorters  Samplers  and Weighers,2012,710,2022,790,80,11.7,20
46,South Dakota,49-9099,Installation  Maintenance  and Repair Workers  All Other,2012,170,2022,180,10,4.1,0
46,South Dakota,25-9031,Instructional Coordinators,2012,270,2022,290,20,8.2,0
46,South Dakota,47-2131,Insulation Workers  Floor  Ceiling  and Wall,2012,50,2022,60,10,19.1,0
46,South Dakota,13-1032,Insurance Appraisers  Auto Damage,2012,60,2022,60,0,3.4,0
46,South Dakota,43-9041,Insurance Claims and Policy Processing Clerks,2012,1250,2022,1380,130,9.7,50
46,South Dakota,41-3021,Insurance Sales Agents,2012,2670,2022,2890,220,8.2,90
46,South Dakota,13-2053,Insurance Underwriters,2012,300,2022,290,-10,-3.6,10
46,South Dakota,27-1025,Interior Designers,2012,110,2022,110,0,2.8,0
46,South Dakota,29-1063,Internists  General,2012,200,2022,210,10,2,10
46,South Dakota,27-3091,Interpreters and Translators,2012,290,2022,400,110,40.1,20
46,South Dakota,43-4111,Interviewers  Except Eligibility and Loan,2012,680,2022,690,10,1.9,10
46,South Dakota,37-2011,Janitors and Cleaners  Except Maids and Housekeeping Cleaners,2012,9350,2022,10130,780,8.4,250
46,South Dakota,51-9071,Jewelers and Precious Stone and Metal Workers,2012,170,2022,150,-20,-12,0
46,South Dakota,23-1023,Judges  Magistrate Judges  and Magistrates,2012,80,2022,80,0,2.6,0
46,South Dakota,25-2012,Kindergarten Teachers  Except Special Education,2012,570,2022,620,50,9,20
46,South Dakota,53-7062,Laborers and Freight  Stock  and Material Movers  Hand,2012,7260,2022,7770,510,7.1,280
46,South Dakota,37-3011,Landscaping and Groundskeeping Workers,2012,3170,2022,3440,270,8.4,110
46,South Dakota,51-4034,Lathe and Turning Machine Tool Setters  Operators  and Tenders  Metal and Plastic,2012,100,2022,90,-10,-4.2,0
46,South Dakota,51-6011,Laundry and Dry-Cleaning Workers,2012,830,2022,870,40,5,30
46,South Dakota,25-1112,Law Teachers  Postsecondary,2012,30,2022,30,0,10.3,0
46,South Dakota,23-1011,Lawyers,2012,1400,2022,1540,140,9.7,40
46,South Dakota,51-4192,Layout Workers  Metal and Plastic,2012,40,2022,40,0,4.8,0
46,South Dakota,43-6012,Legal Secretaries,2012,750,2022,760,10,0.5,10
46,South Dakota,25-4021,Librarians,2012,500,2022,520,20,3.6,10
46,South Dakota,25-1082,Library Science Teachers  Postsecondary,2012,10,2022,10,0,0,0
46,South Dakota,25-4031,Library Technicians,2012,720,2022,750,30,4.5,40
46,South Dakota,29-2061,Licensed Practical and Licensed Vocational Nurses,2012,2140,2022,2380,240,11.5,80
46,South Dakota,33-9092,Lifeguards  Ski Patrol  and Other Recreational Protective Service Workers,2012,340,2022,360,20,6.5,30
46,South Dakota,53-3033,Light Truck or Delivery Services Drivers,2012,2440,2022,2480,40,1.7,40
46,South Dakota,43-4131,Loan Interviewers and Clerks,2012,2260,2022,2460,200,8.8,40
46,South Dakota,13-2072,Loan Officers,2012,1660,2022,1790,130,8,40
46,South Dakota,49-9094,Locksmiths and Safe Repairers,2012,50,2022,50,0,8.2,0
46,South Dakota,Nov-81,Lodging Managers,2012,300,2022,300,0,-1.7,10
46,South Dakota,45-4023,Log Graders and Scalers,2012,20,2022,10,-10,-40,0
46,South Dakota,45-4022,Logging Equipment Operators,2012,110,2022,110,0,2.8,0
46,South Dakota,13-1081,Logisticians,2012,170,2022,230,60,33.5,10
46,South Dakota,53-7063,Machine Feeders and Offbearers,2012,430,2022,450,20,3.7,10
46,South Dakota,51-4041,Machinists,2012,1020,2022,1220,200,19.5,40
46,South Dakota,29-2035,Magnetic Resonance Imaging Technologists,2012,50,2022,50,0,13,0
46,South Dakota,43-9051,Mail Clerks and Mail Machine Operators  Except Postal Service,2012,250,2022,230,-20,-9.9,10
46,South Dakota,49-9071,Maintenance and Repair Workers  General,2012,2700,2022,2890,190,7.1,70
46,South Dakota,49-9043,Maintenance Workers  Machinery,2012,50,2022,60,10,20,0
46,South Dakota,13-1111,Management Analysts,2012,2360,2022,2680,320,13.6,70
46,South Dakota,Nov-99,Managers  All Other,2012,660,2022,690,30,4.4,20
46,South Dakota,39-5092,Manicurists and Pedicurists,2012,40,2022,40,0,8.1,0
46,South Dakota,49-9095,Manufactured Building and Mobile Home Installers,2012,130,2022,100,-30,-23,0
46,South Dakota,13-1161,Market Research Analysts and Marketing Specialists,2012,410,2022,530,120,30.6,20
46,South Dakota,Nov-21,Marketing Managers,2012,70,2022,80,10,11,0
46,South Dakota,21-1013,Marriage and Family Therapists,2012,110,2022,130,20,13.3,0
46,South Dakota,31-9011,Massage Therapists,2012,130,2022,160,30,17.4,0
46,South Dakota,25-1022,Mathematical Science Teachers  Postsecondary,2012,100,2022,100,0,7.4,0
46,South Dakota,51-3022,Meat  Poultry  and Fish Cutters and Trimmers,2012,1900,2022,1990,90,5,60
46,South Dakota,17-3013,Mechanical Drafters,2012,200,2022,200,0,1,0
46,South Dakota,17-3027,Mechanical Engineering Technicians,2012,130,2022,150,20,15.7,10
46,South Dakota,17-2141,Mechanical Engineers,2012,480,2022,540,60,11.4,20
46,South Dakota,29-2012,Medical and Clinical Laboratory Technicians,2012,370,2022,430,60,17.6,20
46,South Dakota,29-2011,Medical and Clinical Laboratory Technologists,2012,810,2022,870,60,6.9,30
46,South Dakota,Nov-11,Medical and Health Services Managers,2012,660,2022,750,90,12.7,20
46,South Dakota,31-9092,Medical Assistants,2012,1100,2022,1270,170,16.1,40
46,South Dakota,31-9093,Medical Equipment Preparers,2012,140,2022,160,20,15,10
46,South Dakota,49-9062,Medical Equipment Repairers,2012,180,2022,230,50,23.9,10
46,South Dakota,29-2071,Medical Records and Health Information Technicians,2012,1020,2022,1160,140,12.9,40
46,South Dakota,19-1042,Medical Scientists  Except Epidemiologists,2012,100,2022,110,10,9,0
46,South Dakota,43-6013,Medical Secretaries,2012,150,2022,190,40,22.5,10
46,South Dakota,31-9094,Medical Transcriptionists,2012,790,2022,760,-30,-3.8,20
46,South Dakota,13-1121,Meeting  Convention  and Event Planners,2012,310,2022,380,70,24.6,10
46,South Dakota,21-1023,Mental Health and Substance Abuse Social Workers,2012,250,2022,270,20,9.4,10
46,South Dakota,21-1014,Mental Health Counselors,2012,270,2022,310,40,15.3,10
46,South Dakota,27-1026,Merchandise Displayers and Window Trimmers,2012,740,2022,760,20,3.1,20
46,South Dakota,51-4051,Metal-Refining Furnace Operators and Tenders,2012,20,2022,20,0,5,0
46,South Dakota,43-5041,Meter Readers  Utilities,2012,80,2022,70,-10,-20.2,0
46,South Dakota,19-1022,Microbiologists,2012,100,2022,110,10,13.7,0
46,South Dakota,25-2022,Middle School Teachers  Except Special and Career/Technical Education,2012,2040,2022,2230,190,9,60
46,South Dakota,51-4035,Milling and Planing Machine Setters  Operators  and Tenders  Metal and Plastic,2012,80,2022,80,0,-2.4,0
46,South Dakota,49-9044,Millwrights,2012,50,2022,50,0,6.3,0
46,South Dakota,17-2151,Mining and Geological Engineers  Including Mining Safety Engineers,2012,30,2022,40,10,29,0
46,South Dakota,51-9023,Mixing and Blending Machine Setters  Operators  and Tenders,2012,310,2022,330,20,4.1,10
46,South Dakota,49-3042,Mobile Heavy Equipment Mechanics  Except Engines,2012,490,2022,520,30,7.6,20
46,South Dakota,51-9195,Molders  Shapers  and Casters  Except Metal and Plastic,2012,100,2022,110,10,6.7,0
46,South Dakota,51-4072,Molding  Coremaking  and Casting Machine Setters  Operators  and Tenders  Metal and Plastic,2012,390,2022,390,0,1.8,10
46,South Dakota,39-4031,Morticians  Undertakers  and Funeral Directors,2012,150,2022,170,20,12,10
46,South Dakota,39-3021,Motion Picture Projectionists,2012,30,2022,20,-10,-14.3,0
46,South Dakota,53-3099,Motor Vehicle Operators  All Other,2012,90,2022,100,10,4.3,0
46,South Dakota,49-3052,Motorcycle Mechanics,2012,140,2022,160,20,17.3,10
46,South Dakota,27-1014,Multimedia Artists and Animators,2012,140,2022,140,0,2.2,0
46,South Dakota,51-4081,Multiple Machine Tool Setters  Operators  and Tenders  Metal and Plastic,2012,110,2022,110,0,-3.6,0
46,South Dakota,25-4013,Museum Technicians and Conservators,2012,70,2022,70,0,7.5,0
46,South Dakota,49-9063,Musical Instrument Repairers and Tuners,2012,60,2022,60,0,7.1,0
46,South Dakota,27-2042,Musicians and Singers,2012,520,2022,520,0,1.4,20
46,South Dakota,Nov-21,Natural Sciences Managers,2012,110,2022,120,10,7.2,0
46,South Dakota,15-1142,Network and Computer Systems Administrators,2012,1530,2022,1630,100,7.1,40
46,South Dakota,29-2033,Nuclear Medicine Technologists,2012,170,2022,190,20,14.5,0
46,South Dakota,29-1151,Nurse Anesthetists,2012,300,2022,340,40,11.9,10
46,South Dakota,29-1171,Nurse Practitioners,2012,360,2022,440,80,22.3,20
46,South Dakota,31-1014,Nursing Assistants,2012,6310,2022,6880,570,9.1,180
46,South Dakota,25-1072,Nursing Instructors and Teachers  Postsecondary,2012,150,2022,190,40,30.6,10
46,South Dakota,29-1064,Obstetricians and Gynecologists,2012,40,2022,50,10,2.3,0
46,South Dakota,29-9011,Occupational Health and Safety Specialists,2012,140,2022,160,20,9,10
46,South Dakota,29-1122,Occupational Therapists,2012,340,2022,400,60,16.8,10
46,South Dakota,43-9199,Office and Administrative Support Workers  All Other,2012,60,2022,50,-10,-3.6,0
46,South Dakota,43-9061,Office Clerks  General,2012,4830,2022,4760,-70,-1.3,100
46,South Dakota,43-9071,Office Machine Operators  Except Computer,2012,130,2022,110,-20,-14.7,0
46,South Dakota,47-2073,Operating Engineers and Other Construction Equipment Operators,2012,1660,2022,1820,160,9.3,50
46,South Dakota,51-9083,Ophthalmic Laboratory Technicians,2012,110,2022,110,0,7.6,10
46,South Dakota,29-2057,Ophthalmic Medical Technicians,2012,50,2022,60,10,17.3,0
46,South Dakota,29-2081,Opticians  Dispensing,2012,460,2022,520,60,12.4,20
46,South Dakota,29-1041,Optometrists,2012,160,2022,180,20,11.8,10
46,South Dakota,43-4151,Order Clerks,2012,330,2022,320,-10,-2.2,10
46,South Dakota,29-2091,Orthotists and Prosthetists,2012,20,2022,40,20,50,0
46,South Dakota,49-3053,Outdoor Power Equipment and Other Small Engine Mechanics,2012,160,2022,160,0,1.2,0
46,South Dakota,51-9111,Packaging and Filling Machine Operators and Tenders,2012,900,2022,940,40,3.8,20
46,South Dakota,53-7064,Packers and Packagers  Hand,2012,2170,2022,2180,10,0.5,60
46,South Dakota,47-2141,Painters  Construction and Maintenance,2012,750,2022,850,100,13.4,20
46,South Dakota,51-9122,Painters  Transportation Equipment,2012,170,2022,180,10,4.7,0
46,South Dakota,51-9123,Painting  Coating  and Decorating Workers,2012,140,2022,140,0,4.3,0
46,South Dakota,51-9196,Paper Goods Machine Setters  Operators  and Tenders,2012,140,2022,150,10,3.6,0
46,South Dakota,23-2011,Paralegals and Legal Assistants,2012,450,2022,550,100,20.3,20
46,South Dakota,33-3041,Parking Enforcement Workers,2012,20,2022,20,0,-5.3,0
46,South Dakota,53-6021,Parking Lot Attendants,2012,140,2022,150,10,10.3,10
46,South Dakota,41-2022,Parts Salespersons,2012,1820,2022,1990,170,9.6,60
46,South Dakota,47-2071,Paving  Surfacing  and Tamping Equipment Operators,2012,160,2022,190,30,18.5,10
46,South Dakota,43-3051,Payroll and Timekeeping Clerks,2012,470,2022,500,30,7.3,10
46,South Dakota,29-1065,Pediatricians  General,2012,60,2022,60,0,1.8,0
46,South Dakota,39-9021,Personal Care Aides,2012,1870,2022,2490,620,33.1,80
46,South Dakota,13-2052,Personal Financial Advisors,2012,320,2022,380,60,17.6,10
46,South Dakota,37-3012,Pesticide Handlers  Sprayers  and Applicators  Vegetation,2012,920,2022,980,60,7.2,30
46,South Dakota,29-1051,Pharmacists,2012,1030,2022,1150,120,11.8,40
46,South Dakota,31-9095,Pharmacy Aides,2012,30,2022,30,0,3.6,0
46,South Dakota,29-2052,Pharmacy Technicians,2012,1250,2022,1400,150,12.7,30
46,South Dakota,25-1126,Philosophy and Religion Teachers  Postsecondary,2012,30,2022,40,10,12.1,0
46,South Dakota,31-9097,Phlebotomists,2012,220,2022,250,30,12.3,10
46,South Dakota,27-4021,Photographers,2012,320,2022,320,0,-1.9,0
46,South Dakota,51-9151,Photographic Process Workers and Processing Machine Operators,2012,200,2022,180,-20,-8.5,10
46,South Dakota,19-2099,Physical Scientists  All Other,2012,50,2022,50,0,8.2,0
46,South Dakota,31-2022,Physical Therapist Aides,2012,70,2022,80,10,13.6,0
46,South Dakota,31-2021,Physical Therapist Assistants,2012,240,2022,310,70,26,10
46,South Dakota,29-1123,Physical Therapists,2012,650,2022,790,140,22.8,30
46,South Dakota,29-1071,Physician Assistants,2012,470,2022,590,120,24.9,20
46,South Dakota,29-1069,Physicians and Surgeons  All Other,2012,550,2022,590,40,8.2,20
46,South Dakota,25-1054,Physics Teachers  Postsecondary,2012,20,2022,20,0,9.1,0
46,South Dakota,47-2151,Pipelayers,2012,140,2022,150,10,10.2,0
46,South Dakota,51-8099,Plant and System Operators  All Other,2012,50,2022,60,10,11.1,0
46,South Dakota,47-2161,Plasterers and Stucco Masons,2012,20,2022,20,0,0,0
46,South Dakota,51-4193,Plating and Coating Machine Setters  Operators  and Tenders  Metal and Plastic,2012,30,2022,30,0,0,0
46,South Dakota,47-2152,Plumbers  Pipefitters  and Steamfitters,2012,1170,2022,1350,180,14.9,30
46,South Dakota,33-3051,Police and Sheriff's Patrol Officers,2012,1610,2022,1670,60,3.5,60
46,South Dakota,43-5031,Police  Fire  and Ambulance Dispatchers,2012,290,2022,300,10,2.8,10
46,South Dakota,25-1065,Political Science Teachers  Postsecondary,2012,30,2022,40,10,9.4,0
46,South Dakota,43-5051,Postal Service Clerks,2012,160,2022,150,-10,-9.3,0
46,South Dakota,43-5052,Postal Service Mail Carriers,2012,940,2022,920,-20,-2.2,30
46,South Dakota,43-5053,Postal Service Mail Sorters  Processors  and Processing Machine Operators,2012,500,2022,470,-30,-6.2,0
46,South Dakota,Nov-31,Postmasters and Mail Superintendents,2012,310,2022,310,0,1.3,10
46,South Dakota,25-1199,Postsecondary Teachers  All Other,2012,20,2022,20,0,5,0
46,South Dakota,51-8013,Power Plant Operators,2012,70,2022,70,0,-6.9,0
46,South Dakota,49-9069,Precision Instrument and Equipment Repairers  All Other,2012,10,2022,10,0,-7.7,0
46,South Dakota,51-5111,Prepress Technicians and Workers,2012,170,2022,160,-10,-3.6,0
46,South Dakota,25-2011,Preschool Teachers  Except Special Education,2012,1120,2022,1290,170,15.2,50
46,South Dakota,51-6021,Pressers  Textile  Garment  and Related Materials,2012,80,2022,70,-10,-9,0
46,South Dakota,51-5113,Print Binding and Finishing Workers,2012,110,2022,120,10,5.3,0
46,South Dakota,51-5112,Printing Press Operators,2012,610,2022,640,30,4.2,10
46,South Dakota,33-9021,Private Detectives and Investigators,2012,190,2022,220,30,11.3,10
46,South Dakota,21-1092,Probation Officers and Correctional Treatment Specialists,2012,340,2022,330,-10,-3.3,10
46,South Dakota,27-2012,Producers and Directors,2012,150,2022,150,0,0.7,10
46,South Dakota,43-5061,Production  Planning  and Expediting Clerks,2012,530,2022,570,40,7.3,20
46,South Dakota,Nov-41,Property  Real Estate  and Community Association Managers,2012,1570,2022,1710,140,9.4,50
46,South Dakota,33-9099,Protective Service Workers  All Other,2012,170,2022,170,0,3,10
46,South Dakota,29-1066,Psychiatrists,2012,20,2022,20,0,0,0
46,South Dakota,19-3039,Psychologists  All Other,2012,40,2022,50,10,19.5,0
46,South Dakota,25-1066,Psychology Teachers  Postsecondary,2012,50,2022,60,10,9.6,0
46,South Dakota,27-3012,Public Address System and Other Announcers,2012,20,2022,20,0,5.3,0
46,South Dakota,Nov-31,Public Relations and Fundraising Managers,2012,30,2022,30,0,14.3,0
46,South Dakota,27-3031,Public Relations Specialists,2012,940,2022,980,40,4,20
46,South Dakota,13-1023,Purchasing Agents  Except Wholesale  Retail  and Farm Products,2012,720,2022,770,50,7.2,20
46,South Dakota,Nov-61,Purchasing Managers,2012,50,2022,50,0,2.2,0
46,South Dakota,29-1124,Radiation Therapists,2012,40,2022,40,0,13.2,0
46,South Dakota,27-3011,Radio and Television Announcers,2012,440,2022,430,-10,-3.2,10
46,South Dakota,29-2034,Radiologic Technologists,2012,960,2022,1070,110,12.4,30
46,South Dakota,53-4021,Railroad Brake  Signal  and Switch Operators,2012,80,2022,90,10,9.8,0
46,South Dakota,47-4061,Rail-Track Laying and Maintenance Equipment Operators,2012,50,2022,60,10,13.7,0
46,South Dakota,41-9022,Real Estate Sales Agents,2012,570,2022,610,40,7.9,10
46,South Dakota,43-4171,Receptionists and Information Clerks,2012,5010,2022,5250,240,4.8,160
46,South Dakota,25-1193,Recreation and Fitness Studies Teachers  Postsecondary,2012,110,2022,120,10,9.1,0
46,South Dakota,39-9032,Recreation Workers,2012,680,2022,740,60,8.1,10
46,South Dakota,29-1125,Recreational Therapists,2012,40,2022,40,0,5.7,0
46,South Dakota,49-3092,Recreational Vehicle Service Technicians,2012,50,2022,60,10,21.2,0
46,South Dakota,53-7081,Refuse and Recyclable Material Collectors,2012,370,2022,380,10,4.1,10
46,South Dakota,29-1141,Registered Nurses,2012,11380,2022,12870,1490,13.1,370
46,South Dakota,21-1015,Rehabilitation Counselors,2012,370,2022,410,40,10.7,10
46,South Dakota,47-2171,Reinforcing Iron and Rebar Workers,2012,30,2022,30,0,0,0
46,South Dakota,27-3022,Reporters and Correspondents,2012,330,2022,300,-30,-10.3,10
46,South Dakota,43-4181,Reservation and Transportation Ticket Agents and Travel Clerks,2012,390,2022,360,-30,-8.4,10
46,South Dakota,39-9041,Residential Advisors,2012,1980,2022,2180,200,10.4,110
46,South Dakota,29-1126,Respiratory Therapists,2012,340,2022,380,40,12.8,10
46,South Dakota,29-2054,Respiratory Therapy Technicians,2012,10,2022,10,0,10,0
46,South Dakota,41-2031,Retail Salespersons,2012,14610,2022,15800,1190,8.1,620
46,South Dakota,47-5051,Rock Splitters  Quarry,2012,30,2022,30,0,18.5,0
46,South Dakota,51-4023,Rolling Machine Setters  Operators  and Tenders  Metal and Plastic,2012,80,2022,80,0,1.2,0
46,South Dakota,47-2181,Roofers,2012,440,2022,430,-10,-2.7,10
46,South Dakota,41-9099,Sales and Related Workers  All Other,2012,420,2022,460,40,9.8,10
46,South Dakota,Nov-22,Sales Managers,2012,300,2022,320,20,6.1,10
46,South Dakota,41-3099,Sales Representatives  Services  All Other,2012,330,2022,370,40,11.9,10
46,South Dakota,41-4012,Sales Representatives  Wholesale and Manufacturing  Except Technical and Scientific Products,2012,5280,2022,5720,440,8.3,150
46,South Dakota,41-4011,Sales Representatives  Wholesale and Manufacturing  Technical and Scientific Products,2012,1480,2022,1610,130,8.9,40
46,South Dakota,51-7041,Sawing Machine Setters  Operators  and Tenders  Wood,2012,360,2022,390,30,8.4,10
46,South Dakota,25-2031,Secondary School Teachers  Except Special and Career/Technical Education,2012,3420,2022,3500,80,2.3,100
46,South Dakota,43-6014,Secretaries and Administrative Assistants  Except Legal  Medical  and Executive,2012,6100,2022,6460,360,5.9,110
46,South Dakota,41-3031,Securities  Commodities  and Financial Services Sales Agents,2012,450,2022,470,20,4.4,10
46,South Dakota,49-2098,Security and Fire Alarm Systems Installers,2012,80,2022,100,20,14.5,0
46,South Dakota,33-9032,Security Guards,2012,1140,2022,1240,100,9,30
46,South Dakota,51-9012,Separating  Filtering  Clarifying  Precipitating  and Still Machine Setters  Operators  and Tenders,2012,140,2022,140,0,6.7,10
46,South Dakota,47-4071,Septic Tank Servicers and Sewer Pipe Cleaners,2012,140,2022,180,40,23.9,10
46,South Dakota,51-6031,Sewing Machine Operators,2012,360,2022,370,10,3.1,0
46,South Dakota,47-2211,Sheet Metal Workers,2012,430,2022,480,50,10.2,10
46,South Dakota,43-5071,Shipping  Receiving  and Traffic Clerks,2012,1030,2022,1100,70,6.1,30
46,South Dakota,51-3023,Slaughterers and Meat Packers,2012,720,2022,690,-30,-4.9,20
46,South Dakota,39-1012,Slot Supervisors,2012,60,2022,60,0,3.3,0
46,South Dakota,Nov-51,Social and Community Service Managers,2012,260,2022,280,20,8,10
46,South Dakota,21-1093,Social and Human Service Assistants,2012,960,2022,1050,90,9.6,30
46,South Dakota,19-4061,Social Science Research Assistants,2012,30,2022,40,10,21.9,0
46,South Dakota,19-3099,Social Scientists and Related Workers  All Other,2012,90,2022,90,0,3.4,0
46,South Dakota,25-1113,Social Work Teachers  Postsecondary,2012,30,2022,30,0,6.3,0
46,South Dakota,21-1029,Social Workers  All Other,2012,80,2022,80,0,5,0
46,South Dakota,19-3041,Sociologists,2012,20,2022,20,0,16.7,0
46,South Dakota,25-1067,Sociology Teachers  Postsecondary,2012,50,2022,50,0,8,0
46,South Dakota,15-1132,Software Developers  Applications,2012,720,2022,860,140,20.2,20
46,South Dakota,15-1133,Software Developers  Systems Software,2012,230,2022,260,30,12.3,10
46,South Dakota,19-1013,Soil and Plant Scientists,2012,490,2022,550,60,10.8,20
46,South Dakota,25-2059,Special Education Teachers  All Other,2012,20,2022,20,0,6.7,0
46,South Dakota,25-2052,Special Education Teachers  Kindergarten and Elementary School,2012,640,2022,650,10,2.5,10
46,South Dakota,25-2053,Special Education Teachers  Middle School,2012,250,2022,260,10,1.6,0
46,South Dakota,25-2051,Special Education Teachers  Preschool,2012,20,2022,20,0,5.9,0
46,South Dakota,25-2054,Special Education Teachers  Secondary School,2012,390,2022,390,0,1.3,10
46,South Dakota,29-1127,Speech-Language Pathologists,2012,400,2022,440,40,9.9,10
46,South Dakota,51-8021,Stationary Engineers and Boiler Operators,2012,120,2022,120,0,5.1,10
46,South Dakota,15-2041,Statisticians,2012,20,2022,30,10,18.2,0
46,South Dakota,43-5081,Stock Clerks and Order Fillers,2012,6020,2022,5960,-60,-0.9,180
46,South Dakota,47-2221,Structural Iron and Steel Workers,2012,350,2022,360,10,4.3,10
46,South Dakota,51-2041,Structural Metal Fabricators and Fitters,2012,250,2022,290,40,14.4,10
46,South Dakota,21-1011,Substance Abuse and Behavioral Disorder Counselors,2012,550,2022,640,90,16.3,20
46,South Dakota,29-1067,Surgeons,2012,220,2022,250,30,12.1,10
46,South Dakota,29-2055,Surgical Technologists,2012,450,2022,560,110,24.1,20
46,South Dakota,17-3031,Surveying and Mapping Technicians,2012,160,2022,190,30,16.5,10
46,South Dakota,17-1022,Surveyors,2012,120,2022,130,10,11,0
46,South Dakota,47-2082,Tapers,2012,70,2022,70,0,7.6,0
46,South Dakota,13-2081,Tax Examiners and Collectors  and Revenue Agents,2012,140,2022,150,10,2.1,10
46,South Dakota,13-2082,Tax Preparers,2012,340,2022,370,30,6.4,10
46,South Dakota,53-3041,Taxi Drivers and Chauffeurs,2012,810,2022,920,110,12.7,20
46,South Dakota,25-9041,Teacher Assistants,2012,4250,2022,4380,130,3.1,110
46,South Dakota,51-2092,Team Assemblers,2012,3840,2022,4220,380,9.7,100
46,South Dakota,27-3042,Technical Writers,2012,70,2022,70,0,8.8,0
46,South Dakota,49-2022,Telecommunications Equipment Installers and Repairers  Except Line Installers,2012,520,2022,550,30,5.4,10
46,South Dakota,49-9052,Telecommunications Line Installers and Repairers,2012,560,2022,600,40,5.9,20
46,South Dakota,41-9041,Telemarketers,2012,930,2022,910,-20,-1.9,20
46,South Dakota,43-3071,Tellers,2012,2040,2022,2090,50,2.3,100
46,South Dakota,51-6062,Textile Cutting Machine Setters  Operators  and Tenders,2012,10,2022,10,0,8.3,0
46,South Dakota,47-2044,Tile and Marble Setters,2012,70,2022,80,10,7.1,0
46,South Dakota,49-3093,Tire Repairers and Changers,2012,320,2022,340,20,6.9,10
46,South Dakota,23-2093,Title Examiners  Abstractors  and Searchers,2012,360,2022,400,40,10.6,10
46,South Dakota,51-4111,Tool and Die Makers,2012,220,2022,240,20,13,0
46,South Dakota,51-4194,Tool Grinders  Filers  and Sharpeners,2012,50,2022,60,10,9.8,0
46,South Dakota,00-0000,Total  All Occupations,2012,472610,2022,505870,33260,7,14730
46,South Dakota,Nov-31,Training and Development Managers,2012,30,2022,30,0,6.7,0
46,South Dakota,13-1151,Training and Development Specialists,2012,540,2022,590,50,8.3,10
46,South Dakota,53-6051,Transportation Inspectors,2012,130,2022,150,20,15.6,10
46,South Dakota,33-9093,Transportation Security Screeners,2012,80,2022,90,10,23.7,0
46,South Dakota,Nov-71,Transportation  Storage  and Distribution Managers,2012,130,2022,140,10,4.5,0
46,South Dakota,41-3041,Travel Agents,2012,180,2022,160,-20,-10.2,0
46,South Dakota,51-6093,Upholsterers,2012,40,2022,50,10,9.5,0
46,South Dakota,19-3051,Urban and Regional Planners,2012,160,2022,160,0,5.1,10
46,South Dakota,39-3031,Ushers  Lobby Attendants  and Ticket Takers,2012,370,2022,370,0,1.4,20
46,South Dakota,29-1131,Veterinarians,2012,290,2022,300,10,3.9,10
46,South Dakota,31-9096,Veterinary Assistants and Laboratory Animal Caretakers,2012,210,2022,210,0,-0.5,0
46,South Dakota,29-2056,Veterinary Technologists and Technicians,2012,270,2022,320,50,17.5,10
46,South Dakota,25-1194,Vocational Education Teachers  Postsecondary,2012,260,2022,280,20,8,10
46,South Dakota,35-3031,Waiters and Waitresses,2012,7510,2022,7880,370,5,400
46,South Dakota,51-8031,Water and Wastewater Treatment Plant and System Operators,2012,640,2022,680,40,5.8,30
46,South Dakota,15-1134,Web Developers,2012,230,2022,270,40,16.3,10
46,South Dakota,43-5111,Weighers  Measurers  Checkers  and Samplers  Recordkeeping,2012,220,2022,240,20,7.3,10
46,South Dakota,51-4121,Welders  Cutters  Solderers  and Brazers,2012,3020,2022,3360,340,11.3,110
46,South Dakota,51-4122,Welding  Soldering  and Brazing Machine Setters  Operators  and Tenders,2012,550,2022,720,170,30.8,30
46,South Dakota,13-1022,Wholesale and Retail Buyers  Except Farm Products,2012,260,2022,280,20,7.6,10
46,South Dakota,51-7042,Woodworking Machine Setters  Operators  and Tenders  Except Sawing,2012,490,2022,540,50,10.7,10
46,South Dakota,43-9022,Word Processors and Typists,2012,290,2022,240,-50,-17.3,0
46,South Dakota,27-3043,Writers and Authors,2012,120,2022,120,0,-0.8,0
46,South Dakota,19-1023,Zoologists and Wildlife Biologists,2012,130,2022,140,10,3,0
