STFIPS,AreaName,OccupationCode,OccupationName,BaseYear,Base,ProjYear,Proj,Change,PercentChange,AvgAnnualOpenings
47,Tennessee,13-2011,Accountants and Auditors,2012,21500,2022,26440,4940,23,1130
47,Tennessee,27-2011,Actors,2012,440,2022,490,50,12.6,20
47,Tennessee,15-2011,Actuaries,2012,340,2022,470,130,36,20
47,Tennessee,51-9191,Adhesive Bonding Machine Operators and Tenders,2012,730,2022,640,-90,-12.5,20
47,Tennessee,23-1021,Administrative Law Judges  Adjudicators  and Hearing Officers,2012,350,2022,370,20,5.4,10
47,Tennessee,Nov-11,Administrative Services Managers,2012,7060,2022,8060,1000,14.2,220
47,Tennessee,25-3011,Adult Basic and Secondary Education and Literacy Teachers and Instructors,2012,1090,2022,1230,140,12.5,30
47,Tennessee,Nov-11,Advertising and Promotions Managers,2012,980,2022,1170,190,19.1,50
47,Tennessee,41-3011,Advertising Sales Agents,2012,1980,2022,2110,130,6.9,80
47,Tennessee,17-2011,Aerospace Engineers,2012,250,2022,330,80,30,10
47,Tennessee,13-1011,Agents and Business Managers of Artists  Performers  and Athletes,2012,2670,2022,3230,560,21.1,120
47,Tennessee,19-4011,Agricultural and Food Science Technicians,2012,560,2022,550,-10,-1.3,20
47,Tennessee,45-2091,Agricultural Equipment Operators,2012,1300,2022,1530,230,18.2,60
47,Tennessee,25-1041,Agricultural Sciences Teachers  Postsecondary,2012,250,2022,250,0,-0.4,0
47,Tennessee,45-2099,Agricultural Workers  All Other,2012,350,2022,390,40,11.7,20
47,Tennessee,53-2021,Air Traffic Controllers,2012,690,2022,780,90,12.6,40
47,Tennessee,49-3011,Aircraft Mechanics and Service Technicians,2012,1990,2022,2080,90,4.5,60
47,Tennessee,53-2022,Airfield Operations Specialists,2012,220,2022,210,-10,-3.7,10
47,Tennessee,53-2011,Airline Pilots  Copilots  and Flight Engineers,2012,870,2022,840,-30,-3.7,30
47,Tennessee,53-3011,Ambulance Drivers and Attendants  Except Emergency Medical Technicians,2012,270,2022,380,110,41.6,20
47,Tennessee,39-3091,Amusement and Recreation Attendants,2012,3500,2022,3990,490,14,220
47,Tennessee,29-1061,Anesthesiologists,2012,440,2022,580,140,32.7,30
47,Tennessee,33-9011,Animal Control Workers,2012,250,2022,280,30,12.6,10
47,Tennessee,39-2011,Animal Trainers,2012,540,2022,640,100,17.7,30
47,Tennessee,19-3091,Anthropologists and Archeologists,2012,140,2022,180,40,31.7,10
47,Tennessee,13-2021,Appraisers and Assessors of Real Estate,2012,1460,2022,1510,50,3.4,20
47,Tennessee,23-1022,Arbitrators  Mediators  and Conciliators,2012,100,2022,100,0,4.1,0
47,Tennessee,17-1011,Architects  Except Landscape and Naval,2012,1140,2022,1420,280,24,50
47,Tennessee,17-3011,Architectural and Civil Drafters,2012,1550,2022,1660,110,6.8,30
47,Tennessee,Nov-41,Architectural and Engineering Managers,2012,2490,2022,2810,320,12.8,90
47,Tennessee,25-4011,Archivists,2012,70,2022,80,10,7,0
47,Tennessee,27-1011,Art Directors,2012,720,2022,750,30,4.6,20
47,Tennessee,25-1121,Art  Drama  and Music Teachers  Postsecondary,2012,2740,2022,2980,240,8.5,60
47,Tennessee,27-1019,Artists and Related Workers  All Other,2012,80,2022,80,0,10.7,0
47,Tennessee,19-2011,Astronomers,2012,0,2022,0,0,0,0
47,Tennessee,27-2021,Athletes and Sports Competitors,2012,330,2022,360,30,10.1,10
47,Tennessee,29-9091,Athletic Trainers,2012,620,2022,740,120,19.9,30
47,Tennessee,19-2021,Atmospheric and Space Scientists,2012,90,2022,100,10,6.7,0
47,Tennessee,25-1051,Atmospheric  Earth  Marine  and Space Sciences Teachers  Postsecondary,2012,110,2022,110,0,3.7,0
47,Tennessee,27-4011,Audio and Video Equipment Technicians,2012,1660,2022,1970,310,18.3,60
47,Tennessee,29-1181,Audiologists,2012,220,2022,300,80,36.6,10
47,Tennessee,25-9011,Audio-Visual and Multimedia Collections Specialists,2012,110,2022,130,20,17.8,0
47,Tennessee,53-6031,Automotive and Watercraft Service Attendants,2012,2090,2022,2400,310,15,90
47,Tennessee,49-3021,Automotive Body and Related Repairers,2012,3260,2022,3530,270,8.4,90
47,Tennessee,49-3022,Automotive Glass Installers and Repairers,2012,220,2022,240,20,7.3,10
47,Tennessee,49-3023,Automotive Service Technicians and Mechanics,2012,14840,2022,15840,1000,6.7,480
47,Tennessee,49-2091,Avionics Technicians,2012,210,2022,220,10,6.7,10
47,Tennessee,39-6011,Baggage Porters and Bellhops,2012,470,2022,520,50,10.7,20
47,Tennessee,33-3011,Bailiffs,2012,340,2022,370,30,10.4,10
47,Tennessee,51-3011,Bakers,2012,2260,2022,2430,170,7.6,70
47,Tennessee,39-5011,Barbers,2012,590,2022,700,110,18,30
47,Tennessee,35-3011,Bartenders,2012,7670,2022,8850,1180,15.4,400
47,Tennessee,43-3011,Bill and Account Collectors,2012,14390,2022,17760,3370,23.5,740
47,Tennessee,43-3021,Billing and Posting Clerks,2012,11830,2022,14570,2740,23.2,490
47,Tennessee,19-1021,Biochemists and Biophysicists,2012,270,2022,240,-30,-8.3,10
47,Tennessee,25-1042,Biological Science Teachers  Postsecondary,2012,1390,2022,1600,210,15.1,40
47,Tennessee,19-1029,Biological Scientists  All Other,2012,340,2022,360,20,4.1,10
47,Tennessee,19-4021,Biological Technicians,2012,1150,2022,1160,10,1.5,40
47,Tennessee,17-2031,Biomedical Engineers,2012,340,2022,450,110,34.5,20
47,Tennessee,47-2011,Boilermakers,2012,530,2022,550,20,3.4,30
47,Tennessee,43-3031,Bookkeeping  Accounting  and Auditing Clerks,2012,32220,2022,37380,5160,16,810
47,Tennessee,47-2021,Brickmasons and Blockmasons,2012,930,2022,1260,330,35.4,40
47,Tennessee,53-6011,Bridge and Lock Tenders,2012,30,2022,40,10,12.9,0
47,Tennessee,27-3021,Broadcast News Analysts,2012,90,2022,110,20,17.8,10
47,Tennessee,43-4011,Brokerage Clerks,2012,1000,2022,930,-70,-6.5,30
47,Tennessee,13-2031,Budget Analysts,2012,770,2022,890,120,15.8,40
47,Tennessee,37-2019,Building Cleaning Workers  All Other,2012,230,2022,270,40,19.3,10
47,Tennessee,49-3031,Bus and Truck Mechanics and Diesel Engine Specialists,2012,5290,2022,5650,360,6.8,150
47,Tennessee,53-3022,Bus Drivers  School or Special Client,2012,9780,2022,10680,900,9.2,270
47,Tennessee,53-3021,Bus Drivers  Transit and Intercity,2012,2570,2022,3000,430,16.5,90
47,Tennessee,13-1199,Business Operations Specialists  All Other,2012,12420,2022,14070,1650,13.3,340
47,Tennessee,25-1011,Business Teachers  Postsecondary,2012,2010,2022,2190,180,9,50
47,Tennessee,51-3021,Butchers and Meat Cutters,2012,2610,2022,2740,130,5.1,80
47,Tennessee,13-1021,Buyers and Purchasing Agents  Farm Products,2012,250,2022,280,30,9.9,10
47,Tennessee,51-7011,Cabinetmakers and Bench Carpenters,2012,1570,2022,1570,0,0.3,10
47,Tennessee,49-9061,Camera and Photographic Equipment Repairers,2012,10,2022,10,0,0,0
47,Tennessee,27-4031,Camera Operators  Television  Video  and Motion Picture,2012,480,2022,550,70,13.8,10
47,Tennessee,53-5021,Captains  Mates  and Pilots of Water Vessels,2012,910,2022,1060,150,16.3,60
47,Tennessee,29-2031,Cardiovascular Technologists and Technicians,2012,950,2022,1190,240,25,40
47,Tennessee,25-2023,Career/Technical Education Teachers  Middle School,2012,70,2022,80,10,13.5,0
47,Tennessee,25-2032,Career/Technical Education Teachers  Secondary School,2012,3160,2022,3540,380,12.3,130
47,Tennessee,43-5011,Cargo and Freight Agents,2012,2140,2022,2470,330,15.1,90
47,Tennessee,47-2031,Carpenters,2012,12280,2022,13630,1350,11,290
47,Tennessee,17-1021,Cartographers and Photogrammetrists,2012,130,2022,150,20,11.5,10
47,Tennessee,41-2011,Cashiers,2012,69130,2022,73030,3900,5.6,3380
47,Tennessee,47-2051,Cement Masons and Concrete Finishers,2012,1850,2022,2210,360,20,60
47,Tennessee,35-1011,Chefs and Head Cooks,2012,2960,2022,3230,270,9,80
47,Tennessee,17-2041,Chemical Engineers,2012,760,2022,630,-130,-17.9,20
47,Tennessee,51-9011,Chemical Equipment Operators and Tenders,2012,1690,2022,1400,-290,-17,60
47,Tennessee,51-8091,Chemical Plant and System Operators,2012,1540,2022,1090,-450,-29.2,60
47,Tennessee,19-4031,Chemical Technicians,2012,1420,2022,1420,0,0.4,40
47,Tennessee,25-1052,Chemistry Teachers  Postsecondary,2012,470,2022,510,40,8.3,10
47,Tennessee,19-2031,Chemists,2012,950,2022,880,-70,-6.6,20
47,Tennessee,11-1011,Chief Executives,2012,13060,2022,14270,1210,9.3,400
47,Tennessee,21-1021,Child  Family  and School Social Workers,2012,4670,2022,4830,160,3.6,120
47,Tennessee,39-9011,Childcare Workers,2012,31130,2022,35790,4660,15,1380
47,Tennessee,29-1011,Chiropractors,2012,510,2022,510,0,-1,10
47,Tennessee,27-2032,Choreographers,2012,20,2022,20,0,15.8,0
47,Tennessee,17-3022,Civil Engineering Technicians,2012,1070,2022,1240,170,15.2,40
47,Tennessee,17-2051,Civil Engineers,2012,3720,2022,4690,970,26.2,190
47,Tennessee,13-1031,Claims Adjusters  Examiners  and Investigators,2012,4440,2022,4970,530,11.7,160
47,Tennessee,53-7061,Cleaners of Vehicles and Equipment,2012,4590,2022,4900,310,6.7,160
47,Tennessee,51-9192,Cleaning  Washing  and Metal Pickling Equipment Operators and Tenders,2012,310,2022,270,-40,-15.3,10
47,Tennessee,21-2011,Clergy,2012,12110,2022,15710,3600,29.7,610
47,Tennessee,19-3031,Clinical  Counseling  and School Psychologists,2012,1840,2022,2080,240,12.6,70
47,Tennessee,27-2022,Coaches and Scouts,2012,3130,2022,3620,490,15.4,140
47,Tennessee,51-9121,Coating  Painting  and Spraying Machine Setters  Operators  and Tenders,2012,2210,2022,2380,170,7.7,60
47,Tennessee,51-2021,Coil Winders  Tapers  and Finishers,2012,600,2022,550,-50,-8.7,10
47,Tennessee,35-3021,Combined Food Preparation and Serving Workers  Including Fast Food,2012,57280,2022,69200,11920,20.8,3380
47,Tennessee,27-1021,Commercial and Industrial Designers,2012,540,2022,640,100,18.4,20
47,Tennessee,49-9092,Commercial Divers,2012,90,2022,120,30,26.9,0
47,Tennessee,53-2012,Commercial Pilots,2012,380,2022,420,40,8.9,10
47,Tennessee,25-1122,Communications Teachers  Postsecondary,2012,760,2022,810,50,6.9,20
47,Tennessee,21-1099,Community and Social Service Specialists  All Other,2012,880,2022,960,80,10.1,30
47,Tennessee,21-1094,Community Health Workers,2012,470,2022,590,120,24.9,20
47,Tennessee,Nov-11,Compensation and Benefits Managers,2012,610,2022,670,60,8.7,20
47,Tennessee,13-1141,Compensation  Benefits  and Job Analysis Specialists,2012,1330,2022,1470,140,10.8,40
47,Tennessee,13-1041,Compliance Officers,2012,3950,2022,4410,460,11.7,120
47,Tennessee,15-1111,Computer and Information Research Scientists,2012,460,2022,440,-20,-5.4,10
47,Tennessee,Nov-21,Computer and Information Systems Managers,2012,5140,2022,6060,920,18,160
47,Tennessee,17-2061,Computer Hardware Engineers,2012,480,2022,560,80,17.8,20
47,Tennessee,15-1143,Computer Network Architects,2012,1380,2022,1680,300,21.4,50
47,Tennessee,15-1152,Computer Network Support Specialists,2012,2510,2022,2750,240,9.4,60
47,Tennessee,51-4012,Computer Numerically Controlled Machine Tool Programmers  Metal and Plastic,2012,490,2022,740,250,49.8,40
47,Tennessee,15-1199,Computer Occupations  All Other,2012,2130,2022,2330,200,9.4,50
47,Tennessee,43-9011,Computer Operators,2012,2510,2022,2330,-180,-7.2,20
47,Tennessee,15-1131,Computer Programmers,2012,4890,2022,5390,500,10.4,180
47,Tennessee,25-1021,Computer Science Teachers  Postsecondary,2012,600,2022,690,90,14.5,20
47,Tennessee,15-1121,Computer Systems Analysts,2012,8810,2022,10890,2080,23.6,350
47,Tennessee,15-1151,Computer User Support Specialists,2012,6940,2022,8390,1450,20.9,250
47,Tennessee,51-4011,Computer-Controlled Machine Tool Operators  Metal and Plastic,2012,2620,2022,3470,850,32.3,160
47,Tennessee,39-6012,Concierges,2012,410,2022,500,90,20.1,20
47,Tennessee,19-1031,Conservation Scientists,2012,290,2022,350,60,20.3,10
47,Tennessee,47-4011,Construction and Building Inspectors,2012,1430,2022,1650,220,15.9,60
47,Tennessee,47-4099,Construction and Related Workers  All Other,2012,380,2022,400,20,5.8,10
47,Tennessee,47-2061,Construction Laborers,2012,22470,2022,26730,4260,19,910
47,Tennessee,Nov-21,Construction Managers,2012,11040,2022,11960,920,8.3,270
47,Tennessee,47-5041,Continuous Mining Machine Operators,2012,70,2022,70,0,12.3,0
47,Tennessee,49-9012,Control and Valve Installers and Repairers  Except Mechanical Door,2012,730,2022,810,80,10.9,30
47,Tennessee,53-7011,Conveyor Operators and Tenders,2012,3650,2022,3660,10,0.2,100
47,Tennessee,35-2019,Cooks  All Other,2012,700,2022,780,80,12.4,20
47,Tennessee,35-2011,Cooks  Fast Food,2012,13440,2022,14010,570,4.2,320
47,Tennessee,35-2012,Cooks  Institution and Cafeteria,2012,15280,2022,17310,2030,13.3,500
47,Tennessee,35-2015,Cooks  Short Order,2012,2960,2022,3030,70,2.4,70
47,Tennessee,51-9193,Cooling and Freezing Equipment Operators and Tenders,2012,170,2022,170,0,-1.2,0
47,Tennessee,43-4021,Correspondence Clerks,2012,230,2022,310,80,32.6,10
47,Tennessee,13-1051,Cost Estimators,2012,3160,2022,3720,560,17.6,160
47,Tennessee,39-3092,Costume Attendants,2012,30,2022,30,0,7.1,0
47,Tennessee,21-1019,Counselors  All Other,2012,500,2022,530,30,7.2,20
47,Tennessee,41-2021,Counter and Rental Clerks,2012,7200,2022,7730,530,7.3,240
47,Tennessee,35-3022,Counter Attendants  Cafeteria  Food Concession  and Coffee Shop,2012,5480,2022,5550,70,1.4,340
47,Tennessee,43-5021,Couriers and Messengers,2012,1710,2022,1620,-90,-5.5,20
47,Tennessee,23-2091,Court Reporters,2012,110,2022,140,30,29.2,10
47,Tennessee,43-4031,Court  Municipal  and License Clerks,2012,2680,2022,3000,320,11.9,70
47,Tennessee,53-7021,Crane and Tower Operators,2012,650,2022,820,170,26,40
47,Tennessee,13-2041,Credit Analysts,2012,1450,2022,1660,210,14.4,60
47,Tennessee,43-4041,Credit Authorizers  Checkers  and Clerks,2012,750,2022,770,20,2.8,10
47,Tennessee,13-2071,Credit Counselors,2012,420,2022,500,80,20.4,20
47,Tennessee,25-1111,Criminal Justice and Law Enforcement Teachers  Postsecondary,2012,210,2022,230,20,11.7,10
47,Tennessee,33-9091,Crossing Guards,2012,1510,2022,1800,290,19.3,50
47,Tennessee,51-9021,Crushing  Grinding  and Polishing Machine Setters  Operators  and Tenders,2012,670,2022,740,70,9.5,30
47,Tennessee,25-4012,Curators,2012,180,2022,190,10,2.8,0
47,Tennessee,43-4051,Customer Service Representatives,2012,48050,2022,56410,8360,17.4,2140
47,Tennessee,51-9031,Cutters and Trimmers  Hand,2012,700,2022,620,-80,-10.5,10
47,Tennessee,51-9032,Cutting and Slicing Machine Setters  Operators  and Tenders,2012,2070,2022,1690,-380,-18.3,40
47,Tennessee,51-4031,Cutting  Punching  and Press Machine Setters  Operators  and Tenders  Metal and Plastic,2012,6690,2022,6900,210,3.2,80
47,Tennessee,27-2031,Dancers,2012,110,2022,130,20,19.6,10
47,Tennessee,43-9021,Data Entry Keyers,2012,4170,2022,3320,-850,-20.3,50
47,Tennessee,15-1141,Database Administrators,2012,1630,2022,1930,300,19,60
47,Tennessee,41-9011,Demonstrators and Product Promoters,2012,1310,2022,1640,330,25.3,70
47,Tennessee,31-9091,Dental Assistants,2012,5560,2022,6700,1140,20.6,230
47,Tennessee,29-2021,Dental Hygienists,2012,3460,2022,4450,990,28.6,190
47,Tennessee,51-9081,Dental Laboratory Technicians,2012,620,2022,770,150,23.7,40
47,Tennessee,29-1021,Dentists  General,2012,1460,2022,1650,190,12.4,50
47,Tennessee,27-1029,Designers  All Other,2012,90,2022,90,0,0,0
47,Tennessee,43-9031,Desktop Publishers,2012,450,2022,400,-50,-11.8,10
47,Tennessee,33-3021,Detectives and Criminal Investigators,2012,1440,2022,1570,130,9,50
47,Tennessee,29-2032,Diagnostic Medical Sonographers,2012,1450,2022,2060,610,42,80
47,Tennessee,29-2051,Dietetic Technicians,2012,960,2022,1100,140,14.2,20
47,Tennessee,29-1031,Dietitians and Nutritionists,2012,1210,2022,1400,190,16.2,30
47,Tennessee,21-2021,Directors  Religious Activities and Education,2012,5890,2022,7640,1750,29.7,380
47,Tennessee,35-9021,Dishwashers,2012,7980,2022,8820,840,10.5,440
47,Tennessee,41-9091,Door-to-Door Sales Workers  News and Street Vendors  and Related Workers,2012,1220,2022,960,-260,-20.9,10
47,Tennessee,17-3019,Drafters  All Other,2012,240,2022,290,50,21.3,10
47,Tennessee,53-7031,Dredge Operators,2012,60,2022,70,10,23.6,0
47,Tennessee,51-4032,Drilling and Boring Machine Tool Setters  Operators  and Tenders  Metal and Plastic,2012,500,2022,460,-40,-9.3,10
47,Tennessee,53-3031,Driver/Sales Workers,2012,10190,2022,11240,1050,10.3,270
47,Tennessee,47-2081,Drywall and Ceiling Tile Installers,2012,1400,2022,1400,0,0.2,10
47,Tennessee,47-5021,Earth Drillers  Except Oil and Gas,2012,390,2022,440,50,12.2,20
47,Tennessee,25-1063,Economics Teachers  Postsecondary,2012,230,2022,250,20,6.5,10
47,Tennessee,19-3011,Economists,2012,70,2022,90,20,16.4,0
47,Tennessee,27-3041,Editors,2012,1500,2022,1580,80,4.9,40
47,Tennessee,Nov-39,Education Administrators  All Other,2012,750,2022,860,110,15.4,30
47,Tennessee,Nov-32,Education Administrators  Elementary and Secondary School,2012,4730,2022,5370,640,13.5,190
47,Tennessee,Nov-31,Education Administrators  Preschool and Childcare Center/Program,2012,1270,2022,1530,260,20.6,60
47,Tennessee,25-1081,Education Teachers  Postsecondary,2012,2030,2022,2160,130,6.1,40
47,Tennessee,25-9099,Education  Training  and Library Workers  All Other,2012,1390,2022,1490,100,7.6,20
47,Tennessee,21-1012,Educational  Guidance  School  and Vocational Counselors,2012,4680,2022,5260,580,12.6,160
47,Tennessee,49-2092,Electric Motor  Power Tool  and Related Repairers,2012,540,2022,510,-30,-4.5,10
47,Tennessee,51-2022,Electrical and Electronic Equipment Assemblers,2012,2880,2022,3160,280,10.1,60
47,Tennessee,17-3012,Electrical and Electronics Drafters,2012,410,2022,470,60,13.4,10
47,Tennessee,17-3023,Electrical and Electronics Engineering Technicians,2012,2360,2022,2590,230,9.7,70
47,Tennessee,49-2093,Electrical and Electronics Installers and Repairers  Transportation Equipment,2012,410,2022,450,40,10,10
47,Tennessee,49-2094,Electrical and Electronics Repairers  Commercial and Industrial Equipment,2012,1410,2022,1410,0,0.2,30
47,Tennessee,17-2071,Electrical Engineers,2012,2440,2022,2660,220,9.2,80
47,Tennessee,47-2111,Electricians,2012,12210,2022,13780,1570,12.9,390
47,Tennessee,51-2023,Electromechanical Equipment Assemblers,2012,520,2022,570,50,9.2,10
47,Tennessee,17-3024,Electro-Mechanical Technicians,2012,240,2022,290,50,24.6,10
47,Tennessee,49-2096,Electronic Equipment Installers and Repairers  Motor Vehicles,2012,200,2022,170,-30,-11.8,0
47,Tennessee,49-2097,Electronic Home Entertainment Equipment Installers and Repairers,2012,920,2022,980,60,7,40
47,Tennessee,17-2072,Electronics Engineers  Except Computer,2012,1120,2022,1310,190,16.4,40
47,Tennessee,25-2021,Elementary School Teachers  Except Special Education,2012,27740,2022,33520,5780,20.8,1190
47,Tennessee,47-4021,Elevator Installers and Repairers,2012,320,2022,370,50,16.8,10
47,Tennessee,43-4061,Eligibility Interviewers  Government Programs,2012,3700,2022,3770,70,2,80
47,Tennessee,Nov-61,Emergency Management Directors,2012,190,2022,200,10,5.7,0
47,Tennessee,29-2041,Emergency Medical Technicians and Paramedics,2012,7950,2022,9840,1890,23.7,410
47,Tennessee,51-2031,Engine and Other Machine Assemblers,2012,1520,2022,1740,220,14.2,50
47,Tennessee,25-1032,Engineering Teachers  Postsecondary,2012,610,2022,630,20,2.5,10
47,Tennessee,17-3029,Engineering Technicians  Except Drafters  All Other,2012,610,2022,670,60,9.6,20
47,Tennessee,17-2199,Engineers  All Other,2012,2910,2022,3080,170,6,70
47,Tennessee,25-1123,English Language and Literature Teachers  Postsecondary,2012,1500,2022,1700,200,12.8,40
47,Tennessee,27-2099,Entertainers and Performers  Sports and Related Workers  All Other,2012,330,2022,360,30,9.4,10
47,Tennessee,39-3099,Entertainment Attendants and Related Workers  All Other,2012,330,2022,360,30,8.5,20
47,Tennessee,17-3025,Environmental Engineering Technicians,2012,590,2022,660,70,12.2,20
47,Tennessee,17-2081,Environmental Engineers,2012,990,2022,1200,210,21,50
47,Tennessee,19-4091,Environmental Science and Protection Technicians  Including Health,2012,790,2022,940,150,18.9,50
47,Tennessee,25-1053,Environmental Science Teachers  Postsecondary,2012,80,2022,90,10,13.6,0
47,Tennessee,19-2041,Environmental Scientists and Specialists  Including Health,2012,1350,2022,1430,80,6.1,50
47,Tennessee,19-1041,Epidemiologists,2012,90,2022,100,10,5.4,0
47,Tennessee,51-9194,Etchers and Engravers,2012,130,2022,110,-20,-11.6,0
47,Tennessee,53-7032,Excavating and Loading Machine and Dragline Operators,2012,1290,2022,1530,240,18.6,30
47,Tennessee,43-6011,Executive Secretaries and Executive Administrative Assistants,2012,18030,2022,18080,50,0.3,220
47,Tennessee,47-5031,Explosives Workers  Ordnance Handling Experts  and Blasters,2012,250,2022,240,-10,-4.3,10
47,Tennessee,47-5099,Extraction Workers  All Other,2012,80,2022,80,0,2.5,0
47,Tennessee,51-4021,Extruding and Drawing Machine Setters  Operators  and Tenders  Metal and Plastic,2012,2400,2022,2430,30,1.2,50
47,Tennessee,51-6091,Extruding and Forming Machine Setters  Operators  and Tenders  Synthetic and Glass Fibers,2012,600,2022,460,-140,-23,10
47,Tennessee,51-9041,Extruding  Forming  Pressing  and Compacting Machine Setters  Operators  and Tenders,2012,1870,2022,1740,-130,-6.8,50
47,Tennessee,51-6092,Fabric and Apparel Patternmakers,2012,60,2022,70,10,13.1,0
47,Tennessee,49-9093,Fabric Menders  Except Garment,2012,10,2022,10,0,0,0
47,Tennessee,45-4021,Fallers,2012,280,2022,160,-120,-40.8,0
47,Tennessee,29-1062,Family and General Practitioners,2012,1400,2022,1610,210,15.2,60
47,Tennessee,25-9021,Farm and Home Management Advisors,2012,150,2022,150,0,2.8,0
47,Tennessee,49-3041,Farm Equipment Mechanics and Service Technicians,2012,780,2022,830,50,5.6,30
47,Tennessee,13-1074,Farm Labor Contractors,2012,10,2022,10,0,10,0
47,Tennessee,Nov-13,Farmers  Ranchers  and Other Agricultural Managers,2012,18510,2022,17060,-1450,-7.9,300
47,Tennessee,45-2092,Farmworkers and Laborers  Crop  Nursery  and Greenhouse,2012,14720,2022,15720,1000,6.8,550
47,Tennessee,45-2093,Farmworkers  Farm  Ranch  and Aquacultural Animals,2012,2570,2022,2830,260,10.4,110
47,Tennessee,47-4031,Fence Erectors,2012,190,2022,260,70,34.9,10
47,Tennessee,51-2091,Fiberglass Laminators and Fabricators,2012,1010,2022,1290,280,27.6,40
47,Tennessee,43-4071,File Clerks,2012,2440,2022,2510,70,2.8,60
47,Tennessee,13-2051,Financial Analysts,2012,2470,2022,3110,640,25.9,120
47,Tennessee,43-3099,Financial Clerks  All Other,2012,490,2022,540,50,10.4,20
47,Tennessee,13-2061,Financial Examiners,2012,510,2022,560,50,9.9,20
47,Tennessee,Nov-31,Financial Managers,2012,12130,2022,13830,1700,14,400
47,Tennessee,13-2099,Financial Specialists  All Other,2012,1840,2022,2050,210,11.2,40
47,Tennessee,27-1013,Fine Artists  Including Painters  Sculptors  and Illustrators,2012,210,2022,210,0,1,10
47,Tennessee,33-2021,Fire Inspectors and Investigators,2012,240,2022,260,20,8.2,10
47,Tennessee,33-2011,Firefighters,2012,4710,2022,5280,570,12,190
47,Tennessee,47-1011,First-Line Supervisors of Construction Trades and Extraction Workers,2012,8910,2022,10070,1160,13,210
47,Tennessee,45-1011,First-Line Supervisors of Farming  Fishing  and Forestry Workers,2012,980,2022,1040,60,6.8,30
47,Tennessee,33-1021,First-Line Supervisors of Fire Fighting and Prevention Workers,2012,1360,2022,1510,150,10.9,70
47,Tennessee,35-1012,First-Line Supervisors of Food Preparation and Serving Workers,2012,17030,2022,20080,3050,17.9,790
47,Tennessee,53-1021,First-Line Supervisors of Helpers  Laborers  and Material Movers  Hand,2012,5990,2022,6720,730,12.2,240
47,Tennessee,37-1011,First-Line Supervisors of Housekeeping and Janitorial Workers,2012,4340,2022,5080,740,17,180
47,Tennessee,37-1012,First-Line Supervisors of Landscaping  Lawn Service  and Groundskeeping Workers,2012,4080,2022,4860,780,18.9,120
47,Tennessee,49-1011,First-Line Supervisors of Mechanics  Installers  and Repairers,2012,8710,2022,9540,830,9.6,320
47,Tennessee,41-1012,First-Line Supervisors of Non-Retail Sales Workers,2012,9120,2022,9220,100,1.1,130
47,Tennessee,43-1011,First-Line Supervisors of Office and Administrative Support Workers,2012,31710,2022,36940,5230,16.5,1280
47,Tennessee,39-1021,First-Line Supervisors of Personal Service Workers,2012,4120,2022,4370,250,6.2,100
47,Tennessee,33-1012,First-Line Supervisors of Police and Detectives,2012,2260,2022,2480,220,9.9,90
47,Tennessee,51-1011,First-Line Supervisors of Production and Operating Workers,2012,15750,2022,16150,400,2.5,260
47,Tennessee,33-1099,First-Line Supervisors of Protective Service Workers  All Other,2012,930,2022,1120,190,20.4,40
47,Tennessee,41-1011,First-Line Supervisors of Retail Sales Workers,2012,36200,2022,38060,1860,5.1,970
47,Tennessee,53-1031,First-Line Supervisors of Transportation and Material-Moving Machine and Vehicle Operators,2012,4760,2022,5320,560,11.6,190
47,Tennessee,33-3031,Fish and Game Wardens,2012,330,2022,310,-20,-4.3,10
47,Tennessee,39-9031,Fitness Trainers and Aerobics Instructors,2012,4520,2022,5340,820,18.2,140
47,Tennessee,47-2042,Floor Layers  Except Carpet  Wood  and Hard Tiles,2012,250,2022,260,10,3.6,10
47,Tennessee,47-2043,Floor Sanders and Finishers,2012,30,2022,40,10,2.9,0
47,Tennessee,27-1023,Floral Designers,2012,1230,2022,1140,-90,-7.6,30
47,Tennessee,51-3091,Food and Tobacco Roasting  Baking  and Drying Machine Operators and Tenders,2012,380,2022,330,-50,-12.4,10
47,Tennessee,51-3092,Food Batchmakers,2012,1690,2022,1570,-120,-7.6,60
47,Tennessee,51-3093,Food Cooking Machine Operators and Tenders,2012,1310,2022,1300,-10,-0.5,30
47,Tennessee,35-9099,Food Preparation and Serving Related Workers  All Other,2012,2400,2022,2690,290,11.9,160
47,Tennessee,35-2021,Food Preparation Workers,2012,18650,2022,19830,1180,6.4,650
47,Tennessee,51-3099,Food Processing Workers  All Other,2012,1080,2022,1190,110,9.9,40
47,Tennessee,19-1012,Food Scientists and Technologists,2012,680,2022,630,-50,-7.3,20
47,Tennessee,35-3041,Food Servers  Nonrestaurant,2012,3670,2022,4120,450,12.3,150
47,Tennessee,Nov-51,Food Service Managers,2012,11620,2022,12380,760,6.5,280
47,Tennessee,25-1124,Foreign Language and Literature Teachers  Postsecondary,2012,420,2022,450,30,8.2,10
47,Tennessee,45-4011,Forest and Conservation Workers,2012,240,2022,250,10,2.9,10
47,Tennessee,33-2022,Forest Fire Inspectors and Prevention Specialists,2012,160,2022,180,20,12.7,10
47,Tennessee,19-1032,Foresters,2012,120,2022,120,0,2.5,0
47,Tennessee,51-4022,Forging Machine Setters  Operators  and Tenders  Metal and Plastic,2012,630,2022,640,10,2.6,10
47,Tennessee,51-4071,Foundry Mold and Coremakers,2012,130,2022,150,20,16.8,0
47,Tennessee,13-1131,Fundraisers,2012,740,2022,970,230,31.3,40
47,Tennessee,39-4021,Funeral Attendants,2012,1040,2022,1100,60,5,30
47,Tennessee,Nov-61,Funeral Service Managers,2012,190,2022,220,30,16.6,10
47,Tennessee,51-9051,Furnace  Kiln  Oven  Drier  and Kettle Operators and Tenders,2012,830,2022,750,-80,-9.3,20
47,Tennessee,51-7021,Furniture Finishers,2012,110,2022,100,-10,-4.6,0
47,Tennessee,39-3011,Gaming Dealers,2012,10,2022,20,10,21.4,0
47,Tennessee,Nov-71,Gaming Managers,2012,0,2022,0,0,0,0
47,Tennessee,53-7071,Gas Compressor and Gas Pumping Station Operators,2012,10,2022,10,0,-8.3,0
47,Tennessee,51-8092,Gas Plant Operators,2012,110,2022,110,0,1.9,0
47,Tennessee,11-1021,General and Operations Managers,2012,40120,2022,46280,6160,15.4,1370
47,Tennessee,29-9092,Genetic Counselors,2012,30,2022,40,10,26.5,0
47,Tennessee,25-1064,Geography Teachers  Postsecondary,2012,100,2022,100,0,5.2,0
47,Tennessee,19-4041,Geological and Petroleum Technicians,2012,70,2022,80,10,4.1,0
47,Tennessee,19-2042,Geoscientists  Except Hydrologists and Geographers,2012,260,2022,310,50,18.8,10
47,Tennessee,47-2121,Glaziers,2012,950,2022,1130,180,18.4,40
47,Tennessee,45-2041,Graders and Sorters  Agricultural Products,2012,1100,2022,1190,90,7.5,30
47,Tennessee,25-1191,Graduate Teaching Assistants,2012,3330,2022,3320,-10,-0.5,50
47,Tennessee,27-1024,Graphic Designers,2012,3810,2022,3950,140,3.7,120
47,Tennessee,51-9022,Grinding and Polishing Workers  Hand,2012,800,2022,790,-10,-1.2,20
47,Tennessee,51-4033,Grinding  Lapping  Polishing  and Buffing Machine Tool Setters  Operators  and Tenders  Metal and Plastic,2012,1620,2022,1620,0,-0.3,40
47,Tennessee,39-5012,Hairdressers  Hairstylists  and Cosmetologists,2012,9500,2022,11330,1830,19.3,410
47,Tennessee,47-4041,Hazardous Materials Removal Workers,2012,1040,2022,1130,90,8.5,30
47,Tennessee,17-2111,Health and Safety Engineers  Except Mining Safety Engineers and Inspectors,2012,730,2022,850,120,15.8,30
47,Tennessee,21-1091,Health Educators,2012,820,2022,1040,220,27.5,40
47,Tennessee,25-1071,Health Specialties Teachers  Postsecondary,2012,4970,2022,6320,1350,27.2,210
47,Tennessee,29-2099,Health Technologists and Technicians  All Other,2012,660,2022,770,110,16.6,20
47,Tennessee,29-9099,Healthcare Practitioners and Technical Workers  All Other,2012,2730,2022,3260,530,19.6,130
47,Tennessee,21-1022,Healthcare Social Workers,2012,3340,2022,3970,630,19.1,140
47,Tennessee,31-9099,Healthcare Support Workers  All Other,2012,1690,2022,1950,260,15.3,60
47,Tennessee,51-4191,Heat Treating Equipment Setters  Operators  and Tenders  Metal and Plastic,2012,470,2022,480,10,2.3,10
47,Tennessee,49-9021,Heating  Air Conditioning  and Refrigeration Mechanics and Installers,2012,5570,2022,6360,790,14.1,220
47,Tennessee,53-3032,Heavy and Tractor-Trailer Truck Drivers,2012,58030,2022,66640,8610,14.8,1790
47,Tennessee,47-3011,Helpers--Brickmasons  Blockmasons  Stonemasons  and Tile and Marble Setters,2012,420,2022,580,160,39,20
47,Tennessee,47-3012,Helpers--Carpenters,2012,420,2022,450,30,6.4,10
47,Tennessee,47-3013,Helpers--Electricians,2012,1720,2022,2140,420,24.7,70
47,Tennessee,49-9098,Helpers--Installation  Maintenance  and Repair Workers,2012,2040,2022,2240,200,9.7,80
47,Tennessee,47-3014,Helpers--Painters  Paperhangers  Plasterers  and Stucco Masons,2012,180,2022,210,30,13.7,10
47,Tennessee,47-3015,Helpers--Pipelayers  Plumbers  Pipefitters  and Steamfitters,2012,1120,2022,1280,160,14.1,30
47,Tennessee,51-9198,Helpers--Production Workers,2012,11810,2022,13250,1440,12.2,350
47,Tennessee,47-3016,Helpers--Roofers,2012,480,2022,560,80,17.9,20
47,Tennessee,47-4051,Highway Maintenance Workers,2012,3100,2022,3300,200,6.4,70
47,Tennessee,19-3093,Historians,2012,40,2022,50,10,11.4,0
47,Tennessee,25-1125,History Teachers  Postsecondary,2012,710,2022,770,60,8.5,20
47,Tennessee,53-7041,Hoist and Winch Operators,2012,90,2022,90,0,4.6,0
47,Tennessee,49-9031,Home Appliance Repairers,2012,830,2022,830,0,0.5,30
47,Tennessee,25-1192,Home Economics Teachers  Postsecondary,2012,150,2022,150,0,1.3,0
47,Tennessee,31-1011,Home Health Aides,2012,11550,2022,13870,2320,20.1,450
47,Tennessee,35-9031,Hosts and Hostesses  Restaurant  Lounge  and Coffee Shop,2012,8190,2022,9040,850,10.4,700
47,Tennessee,43-4081,Hotel  Motel  and Resort Desk Clerks,2012,5100,2022,5770,670,13.2,310
47,Tennessee,43-4161,Human Resources Assistants  Except Payroll and Timekeeping,2012,3100,2022,3240,140,4.5,90
47,Tennessee,Nov-21,Human Resources Managers,2012,2140,2022,2550,410,18.8,100
47,Tennessee,13-1071,Human Resources Specialists,2012,6240,2022,7200,960,15.4,210
47,Tennessee,19-2043,Hydrologists,2012,40,2022,50,10,13.6,0
47,Tennessee,17-3026,Industrial Engineering Technicians,2012,1570,2022,1570,0,0.3,30
47,Tennessee,17-2112,Industrial Engineers,2012,4900,2022,5510,610,12.6,210
47,Tennessee,49-9041,Industrial Machinery Mechanics,2012,6720,2022,7920,1200,17.9,310
47,Tennessee,Nov-51,Industrial Production Managers,2012,4010,2022,4140,130,3.2,90
47,Tennessee,53-7051,Industrial Truck and Tractor Operators,2012,16740,2022,17150,410,2.4,430
47,Tennessee,19-3032,Industrial-Organizational Psychologists,2012,50,2022,70,20,44.4,0
47,Tennessee,43-4199,Information and Record Clerks  All Other,2012,2950,2022,3230,280,9.6,90
47,Tennessee,15-1122,Information Security Analysts,2012,800,2022,1080,280,34.5,40
47,Tennessee,51-9061,Inspectors  Testers  Sorters  Samplers  and Weighers,2012,11410,2022,12660,1250,11,380
47,Tennessee,49-9099,Installation  Maintenance  and Repair Workers  All Other,2012,3250,2022,3650,400,12.5,90
47,Tennessee,25-9031,Instructional Coordinators,2012,1790,2022,2070,280,15.2,40
47,Tennessee,47-2131,Insulation Workers  Floor  Ceiling  and Wall,2012,460,2022,520,60,12.5,10
47,Tennessee,47-2132,Insulation Workers  Mechanical,2012,360,2022,500,140,37.5,20
47,Tennessee,13-1032,Insurance Appraisers  Auto Damage,2012,190,2022,190,0,-2.1,0
47,Tennessee,43-9041,Insurance Claims and Policy Processing Clerks,2012,2690,2022,3030,340,13,110
47,Tennessee,41-3021,Insurance Sales Agents,2012,7650,2022,8040,390,5.2,220
47,Tennessee,13-2053,Insurance Underwriters,2012,1590,2022,1610,20,1,50
47,Tennessee,27-1025,Interior Designers,2012,890,2022,960,70,6.9,30
47,Tennessee,29-1063,Internists  General,2012,510,2022,610,100,19.9,20
47,Tennessee,27-3091,Interpreters and Translators,2012,690,2022,1000,310,44.4,40
47,Tennessee,43-4111,Interviewers  Except Eligibility and Loan,2012,5620,2022,6080,460,8.2,150
47,Tennessee,37-2011,Janitors and Cleaners  Except Maids and Housekeeping Cleaners,2012,44250,2022,52850,8600,19.4,1690
47,Tennessee,51-9071,Jewelers and Precious Stone and Metal Workers,2012,300,2022,240,-60,-21.1,10
47,Tennessee,23-1023,Judges  Magistrate Judges  and Magistrates,2012,360,2022,390,30,6.3,10
47,Tennessee,23-1012,Judicial Law Clerks,2012,100,2022,120,20,11.5,0
47,Tennessee,25-2012,Kindergarten Teachers  Except Special Education,2012,4820,2022,5820,1000,20.8,240
47,Tennessee,13-1075,Labor Relations Specialists,2012,520,2022,520,0,-0.6,10
47,Tennessee,53-7062,Laborers and Freight  Stock  and Material Movers  Hand,2012,73340,2022,84450,11110,15.1,3380
47,Tennessee,37-3011,Landscaping and Groundskeeping Workers,2012,19390,2022,22990,3600,18.5,850
47,Tennessee,51-4034,Lathe and Turning Machine Tool Setters  Operators  and Tenders  Metal and Plastic,2012,710,2022,660,-50,-7,10
47,Tennessee,51-6011,Laundry and Dry-Cleaning Workers,2012,5120,2022,5170,50,1,160
47,Tennessee,23-1011,Lawyers,2012,8010,2022,10520,2510,31.4,380
47,Tennessee,51-4192,Layout Workers  Metal and Plastic,2012,200,2022,200,0,3,10
47,Tennessee,43-6012,Legal Secretaries,2012,2120,2022,2630,510,23.7,80
47,Tennessee,11-1031,Legislators,2012,1300,2022,1440,140,11.1,40
47,Tennessee,25-4021,Librarians,2012,2870,2022,3230,360,12.5,100
47,Tennessee,43-4121,Library Assistants  Clerical,2012,1100,2022,1220,120,10.9,60
47,Tennessee,25-1082,Library Science Teachers  Postsecondary,2012,260,2022,260,0,1.5,0
47,Tennessee,25-4031,Library Technicians,2012,1390,2022,1550,160,11.6,90
47,Tennessee,29-2061,Licensed Practical and Licensed Vocational Nurses,2012,22750,2022,27060,4310,19,990
47,Tennessee,19-1099,Life Scientists  All Other,2012,60,2022,70,10,8.3,0
47,Tennessee,33-9092,Lifeguards  Ski Patrol  and Other Recreational Protective Service Workers,2012,2060,2022,2310,250,12.2,170
47,Tennessee,53-3033,Light Truck or Delivery Services Drivers,2012,22050,2022,23300,1250,5.7,480
47,Tennessee,53-7033,Loading Machine Operators  Underground Mining,2012,20,2022,20,0,12.5,0
47,Tennessee,13-2072,Loan Officers,2012,5760,2022,6290,530,9.1,160
47,Tennessee,39-3093,Locker Room  Coatroom  and Dressing Room Attendants,2012,140,2022,160,20,16.3,10
47,Tennessee,49-9094,Locksmiths and Safe Repairers,2012,460,2022,600,140,31.1,30
47,Tennessee,53-4011,Locomotive Engineers,2012,850,2022,950,100,12,40
47,Tennessee,Nov-81,Lodging Managers,2012,1580,2022,1600,20,1.1,50
47,Tennessee,45-4023,Log Graders and Scalers,2012,70,2022,50,-20,-31.1,0
47,Tennessee,45-4022,Logging Equipment Operators,2012,820,2022,930,110,13.9,20
47,Tennessee,13-1081,Logisticians,2012,1160,2022,1410,250,22,40
47,Tennessee,53-7063,Machine Feeders and Offbearers,2012,2480,2022,2530,50,2,50
47,Tennessee,51-4041,Machinists,2012,8010,2022,9370,1360,17,320
47,Tennessee,29-2035,Magnetic Resonance Imaging Technologists,2012,860,2022,1000,140,17.2,30
47,Tennessee,37-2012,Maids and Housekeeping Cleaners,2012,36750,2022,40910,4160,11.3,1140
47,Tennessee,43-9051,Mail Clerks and Mail Machine Operators  Except Postal Service,2012,1680,2022,1670,-10,-0.8,40
47,Tennessee,49-9071,Maintenance and Repair Workers  General,2012,28570,2022,31570,3000,10.5,850
47,Tennessee,49-9043,Maintenance Workers  Machinery,2012,2730,2022,3140,410,15.1,80
47,Tennessee,39-5091,Makeup Artists  Theatrical and Performance,2012,20,2022,20,0,0,0
47,Tennessee,13-1111,Management Analysts,2012,9010,2022,11280,2270,25.2,370
47,Tennessee,Nov-99,Managers  All Other,2012,12300,2022,13750,1450,11.9,420
47,Tennessee,39-5092,Manicurists and Pedicurists,2012,460,2022,560,100,23.5,20
47,Tennessee,49-9095,Manufactured Building and Mobile Home Installers,2012,230,2022,180,-50,-19.4,10
47,Tennessee,17-2121,Marine Engineers and Naval Architects,2012,70,2022,100,30,39.2,10
47,Tennessee,13-1161,Market Research Analysts and Marketing Specialists,2012,5560,2022,7620,2060,37,280
47,Tennessee,Nov-21,Marketing Managers,2012,3260,2022,3910,650,20,140
47,Tennessee,21-1013,Marriage and Family Therapists,2012,620,2022,680,60,10.4,20
47,Tennessee,31-9011,Massage Therapists,2012,1620,2022,1960,340,21.1,50
47,Tennessee,53-7199,Material Moving Workers  All Other,2012,770,2022,760,-10,-1.6,20
47,Tennessee,17-2131,Materials Engineers,2012,280,2022,310,30,9.2,10
47,Tennessee,15-2099,Mathematical Science Occupations  All Other,2012,90,2022,100,10,8.8,0
47,Tennessee,25-1022,Mathematical Science Teachers  Postsecondary,2012,1100,2022,1230,130,12.2,30
47,Tennessee,15-2021,Mathematicians,2012,50,2022,50,0,6.5,0
47,Tennessee,51-3022,Meat  Poultry  and Fish Cutters and Trimmers,2012,2970,2022,3050,80,2.6,80
47,Tennessee,49-9011,Mechanical Door Repairers,2012,400,2022,440,40,10.4,20
47,Tennessee,17-3013,Mechanical Drafters,2012,1190,2022,1240,50,3.9,20
47,Tennessee,17-3027,Mechanical Engineering Technicians,2012,860,2022,990,130,15.5,30
47,Tennessee,17-2141,Mechanical Engineers,2012,4430,2022,4570,140,3.2,170
47,Tennessee,27-4099,Media and Communication Equipment Workers  All Other,2012,270,2022,290,20,10.9,10
47,Tennessee,27-3099,Media and Communication Workers  All Other,2012,380,2022,440,60,16.4,10
47,Tennessee,29-2012,Medical and Clinical Laboratory Technicians,2012,6540,2022,7880,1340,20.6,310
47,Tennessee,29-2011,Medical and Clinical Laboratory Technologists,2012,4540,2022,4880,340,7.6,150
47,Tennessee,Nov-11,Medical and Health Services Managers,2012,7360,2022,8730,1370,18.5,320
47,Tennessee,51-9082,Medical Appliance Technicians,2012,140,2022,160,20,18.2,10
47,Tennessee,31-9092,Medical Assistants,2012,13440,2022,17240,3800,28.3,640
47,Tennessee,31-9093,Medical Equipment Preparers,2012,600,2022,670,70,12.8,20
47,Tennessee,49-9062,Medical Equipment Repairers,2012,1030,2022,1370,340,33.1,60
47,Tennessee,29-2071,Medical Records and Health Information Technicians,2012,4030,2022,4960,930,23.2,200
47,Tennessee,19-1042,Medical Scientists  Except Epidemiologists,2012,660,2022,680,20,2.7,20
47,Tennessee,43-6013,Medical Secretaries,2012,6270,2022,8170,1900,30.2,270
47,Tennessee,31-9094,Medical Transcriptionists,2012,2360,2022,2770,410,17.3,90
47,Tennessee,13-1121,Meeting  Convention  and Event Planners,2012,1180,2022,1670,490,41.1,70
47,Tennessee,21-1023,Mental Health and Substance Abuse Social Workers,2012,1730,2022,1870,140,8.1,50
47,Tennessee,21-1014,Mental Health Counselors,2012,2630,2022,2920,290,11.2,90
47,Tennessee,27-1026,Merchandise Displayers and Window Trimmers,2012,1420,2022,1630,210,15,60
47,Tennessee,51-4199,Metal Workers and Plastic Workers  All Other,2012,200,2022,250,50,22.3,10
47,Tennessee,51-4051,Metal-Refining Furnace Operators and Tenders,2012,770,2022,880,110,14.7,20
47,Tennessee,43-5041,Meter Readers  Utilities,2012,1240,2022,1270,30,2.7,30
47,Tennessee,19-1022,Microbiologists,2012,200,2022,190,-10,-4,10
47,Tennessee,25-2022,Middle School Teachers  Except Special and Career/Technical Education,2012,11510,2022,13890,2380,20.7,490
47,Tennessee,51-4035,Milling and Planing Machine Setters  Operators  and Tenders  Metal and Plastic,2012,560,2022,560,0,-0.4,10
47,Tennessee,49-9044,Millwrights,2012,930,2022,1060,130,14.8,30
47,Tennessee,47-5042,Mine Cutting and Channeling Machine Operators,2012,30,2022,40,10,30.3,0
47,Tennessee,17-2151,Mining and Geological Engineers  Including Mining Safety Engineers,2012,120,2022,120,0,2.5,0
47,Tennessee,47-5049,Mining Machine Operators  All Other,2012,240,2022,220,-20,-5.9,0
47,Tennessee,51-9023,Mixing and Blending Machine Setters  Operators  and Tenders,2012,6020,2022,6080,60,1,180
47,Tennessee,51-4061,Model Makers  Metal and Plastic,2012,60,2022,60,0,8.8,0
47,Tennessee,51-4072,Molding  Coremaking  and Casting Machine Setters  Operators  and Tenders  Metal and Plastic,2012,2180,2022,1970,-210,-9.6,30
47,Tennessee,39-4031,Morticians  Undertakers  and Funeral Directors,2012,910,2022,1060,150,16.4,40
47,Tennessee,39-3021,Motion Picture Projectionists,2012,90,2022,70,-20,-25.6,0
47,Tennessee,53-3099,Motor Vehicle Operators  All Other,2012,1270,2022,1350,80,5.8,40
47,Tennessee,49-3051,Motorboat Mechanics and Service Technicians,2012,280,2022,340,60,22.5,10
47,Tennessee,49-3052,Motorcycle Mechanics,2012,350,2022,450,100,27.1,20
47,Tennessee,27-1014,Multimedia Artists and Animators,2012,390,2022,430,40,8.9,10
47,Tennessee,51-4081,Multiple Machine Tool Setters  Operators  and Tenders  Metal and Plastic,2012,2590,2022,2680,90,3.6,60
47,Tennessee,25-4013,Museum Technicians and Conservators,2012,130,2022,140,10,6.9,0
47,Tennessee,27-2041,Music Directors and Composers,2012,1560,2022,1920,360,23.2,80
47,Tennessee,27-2042,Musicians and Singers,2012,7200,2022,8520,1320,18.4,330
47,Tennessee,Nov-21,Natural Sciences Managers,2012,500,2022,500,0,0.2,10
47,Tennessee,15-1142,Network and Computer Systems Administrators,2012,5700,2022,6650,950,16.7,190
47,Tennessee,43-4141,New Accounts Clerks,2012,1340,2022,1280,-60,-4.4,40
47,Tennessee,39-2021,Nonfarm Animal Caretakers,2012,3160,2022,3890,730,23.3,110
47,Tennessee,17-2161,Nuclear Engineers,2012,1730,2022,2070,340,19.6,80
47,Tennessee,29-2033,Nuclear Medicine Technologists,2012,570,2022,650,80,15.2,20
47,Tennessee,19-4051,Nuclear Technicians,2012,590,2022,620,30,4.7,20
47,Tennessee,29-1151,Nurse Anesthetists,2012,2100,2022,2770,670,31.9,110
47,Tennessee,29-1161,Nurse Midwives,2012,70,2022,100,30,42.5,0
47,Tennessee,29-1171,Nurse Practitioners,2012,4100,2022,5560,1460,35.6,230
47,Tennessee,31-1014,Nursing Assistants,2012,31260,2022,35660,4400,14.1,1030
47,Tennessee,25-1072,Nursing Instructors and Teachers  Postsecondary,2012,1790,2022,2350,560,31.2,80
47,Tennessee,29-9011,Occupational Health and Safety Specialists,2012,1450,2022,1530,80,5.4,50
47,Tennessee,29-9012,Occupational Health and Safety Technicians,2012,330,2022,340,10,4,10
47,Tennessee,29-1122,Occupational Therapists,2012,1820,2022,2160,340,18.3,60
47,Tennessee,31-2012,Occupational Therapy Aides,2012,120,2022,160,40,31.5,10
47,Tennessee,31-2011,Occupational Therapy Assistants,2012,620,2022,810,190,30.5,40
47,Tennessee,43-9199,Office and Administrative Support Workers  All Other,2012,3920,2022,3990,70,1.7,120
47,Tennessee,43-9061,Office Clerks  General,2012,62480,2022,67870,5390,8.6,1850
47,Tennessee,43-9071,Office Machine Operators  Except Computer,2012,580,2022,580,0,-1,10
47,Tennessee,47-2073,Operating Engineers and Other Construction Equipment Operators,2012,4500,2022,5290,790,17.5,180
47,Tennessee,15-2031,Operations Research Analysts,2012,1100,2022,1460,360,32.8,60
47,Tennessee,51-9083,Ophthalmic Laboratory Technicians,2012,930,2022,1130,200,21.6,50
47,Tennessee,29-2057,Ophthalmic Medical Technicians,2012,460,2022,620,160,35.9,20
47,Tennessee,29-2081,Opticians  Dispensing,2012,860,2022,1020,160,18.2,40
47,Tennessee,29-1041,Optometrists,2012,490,2022,580,90,18.4,20
47,Tennessee,29-1022,Oral and Maxillofacial Surgeons,2012,230,2022,260,30,12.9,10
47,Tennessee,43-4151,Order Clerks,2012,4940,2022,4980,40,0.8,130
47,Tennessee,31-1015,Orderlies,2012,1940,2022,2100,160,8.5,50
47,Tennessee,29-1023,Orthodontists,2012,10,2022,10,0,0,0
47,Tennessee,29-2091,Orthotists and Prosthetists,2012,120,2022,170,50,43.7,10
47,Tennessee,49-3053,Outdoor Power Equipment and Other Small Engine Mechanics,2012,770,2022,720,-50,-6.7,20
47,Tennessee,51-9111,Packaging and Filling Machine Operators and Tenders,2012,12800,2022,14590,1790,13.9,480
47,Tennessee,53-7064,Packers and Packagers  Hand,2012,16190,2022,17630,1440,8.9,570
47,Tennessee,47-2141,Painters  Construction and Maintenance,2012,4350,2022,4670,320,7.5,100
47,Tennessee,51-9122,Painters  Transportation Equipment,2012,960,2022,1190,230,23.9,40
47,Tennessee,51-9123,Painting  Coating  and Decorating Workers,2012,480,2022,560,80,16.5,20
47,Tennessee,51-9196,Paper Goods Machine Setters  Operators  and Tenders,2012,2940,2022,2360,-580,-19.9,30
47,Tennessee,47-2142,Paperhangers,2012,40,2022,40,0,11.4,0
47,Tennessee,23-2011,Paralegals and Legal Assistants,2012,4820,2022,7170,2350,48.7,310
47,Tennessee,33-3041,Parking Enforcement Workers,2012,150,2022,160,10,8.2,10
47,Tennessee,53-6021,Parking Lot Attendants,2012,1410,2022,1530,120,8.4,80
47,Tennessee,41-2022,Parts Salespersons,2012,5450,2022,5840,390,7.3,180
47,Tennessee,51-4062,Patternmakers  Metal and Plastic,2012,60,2022,80,20,32.8,0
47,Tennessee,51-7032,Patternmakers  Wood,2012,20,2022,20,0,16.7,0
47,Tennessee,47-2071,Paving  Surfacing  and Tamping Equipment Operators,2012,1520,2022,1740,220,14.1,40
47,Tennessee,43-3051,Payroll and Timekeeping Clerks,2012,4120,2022,4850,730,17.8,160
47,Tennessee,29-1065,Pediatricians  General,2012,300,2022,360,60,18.7,10
47,Tennessee,39-9021,Personal Care Aides,2012,22360,2022,26820,4460,20,610
47,Tennessee,39-9099,Personal Care and Service Workers  All Other,2012,2100,2022,2550,450,21.2,100
47,Tennessee,13-2052,Personal Financial Advisors,2012,1600,2022,1980,380,23.6,60
47,Tennessee,37-2021,Pest Control Workers,2012,2000,2022,2600,600,30.2,110
47,Tennessee,17-2171,Petroleum Engineers,2012,240,2022,250,10,2.9,10
47,Tennessee,51-8093,Petroleum Pump System Operators  Refinery Operators  and Gaugers,2012,160,2022,140,-20,-13.9,10
47,Tennessee,29-1051,Pharmacists,2012,7370,2022,8500,1130,15.3,290
47,Tennessee,31-9095,Pharmacy Aides,2012,1120,2022,1320,200,18.1,40
47,Tennessee,29-2052,Pharmacy Technicians,2012,11940,2022,15080,3140,26.3,430
47,Tennessee,25-1126,Philosophy and Religion Teachers  Postsecondary,2012,770,2022,860,90,10.7,20
47,Tennessee,31-9097,Phlebotomists,2012,2870,2022,3490,620,21.6,120
47,Tennessee,27-4021,Photographers,2012,2740,2022,3110,370,13.4,70
47,Tennessee,51-9151,Photographic Process Workers and Processing Machine Operators,2012,1570,2022,1560,-10,-0.8,50
47,Tennessee,19-2099,Physical Scientists  All Other,2012,240,2022,220,-20,-6.3,10
47,Tennessee,31-2022,Physical Therapist Aides,2012,1120,2022,1430,310,27.1,60
47,Tennessee,31-2021,Physical Therapist Assistants,2012,2250,2022,2890,640,28.6,110
47,Tennessee,29-1123,Physical Therapists,2012,4520,2022,5610,1090,24.1,220
47,Tennessee,29-1071,Physician Assistants,2012,1300,2022,1880,580,44.6,80
47,Tennessee,29-1069,Physicians and Surgeons  All Other,2012,6730,2022,8570,1840,27.3,350
47,Tennessee,19-2012,Physicists,2012,560,2022,540,-20,-3.4,10
47,Tennessee,25-1054,Physics Teachers  Postsecondary,2012,340,2022,360,20,8,10
47,Tennessee,47-2072,Pile-Driver Operators,2012,40,2022,50,10,15,0
47,Tennessee,47-2151,Pipelayers,2012,1580,2022,1800,220,14.3,40
47,Tennessee,51-8099,Plant and System Operators  All Other,2012,490,2022,500,10,1,20
47,Tennessee,47-2161,Plasterers and Stucco Masons,2012,410,2022,470,60,15.8,10
47,Tennessee,51-4193,Plating and Coating Machine Setters  Operators  and Tenders  Metal and Plastic,2012,940,2022,910,-30,-3.4,20
47,Tennessee,47-2152,Plumbers  Pipefitters  and Steamfitters,2012,7250,2022,7950,700,9.7,160
47,Tennessee,29-1081,Podiatrists,2012,120,2022,130,10,7.4,0
47,Tennessee,33-3051,Police and Sheriff's Patrol Officers,2012,11680,2022,12960,1280,10.9,490
47,Tennessee,43-5031,Police  Fire  and Ambulance Dispatchers,2012,2720,2022,3130,410,15.3,120
47,Tennessee,25-1065,Political Science Teachers  Postsecondary,2012,260,2022,280,20,7.6,10
47,Tennessee,19-3094,Political Scientists,2012,60,2022,70,10,13.6,0
47,Tennessee,43-5051,Postal Service Clerks,2012,1400,2022,1590,190,13.7,40
47,Tennessee,43-5052,Postal Service Mail Carriers,2012,6250,2022,7630,1380,22.1,360
47,Tennessee,43-5053,Postal Service Mail Sorters  Processors  and Processing Machine Operators,2012,2450,2022,2870,420,17.2,60
47,Tennessee,Nov-31,Postmasters and Mail Superintendents,2012,420,2022,540,120,26.2,20
47,Tennessee,25-1199,Postsecondary Teachers  All Other,2012,1330,2022,1600,270,20.1,50
47,Tennessee,51-4052,Pourers and Casters  Metal,2012,590,2022,620,30,5.6,10
47,Tennessee,51-8012,Power Distributors and Dispatchers,2012,80,2022,80,0,6.4,0
47,Tennessee,51-8013,Power Plant Operators,2012,540,2022,590,50,10,20
47,Tennessee,49-9069,Precision Instrument and Equipment Repairers  All Other,2012,550,2022,670,120,22.4,30
47,Tennessee,51-5111,Prepress Technicians and Workers,2012,880,2022,690,-190,-21.9,20
47,Tennessee,25-2011,Preschool Teachers  Except Special Education,2012,9850,2022,12010,2160,21.9,490
47,Tennessee,51-6021,Pressers  Textile  Garment  and Related Materials,2012,600,2022,550,-50,-8.2,10
47,Tennessee,51-5113,Print Binding and Finishing Workers,2012,1180,2022,900,-280,-23.8,20
47,Tennessee,51-5112,Printing Press Operators,2012,4390,2022,3710,-680,-15.5,80
47,Tennessee,33-9021,Private Detectives and Investigators,2012,240,2022,320,80,33.8,20
47,Tennessee,21-1092,Probation Officers and Correctional Treatment Specialists,2012,1810,2022,1870,60,3.3,50
47,Tennessee,43-3061,Procurement Clerks,2012,1310,2022,1460,150,12,60
47,Tennessee,27-2012,Producers and Directors,2012,1490,2022,1700,210,14.5,70
47,Tennessee,51-9199,Production Workers  All Other,2012,17310,2022,19940,2630,15.2,710
47,Tennessee,43-5061,Production  Planning  and Expediting Clerks,2012,7080,2022,7910,830,11.7,260
47,Tennessee,Nov-41,Property  Real Estate  and Community Association Managers,2012,7240,2022,8140,900,12.3,250
47,Tennessee,29-1024,Prosthodontists,2012,20,2022,20,0,9.1,0
47,Tennessee,33-9099,Protective Service Workers  All Other,2012,1120,2022,1370,250,22.7,100
47,Tennessee,31-1013,Psychiatric Aides,2012,2150,2022,1780,-370,-17.3,40
47,Tennessee,29-2053,Psychiatric Technicians,2012,1220,2022,1160,-60,-5,10
47,Tennessee,29-1066,Psychiatrists,2012,250,2022,280,30,13.4,10
47,Tennessee,19-3039,Psychologists  All Other,2012,170,2022,190,20,10.1,10
47,Tennessee,25-1066,Psychology Teachers  Postsecondary,2012,970,2022,1040,70,7.9,20
47,Tennessee,27-3012,Public Address System and Other Announcers,2012,130,2022,140,10,12.8,10
47,Tennessee,Nov-31,Public Relations and Fundraising Managers,2012,1270,2022,1460,190,14.6,50
47,Tennessee,27-3031,Public Relations Specialists,2012,2930,2022,3400,470,15.9,90
47,Tennessee,53-7072,Pump Operators  Except Wellhead Pumpers,2012,160,2022,150,-10,-8.2,10
47,Tennessee,13-1023,Purchasing Agents  Except Wholesale  Retail  and Farm Products,2012,4360,2022,4820,460,10.4,130
47,Tennessee,Nov-61,Purchasing Managers,2012,1860,2022,2100,240,13,70
47,Tennessee,29-1124,Radiation Therapists,2012,400,2022,470,70,16.7,20
47,Tennessee,27-3011,Radio and Television Announcers,2012,1400,2022,1700,300,22,60
47,Tennessee,27-4013,Radio Operators,2012,100,2022,110,10,17.9,0
47,Tennessee,49-2021,Radio  Cellular  and Tower Equipment Installers and Repairs,2012,370,2022,400,30,8.9,10
47,Tennessee,29-2034,Radiologic Technologists,2012,5680,2022,6650,970,17.1,180
47,Tennessee,49-3043,Rail Car Repairers,2012,280,2022,310,30,11.1,10
47,Tennessee,53-4013,Rail Yard Engineers  Dinkey Operators  and Hostlers,2012,50,2022,60,10,18.8,0
47,Tennessee,53-4021,Railroad Brake  Signal  and Switch Operators,2012,710,2022,800,90,12.5,30
47,Tennessee,53-4031,Railroad Conductors and Yardmasters,2012,820,2022,920,100,12.3,40
47,Tennessee,47-4061,Rail-Track Laying and Maintenance Equipment Operators,2012,230,2022,270,40,16.2,10
47,Tennessee,41-9021,Real Estate Brokers,2012,920,2022,1000,80,9.4,20
47,Tennessee,41-9022,Real Estate Sales Agents,2012,2030,2022,2260,230,11.3,40
47,Tennessee,43-4171,Receptionists and Information Clerks,2012,19240,2022,22720,3480,18.1,870
47,Tennessee,25-1193,Recreation and Fitness Studies Teachers  Postsecondary,2012,500,2022,550,50,9.8,10
47,Tennessee,39-9032,Recreation Workers,2012,4650,2022,5330,680,14.7,120
47,Tennessee,29-1125,Recreational Therapists,2012,330,2022,340,10,4.3,10
47,Tennessee,49-3092,Recreational Vehicle Service Technicians,2012,200,2022,240,40,18.7,10
47,Tennessee,49-9045,Refractory Materials Repairers  Except Brickmasons,2012,80,2022,100,20,26.3,0
47,Tennessee,53-7081,Refuse and Recyclable Material Collectors,2012,2560,2022,3280,720,28.3,130
47,Tennessee,29-1141,Registered Nurses,2012,56400,2022,64290,7890,14,1880
47,Tennessee,21-1015,Rehabilitation Counselors,2012,2160,2022,2550,390,17.6,80
47,Tennessee,47-2171,Reinforcing Iron and Rebar Workers,2012,110,2022,120,10,10.1,0
47,Tennessee,43-4181,Reservation and Transportation Ticket Agents and Travel Clerks,2012,2060,2022,1790,-270,-13,30
47,Tennessee,39-9041,Residential Advisors,2012,2500,2022,2650,150,5.9,120
47,Tennessee,29-1126,Respiratory Therapists,2012,3390,2022,3770,380,11.3,90
47,Tennessee,29-2054,Respiratory Therapy Technicians,2012,320,2022,340,20,7.9,10
47,Tennessee,49-9096,Riggers,2012,100,2022,130,30,26.3,10
47,Tennessee,51-4023,Rolling Machine Setters  Operators  and Tenders  Metal and Plastic,2012,910,2022,950,40,4.9,20
47,Tennessee,47-2181,Roofers,2012,2690,2022,2990,300,11.2,90
47,Tennessee,47-5012,Rotary Drill Operators  Oil and Gas,2012,40,2022,40,0,17.1,0
47,Tennessee,47-5071,Roustabouts  Oil and Gas,2012,0,2022,0,0,0,0
47,Tennessee,41-9099,Sales and Related Workers  All Other,2012,3180,2022,3600,420,13.2,100
47,Tennessee,41-9031,Sales Engineers,2012,810,2022,830,20,2.5,20
47,Tennessee,Nov-22,Sales Managers,2012,7460,2022,8390,930,12.4,250
47,Tennessee,41-3099,Sales Representatives  Services  All Other,2012,11440,2022,13760,2320,20.2,540
47,Tennessee,41-4012,Sales Representatives  Wholesale and Manufacturing  Except Technical and Scientific Products,2012,24210,2022,26240,2030,8.4,680
47,Tennessee,41-4011,Sales Representatives  Wholesale and Manufacturing  Technical and Scientific Products,2012,10360,2022,11560,1200,11.6,320
47,Tennessee,51-7041,Sawing Machine Setters  Operators  and Tenders  Wood,2012,1260,2022,1370,110,8.1,50
47,Tennessee,25-2031,Secondary School Teachers  Except Special and Career/Technical Education,2012,17440,2022,19730,2290,13.1,700
47,Tennessee,43-6014,Secretaries and Administrative Assistants  Except Legal  Medical  and Executive,2012,42120,2022,49220,7100,16.8,1220
47,Tennessee,41-3031,Securities  Commodities  and Financial Services Sales Agents,2012,2390,2022,2500,110,4.3,70
47,Tennessee,49-2098,Security and Fire Alarm Systems Installers,2012,1340,2022,1750,410,30.1,70
47,Tennessee,33-9032,Security Guards,2012,22050,2022,29280,7230,32.8,1060
47,Tennessee,47-4091,Segmental Pavers,2012,30,2022,30,0,11.1,0
47,Tennessee,25-3021,Self-Enrichment Education Teachers,2012,3100,2022,3780,680,21.8,120
47,Tennessee,51-9012,Separating  Filtering  Clarifying  Precipitating  and Still Machine Setters  Operators  and Tenders,2012,590,2022,550,-40,-7.8,20
47,Tennessee,47-4071,Septic Tank Servicers and Sewer Pipe Cleaners,2012,430,2022,530,100,23,20
47,Tennessee,47-5013,Service Unit Operators  Oil  Gas  and Mining,2012,120,2022,140,20,20.3,10
47,Tennessee,51-6051,Sewers  Hand,2012,160,2022,190,30,17.1,10
47,Tennessee,51-6031,Sewing Machine Operators,2012,4820,2022,5320,500,10.3,70
47,Tennessee,39-5093,Shampooers,2012,310,2022,320,10,3.9,0
47,Tennessee,47-2211,Sheet Metal Workers,2012,3730,2022,4440,710,18.8,140
47,Tennessee,53-5031,Ship Engineers,2012,290,2022,310,20,8,20
47,Tennessee,43-5071,Shipping  Receiving  and Traffic Clerks,2012,18170,2022,19480,1310,7.2,610
47,Tennessee,51-6041,Shoe and Leather Workers and Repairers,2012,190,2022,180,-10,-2.7,0
47,Tennessee,51-6042,Shoe Machine Operators and Tenders,2012,250,2022,270,20,10.6,10
47,Tennessee,49-9097,Signal and Track Switch Repairers,2012,150,2022,170,20,11.9,10
47,Tennessee,39-5094,Skincare Specialists,2012,560,2022,830,270,46.5,30
47,Tennessee,51-3023,Slaughterers and Meat Packers,2012,70,2022,70,0,-2.7,0
47,Tennessee,39-1012,Slot Supervisors,2012,0,2022,0,0,50,0
47,Tennessee,Nov-51,Social and Community Service Managers,2012,2490,2022,2830,340,13.7,90
47,Tennessee,21-1093,Social and Human Service Assistants,2012,2390,2022,2610,220,9.4,80
47,Tennessee,19-4061,Social Science Research Assistants,2012,530,2022,550,20,4.2,20
47,Tennessee,25-1069,Social Sciences Teachers  Postsecondary  All Other,2012,150,2022,190,40,26.5,10
47,Tennessee,19-3099,Social Scientists and Related Workers  All Other,2012,310,2022,340,30,10.6,10
47,Tennessee,25-1113,Social Work Teachers  Postsecondary,2012,220,2022,230,10,4.1,0
47,Tennessee,21-1029,Social Workers  All Other,2012,680,2022,800,120,18.8,30
47,Tennessee,25-1067,Sociology Teachers  Postsecondary,2012,290,2022,320,30,8.2,10
47,Tennessee,15-1132,Software Developers  Applications,2012,4480,2022,5420,940,21.2,150
47,Tennessee,15-1133,Software Developers  Systems Software,2012,2380,2022,2880,500,21.2,80
47,Tennessee,19-1013,Soil and Plant Scientists,2012,200,2022,230,30,14.9,10
47,Tennessee,47-2231,Solar Photovoltaic Installers,2012,670,2022,760,90,13.3,20
47,Tennessee,27-4014,Sound Engineering Technicians,2012,360,2022,420,60,14.3,10
47,Tennessee,25-2059,Special Education Teachers  All Other,2012,720,2022,820,100,12.9,20
47,Tennessee,25-2052,Special Education Teachers  Kindergarten and Elementary School,2012,4610,2022,5240,630,13.8,140
47,Tennessee,25-2053,Special Education Teachers  Middle School,2012,870,2022,980,110,12.8,30
47,Tennessee,25-2054,Special Education Teachers  Secondary School,2012,2190,2022,2450,260,11.5,60
47,Tennessee,29-1127,Speech-Language Pathologists,2012,2330,2022,2700,370,15.5,70
47,Tennessee,51-8021,Stationary Engineers and Boiler Operators,2012,680,2022,650,-30,-5.4,20
47,Tennessee,43-9111,Statistical Assistants,2012,220,2022,250,30,13.2,10
47,Tennessee,15-2041,Statisticians,2012,510,2022,600,90,16.5,20
47,Tennessee,43-5081,Stock Clerks and Order Fillers,2012,46790,2022,48410,1620,3.5,1580
47,Tennessee,47-2022,Stonemasons,2012,180,2022,180,0,3.4,0
47,Tennessee,47-2221,Structural Iron and Steel Workers,2012,990,2022,1130,140,14.9,50
47,Tennessee,51-2041,Structural Metal Fabricators and Fitters,2012,1970,2022,2370,400,20.2,120
47,Tennessee,21-1011,Substance Abuse and Behavioral Disorder Counselors,2012,1280,2022,1470,190,14.2,50
47,Tennessee,29-1067,Surgeons,2012,1150,2022,1520,370,32.2,70
47,Tennessee,29-2055,Surgical Technologists,2012,3170,2022,4000,830,26.2,110
47,Tennessee,19-3022,Survey Researchers,2012,250,2022,310,60,22.6,10
47,Tennessee,17-3031,Surveying and Mapping Technicians,2012,1150,2022,1390,240,21.7,50
47,Tennessee,17-1022,Surveyors,2012,610,2022,720,110,17.9,20
47,Tennessee,43-2011,Switchboard Operators  Including Answering Service,2012,3250,2022,2880,-370,-11.4,60
47,Tennessee,53-7121,Tank Car  Truck  and Ship Loaders,2012,110,2022,140,30,32.1,10
47,Tennessee,47-2082,Tapers,2012,290,2022,280,-10,-2.1,0
47,Tennessee,13-2081,Tax Examiners and Collectors  and Revenue Agents,2012,1460,2022,1600,140,9.9,60
47,Tennessee,13-2082,Tax Preparers,2012,2090,2022,2640,550,26.5,100
47,Tennessee,53-3041,Taxi Drivers and Chauffeurs,2012,2500,2022,2900,400,16.1,70
47,Tennessee,25-9041,Teacher Assistants,2012,20880,2022,23830,2950,14.1,770
47,Tennessee,25-3099,Teachers and Instructors  All Other,2012,12890,2022,14600,1710,13.2,390
47,Tennessee,51-2092,Team Assemblers,2012,39680,2022,47700,8020,20.2,1430
47,Tennessee,27-3042,Technical Writers,2012,450,2022,520,70,15.6,20
47,Tennessee,49-2022,Telecommunications Equipment Installers and Repairers  Except Line Installers,2012,5180,2022,6310,1130,21.7,180
47,Tennessee,49-9052,Telecommunications Line Installers and Repairers,2012,1860,2022,2170,310,16.6,80
47,Tennessee,41-9041,Telemarketers,2012,5050,2022,5820,770,15.2,180
47,Tennessee,43-3071,Tellers,2012,10520,2022,10750,230,2.2,510
47,Tennessee,51-6061,Textile Bleaching and Dyeing Machine Operators and Tenders,2012,390,2022,430,40,9.9,10
47,Tennessee,51-6062,Textile Cutting Machine Setters  Operators  and Tenders,2012,560,2022,610,50,9.9,20
47,Tennessee,51-6063,Textile Knitting and Weaving Machine Setters  Operators  and Tenders,2012,440,2022,490,50,11.2,10
47,Tennessee,51-6064,Textile Winding  Twisting  and Drawing Out Machine Setters  Operators  and Tenders,2012,1130,2022,810,-320,-27.9,20
47,Tennessee,51-6099,Textile  Apparel  and Furnishings Workers  All Other,2012,200,2022,220,20,12.7,0
47,Tennessee,29-1129,Therapists  All Other,2012,330,2022,380,50,17.1,10
47,Tennessee,47-2044,Tile and Marble Setters,2012,520,2022,500,-20,-4,10
47,Tennessee,51-9197,Tire Builders,2012,590,2022,510,-80,-12.8,10
47,Tennessee,49-3093,Tire Repairers and Changers,2012,2790,2022,3280,490,17.5,150
47,Tennessee,23-2093,Title Examiners  Abstractors  and Searchers,2012,520,2022,660,140,25.6,20
47,Tennessee,51-4111,Tool and Die Makers,2012,2280,2022,2700,420,18.5,60
47,Tennessee,51-4194,Tool Grinders  Filers  and Sharpeners,2012,130,2022,140,10,11.7,0
47,Tennessee,00-0000,Total  All Occupations,2012,2949070,2022,3337520,388450,13.2,109330
47,Tennessee,39-7011,Tour Guides and Escorts,2012,1440,2022,1560,120,8.3,80
47,Tennessee,53-6041,Traffic Technicians,2012,550,2022,550,0,-0.5,20
47,Tennessee,Nov-31,Training and Development Managers,2012,740,2022,870,130,18.2,30
47,Tennessee,13-1151,Training and Development Specialists,2012,4520,2022,5350,830,18.4,170
47,Tennessee,33-3052,Transit and Railroad Police,2012,60,2022,70,10,14.3,0
47,Tennessee,53-6061,Transportation Attendants  Except Flight Attendants,2012,350,2022,390,40,12.2,10
47,Tennessee,53-6051,Transportation Inspectors,2012,470,2022,540,70,16.6,20
47,Tennessee,33-9093,Transportation Security Screeners,2012,700,2022,780,80,12.5,30
47,Tennessee,53-6099,Transportation Workers  All Other,2012,920,2022,970,50,5.5,40
47,Tennessee,Nov-71,Transportation  Storage  and Distribution Managers,2012,3410,2022,3940,530,15.5,130
47,Tennessee,41-3041,Travel Agents,2012,760,2022,620,-140,-18.1,10
47,Tennessee,39-7012,Travel Guides,2012,30,2022,40,10,6.1,0
47,Tennessee,37-3013,Tree Trimmers and Pruners,2012,1680,2022,2190,510,30,90
47,Tennessee,27-2023,Umpires  Referees  and Other Sports Officials,2012,250,2022,280,30,12.3,10
47,Tennessee,51-6093,Upholsterers,2012,1250,2022,1200,-50,-3.3,30
47,Tennessee,19-3051,Urban and Regional Planners,2012,290,2022,320,30,10.2,20
47,Tennessee,39-3031,Ushers  Lobby Attendants  and Ticket Takers,2012,3370,2022,3520,150,4.6,190
47,Tennessee,29-1131,Veterinarians,2012,1210,2022,1470,260,21.3,70
47,Tennessee,29-2056,Veterinary Technologists and Technicians,2012,1620,2022,2250,630,39.4,80
47,Tennessee,25-1194,Vocational Education Teachers  Postsecondary,2012,1930,2022,2300,370,19.2,70
47,Tennessee,49-9064,Watch Repairers,2012,20,2022,20,0,-23.8,0
47,Tennessee,51-8031,Water and Wastewater Treatment Plant and System Operators,2012,2160,2022,2400,240,11.1,100
47,Tennessee,15-1134,Web Developers,2012,1590,2022,1860,270,16.9,50
47,Tennessee,43-5111,Weighers  Measurers  Checkers  and Samplers  Recordkeeping,2012,2200,2022,2620,420,18.8,90
47,Tennessee,51-4121,Welders  Cutters  Solderers  and Brazers,2012,8240,2022,9740,1500,18.1,350
47,Tennessee,51-4122,Welding  Soldering  and Brazing Machine Setters  Operators  and Tenders,2012,1740,2022,2380,640,37.2,110
47,Tennessee,53-7073,Wellhead Pumpers,2012,0,2022,0,0,0,0
47,Tennessee,13-1022,Wholesale and Retail Buyers  Except Farm Products,2012,2070,2022,2290,220,10.8,70
47,Tennessee,51-7099,Woodworkers  All Other,2012,820,2022,820,0,-0.5,30
47,Tennessee,51-7042,Woodworking Machine Setters  Operators  and Tenders  Except Sawing,2012,1780,2022,1750,-30,-1.6,10
47,Tennessee,43-9022,Word Processors and Typists,2012,640,2022,540,-100,-16.4,0
47,Tennessee,27-3043,Writers and Authors,2012,1700,2022,1940,240,14.1,60
47,Tennessee,19-1023,Zoologists and Wildlife Biologists,2012,100,2022,100,0,5.1,0
