STFIPS,AreaName,OccupationCode,OccupationName,BaseYear,Base,ProjYear,Proj,Change,PercentChange,AvgAnnualOpenings
48,Texas,13-2011,Accountants and Auditors,2012,105840,2022,131250,25410,24,5640
48,Texas,15-2011,Actuaries,2012,810,2022,1090,280,34.9,50
48,Texas,51-9191,Adhesive Bonding Machine Operators and Tenders,2012,2100,2022,2150,50,2.4,60
48,Texas,23-1021,Administrative Law Judges  Adjudicators  and Hearing Officers,2012,1140,2022,1270,130,12.1,30
48,Texas,Nov-11,Administrative Services Managers,2012,26020,2022,31440,5420,20.8,970
48,Texas,25-3011,Adult Basic and Secondary Education and Literacy Teachers and Instructors,2012,7890,2022,9100,1210,15.4,260
48,Texas,Nov-11,Advertising and Promotions Managers,2012,1360,2022,1620,260,18.8,70
48,Texas,41-3011,Advertising Sales Agents,2012,8490,2022,9190,700,8.1,330
48,Texas,17-3021,Aerospace Engineering and Operations Technicians,2012,760,2022,830,70,9.5,20
48,Texas,17-2011,Aerospace Engineers,2012,7710,2022,8790,1080,14,290
48,Texas,13-1011,Agents and Business Managers of Artists  Performers  and Athletes,2012,310,2022,450,140,47.4,20
48,Texas,19-4011,Agricultural and Food Science Technicians,2012,1600,2022,1780,180,11.4,80
48,Texas,17-2021,Agricultural Engineers,2012,70,2022,80,10,14.3,0
48,Texas,45-2091,Agricultural Equipment Operators,2012,2660,2022,2950,290,11,110
48,Texas,45-2011,Agricultural Inspectors,2012,820,2022,890,70,9,30
48,Texas,25-1041,Agricultural Sciences Teachers  Postsecondary,2012,1740,2022,1960,220,12.8,50
48,Texas,45-2099,Agricultural Workers  All Other,2012,420,2022,430,10,2.9,20
48,Texas,53-2021,Air Traffic Controllers,2012,2280,2022,2780,500,21.9,150
48,Texas,53-1011,Aircraft Cargo Handling Supervisors,2012,470,2022,560,90,18.7,20
48,Texas,49-3011,Aircraft Mechanics and Service Technicians,2012,13020,2022,15190,2170,16.6,570
48,Texas,51-2011,Aircraft Structure  Surfaces  Rigging  and Systems Assemblers,2012,4280,2022,5000,720,16.8,140
48,Texas,53-2022,Airfield Operations Specialists,2012,1010,2022,1210,200,19.4,70
48,Texas,53-2011,Airline Pilots  Copilots  and Flight Engineers,2012,4860,2022,5980,1120,23.1,250
48,Texas,53-3011,Ambulance Drivers and Attendants  Except Emergency Medical Technicians,2012,620,2022,820,200,31.1,30
48,Texas,39-3091,Amusement and Recreation Attendants,2012,17330,2022,20920,3590,20.7,1260
48,Texas,29-1061,Anesthesiologists,2012,2770,2022,3580,810,29.3,150
48,Texas,45-2021,Animal Breeders,2012,250,2022,200,-50,-21.4,110
48,Texas,33-9011,Animal Control Workers,2012,1430,2022,1690,260,17.8,60
48,Texas,39-2011,Animal Trainers,2012,2170,2022,2890,720,32.8,140
48,Texas,19-3091,Anthropologists and Archeologists,2012,380,2022,460,80,20.3,10
48,Texas,25-1061,Anthropology and Archeology Teachers  Postsecondary,2012,290,2022,340,50,17.1,10
48,Texas,13-2021,Appraisers and Assessors of Real Estate,2012,7110,2022,8090,980,13.9,160
48,Texas,23-1022,Arbitrators  Mediators  and Conciliators,2012,440,2022,500,60,12.9,10
48,Texas,17-1011,Architects  Except Landscape and Naval,2012,8980,2022,11190,2210,24.6,430
48,Texas,17-3011,Architectural and Civil Drafters,2012,10680,2022,11320,640,6,210
48,Texas,Nov-41,Architectural and Engineering Managers,2012,15450,2022,19150,3700,23.9,750
48,Texas,25-1031,Architecture Teachers  Postsecondary,2012,840,2022,1000,160,19.8,30
48,Texas,25-4011,Archivists,2012,330,2022,420,90,25.1,20
48,Texas,25-1062,Area  Ethnic  and Cultural Studies Teachers  Postsecondary,2012,680,2022,830,150,21.4,30
48,Texas,27-1011,Art Directors,2012,3830,2022,4430,600,15.7,160
48,Texas,25-1121,Art  Drama  and Music Teachers  Postsecondary,2012,5660,2022,6770,1110,19.5,200
48,Texas,27-1019,Artists and Related Workers  All Other,2012,740,2022,890,150,21,10
48,Texas,51-2099,Assemblers and Fabricators  All Other,2012,12680,2022,15540,2860,22.5,490
48,Texas,27-2021,Athletes and Sports Competitors,2012,390,2022,470,80,20.7,20
48,Texas,29-9091,Athletic Trainers,2012,1500,2022,1810,310,20.8,70
48,Texas,19-2021,Atmospheric and Space Scientists,2012,760,2022,930,170,22,40
48,Texas,25-1051,Atmospheric  Earth  Marine  and Space Sciences Teachers  Postsecondary,2012,940,2022,1100,160,16.7,30
48,Texas,27-4011,Audio and Video Equipment Technicians,2012,4080,2022,5160,1080,26.6,190
48,Texas,29-1181,Audiologists,2012,940,2022,1290,350,37.3,60
48,Texas,25-9011,Audio-Visual and Multimedia Collections Specialists,2012,1460,2022,1570,110,8,20
48,Texas,53-6031,Automotive and Watercraft Service Attendants,2012,10620,2022,13400,2780,26.2,580
48,Texas,49-3021,Automotive Body and Related Repairers,2012,11790,2022,14030,2240,19,480
48,Texas,49-3022,Automotive Glass Installers and Repairers,2012,730,2022,860,130,17.8,30
48,Texas,49-3023,Automotive Service Technicians and Mechanics,2012,51540,2022,60680,9140,17.7,2340
48,Texas,49-2091,Avionics Technicians,2012,1490,2022,1720,230,15.2,50
48,Texas,39-6011,Baggage Porters and Bellhops,2012,2250,2022,2700,450,19.9,100
48,Texas,33-3011,Bailiffs,2012,630,2022,740,110,17.8,30
48,Texas,51-3011,Bakers,2012,11770,2022,14210,2440,20.8,520
48,Texas,39-5011,Barbers,2012,8580,2022,10140,1560,18.1,370
48,Texas,35-3011,Bartenders,2012,35530,2022,44600,9070,25.5,2230
48,Texas,49-3091,Bicycle Repairers,2012,660,2022,830,170,26.6,40
48,Texas,43-3011,Bill and Account Collectors,2012,38830,2022,46540,7710,19.8,1870
48,Texas,43-3021,Billing and Posting Clerks,2012,43060,2022,54010,10950,25.4,1890
48,Texas,19-1021,Biochemists and Biophysicists,2012,380,2022,460,80,19.9,20
48,Texas,25-1042,Biological Science Teachers  Postsecondary,2012,3610,2022,4390,780,21.6,130
48,Texas,19-4021,Biological Technicians,2012,3960,2022,4660,700,17.8,190
48,Texas,17-2031,Biomedical Engineers,2012,1200,2022,1630,430,36.6,70
48,Texas,47-2011,Boilermakers,2012,2430,2022,2510,80,3.4,120
48,Texas,43-3031,Bookkeeping  Accounting  and Auditing Clerks,2012,128280,2022,155290,27010,21.1,3910
48,Texas,47-2021,Brickmasons and Blockmasons,2012,5330,2022,7090,1760,33,240
48,Texas,27-3021,Broadcast News Analysts,2012,510,2022,500,-10,-2.7,20
48,Texas,27-4012,Broadcast Technicians,2012,2250,2022,2440,190,8.3,70
48,Texas,43-4011,Brokerage Clerks,2012,3590,2022,3930,340,9.5,130
48,Texas,13-2031,Budget Analysts,2012,4210,2022,4930,720,17.2,240
48,Texas,49-3031,Bus and Truck Mechanics and Diesel Engine Specialists,2012,22180,2022,26890,4710,21.2,960
48,Texas,53-3022,Bus Drivers  School or Special Client,2012,32740,2022,36480,3740,11.4,980
48,Texas,53-3021,Bus Drivers  Transit and Intercity,2012,10600,2022,12200,1600,15.1,360
48,Texas,13-1199,Business Operations Specialists  All Other,2012,65010,2022,77950,12940,19.9,2180
48,Texas,25-1011,Business Teachers  Postsecondary,2012,5470,2022,6580,1110,20.2,190
48,Texas,51-3021,Butchers and Meat Cutters,2012,11140,2022,13140,2000,17.9,480
48,Texas,13-1021,Buyers and Purchasing Agents  Farm Products,2012,660,2022,750,90,14,20
48,Texas,51-7011,Cabinetmakers and Bench Carpenters,2012,7790,2022,9100,1310,16.8,190
48,Texas,27-4031,Camera Operators  Television  Video  and Motion Picture,2012,1520,2022,1830,310,20.3,50
48,Texas,53-5021,Captains  Mates  and Pilots of Water Vessels,2012,2390,2022,2920,530,22.2,160
48,Texas,29-2031,Cardiovascular Technologists and Technicians,2012,3950,2022,5700,1750,44.3,230
48,Texas,25-2023,Career/Technical Education Teachers  Middle School,2012,1470,2022,1770,300,20.3,60
48,Texas,25-2032,Career/Technical Education Teachers  Secondary School,2012,9860,2022,11840,1980,20.1,470
48,Texas,43-5011,Cargo and Freight Agents,2012,5820,2022,7760,1940,33.4,350
48,Texas,47-2031,Carpenters,2012,48750,2022,58610,9860,20.2,1630
48,Texas,47-2041,Carpet Installers,2012,1350,2022,1550,200,15,40
48,Texas,17-1021,Cartographers and Photogrammetrists,2012,790,2022,1080,290,36.1,50
48,Texas,41-2011,Cashiers,2012,238340,2022,273890,35550,14.9,13930
48,Texas,47-2051,Cement Masons and Concrete Finishers,2012,15510,2022,19360,3850,24.9,570
48,Texas,35-1011,Chefs and Head Cooks,2012,6700,2022,7990,1290,19.4,230
48,Texas,17-2041,Chemical Engineers,2012,6430,2022,7790,1360,21.2,290
48,Texas,51-9011,Chemical Equipment Operators and Tenders,2012,9520,2022,10770,1250,13.2,460
48,Texas,51-8091,Chemical Plant and System Operators,2012,6130,2022,6950,820,13.5,310
48,Texas,19-4031,Chemical Technicians,2012,5700,2022,6960,1260,22,270
48,Texas,25-1052,Chemistry Teachers  Postsecondary,2012,1500,2022,1780,280,18.5,50
48,Texas,19-2031,Chemists,2012,4630,2022,5450,820,17.8,200
48,Texas,11-1011,Chief Executives,2012,10040,2022,11660,1620,16.2,380
48,Texas,21-1021,Child  Family  and School Social Workers,2012,15710,2022,18330,2620,16.7,590
48,Texas,39-9011,Childcare Workers,2012,131920,2022,163640,31720,24,6490
48,Texas,29-1011,Chiropractors,2012,2650,2022,2820,170,6.5,90
48,Texas,27-2032,Choreographers,2012,500,2022,630,130,27.1,30
48,Texas,17-3022,Civil Engineering Technicians,2012,11030,2022,11530,500,4.5,280
48,Texas,17-2051,Civil Engineers,2012,23410,2022,30540,7130,30.5,1280
48,Texas,13-1031,Claims Adjusters  Examiners  and Investigators,2012,18770,2022,22020,3250,17.3,760
48,Texas,53-7061,Cleaners of Vehicles and Equipment,2012,33050,2022,39610,6560,19.9,1610
48,Texas,51-9192,Cleaning  Washing  and Metal Pickling Equipment Operators and Tenders,2012,950,2022,1080,130,14.1,40
48,Texas,21-2011,Clergy,2012,32770,2022,40090,7320,22.3,2050
48,Texas,19-3031,Clinical  Counseling  and School Psychologists,2012,7560,2022,8810,1250,16.5,340
48,Texas,27-2022,Coaches and Scouts,2012,12980,2022,16010,3030,23.4,690
48,Texas,51-9121,Coating  Painting  and Spraying Machine Setters  Operators  and Tenders,2012,8470,2022,10140,1670,19.7,320
48,Texas,49-9091,Coin  Vending  and Amusement Machine Servicers and Repairers,2012,2590,2022,2770,180,6.9,50
48,Texas,35-3021,Combined Food Preparation and Serving Workers  Including Fast Food,2012,285480,2022,378000,92520,32.4,20160
48,Texas,27-1021,Commercial and Industrial Designers,2012,2070,2022,2490,420,20,90
48,Texas,49-9092,Commercial Divers,2012,310,2022,430,120,38.6,20
48,Texas,53-2012,Commercial Pilots,2012,5650,2022,6980,1330,23.6,290
48,Texas,25-1122,Communications Teachers  Postsecondary,2012,2290,2022,2710,420,18.1,80
48,Texas,21-1099,Community and Social Service Specialists  All Other,2012,2000,2022,2360,360,18,90
48,Texas,21-1094,Community Health Workers,2012,3580,2022,4510,930,25.9,190
48,Texas,Nov-11,Compensation and Benefits Managers,2012,840,2022,990,150,18,40
48,Texas,13-1141,Compensation  Benefits  and Job Analysis Specialists,2012,6540,2022,7660,1120,17.2,230
48,Texas,13-1041,Compliance Officers,2012,22220,2022,25690,3470,15.6,760
48,Texas,15-1111,Computer and Information Research Scientists,2012,990,2022,1230,240,23.6,40
48,Texas,Nov-21,Computer and Information Systems Managers,2012,17840,2022,22100,4260,23.9,670
48,Texas,17-2061,Computer Hardware Engineers,2012,8810,2022,10920,2110,24,400
48,Texas,15-1143,Computer Network Architects,2012,11070,2022,13450,2380,21.5,430
48,Texas,15-1152,Computer Network Support Specialists,2012,17760,2022,20180,2420,13.6,520
48,Texas,51-4012,Computer Numerically Controlled Machine Tool Programmers  Metal and Plastic,2012,1740,2022,2700,960,54.8,140
48,Texas,15-1199,Computer Occupations  All Other,2012,12600,2022,14700,2100,16.7,410
48,Texas,43-9011,Computer Operators,2012,5190,2022,4830,-360,-6.9,50
48,Texas,15-1131,Computer Programmers,2012,22040,2022,24690,2650,12,840
48,Texas,25-1021,Computer Science Teachers  Postsecondary,2012,2040,2022,2410,370,18,70
48,Texas,15-1121,Computer Systems Analysts,2012,44140,2022,58100,13960,31.6,2060
48,Texas,15-1151,Computer User Support Specialists,2012,50790,2022,64460,13670,26.9,2160
48,Texas,49-2011,Computer  Automated Teller  and Office Machine Repairers,2012,13890,2022,15470,1580,11.3,460
48,Texas,51-4011,Computer-Controlled Machine Tool Operators  Metal and Plastic,2012,9930,2022,13710,3780,38,660
48,Texas,39-6012,Concierges,2012,2860,2022,3830,970,33.7,170
48,Texas,19-1031,Conservation Scientists,2012,1850,2022,2050,200,10.9,70
48,Texas,47-4011,Construction and Building Inspectors,2012,7080,2022,8680,1600,22.6,360
48,Texas,47-4099,Construction and Related Workers  All Other,2012,1820,2022,2180,360,19.8,80
48,Texas,47-2061,Construction Laborers,2012,133530,2022,161470,27940,20.9,5880
48,Texas,Nov-21,Construction Managers,2012,64940,2022,74370,9430,14.5,2180
48,Texas,47-5041,Continuous Mining Machine Operators,2012,430,2022,490,60,13.1,10
48,Texas,49-9012,Control and Valve Installers and Repairers  Except Mechanical Door,2012,5450,2022,6490,1040,19.2,290
48,Texas,53-7011,Conveyor Operators and Tenders,2012,2310,2022,2640,330,14.3,100
48,Texas,35-2019,Cooks  All Other,2012,1190,2022,1480,290,24.2,50
48,Texas,35-2011,Cooks  Fast Food,2012,38060,2022,44400,6340,16.7,1400
48,Texas,35-2012,Cooks  Institution and Cafeteria,2012,29280,2022,35400,6120,20.9,1200
48,Texas,35-2013,Cooks  Private Household,2012,300,2022,340,40,14.5,10
48,Texas,35-2014,Cooks  Restaurant,2012,84800,2022,113870,29070,34.3,4610
48,Texas,35-2015,Cooks  Short Order,2012,17320,2022,19370,2050,11.8,550
48,Texas,51-9193,Cooling and Freezing Equipment Operators and Tenders,2012,390,2022,430,40,10.5,10
48,Texas,33-3012,Correctional Officers and Jailers,2012,48360,2022,55840,7480,15.5,2030
48,Texas,43-4021,Correspondence Clerks,2012,570,2022,690,120,20.2,30
48,Texas,13-1051,Cost Estimators,2012,14400,2022,18440,4040,28.1,870
48,Texas,39-3092,Costume Attendants,2012,330,2022,390,60,18.3,10
48,Texas,21-1019,Counselors  All Other,2012,6440,2022,8010,1570,24.5,280
48,Texas,41-2021,Counter and Rental Clerks,2012,32980,2022,38510,5530,16.8,1400
48,Texas,35-3022,Counter Attendants  Cafeteria  Food Concession  and Coffee Shop,2012,32490,2022,37510,5020,15.5,2490
48,Texas,43-5021,Couriers and Messengers,2012,6800,2022,6790,-10,-0.1,120
48,Texas,23-2091,Court Reporters,2012,1320,2022,1600,280,20.9,50
48,Texas,43-4031,Court  Municipal  and License Clerks,2012,7920,2022,9770,1850,23.3,310
48,Texas,27-1012,Craft Artists,2012,740,2022,840,100,14.7,30
48,Texas,53-7021,Crane and Tower Operators,2012,4890,2022,6190,1300,26.6,300
48,Texas,13-2041,Credit Analysts,2012,5500,2022,6800,1300,23.7,270
48,Texas,43-4041,Credit Authorizers  Checkers  and Clerks,2012,7870,2022,8270,400,5.1,130
48,Texas,13-2071,Credit Counselors,2012,3170,2022,4030,860,27.1,140
48,Texas,25-1111,Criminal Justice and Law Enforcement Teachers  Postsecondary,2012,950,2022,1130,180,19.6,30
48,Texas,33-9091,Crossing Guards,2012,4010,2022,4570,560,14,120
48,Texas,51-9021,Crushing  Grinding  and Polishing Machine Setters  Operators  and Tenders,2012,2300,2022,2560,260,11.1,90
48,Texas,25-4012,Curators,2012,550,2022,650,100,18.4,20
48,Texas,43-4051,Customer Service Representatives,2012,214240,2022,262770,48530,22.7,10700
48,Texas,51-9031,Cutters and Trimmers  Hand,2012,860,2022,940,80,9.6,20
48,Texas,51-9032,Cutting and Slicing Machine Setters  Operators  and Tenders,2012,3430,2022,3640,210,6.3,80
48,Texas,51-4031,Cutting  Punching  and Press Machine Setters  Operators  and Tenders  Metal and Plastic,2012,12890,2022,13760,870,6.8,200
48,Texas,27-2031,Dancers,2012,720,2022,850,130,17.3,30
48,Texas,43-9021,Data Entry Keyers,2012,21740,2022,17510,-4230,-19.4,260
48,Texas,15-1141,Database Administrators,2012,10060,2022,12260,2200,21.9,410
48,Texas,41-9011,Demonstrators and Product Promoters,2012,5410,2022,6650,1240,22.9,280
48,Texas,31-9091,Dental Assistants,2012,23130,2022,28090,4960,21.4,980
48,Texas,29-2021,Dental Hygienists,2012,12390,2022,16030,3640,29.4,680
48,Texas,51-9081,Dental Laboratory Technicians,2012,2300,2022,2640,340,15,110
48,Texas,29-1021,Dentists  General,2012,8970,2022,10160,1190,13.3,390
48,Texas,47-5011,Derrick Operators  Oil and Gas,2012,9150,2022,11880,2730,29.9,640
48,Texas,43-9031,Desktop Publishers,2012,1380,2022,1470,90,6.1,30
48,Texas,33-3021,Detectives and Criminal Investigators,2012,17720,2022,20810,3090,17.5,700
48,Texas,29-2032,Diagnostic Medical Sonographers,2012,4380,2022,6900,2520,57.6,310
48,Texas,29-2051,Dietetic Technicians,2012,1060,2022,1340,280,26.8,40
48,Texas,29-1031,Dietitians and Nutritionists,2012,4030,2022,5240,1210,30.1,170
48,Texas,35-9011,Dining Room and Cafeteria Attendants and Bartender Helpers,2012,31740,2022,39110,7370,23.2,2130
48,Texas,21-2021,Directors  Religious Activities and Education,2012,3460,2022,4210,750,21.6,630
48,Texas,35-9021,Dishwashers,2012,34350,2022,42000,7650,22.3,2290
48,Texas,43-5032,Dispatchers  Except Police  Fire  and Ambulance,2012,16910,2022,20560,3650,21.6,850
48,Texas,41-9091,Door-to-Door Sales Workers  News and Street Vendors  and Related Workers,2012,2880,2022,2950,70,2.1,60
48,Texas,17-3019,Drafters  All Other,2012,1510,2022,1860,350,23,60
48,Texas,51-4032,Drilling and Boring Machine Tool Setters  Operators  and Tenders  Metal and Plastic,2012,1680,2022,1580,-100,-5.9,30
48,Texas,53-3031,Driver/Sales Workers,2012,38730,2022,47330,8600,22.2,1480
48,Texas,47-2081,Drywall and Ceiling Tile Installers,2012,9520,2022,11320,1800,18.9,270
48,Texas,47-5021,Earth Drillers  Except Oil and Gas,2012,1850,2022,2310,460,25.1,100
48,Texas,25-1063,Economics Teachers  Postsecondary,2012,910,2022,1070,160,18,30
48,Texas,19-3011,Economists,2012,830,2022,1090,260,32.1,50
48,Texas,27-3041,Editors,2012,5310,2022,5970,660,12.5,200
48,Texas,Nov-32,Education Administrators  Elementary and Secondary School,2012,22430,2022,27030,4600,20.5,1050
48,Texas,Nov-33,Education Administrators  Postsecondary,2012,5890,2022,7020,1130,19.1,270
48,Texas,Nov-31,Education Administrators  Preschool and Childcare Center/Program,2012,2620,2022,3170,550,21.2,130
48,Texas,25-1081,Education Teachers  Postsecondary,2012,3990,2022,4780,790,19.9,140
48,Texas,25-9099,Education  Training  and Library Workers  All Other,2012,1200,2022,1320,120,10.3,20
48,Texas,21-1012,Educational  Guidance  School  and Vocational Counselors,2012,22030,2022,26880,4850,22,920
48,Texas,49-2092,Electric Motor  Power Tool  and Related Repairers,2012,3410,2022,3810,400,11.5,100
48,Texas,51-2022,Electrical and Electronic Equipment Assemblers,2012,16670,2022,19710,3040,18.2,500
48,Texas,17-3012,Electrical and Electronics Drafters,2012,4020,2022,4890,870,21.6,140
48,Texas,17-3023,Electrical and Electronics Engineering Technicians,2012,14570,2022,17130,2560,17.6,560
48,Texas,49-2093,Electrical and Electronics Installers and Repairers  Transportation Equipment,2012,2010,2022,2330,320,15.4,70
48,Texas,49-2094,Electrical and Electronics Repairers  Commercial and Industrial Equipment,2012,7390,2022,9120,1730,23.5,320
48,Texas,49-2095,Electrical and Electronics Repairers  Powerhouse  Substation  and Relay,2012,1890,2022,2300,410,21.7,80
48,Texas,17-2071,Electrical Engineers,2012,13620,2022,16450,2830,20.8,580
48,Texas,49-9051,Electrical Power-Line Installers and Repairers,2012,8940,2022,11070,2130,23.7,520
48,Texas,47-2111,Electricians,2012,50220,2022,60920,10700,21.3,2030
48,Texas,51-2023,Electromechanical Equipment Assemblers,2012,4350,2022,5020,670,15.5,120
48,Texas,17-3024,Electro-Mechanical Technicians,2012,1550,2022,1940,390,25.2,70
48,Texas,49-2096,Electronic Equipment Installers and Repairers  Motor Vehicles,2012,1520,2022,1590,70,4.8,30
48,Texas,49-2097,Electronic Home Entertainment Equipment Installers and Repairers,2012,2290,2022,2300,10,0.3,90
48,Texas,17-2072,Electronics Engineers  Except Computer,2012,11110,2022,13580,2470,22.2,490
48,Texas,25-2021,Elementary School Teachers  Except Special Education,2012,141030,2022,180920,39890,28.3,7090
48,Texas,47-4021,Elevator Installers and Repairers,2012,2060,2022,2530,470,23.1,80
48,Texas,43-4061,Eligibility Interviewers  Government Programs,2012,10730,2022,13480,2750,25.6,490
48,Texas,39-4011,Embalmers,2012,290,2022,260,-30,-10.3,10
48,Texas,Nov-61,Emergency Management Directors,2012,710,2022,850,140,19.9,20
48,Texas,29-2041,Emergency Medical Technicians and Paramedics,2012,14820,2022,19080,4260,28.7,830
48,Texas,51-2031,Engine and Other Machine Assemblers,2012,5910,2022,7020,1110,18.7,200
48,Texas,25-1032,Engineering Teachers  Postsecondary,2012,3680,2022,4300,620,17,120
48,Texas,17-3029,Engineering Technicians  Except Drafters  All Other,2012,9100,2022,10920,1820,19.9,370
48,Texas,17-2199,Engineers  All Other,2012,8350,2022,9720,1370,16.4,290
48,Texas,25-1123,English Language and Literature Teachers  Postsecondary,2012,4760,2022,5560,800,16.9,150
48,Texas,17-3025,Environmental Engineering Technicians,2012,1070,2022,1360,290,27.2,50
48,Texas,17-2081,Environmental Engineers,2012,2880,2022,3570,690,23.7,140
48,Texas,19-4091,Environmental Science and Protection Technicians  Including Health,2012,2940,2022,3630,690,23.4,190
48,Texas,25-1053,Environmental Science Teachers  Postsecondary,2012,140,2022,160,20,18.8,10
48,Texas,19-2041,Environmental Scientists and Specialists  Including Health,2012,5910,2022,7300,1390,23.5,310
48,Texas,19-1041,Epidemiologists,2012,390,2022,460,70,17.8,20
48,Texas,51-9194,Etchers and Engravers,2012,970,2022,1120,150,15.4,40
48,Texas,53-7032,Excavating and Loading Machine and Dragline Operators,2012,5230,2022,6270,1040,19.9,150
48,Texas,43-6011,Executive Secretaries and Executive Administrative Assistants,2012,65790,2022,70260,4470,6.8,1240
48,Texas,29-1128,Exercise Physiologists,2012,460,2022,540,80,17.6,10
48,Texas,47-5031,Explosives Workers  Ordnance Handling Experts  and Blasters,2012,530,2022,670,140,26.5,30
48,Texas,47-5099,Extraction Workers  All Other,2012,1480,2022,1910,430,28.7,60
48,Texas,51-4021,Extruding and Drawing Machine Setters  Operators  and Tenders  Metal and Plastic,2012,5130,2022,5350,220,4.2,120
48,Texas,51-6091,Extruding and Forming Machine Setters  Operators  and Tenders  Synthetic and Glass Fibers,2012,740,2022,850,110,14.8,20
48,Texas,51-9041,Extruding  Forming  Pressing  and Compacting Machine Setters  Operators  and Tenders,2012,4210,2022,4850,640,15.4,180
48,Texas,51-6092,Fabric and Apparel Patternmakers,2012,240,2022,270,30,13.8,10
48,Texas,49-9093,Fabric Menders  Except Garment,2012,80,2022,100,20,24.4,0
48,Texas,45-4021,Fallers,2012,440,2022,280,-160,-37.1,10
48,Texas,29-1062,Family and General Practitioners,2012,6370,2022,7650,1280,20.2,300
48,Texas,25-9021,Farm and Home Management Advisors,2012,700,2022,820,120,16.2,20
48,Texas,49-3041,Farm Equipment Mechanics and Service Technicians,2012,2320,2022,2820,500,21.7,120
48,Texas,13-1074,Farm Labor Contractors,2012,10,2022,10,0,9.1,0
48,Texas,Nov-13,Farmers  Ranchers  and Other Agricultural Managers,2012,20390,2022,18040,-2350,-11.5,4100
48,Texas,45-2092,Farmworkers and Laborers  Crop  Nursery  and Greenhouse,2012,16430,2022,17400,970,5.9,4580
48,Texas,45-2093,Farmworkers  Farm  Ranch  and Aquacultural Animals,2012,17910,2022,19260,1350,7.5,1580
48,Texas,27-1022,Fashion Designers,2012,670,2022,850,180,27.6,30
48,Texas,47-4031,Fence Erectors,2012,2060,2022,2600,540,26.6,110
48,Texas,51-2091,Fiberglass Laminators and Fabricators,2012,1600,2022,1830,230,14.1,50
48,Texas,43-4071,File Clerks,2012,15220,2022,15530,310,2,400
48,Texas,27-4032,Film and Video Editors,2012,1210,2022,1470,260,21.4,40
48,Texas,13-2051,Financial Analysts,2012,20130,2022,24560,4430,22,950
48,Texas,43-3099,Financial Clerks  All Other,2012,4100,2022,4880,780,19,200
48,Texas,13-2061,Financial Examiners,2012,2030,2022,2390,360,17.8,90
48,Texas,Nov-31,Financial Managers,2012,29610,2022,36030,6420,21.7,1190
48,Texas,13-2099,Financial Specialists  All Other,2012,10790,2022,12770,1980,18.4,290
48,Texas,27-1013,Fine Artists  Including Painters  Sculptors  and Illustrators,2012,1190,2022,1400,210,18.4,50
48,Texas,33-2021,Fire Inspectors and Investigators,2012,760,2022,900,140,18.1,40
48,Texas,33-2011,Firefighters,2012,25890,2022,30660,4770,18.4,1180
48,Texas,47-1011,First-Line Supervisors of Construction Trades and Extraction Workers,2012,63820,2022,79830,16010,25.1,2320
48,Texas,33-1011,First-Line Supervisors of Correctional Officers,2012,5480,2022,6280,800,14.7,270
48,Texas,45-1011,First-Line Supervisors of Farming  Fishing  and Forestry Workers,2012,4120,2022,4400,280,6.8,130
48,Texas,33-1021,First-Line Supervisors of Fire Fighting and Prevention Workers,2012,5030,2022,5930,900,17.9,310
48,Texas,35-1012,First-Line Supervisors of Food Preparation and Serving Workers,2012,76260,2022,99620,23360,30.6,4520
48,Texas,53-1021,First-Line Supervisors of Helpers  Laborers  and Material Movers  Hand,2012,14520,2022,17670,3150,21.7,720
48,Texas,37-1011,First-Line Supervisors of Housekeeping and Janitorial Workers,2012,15970,2022,19880,3910,24.5,730
48,Texas,37-1012,First-Line Supervisors of Landscaping  Lawn Service  and Groundskeeping Workers,2012,13300,2022,16510,3210,24.1,410
48,Texas,49-1011,First-Line Supervisors of Mechanics  Installers  and Repairers,2012,39090,2022,46650,7560,19.3,1830
48,Texas,41-1012,First-Line Supervisors of Non-Retail Sales Workers,2012,36790,2022,40270,3480,9.5,1080
48,Texas,43-1011,First-Line Supervisors of Office and Administrative Support Workers,2012,115420,2022,139670,24250,21,5180
48,Texas,39-1021,First-Line Supervisors of Personal Service Workers,2012,18600,2022,21680,3080,16.6,690
48,Texas,33-1012,First-Line Supervisors of Police and Detectives,2012,5660,2022,6550,890,15.9,260
48,Texas,51-1011,First-Line Supervisors of Production and Operating Workers,2012,47410,2022,54550,7140,15.1,1400
48,Texas,33-1099,First-Line Supervisors of Protective Service Workers  All Other,2012,4160,2022,4960,800,19.3,180
48,Texas,41-1011,First-Line Supervisors of Retail Sales Workers,2012,130490,2022,146430,15940,12.2,5050
48,Texas,53-1031,First-Line Supervisors of Transportation and Material-Moving Machine and Vehicle Operators,2012,16990,2022,20620,3630,21.4,830
48,Texas,33-3031,Fish and Game Wardens,2012,450,2022,500,50,11.4,20
48,Texas,39-9031,Fitness Trainers and Aerobics Instructors,2012,13620,2022,16600,2980,21.9,460
48,Texas,53-2031,Flight Attendants,2012,8130,2022,10140,2010,24.7,340
48,Texas,47-2042,Floor Layers  Except Carpet  Wood  and Hard Tiles,2012,960,2022,1170,210,21.9,40
48,Texas,47-2043,Floor Sanders and Finishers,2012,50,2022,60,10,18.9,0
48,Texas,27-1023,Floral Designers,2012,4000,2022,4600,600,15.1,170
48,Texas,51-3091,Food and Tobacco Roasting  Baking  and Drying Machine Operators and Tenders,2012,1710,2022,1910,200,11.7,70
48,Texas,51-3092,Food Batchmakers,2012,7860,2022,8900,1040,13.3,360
48,Texas,51-3093,Food Cooking Machine Operators and Tenders,2012,2890,2022,3230,340,11.9,110
48,Texas,35-9099,Food Preparation and Serving Related Workers  All Other,2012,1210,2022,1480,270,22.5,90
48,Texas,35-2021,Food Preparation Workers,2012,52460,2022,62390,9930,18.9,2520
48,Texas,51-3099,Food Processing Workers  All Other,2012,2990,2022,3430,440,14.9,130
48,Texas,19-1012,Food Scientists and Technologists,2012,1570,2022,2250,680,43.4,80
48,Texas,35-3041,Food Servers  Nonrestaurant,2012,10630,2022,13370,2740,25.7,590
48,Texas,Nov-51,Food Service Managers,2012,27330,2022,31870,4540,16.6,930
48,Texas,25-1124,Foreign Language and Literature Teachers  Postsecondary,2012,1810,2022,2160,350,19,60
48,Texas,19-4092,Forensic Science Technicians,2012,1000,2022,1170,170,17.2,60
48,Texas,45-4011,Forest and Conservation Workers,2012,200,2022,220,20,10.9,10
48,Texas,19-1032,Foresters,2012,130,2022,150,20,14.8,10
48,Texas,25-1043,Forestry and Conservation Science Teachers  Postsecondary,2012,60,2022,70,10,15,0
48,Texas,51-4022,Forging Machine Setters  Operators  and Tenders  Metal and Plastic,2012,1980,2022,2080,100,5,50
48,Texas,51-4071,Foundry Mold and Coremakers,2012,840,2022,880,40,4.7,10
48,Texas,13-1131,Fundraisers,2012,4370,2022,5270,900,20.5,180
48,Texas,39-4021,Funeral Attendants,2012,2060,2022,2180,120,6.2,60
48,Texas,Nov-61,Funeral Service Managers,2012,570,2022,680,110,17.8,20
48,Texas,51-9051,Furnace  Kiln  Oven  Drier  and Kettle Operators and Tenders,2012,1140,2022,1310,170,15.5,40
48,Texas,51-7021,Furniture Finishers,2012,750,2022,880,130,17.2,30
48,Texas,39-3012,Gaming and Sports Book Writers and Runners,2012,1950,2022,2270,320,16.8,70
48,Texas,53-7071,Gas Compressor and Gas Pumping Station Operators,2012,440,2022,500,60,12.6,20
48,Texas,51-8092,Gas Plant Operators,2012,1820,2022,2110,290,15.9,100
48,Texas,11-1021,General and Operations Managers,2012,172320,2022,210720,38400,22.3,7050
48,Texas,29-9092,Genetic Counselors,2012,50,2022,70,20,47.9,0
48,Texas,19-3092,Geographers,2012,130,2022,190,60,43.8,10
48,Texas,25-1064,Geography Teachers  Postsecondary,2012,250,2022,290,40,15.7,10
48,Texas,19-4041,Geological and Petroleum Technicians,2012,6490,2022,8380,1890,29.2,420
48,Texas,19-2042,Geoscientists  Except Hydrologists and Geographers,2012,10250,2022,13340,3090,30.1,610
48,Texas,47-2121,Glaziers,2012,5110,2022,6130,1020,19.8,220
48,Texas,45-2041,Graders and Sorters  Agricultural Products,2012,2610,2022,2810,200,7.6,70
48,Texas,25-1191,Graduate Teaching Assistants,2012,17640,2022,20260,2620,14.9,530
48,Texas,27-1024,Graphic Designers,2012,14430,2022,16950,2520,17.5,630
48,Texas,51-9022,Grinding and Polishing Workers  Hand,2012,1960,2022,2280,320,16.4,90
48,Texas,51-4033,Grinding  Lapping  Polishing  and Buffing Machine Tool Setters  Operators  and Tenders  Metal and Plastic,2012,4290,2022,4540,250,5.6,120
48,Texas,37-3019,Grounds Maintenance Workers  All Other,2012,420,2022,510,90,20.5,20
48,Texas,39-5012,Hairdressers  Hairstylists  and Cosmetologists,2012,34910,2022,41770,6860,19.6,1460
48,Texas,47-4041,Hazardous Materials Removal Workers,2012,3470,2022,4100,630,18.2,140
48,Texas,17-2111,Health and Safety Engineers  Except Mining Safety Engineers and Inspectors,2012,2030,2022,2450,420,20.3,100
48,Texas,29-1199,Health Diagnosing and Treating Practitioners  All Other,2012,920,2022,1000,80,8.7,30
48,Texas,21-1091,Health Educators,2012,2720,2022,3430,710,25.9,140
48,Texas,25-1071,Health Specialties Teachers  Postsecondary,2012,18610,2022,26240,7630,41,1040
48,Texas,29-2099,Health Technologists and Technicians  All Other,2012,3160,2022,4110,950,30.1,130
48,Texas,29-9099,Healthcare Practitioners and Technical Workers  All Other,2012,1350,2022,1670,320,24.2,70
48,Texas,21-1022,Healthcare Social Workers,2012,8690,2022,11370,2680,30.8,460
48,Texas,31-9099,Healthcare Support Workers  All Other,2012,4470,2022,5540,1070,24.1,190
48,Texas,29-2092,Hearing Aid Specialists,2012,720,2022,950,230,31.7,30
48,Texas,51-4191,Heat Treating Equipment Setters  Operators  and Tenders  Metal and Plastic,2012,2010,2022,2420,410,20.1,80
48,Texas,49-9021,Heating  Air Conditioning  and Refrigeration Mechanics and Installers,2012,23230,2022,28220,4990,21.5,1110
48,Texas,53-3032,Heavy and Tractor-Trailer Truck Drivers,2012,161730,2022,198760,37030,22.9,6300
48,Texas,47-3019,Helpers  Construction Trades  All Other,2012,3980,2022,5140,1160,29.1,180
48,Texas,47-3011,Helpers--Brickmasons  Blockmasons  Stonemasons  and Tile and Marble Setters,2012,2340,2022,3350,1010,43,140
48,Texas,47-3012,Helpers--Carpenters,2012,3840,2022,4680,840,21.9,140
48,Texas,47-3013,Helpers--Electricians,2012,8410,2022,11190,2780,33.1,410
48,Texas,47-5081,Helpers--Extraction Workers,2012,6210,2022,8020,1810,29.2,350
48,Texas,49-9098,Helpers--Installation  Maintenance  and Repair Workers,2012,18840,2022,22990,4150,22,990
48,Texas,47-3014,Helpers--Painters  Paperhangers  Plasterers  and Stucco Masons,2012,1850,2022,2140,290,15.8,60
48,Texas,47-3015,Helpers--Pipelayers  Plumbers  Pipefitters  and Steamfitters,2012,7650,2022,9520,1870,24.5,310
48,Texas,51-9198,Helpers--Production Workers,2012,36860,2022,43630,6770,18.4,1310
48,Texas,47-3016,Helpers--Roofers,2012,1150,2022,1330,180,15.1,40
48,Texas,47-4051,Highway Maintenance Workers,2012,5220,2022,6150,930,17.7,170
48,Texas,19-3093,Historians,2012,170,2022,200,30,17.4,10
48,Texas,25-1125,History Teachers  Postsecondary,2012,2250,2022,2640,390,17.3,70
48,Texas,53-7041,Hoist and Winch Operators,2012,200,2022,250,50,26.8,10
48,Texas,49-9031,Home Appliance Repairers,2012,3670,2022,4100,430,11.8,170
48,Texas,25-1192,Home Economics Teachers  Postsecondary,2012,260,2022,300,40,14.9,10
48,Texas,31-1011,Home Health Aides,2012,48510,2022,68240,19730,40.7,2850
48,Texas,35-9031,Hosts and Hostesses  Restaurant  Lounge  and Coffee Shop,2012,29390,2022,36190,6800,23.1,2890
48,Texas,43-4081,Hotel  Motel  and Resort Desk Clerks,2012,18130,2022,22520,4390,24.2,1300
48,Texas,43-4161,Human Resources Assistants  Except Payroll and Timekeeping,2012,10680,2022,11620,940,8.8,360
48,Texas,Nov-21,Human Resources Managers,2012,6460,2022,8140,1680,26.1,340
48,Texas,13-1071,Human Resources Specialists,2012,36760,2022,42770,6010,16.3,1280
48,Texas,19-2043,Hydrologists,2012,350,2022,410,60,19.4,20
48,Texas,17-3026,Industrial Engineering Technicians,2012,4450,2022,5060,610,13.8,150
48,Texas,17-2112,Industrial Engineers,2012,14940,2022,18260,3320,22.2,770
48,Texas,49-9041,Industrial Machinery Mechanics,2012,30520,2022,43170,12650,41.5,2150
48,Texas,Nov-51,Industrial Production Managers,2012,12160,2022,14260,2100,17.3,420
48,Texas,53-7051,Industrial Truck and Tractor Operators,2012,37150,2022,40630,3480,9.4,1210
48,Texas,43-4199,Information and Record Clerks  All Other,2012,14540,2022,15120,580,4,370
48,Texas,15-1122,Information Security Analysts,2012,6640,2022,9630,2990,45,400
48,Texas,51-9061,Inspectors  Testers  Sorters  Samplers  and Weighers,2012,43240,2022,52910,9670,22.4,1920
48,Texas,49-9099,Installation  Maintenance  and Repair Workers  All Other,2012,7210,2022,8800,1590,22.1,330
48,Texas,25-9031,Instructional Coordinators,2012,12830,2022,15660,2830,22,390
48,Texas,47-2131,Insulation Workers  Floor  Ceiling  and Wall,2012,1850,2022,2390,540,29.2,80
48,Texas,47-2132,Insulation Workers  Mechanical,2012,4460,2022,6460,2000,44.6,260
48,Texas,13-1032,Insurance Appraisers  Auto Damage,2012,1570,2022,1690,120,7.3,50
48,Texas,43-9041,Insurance Claims and Policy Processing Clerks,2012,21950,2022,26390,4440,20.2,1030
48,Texas,41-3021,Insurance Sales Agents,2012,49370,2022,57980,8610,17.4,2050
48,Texas,13-2053,Insurance Underwriters,2012,6040,2022,6460,420,7,210
48,Texas,27-1025,Interior Designers,2012,4850,2022,5850,1000,20.5,230
48,Texas,29-1063,Internists  General,2012,4290,2022,5130,840,19.6,200
48,Texas,27-3091,Interpreters and Translators,2012,4510,2022,6720,2210,49,260
48,Texas,43-4111,Interviewers  Except Eligibility and Loan,2012,11950,2022,13820,1870,15.6,410
48,Texas,37-2011,Janitors and Cleaners  Except Maids and Housekeeping Cleaners,2012,172120,2022,213340,41220,23.9,7310
48,Texas,51-9071,Jewelers and Precious Stone and Metal Workers,2012,3170,2022,3390,220,7,90
48,Texas,23-1023,Judges  Magistrate Judges  and Magistrates,2012,2320,2022,2630,310,13,70
48,Texas,23-1012,Judicial Law Clerks,2012,390,2022,460,70,15.8,10
48,Texas,25-2012,Kindergarten Teachers  Except Special Education,2012,13790,2022,17680,3890,28.2,780
48,Texas,13-1075,Labor Relations Specialists,2012,1870,2022,1990,120,6.5,50
48,Texas,53-7062,Laborers and Freight  Stock  and Material Movers  Hand,2012,185770,2022,226470,40700,21.9,9850
48,Texas,17-1012,Landscape Architects,2012,760,2022,940,180,23.6,40
48,Texas,37-3011,Landscaping and Groundskeeping Workers,2012,77750,2022,96530,18780,24.2,3710
48,Texas,51-4034,Lathe and Turning Machine Tool Setters  Operators  and Tenders  Metal and Plastic,2012,5110,2022,5580,470,9.3,150
48,Texas,51-6011,Laundry and Dry-Cleaning Workers,2012,14390,2022,16530,2140,14.8,640
48,Texas,25-1112,Law Teachers  Postsecondary,2012,780,2022,960,180,22.8,30
48,Texas,23-1011,Lawyers,2012,49350,2022,60090,10740,21.8,1800
48,Texas,51-4192,Layout Workers  Metal and Plastic,2012,1540,2022,1790,250,15.7,50
48,Texas,43-6012,Legal Secretaries,2012,15210,2022,16300,1090,7.2,290
48,Texas,23-2099,Legal Support Workers  All Other,2012,2440,2022,2840,400,16.7,80
48,Texas,25-4021,Librarians,2012,10240,2022,12230,1990,19.5,430
48,Texas,43-4121,Library Assistants  Clerical,2012,7110,2022,8750,1640,23.1,480
48,Texas,25-1082,Library Science Teachers  Postsecondary,2012,440,2022,500,60,15.9,10
48,Texas,25-4031,Library Technicians,2012,3200,2022,3800,600,18.7,230
48,Texas,29-2061,Licensed Practical and Licensed Vocational Nurses,2012,71890,2022,91740,19850,27.6,3740
48,Texas,19-4099,Life  Physical  and Social Science Technicians  All Other,2012,5780,2022,6960,1180,20.4,350
48,Texas,33-9092,Lifeguards  Ski Patrol  and Other Recreational Protective Service Workers,2012,10180,2022,12290,2110,20.7,910
48,Texas,53-3033,Light Truck or Delivery Services Drivers,2012,58430,2022,68490,10060,17.2,1940
48,Texas,43-4131,Loan Interviewers and Clerks,2012,25420,2022,30650,5230,20.6,700
48,Texas,13-2072,Loan Officers,2012,26810,2022,32140,5330,19.9,1030
48,Texas,39-3093,Locker Room  Coatroom  and Dressing Room Attendants,2012,780,2022,940,160,20.5,60
48,Texas,49-9094,Locksmiths and Safe Repairers,2012,1680,2022,2010,330,20.2,90
48,Texas,53-4011,Locomotive Engineers,2012,3150,2022,3510,360,11.5,130
48,Texas,53-4012,Locomotive Firers,2012,170,2022,110,-60,-33.5,10
48,Texas,Nov-81,Lodging Managers,2012,3630,2022,4000,370,10.1,170
48,Texas,45-4022,Logging Equipment Operators,2012,750,2022,840,90,11.7,30
48,Texas,13-1081,Logisticians,2012,11460,2022,16020,4560,39.8,580
48,Texas,53-7063,Machine Feeders and Offbearers,2012,5930,2022,7100,1170,19.8,240
48,Texas,51-4041,Machinists,2012,33100,2022,43340,10240,30.9,1780
48,Texas,29-2035,Magnetic Resonance Imaging Technologists,2012,2530,2022,3320,790,31.3,120
48,Texas,37-2012,Maids and Housekeeping Cleaners,2012,83260,2022,102250,18990,22.8,3520
48,Texas,43-9051,Mail Clerks and Mail Machine Operators  Except Postal Service,2012,8660,2022,8430,-230,-2.6,200
48,Texas,49-9071,Maintenance and Repair Workers  General,2012,110190,2022,132140,21950,19.9,4260
48,Texas,49-9043,Maintenance Workers  Machinery,2012,9930,2022,12960,3030,30.6,430
48,Texas,39-5091,Makeup Artists  Theatrical and Performance,2012,80,2022,100,20,20.5,0
48,Texas,13-1111,Management Analysts,2012,37350,2022,46710,9360,25.1,1350
48,Texas,Nov-99,Managers  All Other,2012,39460,2022,46540,7080,17.9,1300
48,Texas,39-5092,Manicurists and Pedicurists,2012,1740,2022,2130,390,22.8,60
48,Texas,17-2121,Marine Engineers and Naval Architects,2012,1530,2022,2020,490,32.5,90
48,Texas,13-1161,Market Research Analysts and Marketing Specialists,2012,24010,2022,33850,9840,41,1310
48,Texas,Nov-21,Marketing Managers,2012,9790,2022,12260,2470,25.3,460
48,Texas,21-1013,Marriage and Family Therapists,2012,960,2022,1230,270,27.5,50
48,Texas,31-9011,Massage Therapists,2012,8890,2022,10960,2070,23.2,340
48,Texas,53-7199,Material Moving Workers  All Other,2012,1640,2022,1940,300,18.5,80
48,Texas,17-2131,Materials Engineers,2012,1680,2022,1970,290,17.7,80
48,Texas,19-2032,Materials Scientists,2012,640,2022,730,90,14.6,30
48,Texas,25-1022,Mathematical Science Teachers  Postsecondary,2012,4260,2022,4990,730,17,140
48,Texas,15-2021,Mathematicians,2012,90,2022,120,30,30.9,10
48,Texas,51-3022,Meat  Poultry  and Fish Cutters and Trimmers,2012,9580,2022,10470,890,9.3,330
48,Texas,49-9011,Mechanical Door Repairers,2012,1410,2022,1850,440,31.8,90
48,Texas,17-3013,Mechanical Drafters,2012,4670,2022,5100,430,9.1,100
48,Texas,17-3027,Mechanical Engineering Technicians,2012,4410,2022,5350,940,21.4,190
48,Texas,17-2141,Mechanical Engineers,2012,18250,2022,21900,3650,20,990
48,Texas,27-3099,Media and Communication Workers  All Other,2012,980,2022,1160,180,17.6,30
48,Texas,29-2012,Medical and Clinical Laboratory Technicians,2012,11300,2022,15530,4230,37.4,720
48,Texas,29-2011,Medical and Clinical Laboratory Technologists,2012,13030,2022,16080,3050,23.3,650
48,Texas,Nov-11,Medical and Health Services Managers,2012,19120,2022,24900,5780,30.3,1020
48,Texas,51-9082,Medical Appliance Technicians,2012,1130,2022,1360,230,20.2,60
48,Texas,31-9092,Medical Assistants,2012,51560,2022,67960,16400,31.8,2630
48,Texas,31-9093,Medical Equipment Preparers,2012,3180,2022,4090,910,28.6,150
48,Texas,49-9062,Medical Equipment Repairers,2012,2980,2022,4160,1180,39.4,200
48,Texas,29-2071,Medical Records and Health Information Technicians,2012,16460,2022,21330,4870,29.6,920
48,Texas,19-1042,Medical Scientists  Except Epidemiologists,2012,6010,2022,7030,1020,17,230
48,Texas,43-6013,Medical Secretaries,2012,77670,2022,108520,30850,39.7,4030
48,Texas,31-9094,Medical Transcriptionists,2012,4410,2022,5090,680,15.2,150
48,Texas,13-1121,Meeting  Convention  and Event Planners,2012,7510,2022,10580,3070,40.8,410
48,Texas,21-1023,Mental Health and Substance Abuse Social Workers,2012,3110,2022,3750,640,20.8,160
48,Texas,21-1014,Mental Health Counselors,2012,4730,2022,5950,1220,25.7,210
48,Texas,27-1026,Merchandise Displayers and Window Trimmers,2012,10630,2022,12540,1910,17.9,480
48,Texas,51-4199,Metal Workers and Plastic Workers  All Other,2012,2280,2022,2720,440,19.2,60
48,Texas,51-4051,Metal-Refining Furnace Operators and Tenders,2012,670,2022,790,120,18.9,20
48,Texas,43-5041,Meter Readers  Utilities,2012,3230,2022,3020,-210,-6.4,80
48,Texas,19-1022,Microbiologists,2012,690,2022,790,100,15.2,30
48,Texas,25-2022,Middle School Teachers  Except Special and Career/Technical Education,2012,70370,2022,90330,19960,28.4,3540
48,Texas,51-4035,Milling and Planing Machine Setters  Operators  and Tenders  Metal and Plastic,2012,2390,2022,2630,240,9.6,70
48,Texas,49-9044,Millwrights,2012,3470,2022,4390,920,26.4,150
48,Texas,47-5042,Mine Cutting and Channeling Machine Operators,2012,330,2022,380,50,15.3,10
48,Texas,17-2151,Mining and Geological Engineers  Including Mining Safety Engineers,2012,870,2022,1130,260,30.2,50
48,Texas,51-9023,Mixing and Blending Machine Setters  Operators  and Tenders,2012,7830,2022,9110,1280,16.4,350
48,Texas,49-3042,Mobile Heavy Equipment Mechanics  Except Engines,2012,14140,2022,17220,3080,21.7,720
48,Texas,51-4061,Model Makers  Metal and Plastic,2012,160,2022,200,40,20.4,10
48,Texas,41-9012,Models,2012,2880,2022,3210,330,11.4,120
48,Texas,51-9195,Molders  Shapers  and Casters  Except Metal and Plastic,2012,2560,2022,2970,410,16.1,130
48,Texas,51-4072,Molding  Coremaking  and Casting Machine Setters  Operators  and Tenders  Metal and Plastic,2012,6610,2022,6880,270,4,110
48,Texas,39-4031,Morticians  Undertakers  and Funeral Directors,2012,1850,2022,2190,340,18,70
48,Texas,39-3021,Motion Picture Projectionists,2012,460,2022,460,0,0.9,20
48,Texas,53-3099,Motor Vehicle Operators  All Other,2012,6080,2022,7370,1290,21.2,300
48,Texas,49-3051,Motorboat Mechanics and Service Technicians,2012,1390,2022,1640,250,17.6,60
48,Texas,53-5022,Motorboat Operators,2012,110,2022,130,20,16.4,10
48,Texas,49-3052,Motorcycle Mechanics,2012,970,2022,1150,180,17.7,40
48,Texas,27-1014,Multimedia Artists and Animators,2012,3940,2022,4640,700,17.8,200
48,Texas,51-4081,Multiple Machine Tool Setters  Operators  and Tenders  Metal and Plastic,2012,5680,2022,6110,430,7.5,150
48,Texas,25-4013,Museum Technicians and Conservators,2012,370,2022,430,60,16.4,10
48,Texas,27-2041,Music Directors and Composers,2012,4450,2022,5260,810,18.3,200
48,Texas,49-9063,Musical Instrument Repairers and Tuners,2012,630,2022,690,60,9.7,30
48,Texas,27-2042,Musicians and Singers,2012,11060,2022,13010,1950,17.7,500
48,Texas,Nov-21,Natural Sciences Managers,2012,1680,2022,1980,300,18,70
48,Texas,15-1142,Network and Computer Systems Administrators,2012,30150,2022,36620,6470,21.5,1120
48,Texas,43-4141,New Accounts Clerks,2012,8640,2022,9410,770,8.9,300
48,Texas,39-2021,Nonfarm Animal Caretakers,2012,15360,2022,19350,3990,26,560
48,Texas,17-2161,Nuclear Engineers,2012,360,2022,440,80,23.5,20
48,Texas,29-2033,Nuclear Medicine Technologists,2012,1230,2022,1610,380,30.5,50
48,Texas,29-1151,Nurse Anesthetists,2012,3100,2022,4110,1010,32.7,160
48,Texas,29-1161,Nurse Midwives,2012,200,2022,270,70,30.4,10
48,Texas,29-1171,Nurse Practitioners,2012,6590,2022,9260,2670,40.5,400
48,Texas,31-1014,Nursing Assistants,2012,86280,2022,110590,24310,28.2,4140
48,Texas,25-1072,Nursing Instructors and Teachers  Postsecondary,2012,4060,2022,5750,1690,41.5,230
48,Texas,29-1064,Obstetricians and Gynecologists,2012,2370,2022,2830,460,19.3,110
48,Texas,29-9011,Occupational Health and Safety Specialists,2012,7210,2022,8790,1580,22,360
48,Texas,29-9012,Occupational Health and Safety Technicians,2012,2900,2022,3570,670,23.2,150
48,Texas,29-1122,Occupational Therapists,2012,7250,2022,9400,2150,29.7,310
48,Texas,31-2012,Occupational Therapy Aides,2012,430,2022,580,150,34.5,30
48,Texas,31-2011,Occupational Therapy Assistants,2012,2700,2022,3890,1190,44.1,190
48,Texas,43-9199,Office and Administrative Support Workers  All Other,2012,6970,2022,8030,1060,15.2,320
48,Texas,43-9061,Office Clerks  General,2012,289030,2022,328670,39640,13.7,10120
48,Texas,43-9071,Office Machine Operators  Except Computer,2012,5390,2022,5370,-20,-0.5,130
48,Texas,47-2073,Operating Engineers and Other Construction Equipment Operators,2012,36250,2022,44750,8500,23.4,1660
48,Texas,15-2031,Operations Research Analysts,2012,5550,2022,7590,2040,36.6,330
48,Texas,51-9083,Ophthalmic Laboratory Technicians,2012,2670,2022,3120,450,17.1,140
48,Texas,29-2057,Ophthalmic Medical Technicians,2012,3410,2022,4540,1130,33,150
48,Texas,29-2081,Opticians  Dispensing,2012,5620,2022,6760,1140,20.2,280
48,Texas,29-1041,Optometrists,2012,2450,2022,2900,450,18.4,120
48,Texas,29-1022,Oral and Maxillofacial Surgeons,2012,340,2022,380,40,14,10
48,Texas,43-4151,Order Clerks,2012,13790,2022,14860,1070,7.8,470
48,Texas,31-1015,Orderlies,2012,5040,2022,6420,1380,27.3,230
48,Texas,29-1023,Orthodontists,2012,810,2022,910,100,12.2,40
48,Texas,29-2091,Orthotists and Prosthetists,2012,620,2022,870,250,40.7,30
48,Texas,49-3053,Outdoor Power Equipment and Other Small Engine Mechanics,2012,2040,2022,2420,380,18.7,80
48,Texas,51-9111,Packaging and Filling Machine Operators and Tenders,2012,20600,2022,23240,2640,12.8,750
48,Texas,53-7064,Packers and Packagers  Hand,2012,36360,2022,42430,6070,16.7,1560
48,Texas,47-2141,Painters  Construction and Maintenance,2012,28820,2022,35810,6990,24.2,1020
48,Texas,51-9122,Painters  Transportation Equipment,2012,4540,2022,5370,830,18.2,170
48,Texas,51-9123,Painting  Coating  and Decorating Workers,2012,1370,2022,1620,250,18.3,50
48,Texas,51-9196,Paper Goods Machine Setters  Operators  and Tenders,2012,4490,2022,4720,230,5.2,60
48,Texas,23-2011,Paralegals and Legal Assistants,2012,19720,2022,25590,5870,29.8,910
48,Texas,33-3041,Parking Enforcement Workers,2012,360,2022,400,40,12.3,10
48,Texas,53-6021,Parking Lot Attendants,2012,9250,2022,11060,1810,19.5,630
48,Texas,41-2022,Parts Salespersons,2012,15730,2022,18960,3230,20.5,720
48,Texas,51-4062,Patternmakers  Metal and Plastic,2012,520,2022,650,130,26.3,20
48,Texas,47-2071,Paving  Surfacing  and Tamping Equipment Operators,2012,3810,2022,4650,840,22.2,140
48,Texas,43-3051,Payroll and Timekeeping Clerks,2012,15590,2022,19170,3580,23,700
48,Texas,29-1065,Pediatricians  General,2012,3900,2022,4660,760,19.5,180
48,Texas,39-9021,Personal Care Aides,2012,199230,2022,283980,84750,42.5,9360
48,Texas,39-9099,Personal Care and Service Workers  All Other,2012,1010,2022,1250,240,23.3,50
48,Texas,13-2052,Personal Financial Advisors,2012,15320,2022,19810,4490,29.3,690
48,Texas,37-2021,Pest Control Workers,2012,5080,2022,6830,1750,34.6,310
48,Texas,37-3012,Pesticide Handlers  Sprayers  and Applicators  Vegetation,2012,1590,2022,2020,430,27,80
48,Texas,17-2171,Petroleum Engineers,2012,19280,2022,28010,8730,45.3,1360
48,Texas,51-8093,Petroleum Pump System Operators  Refinery Operators  and Gaugers,2012,12780,2022,15020,2240,17.5,700
48,Texas,29-1051,Pharmacists,2012,19950,2022,24650,4700,23.5,950
48,Texas,31-9095,Pharmacy Aides,2012,2900,2022,3440,540,18.7,110
48,Texas,29-2052,Pharmacy Technicians,2012,27630,2022,35290,7660,27.7,1040
48,Texas,25-1126,Philosophy and Religion Teachers  Postsecondary,2012,1310,2022,1620,310,23.6,50
48,Texas,31-9097,Phlebotomists,2012,7790,2022,10210,2420,31,390
48,Texas,27-4021,Photographers,2012,8100,2022,8680,580,7.3,180
48,Texas,51-9151,Photographic Process Workers and Processing Machine Operators,2012,2270,2022,2340,70,3,80
48,Texas,31-2022,Physical Therapist Aides,2012,4900,2022,6410,1510,30.8,260
48,Texas,31-2021,Physical Therapist Assistants,2012,5180,2022,7150,1970,38.2,310
48,Texas,29-1123,Physical Therapists,2012,11660,2022,15410,3750,32.1,650
48,Texas,29-1071,Physician Assistants,2012,5470,2022,7880,2410,44.2,340
48,Texas,29-1069,Physicians and Surgeons  All Other,2012,18510,2022,23620,5110,27.6,990
48,Texas,19-2012,Physicists,2012,1390,2022,1720,330,24,70
48,Texas,25-1054,Physics Teachers  Postsecondary,2012,1070,2022,1260,190,18.4,40
48,Texas,47-2072,Pile-Driver Operators,2012,360,2022,450,90,25.6,20
48,Texas,47-2151,Pipelayers,2012,4470,2022,5470,1000,22.3,160
48,Texas,47-2161,Plasterers and Stucco Masons,2012,1670,2022,1900,230,13.4,30
48,Texas,51-4193,Plating and Coating Machine Setters  Operators  and Tenders  Metal and Plastic,2012,2480,2022,2730,250,10,70
48,Texas,47-2152,Plumbers  Pipefitters  and Steamfitters,2012,33830,2022,40860,7030,20.8,1140
48,Texas,29-1081,Podiatrists,2012,560,2022,690,130,22.2,30
48,Texas,33-3051,Police and Sheriff's Patrol Officers,2012,57110,2022,66800,9690,17,2760
48,Texas,43-5031,Police  Fire  and Ambulance Dispatchers,2012,7440,2022,8820,1380,18.6,350
48,Texas,25-1065,Political Science Teachers  Postsecondary,2012,1690,2022,2000,310,18.1,60
48,Texas,19-3094,Political Scientists,2012,250,2022,330,80,31.1,10
48,Texas,43-5051,Postal Service Clerks,2012,4240,2022,3680,-560,-13.1,60
48,Texas,43-5052,Postal Service Mail Carriers,2012,20890,2022,19480,-1410,-6.8,730
48,Texas,43-5053,Postal Service Mail Sorters  Processors  and Processing Machine Operators,2012,7570,2022,6780,-790,-10.5,60
48,Texas,Nov-31,Postmasters and Mail Superintendents,2012,960,2022,930,-30,-3.5,20
48,Texas,25-1199,Postsecondary Teachers  All Other,2012,3810,2022,4470,660,17.4,120
48,Texas,51-4052,Pourers and Casters  Metal,2012,680,2022,720,40,6.4,10
48,Texas,51-8012,Power Distributors and Dispatchers,2012,1030,2022,1220,190,18.9,50
48,Texas,51-8013,Power Plant Operators,2012,3370,2022,3630,260,7.5,130
48,Texas,49-9069,Precision Instrument and Equipment Repairers  All Other,2012,820,2022,920,100,12.7,40
48,Texas,51-5111,Prepress Technicians and Workers,2012,2180,2022,2010,-170,-8,60
48,Texas,25-2011,Preschool Teachers  Except Special Education,2012,20390,2022,24970,4580,22.5,1220
48,Texas,51-6021,Pressers  Textile  Garment  and Related Materials,2012,7170,2022,7620,450,6.3,120
48,Texas,51-5113,Print Binding and Finishing Workers,2012,2680,2022,2620,-60,-2.3,50
48,Texas,51-5112,Printing Press Operators,2012,9470,2022,9500,30,0.3,170
48,Texas,33-9021,Private Detectives and Investigators,2012,1740,2022,2150,410,23.5,90
48,Texas,21-1092,Probation Officers and Correctional Treatment Specialists,2012,6970,2022,7660,690,9.9,250
48,Texas,43-3061,Procurement Clerks,2012,5630,2022,6570,940,16.7,300
48,Texas,27-2012,Producers and Directors,2012,4270,2022,5000,730,17.1,230
48,Texas,51-9199,Production Workers  All Other,2012,7590,2022,9170,1580,20.8,370
48,Texas,43-5061,Production  Planning  and Expediting Clerks,2012,26950,2022,31900,4950,18.4,1170
48,Texas,43-9081,Proofreaders and Copy Markers,2012,650,2022,690,40,6.6,20
48,Texas,Nov-41,Property  Real Estate  and Community Association Managers,2012,26170,2022,31240,5070,19.4,1040
48,Texas,33-9099,Protective Service Workers  All Other,2012,6310,2022,7580,1270,20.2,550
48,Texas,31-1013,Psychiatric Aides,2012,17760,2022,20530,2770,15.6,610
48,Texas,29-2053,Psychiatric Technicians,2012,3090,2022,3770,680,22,100
48,Texas,29-1066,Psychiatrists,2012,1300,2022,1590,290,22.2,60
48,Texas,25-1066,Psychology Teachers  Postsecondary,2012,2770,2022,3300,530,19,100
48,Texas,27-3012,Public Address System and Other Announcers,2012,1200,2022,1390,190,15.5,40
48,Texas,27-3031,Public Relations Specialists,2012,16860,2022,20330,3470,20.6,580
48,Texas,53-7072,Pump Operators  Except Wellhead Pumpers,2012,4550,2022,5670,1120,24.5,270
48,Texas,13-1023,Purchasing Agents  Except Wholesale  Retail  and Farm Products,2012,23970,2022,28320,4350,18.2,870
48,Texas,Nov-61,Purchasing Managers,2012,4140,2022,4980,840,20.3,180
48,Texas,29-1124,Radiation Therapists,2012,810,2022,1050,240,30.1,40
48,Texas,27-3011,Radio and Television Announcers,2012,2380,2022,2450,70,3,60
48,Texas,49-2021,Radio  Cellular  and Tower Equipment Installers and Repairs,2012,1830,2022,2190,360,20,60
48,Texas,29-2034,Radiologic Technologists,2012,13350,2022,17410,4060,30.4,600
48,Texas,49-3043,Rail Car Repairers,2012,1770,2022,2070,300,17.1,80
48,Texas,53-4013,Rail Yard Engineers  Dinkey Operators  and Hostlers,2012,760,2022,930,170,21.8,40
48,Texas,53-4021,Railroad Brake  Signal  and Switch Operators,2012,2960,2022,3340,380,13.1,130
48,Texas,53-4031,Railroad Conductors and Yardmasters,2012,3240,2022,3610,370,11.6,140
48,Texas,47-4061,Rail-Track Laying and Maintenance Equipment Operators,2012,1140,2022,1360,220,19.1,50
48,Texas,41-9021,Real Estate Brokers,2012,4980,2022,6040,1060,21.1,140
48,Texas,41-9022,Real Estate Sales Agents,2012,34360,2022,40350,5990,17.4,890
48,Texas,43-4171,Receptionists and Information Clerks,2012,57090,2022,65300,8210,14.4,2420
48,Texas,25-1193,Recreation and Fitness Studies Teachers  Postsecondary,2012,1700,2022,2000,300,17.1,60
48,Texas,39-9032,Recreation Workers,2012,16260,2022,19700,3440,21.1,550
48,Texas,29-1125,Recreational Therapists,2012,480,2022,580,100,20,20
48,Texas,49-3092,Recreational Vehicle Service Technicians,2012,830,2022,1000,170,20.3,50
48,Texas,49-9045,Refractory Materials Repairers  Except Brickmasons,2012,140,2022,180,40,30.7,10
48,Texas,53-7081,Refuse and Recyclable Material Collectors,2012,6940,2022,8000,1060,15.4,260
48,Texas,29-1141,Registered Nurses,2012,189380,2022,242860,53480,28.2,9040
48,Texas,21-1015,Rehabilitation Counselors,2012,4300,2022,5330,1030,24.2,180
48,Texas,47-2171,Reinforcing Iron and Rebar Workers,2012,3970,2022,4810,840,21.1,150
48,Texas,21-2099,Religious Workers  All Other,2012,3760,2022,4580,820,22,330
48,Texas,27-3022,Reporters and Correspondents,2012,2610,2022,2540,-70,-2.6,90
48,Texas,43-4181,Reservation and Transportation Ticket Agents and Travel Clerks,2012,15970,2022,17260,1290,8.1,340
48,Texas,39-9041,Residential Advisors,2012,7500,2022,9240,1740,23.2,500
48,Texas,29-1126,Respiratory Therapists,2012,10010,2022,12940,2930,29.3,440
48,Texas,29-2054,Respiratory Therapy Technicians,2012,1350,2022,1740,390,28.1,50
48,Texas,41-2031,Retail Salespersons,2012,378330,2022,439340,61010,16.1,19310
48,Texas,49-9096,Riggers,2012,2840,2022,3840,1000,35.4,170
48,Texas,47-5051,Rock Splitters  Quarry,2012,500,2022,600,100,20,20
48,Texas,51-4023,Rolling Machine Setters  Operators  and Tenders  Metal and Plastic,2012,1720,2022,1890,170,9.9,50
48,Texas,47-2181,Roofers,2012,6330,2022,6920,590,9.3,200
48,Texas,47-5012,Rotary Drill Operators  Oil and Gas,2012,9380,2022,12190,2810,29.9,660
48,Texas,47-5071,Roustabouts  Oil and Gas,2012,27690,2022,35830,8140,29.4,1550
48,Texas,53-5011,Sailors and Marine Oilers,2012,2260,2022,2740,480,21.3,150
48,Texas,41-9099,Sales and Related Workers  All Other,2012,8110,2022,9840,1730,21.2,350
48,Texas,41-9031,Sales Engineers,2012,5930,2022,7210,1280,21.6,230
48,Texas,Nov-22,Sales Managers,2012,23650,2022,28470,4820,20.4,990
48,Texas,41-3099,Sales Representatives  Services  All Other,2012,79460,2022,98240,18780,23.6,4030
48,Texas,41-4012,Sales Representatives  Wholesale and Manufacturing  Except Technical and Scientific Products,2012,124190,2022,148570,24380,19.6,4950
48,Texas,41-4011,Sales Representatives  Wholesale and Manufacturing  Technical and Scientific Products,2012,30610,2022,36410,5800,18.9,1200
48,Texas,51-7041,Sawing Machine Setters  Operators  and Tenders  Wood,2012,2380,2022,2860,480,20.3,120
48,Texas,25-2031,Secondary School Teachers  Except Special and Career/Technical Education,2012,98600,2022,118810,20210,20.5,4700
48,Texas,43-6014,Secretaries and Administrative Assistants  Except Legal  Medical  and Executive,2012,190470,2022,230220,39750,20.9,6040
48,Texas,41-3031,Securities  Commodities  and Financial Services Sales Agents,2012,26600,2022,31890,5290,19.9,1170
48,Texas,49-2098,Security and Fire Alarm Systems Installers,2012,4960,2022,6170,1210,24.5,230
48,Texas,33-9032,Security Guards,2012,83010,2022,103200,20190,24.3,3300
48,Texas,25-3021,Self-Enrichment Education Teachers,2012,16470,2022,19970,3500,21.3,580
48,Texas,51-9141,Semiconductor Processors,2012,3540,2022,3310,-230,-6.3,80
48,Texas,51-9012,Separating  Filtering  Clarifying  Precipitating  and Still Machine Setters  Operators  and Tenders,2012,2840,2022,3230,390,13.5,140
48,Texas,47-5013,Service Unit Operators  Oil  Gas  and Mining,2012,25240,2022,33300,8060,32,1830
48,Texas,27-1027,Set and Exhibit Designers,2012,800,2022,920,120,15.8,30
48,Texas,51-6051,Sewers  Hand,2012,1410,2022,1770,360,25.3,40
48,Texas,51-6031,Sewing Machine Operators,2012,8780,2022,10200,1420,16.1,140
48,Texas,39-5093,Shampooers,2012,780,2022,820,40,4.8,10
48,Texas,47-2211,Sheet Metal Workers,2012,13290,2022,15740,2450,18.5,500
48,Texas,53-5031,Ship Engineers,2012,260,2022,300,40,15.1,20
48,Texas,43-5071,Shipping  Receiving  and Traffic Clerks,2012,56620,2022,64770,8150,14.4,2290
48,Texas,51-6041,Shoe and Leather Workers and Repairers,2012,1400,2022,1680,280,19.9,50
48,Texas,51-6042,Shoe Machine Operators and Tenders,2012,590,2022,690,100,17,20
48,Texas,49-9097,Signal and Track Switch Repairers,2012,490,2022,550,60,11.4,20
48,Texas,39-5094,Skincare Specialists,2012,5130,2022,7620,2490,48.3,220
48,Texas,51-3023,Slaughterers and Meat Packers,2012,7520,2022,7360,-160,-2,190
48,Texas,Nov-51,Social and Community Service Managers,2012,5590,2022,6810,1220,21.9,240
48,Texas,21-1093,Social and Human Service Assistants,2012,14930,2022,18200,3270,21.9,740
48,Texas,19-4061,Social Science Research Assistants,2012,890,2022,1050,160,18.2,50
48,Texas,25-1069,Social Sciences Teachers  Postsecondary  All Other,2012,980,2022,1190,210,21.7,40
48,Texas,19-3099,Social Scientists and Related Workers  All Other,2012,1950,2022,2130,180,9.7,50
48,Texas,25-1113,Social Work Teachers  Postsecondary,2012,740,2022,870,130,17.9,20
48,Texas,21-1029,Social Workers  All Other,2012,2190,2022,2490,300,14.1,80
48,Texas,19-3041,Sociologists,2012,130,2022,160,30,17.9,10
48,Texas,25-1067,Sociology Teachers  Postsecondary,2012,1130,2022,1320,190,17.2,40
48,Texas,15-1132,Software Developers  Applications,2012,40580,2022,50780,10200,25.1,1540
48,Texas,15-1133,Software Developers  Systems Software,2012,32240,2022,40480,8240,25.6,1240
48,Texas,19-1013,Soil and Plant Scientists,2012,680,2022,770,90,13.2,30
48,Texas,27-4014,Sound Engineering Technicians,2012,490,2022,560,70,14.7,20
48,Texas,25-2059,Special Education Teachers  All Other,2012,550,2022,650,100,17.7,20
48,Texas,25-2052,Special Education Teachers  Kindergarten and Elementary School,2012,11970,2022,14380,2410,20.2,450
48,Texas,25-2053,Special Education Teachers  Middle School,2012,5500,2022,6610,1110,20.2,210
48,Texas,25-2051,Special Education Teachers  Preschool,2012,1000,2022,1220,220,21.3,40
48,Texas,25-2054,Special Education Teachers  Secondary School,2012,8240,2022,9830,1590,19.3,300
48,Texas,29-1127,Speech-Language Pathologists,2012,11930,2022,14990,3060,25.7,500
48,Texas,51-8021,Stationary Engineers and Boiler Operators,2012,1200,2022,1370,170,14.8,60
48,Texas,43-9111,Statistical Assistants,2012,600,2022,710,110,17.9,30
48,Texas,15-2041,Statisticians,2012,850,2022,1160,310,36.9,60
48,Texas,43-5081,Stock Clerks and Order Fillers,2012,133530,2022,145410,11880,8.9,5240
48,Texas,47-2022,Stonemasons,2012,1840,2022,2240,400,21.8,60
48,Texas,47-2221,Structural Iron and Steel Workers,2012,7420,2022,9040,1620,21.7,400
48,Texas,51-2041,Structural Metal Fabricators and Fitters,2012,7680,2022,9160,1480,19.2,460
48,Texas,21-1011,Substance Abuse and Behavioral Disorder Counselors,2012,4130,2022,5350,1220,29.4,200
48,Texas,29-1067,Surgeons,2012,3340,2022,4300,960,28.6,180
48,Texas,29-2055,Surgical Technologists,2012,9090,2022,12660,3570,39.3,450
48,Texas,19-3022,Survey Researchers,2012,1830,2022,2160,330,18.3,60
48,Texas,17-3031,Surveying and Mapping Technicians,2012,8020,2022,9940,1920,24,340
48,Texas,17-1022,Surveyors,2012,4930,2022,5830,900,18.3,200
48,Texas,43-2011,Switchboard Operators  Including Answering Service,2012,9230,2022,8600,-630,-6.8,170
48,Texas,51-6052,Tailors  Dressmakers  and Custom Sewers,2012,3200,2022,3520,320,10,80
48,Texas,53-7121,Tank Car  Truck  and Ship Loaders,2012,2390,2022,2910,520,21.9,120
48,Texas,47-2082,Tapers,2012,1160,2022,1370,210,18.4,30
48,Texas,13-2081,Tax Examiners and Collectors  and Revenue Agents,2012,4410,2022,4780,370,8.4,190
48,Texas,13-2082,Tax Preparers,2012,5980,2022,7140,1160,19.4,230
48,Texas,53-3041,Taxi Drivers and Chauffeurs,2012,15710,2022,19210,3500,22.3,550
48,Texas,25-9041,Teacher Assistants,2012,77410,2022,93200,15790,20.4,3350
48,Texas,25-3099,Teachers and Instructors  All Other,2012,64500,2022,77140,12640,19.6,2500
48,Texas,51-2092,Team Assemblers,2012,60190,2022,72260,12070,20.1,2160
48,Texas,27-3042,Technical Writers,2012,3650,2022,4520,870,23.7,200
48,Texas,49-2022,Telecommunications Equipment Installers and Repairers  Except Line Installers,2012,19150,2022,23610,4460,23.3,710
48,Texas,49-9052,Telecommunications Line Installers and Repairers,2012,12000,2022,14420,2420,20.2,540
48,Texas,41-9041,Telemarketers,2012,19000,2022,20990,1990,10.5,590
48,Texas,43-3071,Tellers,2012,39060,2022,45600,6540,16.7,2480
48,Texas,47-2053,Terrazzo Workers and Finishers,2012,350,2022,420,70,21.6,10
48,Texas,51-6061,Textile Bleaching and Dyeing Machine Operators and Tenders,2012,190,2022,200,10,4.3,0
48,Texas,51-6062,Textile Cutting Machine Setters  Operators  and Tenders,2012,780,2022,880,100,12.4,20
48,Texas,51-6063,Textile Knitting and Weaving Machine Setters  Operators  and Tenders,2012,770,2022,800,30,4.4,10
48,Texas,51-6064,Textile Winding  Twisting  and Drawing Out Machine Setters  Operators  and Tenders,2012,530,2022,580,50,8.9,10
48,Texas,51-6099,Textile  Apparel  and Furnishings Workers  All Other,2012,800,2022,940,140,17.3,20
48,Texas,29-1129,Therapists  All Other,2012,1590,2022,2050,460,28.5,50
48,Texas,47-2044,Tile and Marble Setters,2012,2520,2022,2980,460,18.2,90
48,Texas,51-9197,Tire Builders,2012,250,2022,290,40,16.1,10
48,Texas,49-3093,Tire Repairers and Changers,2012,8750,2022,10480,1730,19.8,480
48,Texas,23-2093,Title Examiners  Abstractors  and Searchers,2012,8400,2022,10390,1990,23.6,310
48,Texas,51-4111,Tool and Die Makers,2012,1990,2022,2390,400,19.9,50
48,Texas,51-4194,Tool Grinders  Filers  and Sharpeners,2012,600,2022,700,100,18,20
48,Texas,00-0000,Total  All Occupations,2012,11452980,2022,13889960,2436980,21.3,524000
48,Texas,39-7011,Tour Guides and Escorts,2012,1640,2022,1950,310,19,110
48,Texas,53-6041,Traffic Technicians,2012,680,2022,790,110,17.3,40
48,Texas,Nov-31,Training and Development Managers,2012,1450,2022,1780,330,22.2,70
48,Texas,13-1151,Training and Development Specialists,2012,19410,2022,23910,4500,23.2,800
48,Texas,33-3052,Transit and Railroad Police,2012,610,2022,710,100,16.7,30
48,Texas,53-6061,Transportation Attendants  Except Flight Attendants,2012,1790,2022,2120,330,18.9,60
48,Texas,53-6051,Transportation Inspectors,2012,2690,2022,3460,770,28.3,170
48,Texas,33-9093,Transportation Security Screeners,2012,4050,2022,5210,1160,28.6,210
48,Texas,Nov-71,Transportation  Storage  and Distribution Managers,2012,9750,2022,11760,2010,20.6,420
48,Texas,41-3041,Travel Agents,2012,5050,2022,5780,730,14.5,140
48,Texas,39-7012,Travel Guides,2012,80,2022,100,20,28.2,10
48,Texas,37-3013,Tree Trimmers and Pruners,2012,5140,2022,7070,1930,37.5,300
48,Texas,27-2023,Umpires  Referees  and Other Sports Officials,2012,610,2022,730,120,19.7,30
48,Texas,51-6093,Upholsterers,2012,3280,2022,3750,470,14.2,150
48,Texas,19-3051,Urban and Regional Planners,2012,1760,2022,2080,320,18.2,110
48,Texas,39-3031,Ushers  Lobby Attendants  and Ticket Takers,2012,6820,2022,7880,1060,15.5,470
48,Texas,29-1131,Veterinarians,2012,4560,2022,5060,500,10.9,210
48,Texas,31-9096,Veterinary Assistants and Laboratory Animal Caretakers,2012,4530,2022,4920,390,8.7,130
48,Texas,29-2056,Veterinary Technologists and Technicians,2012,9020,2022,11510,2490,27.6,340
48,Texas,25-1194,Vocational Education Teachers  Postsecondary,2012,12300,2022,14490,2190,17.8,390
48,Texas,35-3031,Waiters and Waitresses,2012,196390,2022,240390,44000,22.4,13870
48,Texas,49-9064,Watch Repairers,2012,250,2022,280,30,12.1,10
48,Texas,51-8031,Water and Wastewater Treatment Plant and System Operators,2012,9070,2022,10670,1600,17.6,480
48,Texas,15-1134,Web Developers,2012,10420,2022,13080,2660,25.6,410
48,Texas,43-5111,Weighers  Measurers  Checkers  and Samplers  Recordkeeping,2012,5490,2022,6560,1070,19.4,230
48,Texas,51-4121,Welders  Cutters  Solderers  and Brazers,2012,47830,2022,57610,9780,20.5,2150
48,Texas,51-4122,Welding  Soldering  and Brazing Machine Setters  Operators  and Tenders,2012,3810,2022,5460,1650,43.4,260
48,Texas,53-7073,Wellhead Pumpers,2012,3870,2022,5030,1160,30,250
48,Texas,13-1022,Wholesale and Retail Buyers  Except Farm Products,2012,8840,2022,10600,1760,20,400
48,Texas,49-9081,Wind Turbine Service Technicians,2012,1250,2022,1790,540,43,80
48,Texas,51-7099,Woodworkers  All Other,2012,1570,2022,1860,290,18.7,60
48,Texas,51-7042,Woodworking Machine Setters  Operators  and Tenders  Except Sawing,2012,2630,2022,3150,520,19.8,70
48,Texas,43-9022,Word Processors and Typists,2012,2190,2022,1890,-300,-14.1,10
48,Texas,27-3043,Writers and Authors,2012,7240,2022,8140,900,12.5,260
48,Texas,19-1023,Zoologists and Wildlife Biologists,2012,390,2022,470,80,19.8,20
