STFIPS,AreaName,OccupationCode,OccupationName,BaseYear,Base,ProjYear,Proj,Change,PercentChange,AvgAnnualOpenings
49,Utah,13-2011,Accountants and Auditors,2012,10570,2022,13570,3000,28.4,610
49,Utah,27-2011,Actors,2012,280,2022,400,120,41.1,20
49,Utah,15-2011,Actuaries,2012,140,2022,170,30,20.9,10
49,Utah,23-1021,Administrative Law Judges  Adjudicators  and Hearing Officers,2012,150,2022,160,10,2.6,0
49,Utah,Nov-11,Administrative Services Managers,2012,1640,2022,1980,340,21.1,60
49,Utah,25-3011,Adult Basic and Secondary Education and Literacy Teachers and Instructors,2012,250,2022,310,60,27.2,10
49,Utah,Nov-11,Advertising and Promotions Managers,2012,190,2022,240,50,25.4,10
49,Utah,41-3011,Advertising Sales Agents,2012,1120,2022,1310,190,17.8,50
49,Utah,17-3021,Aerospace Engineering and Operations Technicians,2012,80,2022,90,10,7.1,0
49,Utah,17-2011,Aerospace Engineers,2012,540,2022,700,160,29.4,30
49,Utah,13-1011,Agents and Business Managers of Artists  Performers  and Athletes,2012,60,2022,80,20,33.3,0
49,Utah,25-1041,Agricultural Sciences Teachers  Postsecondary,2012,80,2022,90,10,11.9,0
49,Utah,45-2099,Agricultural Workers  All Other,2012,80,2022,80,0,-2.4,0
49,Utah,53-1011,Aircraft Cargo Handling Supervisors,2012,70,2022,90,20,19.4,0
49,Utah,49-3011,Aircraft Mechanics and Service Technicians,2012,1600,2022,1660,60,3.5,50
49,Utah,51-2011,Aircraft Structure  Surfaces  Rigging  and Systems Assemblers,2012,340,2022,670,330,95.3,40
49,Utah,53-2022,Airfield Operations Specialists,2012,110,2022,120,10,14.8,0
49,Utah,53-3011,Ambulance Drivers and Attendants  Except Emergency Medical Technicians,2012,60,2022,80,20,21.9,0
49,Utah,39-3091,Amusement and Recreation Attendants,2012,3440,2022,4240,800,23.4,250
49,Utah,29-1061,Anesthesiologists,2012,460,2022,630,170,37.6,30
49,Utah,33-9011,Animal Control Workers,2012,200,2022,240,40,20.5,10
49,Utah,39-2011,Animal Trainers,2012,320,2022,440,120,38.6,30
49,Utah,19-3091,Anthropologists and Archeologists,2012,140,2022,190,50,34.8,10
49,Utah,13-2021,Appraisers and Assessors of Real Estate,2012,830,2022,1010,180,22.2,30
49,Utah,17-1011,Architects  Except Landscape and Naval,2012,770,2022,1040,270,35.1,40
49,Utah,17-3011,Architectural and Civil Drafters,2012,1720,2022,1940,220,12.8,50
49,Utah,Nov-41,Architectural and Engineering Managers,2012,1330,2022,1620,290,21.4,60
49,Utah,25-1031,Architecture Teachers  Postsecondary,2012,60,2022,90,30,40.3,0
49,Utah,25-4011,Archivists,2012,40,2022,50,10,20,0
49,Utah,25-1062,Area  Ethnic  and Cultural Studies Teachers  Postsecondary,2012,40,2022,60,20,32.6,0
49,Utah,27-1011,Art Directors,2012,490,2022,610,120,23.9,20
49,Utah,25-1121,Art  Drama  and Music Teachers  Postsecondary,2012,1070,2022,1460,390,36.2,60
49,Utah,51-2099,Assemblers and Fabricators  All Other,2012,1560,2022,2060,500,32,70
49,Utah,27-2021,Athletes and Sports Competitors,2012,230,2022,300,70,30.5,10
49,Utah,29-9091,Athletic Trainers,2012,190,2022,260,70,38.5,10
49,Utah,19-2021,Atmospheric and Space Scientists,2012,110,2022,150,40,33,10
49,Utah,25-1051,Atmospheric  Earth  Marine  and Space Sciences Teachers  Postsecondary,2012,160,2022,230,70,38.7,10
49,Utah,27-4011,Audio and Video Equipment Technicians,2012,620,2022,820,200,32.3,30
49,Utah,29-1181,Audiologists,2012,150,2022,210,60,41.9,10
49,Utah,25-9011,Audio-Visual and Multimedia Collections Specialists,2012,320,2022,350,30,10.8,10
49,Utah,53-6031,Automotive and Watercraft Service Attendants,2012,900,2022,1200,300,34.3,60
49,Utah,49-3021,Automotive Body and Related Repairers,2012,1520,2022,1910,390,25.7,70
49,Utah,49-3022,Automotive Glass Installers and Repairers,2012,190,2022,240,50,28.3,10
49,Utah,49-3023,Automotive Service Technicians and Mechanics,2012,6890,2022,8500,1610,23.3,330
49,Utah,49-2091,Avionics Technicians,2012,230,2022,220,-10,-4.8,10
49,Utah,39-6011,Baggage Porters and Bellhops,2012,230,2022,270,40,18.7,10
49,Utah,33-3011,Bailiffs,2012,80,2022,90,10,19.5,0
49,Utah,51-3011,Bakers,2012,2320,2022,2730,410,17.8,100
49,Utah,35-3011,Bartenders,2012,2750,2022,3350,600,21.8,160
49,Utah,49-3091,Bicycle Repairers,2012,90,2022,120,30,43.5,10
49,Utah,43-3011,Bill and Account Collectors,2012,3340,2022,4160,820,24.4,170
49,Utah,43-3021,Billing and Posting Clerks,2012,3540,2022,4800,1260,35.6,190
49,Utah,19-1021,Biochemists and Biophysicists,2012,190,2022,270,80,41.1,10
49,Utah,25-1042,Biological Science Teachers  Postsecondary,2012,610,2022,840,230,38,30
49,Utah,19-1029,Biological Scientists  All Other,2012,240,2022,250,10,2.1,10
49,Utah,19-4021,Biological Technicians,2012,570,2022,750,180,30.9,30
49,Utah,17-2031,Biomedical Engineers,2012,440,2022,730,290,67.3,40
49,Utah,43-3031,Bookkeeping  Accounting  and Auditing Clerks,2012,14740,2022,18630,3890,26.4,520
49,Utah,47-2021,Brickmasons and Blockmasons,2012,1010,2022,1730,720,70.6,80
49,Utah,27-3021,Broadcast News Analysts,2012,70,2022,70,0,1.4,0
49,Utah,27-4012,Broadcast Technicians,2012,220,2022,230,10,6.4,0
49,Utah,43-4011,Brokerage Clerks,2012,410,2022,520,110,25.9,20
49,Utah,13-2031,Budget Analysts,2012,380,2022,440,60,15.7,20
49,Utah,49-3031,Bus and Truck Mechanics and Diesel Engine Specialists,2012,3360,2022,4050,690,20.6,140
49,Utah,53-3022,Bus Drivers  School or Special Client,2012,2220,2022,2600,380,17.4,80
49,Utah,53-3021,Bus Drivers  Transit and Intercity,2012,920,2022,1090,170,17.7,30
49,Utah,13-1199,Business Operations Specialists  All Other,2012,6650,2022,7390,740,11.2,180
49,Utah,25-1011,Business Teachers  Postsecondary,2012,810,2022,1080,270,32.9,40
49,Utah,51-3021,Butchers and Meat Cutters,2012,1000,2022,1150,150,15.5,40
49,Utah,13-1021,Buyers and Purchasing Agents  Farm Products,2012,270,2022,310,40,13.8,10
49,Utah,51-7011,Cabinetmakers and Bench Carpenters,2012,1750,2022,2120,370,21.1,50
49,Utah,27-4031,Camera Operators  Television  Video  and Motion Picture,2012,260,2022,310,50,21.6,10
49,Utah,29-2031,Cardiovascular Technologists and Technicians,2012,410,2022,590,180,44.7,20
49,Utah,25-2023,Career/Technical Education Teachers  Middle School,2012,80,2022,90,10,22.7,0
49,Utah,25-2032,Career/Technical Education Teachers  Secondary School,2012,470,2022,570,100,21.6,20
49,Utah,43-5011,Cargo and Freight Agents,2012,250,2022,350,100,39.7,20
49,Utah,47-2031,Carpenters,2012,11070,2022,15360,4290,38.7,570
49,Utah,47-2041,Carpet Installers,2012,170,2022,220,50,29,10
49,Utah,17-1021,Cartographers and Photogrammetrists,2012,190,2022,250,60,28.5,10
49,Utah,41-2011,Cashiers,2012,27890,2022,31700,3810,13.7,1590
49,Utah,47-2051,Cement Masons and Concrete Finishers,2012,2770,2022,3990,1220,43.9,150
49,Utah,35-1011,Chefs and Head Cooks,2012,1020,2022,1220,200,19.5,40
49,Utah,17-2041,Chemical Engineers,2012,260,2022,350,90,34.7,20
49,Utah,51-9011,Chemical Equipment Operators and Tenders,2012,480,2022,560,80,18,30
49,Utah,51-8091,Chemical Plant and System Operators,2012,110,2022,140,30,20.5,10
49,Utah,19-4031,Chemical Technicians,2012,1020,2022,1410,390,38.1,60
49,Utah,25-1052,Chemistry Teachers  Postsecondary,2012,160,2022,210,50,35,10
49,Utah,19-2031,Chemists,2012,660,2022,820,160,24.3,30
49,Utah,11-1011,Chief Executives,2012,3080,2022,3640,560,18.2,120
49,Utah,21-1021,Child  Family  and School Social Workers,2012,1200,2022,1640,440,36.9,70
49,Utah,39-9011,Childcare Workers,2012,7890,2022,9260,1370,17.3,370
49,Utah,29-1011,Chiropractors,2012,380,2022,460,80,19.7,20
49,Utah,27-2032,Choreographers,2012,70,2022,90,20,37.3,0
49,Utah,17-3022,Civil Engineering Technicians,2012,540,2022,630,90,15.7,20
49,Utah,17-2051,Civil Engineers,2012,2970,2022,4040,1070,36,180
49,Utah,13-1031,Claims Adjusters  Examiners  and Investigators,2012,1570,2022,1860,290,18.5,60
49,Utah,53-7061,Cleaners of Vehicles and Equipment,2012,3440,2022,4330,890,25.8,180
49,Utah,51-9192,Cleaning  Washing  and Metal Pickling Equipment Operators and Tenders,2012,100,2022,110,10,8,0
49,Utah,21-2011,Clergy,2012,520,2022,630,110,22.1,20
49,Utah,19-3031,Clinical  Counseling  and School Psychologists,2012,1440,2022,1800,360,25,80
49,Utah,27-2022,Coaches and Scouts,2012,1840,2022,2400,560,30.7,110
49,Utah,51-9121,Coating  Painting  and Spraying Machine Setters  Operators  and Tenders,2012,820,2022,950,130,15.7,30
49,Utah,49-9091,Coin  Vending  and Amusement Machine Servicers and Repairers,2012,270,2022,300,30,11.9,10
49,Utah,35-3021,Combined Food Preparation and Serving Workers  Including Fast Food,2012,30260,2022,39290,9030,29.8,2060
49,Utah,27-1021,Commercial and Industrial Designers,2012,370,2022,480,110,29.6,20
49,Utah,53-2012,Commercial Pilots,2012,190,2022,240,50,29,10
49,Utah,25-1122,Communications Teachers  Postsecondary,2012,410,2022,540,130,31.6,20
49,Utah,21-1099,Community and Social Service Specialists  All Other,2012,100,2022,130,30,28.9,0
49,Utah,21-1094,Community Health Workers,2012,520,2022,630,110,21.7,20
49,Utah,Nov-11,Compensation and Benefits Managers,2012,120,2022,150,30,20.2,0
49,Utah,13-1141,Compensation  Benefits  and Job Analysis Specialists,2012,510,2022,590,80,15.8,20
49,Utah,13-1041,Compliance Officers,2012,1990,2022,2390,400,20.3,80
49,Utah,15-1111,Computer and Information Research Scientists,2012,620,2022,700,80,12.5,20
49,Utah,Nov-21,Computer and Information Systems Managers,2012,2680,2022,3510,830,30.9,120
49,Utah,15-1143,Computer Network Architects,2012,560,2022,690,130,23.2,20
49,Utah,15-1152,Computer Network Support Specialists,2012,1440,2022,1720,280,19.3,50
49,Utah,51-4012,Computer Numerically Controlled Machine Tool Programmers  Metal and Plastic,2012,80,2022,110,30,39,10
49,Utah,15-1199,Computer Occupations  All Other,2012,1860,2022,2020,160,8.9,50
49,Utah,43-9011,Computer Operators,2012,550,2022,500,-50,-10.1,10
49,Utah,15-1131,Computer Programmers,2012,5010,2022,6080,1070,21.2,240
49,Utah,25-1021,Computer Science Teachers  Postsecondary,2012,610,2022,800,190,32.4,30
49,Utah,15-1121,Computer Systems Analysts,2012,3320,2022,4590,1270,38,180
49,Utah,15-1151,Computer User Support Specialists,2012,5980,2022,8280,2300,38.5,320
49,Utah,49-2011,Computer  Automated Teller  and Office Machine Repairers,2012,930,2022,1070,140,14.6,30
49,Utah,51-4011,Computer-Controlled Machine Tool Operators  Metal and Plastic,2012,690,2022,920,230,32.8,40
49,Utah,39-6012,Concierges,2012,140,2022,180,40,31.1,10
49,Utah,19-1031,Conservation Scientists,2012,280,2022,290,10,6.9,10
49,Utah,47-4011,Construction and Building Inspectors,2012,820,2022,1020,200,23.9,40
49,Utah,47-4099,Construction and Related Workers  All Other,2012,60,2022,70,10,25.5,0
49,Utah,47-2061,Construction Laborers,2012,13470,2022,17950,4480,33.2,740
49,Utah,Nov-21,Construction Managers,2012,3490,2022,4510,1020,29.3,160
49,Utah,47-5041,Continuous Mining Machine Operators,2012,870,2022,860,-10,-1.8,20
49,Utah,49-9012,Control and Valve Installers and Repairers  Except Mechanical Door,2012,310,2022,290,-20,-6.1,10
49,Utah,53-7011,Conveyor Operators and Tenders,2012,70,2022,70,0,4.4,0
49,Utah,35-2011,Cooks  Fast Food,2012,4280,2022,4810,530,12.5,140
49,Utah,35-2012,Cooks  Institution and Cafeteria,2012,4040,2022,5020,980,24.1,180
49,Utah,35-2014,Cooks  Restaurant,2012,6720,2022,8670,1950,29.1,330
49,Utah,35-2015,Cooks  Short Order,2012,530,2022,640,110,19.5,20
49,Utah,51-9193,Cooling and Freezing Equipment Operators and Tenders,2012,130,2022,160,30,18.2,10
49,Utah,33-3012,Correctional Officers and Jailers,2012,2400,2022,2720,320,13.2,100
49,Utah,43-4021,Correspondence Clerks,2012,60,2022,70,10,21.3,0
49,Utah,13-1051,Cost Estimators,2012,2220,2022,2950,730,32.9,150
49,Utah,21-1019,Counselors  All Other,2012,490,2022,560,70,15.6,20
49,Utah,41-2021,Counter and Rental Clerks,2012,3490,2022,4330,840,24,170
49,Utah,35-3022,Counter Attendants  Cafeteria  Food Concession  and Coffee Shop,2012,3090,2022,3620,530,17,240
49,Utah,43-5021,Couriers and Messengers,2012,590,2022,640,50,8.8,10
49,Utah,23-2091,Court Reporters,2012,70,2022,90,20,35.8,0
49,Utah,43-4031,Court  Municipal  and License Clerks,2012,1010,2022,1220,210,20.5,40
49,Utah,27-1012,Craft Artists,2012,270,2022,330,60,23.3,10
49,Utah,53-7021,Crane and Tower Operators,2012,300,2022,340,40,14.3,10
49,Utah,13-2041,Credit Analysts,2012,890,2022,1160,270,30.2,50
49,Utah,43-4041,Credit Authorizers  Checkers  and Clerks,2012,480,2022,530,50,10.2,10
49,Utah,13-2071,Credit Counselors,2012,610,2022,970,360,58.8,40
49,Utah,25-1111,Criminal Justice and Law Enforcement Teachers  Postsecondary,2012,190,2022,240,50,24.4,10
49,Utah,33-9091,Crossing Guards,2012,1740,2022,1980,240,13.7,50
49,Utah,51-9021,Crushing  Grinding  and Polishing Machine Setters  Operators  and Tenders,2012,210,2022,230,20,9.9,10
49,Utah,25-4012,Curators,2012,100,2022,120,20,26.3,0
49,Utah,43-4051,Customer Service Representatives,2012,38930,2022,51740,12810,32.9,2340
49,Utah,51-9031,Cutters and Trimmers  Hand,2012,50,2022,60,10,14.8,0
49,Utah,51-9032,Cutting and Slicing Machine Setters  Operators  and Tenders,2012,500,2022,550,50,11.1,10
49,Utah,51-4031,Cutting  Punching  and Press Machine Setters  Operators  and Tenders  Metal and Plastic,2012,1290,2022,1390,100,7.7,20
49,Utah,27-2031,Dancers,2012,170,2022,220,50,33.1,10
49,Utah,43-9021,Data Entry Keyers,2012,3280,2022,2560,-720,-22,40
49,Utah,15-1141,Database Administrators,2012,950,2022,1240,290,29.7,40
49,Utah,41-9011,Demonstrators and Product Promoters,2012,910,2022,1210,300,32.9,50
49,Utah,31-9091,Dental Assistants,2012,4700,2022,6180,1480,31.4,240
49,Utah,29-2021,Dental Hygienists,2012,2220,2022,3120,900,40.9,150
49,Utah,51-9081,Dental Laboratory Technicians,2012,620,2022,840,220,35.9,40
49,Utah,29-1021,Dentists  General,2012,1580,2022,2020,440,27.9,90
49,Utah,47-5011,Derrick Operators  Oil and Gas,2012,240,2022,310,70,29.8,20
49,Utah,43-9031,Desktop Publishers,2012,90,2022,90,0,2.2,0
49,Utah,33-3021,Detectives and Criminal Investigators,2012,330,2022,370,40,12.8,10
49,Utah,29-2032,Diagnostic Medical Sonographers,2012,480,2022,740,260,54.1,30
49,Utah,29-2051,Dietetic Technicians,2012,460,2022,580,120,25.7,20
49,Utah,29-1031,Dietitians and Nutritionists,2012,650,2022,840,190,29.9,30
49,Utah,35-9011,Dining Room and Cafeteria Attendants and Bartender Helpers,2012,3240,2022,3960,720,22.4,210
49,Utah,35-9021,Dishwashers,2012,4130,2022,4970,840,20.3,270
49,Utah,43-5032,Dispatchers  Except Police  Fire  and Ambulance,2012,1750,2022,2220,470,27,100
49,Utah,17-3019,Drafters  All Other,2012,130,2022,180,50,34.3,10
49,Utah,53-3031,Driver/Sales Workers,2012,3890,2022,4850,960,24.8,160
49,Utah,47-2081,Drywall and Ceiling Tile Installers,2012,2020,2022,2870,850,41.8,100
49,Utah,47-5021,Earth Drillers  Except Oil and Gas,2012,380,2022,480,100,27.1,20
49,Utah,25-1063,Economics Teachers  Postsecondary,2012,100,2022,130,30,32.3,0
49,Utah,19-3011,Economists,2012,50,2022,50,0,6.5,0
49,Utah,27-3041,Editors,2012,730,2022,860,130,18.2,30
49,Utah,Nov-39,Education Administrators  All Other,2012,180,2022,220,40,22,10
49,Utah,Nov-32,Education Administrators  Elementary and Secondary School,2012,1770,2022,2140,370,20.7,80
49,Utah,Nov-33,Education Administrators  Postsecondary,2012,960,2022,1270,310,32.9,60
49,Utah,Nov-31,Education Administrators  Preschool and Childcare Center/Program,2012,230,2022,270,40,18.8,10
49,Utah,25-1081,Education Teachers  Postsecondary,2012,530,2022,730,200,36.4,30
49,Utah,25-9099,Education  Training  and Library Workers  All Other,2012,280,2022,310,30,10,0
49,Utah,21-1012,Educational  Guidance  School  and Vocational Counselors,2012,2760,2022,3490,730,26.7,130
49,Utah,49-2092,Electric Motor  Power Tool  and Related Repairers,2012,270,2022,300,30,12,10
49,Utah,51-2022,Electrical and Electronic Equipment Assemblers,2012,2210,2022,2410,200,8.8,50
49,Utah,17-3012,Electrical and Electronics Drafters,2012,270,2022,310,40,17.3,10
49,Utah,17-3023,Electrical and Electronics Engineering Technicians,2012,1770,2022,1980,210,11.8,60
49,Utah,49-2094,Electrical and Electronics Repairers  Commercial and Industrial Equipment,2012,950,2022,950,0,0.6,30
49,Utah,49-2095,Electrical and Electronics Repairers  Powerhouse  Substation  and Relay,2012,380,2022,380,0,1.3,10
49,Utah,17-2071,Electrical Engineers,2012,1900,2022,2260,360,18.9,80
49,Utah,49-9051,Electrical Power-Line Installers and Repairers,2012,940,2022,1110,170,17.5,50
49,Utah,47-2111,Electricians,2012,6050,2022,7790,1740,28.9,290
49,Utah,51-2023,Electromechanical Equipment Assemblers,2012,310,2022,320,10,2.9,10
49,Utah,17-3024,Electro-Mechanical Technicians,2012,140,2022,180,40,30.2,10
49,Utah,49-2096,Electronic Equipment Installers and Repairers  Motor Vehicles,2012,220,2022,240,20,10.6,0
49,Utah,49-2097,Electronic Home Entertainment Equipment Installers and Repairers,2012,170,2022,180,10,7.6,10
49,Utah,17-2072,Electronics Engineers  Except Computer,2012,1940,2022,2120,180,9.3,70
49,Utah,25-2021,Elementary School Teachers  Except Special Education,2012,15030,2022,19460,4430,29.4,770
49,Utah,47-4021,Elevator Installers and Repairers,2012,320,2022,360,40,12.9,10
49,Utah,43-4061,Eligibility Interviewers  Government Programs,2012,2010,2022,2410,400,19.8,80
49,Utah,Nov-61,Emergency Management Directors,2012,200,2022,230,30,16.4,10
49,Utah,29-2041,Emergency Medical Technicians and Paramedics,2012,2490,2022,3300,810,32.6,150
49,Utah,51-2031,Engine and Other Machine Assemblers,2012,190,2022,240,50,26.2,10
49,Utah,25-1032,Engineering Teachers  Postsecondary,2012,400,2022,520,120,29,20
49,Utah,17-3029,Engineering Technicians  Except Drafters  All Other,2012,380,2022,380,0,2.1,10
49,Utah,17-2199,Engineers  All Other,2012,460,2022,490,30,7,10
49,Utah,25-1123,English Language and Literature Teachers  Postsecondary,2012,850,2022,1130,280,33.1,40
49,Utah,27-2099,Entertainers and Performers  Sports and Related Workers  All Other,2012,270,2022,370,100,35.5,10
49,Utah,17-3025,Environmental Engineering Technicians,2012,300,2022,370,70,23.1,10
49,Utah,17-2081,Environmental Engineers,2012,460,2022,570,110,23.4,20
49,Utah,19-4091,Environmental Science and Protection Technicians  Including Health,2012,420,2022,540,120,28.7,30
49,Utah,19-2041,Environmental Scientists and Specialists  Including Health,2012,660,2022,820,160,23.9,40
49,Utah,51-9194,Etchers and Engravers,2012,60,2022,70,10,11.3,0
49,Utah,53-7032,Excavating and Loading Machine and Dragline Operators,2012,680,2022,830,150,22.8,20
49,Utah,43-6011,Executive Secretaries and Executive Administrative Assistants,2012,6760,2022,7590,830,12.4,160
49,Utah,47-5031,Explosives Workers  Ordnance Handling Experts  and Blasters,2012,70,2022,70,0,6.1,0
49,Utah,51-4021,Extruding and Drawing Machine Setters  Operators  and Tenders  Metal and Plastic,2012,560,2022,650,90,16.1,20
49,Utah,51-9041,Extruding  Forming  Pressing  and Compacting Machine Setters  Operators  and Tenders,2012,460,2022,550,90,19.3,20
49,Utah,29-1062,Family and General Practitioners,2012,780,2022,980,200,26.8,40
49,Utah,25-9021,Farm and Home Management Advisors,2012,100,2022,120,20,17.2,0
49,Utah,49-3041,Farm Equipment Mechanics and Service Technicians,2012,230,2022,290,60,21.8,10
49,Utah,45-2092,Farmworkers and Laborers  Crop  Nursery  and Greenhouse,2012,5610,2022,5550,-60,-1.1,190
49,Utah,45-2093,Farmworkers  Farm  Ranch  and Aquacultural Animals,2012,720,2022,770,50,7.4,30
49,Utah,27-1022,Fashion Designers,2012,140,2022,170,30,26.5,10
49,Utah,47-4031,Fence Erectors,2012,220,2022,290,70,34.2,10
49,Utah,51-2091,Fiberglass Laminators and Fabricators,2012,260,2022,340,80,32.9,10
49,Utah,43-4071,File Clerks,2012,1070,2022,1100,30,3.7,30
49,Utah,27-4032,Film and Video Editors,2012,350,2022,450,100,29.7,10
49,Utah,13-2051,Financial Analysts,2012,1770,2022,2190,420,23.6,90
49,Utah,43-3099,Financial Clerks  All Other,2012,930,2022,1110,180,19.9,40
49,Utah,13-2061,Financial Examiners,2012,390,2022,480,90,23.8,20
49,Utah,Nov-31,Financial Managers,2012,3810,2022,4640,830,21.9,160
49,Utah,13-2099,Financial Specialists  All Other,2012,1130,2022,1250,120,10.7,30
49,Utah,27-1013,Fine Artists  Including Painters  Sculptors  and Illustrators,2012,420,2022,540,120,27.1,20
49,Utah,33-2011,Firefighters,2012,3180,2022,3740,560,17.7,140
49,Utah,47-1011,First-Line Supervisors of Construction Trades and Extraction Workers,2012,7340,2022,9780,2440,33.3,320
49,Utah,33-1011,First-Line Supervisors of Correctional Officers,2012,260,2022,290,30,13.3,10
49,Utah,45-1011,First-Line Supervisors of Farming  Fishing  and Forestry Workers,2012,370,2022,400,30,8.2,10
49,Utah,33-1021,First-Line Supervisors of Fire Fighting and Prevention Workers,2012,540,2022,630,90,16.8,30
49,Utah,35-1012,First-Line Supervisors of Food Preparation and Serving Workers,2012,6370,2022,8120,1750,27.5,360
49,Utah,53-1021,First-Line Supervisors of Helpers  Laborers  and Material Movers  Hand,2012,1970,2022,2550,580,29.6,110
49,Utah,37-1011,First-Line Supervisors of Housekeeping and Janitorial Workers,2012,2310,2022,2950,640,27.7,120
49,Utah,37-1012,First-Line Supervisors of Landscaping  Lawn Service  and Groundskeeping Workers,2012,1860,2022,2430,570,30.6,80
49,Utah,49-1011,First-Line Supervisors of Mechanics  Installers  and Repairers,2012,4540,2022,5380,840,18.5,210
49,Utah,41-1012,First-Line Supervisors of Non-Retail Sales Workers,2012,3240,2022,3660,420,13,80
49,Utah,43-1011,First-Line Supervisors of Office and Administrative Support Workers,2012,14990,2022,18610,3620,24.2,720
49,Utah,39-1021,First-Line Supervisors of Personal Service Workers,2012,1950,2022,2420,470,24.4,90
49,Utah,33-1012,First-Line Supervisors of Police and Detectives,2012,1420,2022,1670,250,17.8,70
49,Utah,51-1011,First-Line Supervisors of Production and Operating Workers,2012,6650,2022,7700,1050,15.7,200
49,Utah,33-1099,First-Line Supervisors of Protective Service Workers  All Other,2012,530,2022,640,110,20.6,20
49,Utah,41-1011,First-Line Supervisors of Retail Sales Workers,2012,13680,2022,16060,2380,17.4,540
49,Utah,53-1031,First-Line Supervisors of Transportation and Material-Moving Machine and Vehicle Operators,2012,1370,2022,1670,300,22.2,70
49,Utah,45-3011,Fishers and Related Fishing Workers,2012,230,2022,240,10,6.7,10
49,Utah,39-9031,Fitness Trainers and Aerobics Instructors,2012,2990,2022,3750,760,25.5,110
49,Utah,47-2043,Floor Sanders and Finishers,2012,50,2022,70,20,38.5,0
49,Utah,27-1023,Floral Designers,2012,1030,2022,1180,150,14.8,40
49,Utah,51-3091,Food and Tobacco Roasting  Baking  and Drying Machine Operators and Tenders,2012,240,2022,270,30,14.3,10
49,Utah,51-3092,Food Batchmakers,2012,2170,2022,2430,260,12.1,100
49,Utah,51-3093,Food Cooking Machine Operators and Tenders,2012,290,2022,340,50,15.4,10
49,Utah,35-9099,Food Preparation and Serving Related Workers  All Other,2012,40,2022,40,0,17.1,0
49,Utah,35-2021,Food Preparation Workers,2012,5540,2022,6470,930,16.8,250
49,Utah,51-3099,Food Processing Workers  All Other,2012,230,2022,280,50,24.6,10
49,Utah,19-1012,Food Scientists and Technologists,2012,80,2022,100,20,19.3,0
49,Utah,35-3041,Food Servers  Nonrestaurant,2012,1170,2022,1530,360,30.7,70
49,Utah,Nov-51,Food Service Managers,2012,1810,2022,2190,380,21.1,70
49,Utah,25-1124,Foreign Language and Literature Teachers  Postsecondary,2012,310,2022,390,80,28.8,10
49,Utah,19-4092,Forensic Science Technicians,2012,170,2022,200,30,17.4,10
49,Utah,19-4093,Forest and Conservation Technicians,2012,1130,2022,1170,40,3.4,50
49,Utah,19-1032,Foresters,2012,80,2022,90,10,16,0
49,Utah,13-1131,Fundraisers,2012,640,2022,810,170,25.9,30
49,Utah,39-4021,Funeral Attendants,2012,190,2022,210,20,11.8,0
49,Utah,51-9051,Furnace  Kiln  Oven  Drier  and Kettle Operators and Tenders,2012,100,2022,100,0,7.3,0
49,Utah,51-7021,Furniture Finishers,2012,200,2022,230,30,15.6,10
49,Utah,53-7071,Gas Compressor and Gas Pumping Station Operators,2012,60,2022,70,10,15.8,0
49,Utah,51-8092,Gas Plant Operators,2012,100,2022,110,10,8.2,0
49,Utah,11-1021,General and Operations Managers,2012,22950,2022,28680,5730,25,1000
49,Utah,19-3092,Geographers,2012,60,2022,130,70,104.8,10
49,Utah,25-1064,Geography Teachers  Postsecondary,2012,60,2022,70,10,26.8,0
49,Utah,19-4041,Geological and Petroleum Technicians,2012,150,2022,170,20,17.6,10
49,Utah,19-2042,Geoscientists  Except Hydrologists and Geographers,2012,340,2022,410,70,21.9,20
49,Utah,47-2121,Glaziers,2012,480,2022,590,110,24.8,20
49,Utah,45-2041,Graders and Sorters  Agricultural Products,2012,150,2022,140,-10,-3.4,0
49,Utah,25-1191,Graduate Teaching Assistants,2012,560,2022,750,190,33.3,30
49,Utah,27-1024,Graphic Designers,2012,3010,2022,3860,850,28.3,170
49,Utah,51-9022,Grinding and Polishing Workers  Hand,2012,350,2022,420,70,17.9,20
49,Utah,51-4033,Grinding  Lapping  Polishing  and Buffing Machine Tool Setters  Operators  and Tenders  Metal and Plastic,2012,470,2022,480,10,1.7,10
49,Utah,37-3019,Grounds Maintenance Workers  All Other,2012,80,2022,100,20,32.1,0
49,Utah,39-5012,Hairdressers  Hairstylists  and Cosmetologists,2012,4190,2022,5360,1170,28.1,220
49,Utah,47-4041,Hazardous Materials Removal Workers,2012,250,2022,290,40,16.3,10
49,Utah,17-2111,Health and Safety Engineers  Except Mining Safety Engineers and Inspectors,2012,230,2022,290,60,23.7,10
49,Utah,29-1199,Health Diagnosing and Treating Practitioners  All Other,2012,120,2022,130,10,13,0
49,Utah,21-1091,Health Educators,2012,350,2022,450,100,30.2,20
49,Utah,25-1071,Health Specialties Teachers  Postsecondary,2012,2220,2022,3670,1450,65,180
49,Utah,29-2099,Health Technologists and Technicians  All Other,2012,400,2022,520,120,32.4,20
49,Utah,21-1022,Healthcare Social Workers,2012,1060,2022,1490,430,39.8,70
49,Utah,31-9099,Healthcare Support Workers  All Other,2012,470,2022,610,140,28.5,20
49,Utah,51-4191,Heat Treating Equipment Setters  Operators  and Tenders  Metal and Plastic,2012,160,2022,200,40,25.6,10
49,Utah,49-9021,Heating  Air Conditioning  and Refrigeration Mechanics and Installers,2012,2390,2022,3130,740,31.3,140
49,Utah,53-3032,Heavy and Tractor-Trailer Truck Drivers,2012,21170,2022,26300,5130,24.2,850
49,Utah,47-3019,Helpers  Construction Trades  All Other,2012,180,2022,260,80,44.9,10
49,Utah,47-3011,Helpers--Brickmasons  Blockmasons  Stonemasons  and Tile and Marble Setters,2012,560,2022,990,430,77.3,50
49,Utah,47-3012,Helpers--Carpenters,2012,410,2022,560,150,35,20
49,Utah,47-3013,Helpers--Electricians,2012,660,2022,1190,530,80.6,60
49,Utah,47-5081,Helpers--Extraction Workers,2012,370,2022,450,80,20.2,20
49,Utah,49-9098,Helpers--Installation  Maintenance  and Repair Workers,2012,1070,2022,1320,250,23.3,60
49,Utah,47-3014,Helpers--Painters  Paperhangers  Plasterers  and Stucco Masons,2012,290,2022,400,110,36,20
49,Utah,47-3015,Helpers--Pipelayers  Plumbers  Pipefitters  and Steamfitters,2012,380,2022,550,170,46,20
49,Utah,51-9198,Helpers--Production Workers,2012,2670,2022,3090,420,15.8,90
49,Utah,47-3016,Helpers--Roofers,2012,270,2022,380,110,43.4,20
49,Utah,47-4051,Highway Maintenance Workers,2012,1120,2022,1270,150,14,30
49,Utah,19-3093,Historians,2012,40,2022,50,10,28.9,0
49,Utah,25-1125,History Teachers  Postsecondary,2012,200,2022,260,60,32.1,10
49,Utah,49-9031,Home Appliance Repairers,2012,430,2022,500,70,14.6,20
49,Utah,25-1192,Home Economics Teachers  Postsecondary,2012,190,2022,240,50,27.1,10
49,Utah,31-1011,Home Health Aides,2012,3710,2022,5610,1900,51.2,260
49,Utah,35-9031,Hosts and Hostesses  Restaurant  Lounge  and Coffee Shop,2012,3010,2022,3580,570,18.8,280
49,Utah,43-4081,Hotel  Motel  and Resort Desk Clerks,2012,2670,2022,3290,620,23.3,190
49,Utah,43-4161,Human Resources Assistants  Except Payroll and Timekeeping,2012,1020,2022,1100,80,7.3,30
49,Utah,Nov-21,Human Resources Managers,2012,810,2022,1030,220,27.7,40
49,Utah,13-1071,Human Resources Specialists,2012,4340,2022,5320,980,22.5,180
49,Utah,19-2043,Hydrologists,2012,50,2022,60,10,9.6,0
49,Utah,17-3026,Industrial Engineering Technicians,2012,690,2022,750,60,7.7,20
49,Utah,17-2112,Industrial Engineers,2012,1790,2022,2150,360,20.1,90
49,Utah,49-9041,Industrial Machinery Mechanics,2012,3780,2022,5130,1350,35.8,250
49,Utah,Nov-51,Industrial Production Managers,2012,1790,2022,2000,210,11.9,50
49,Utah,53-7051,Industrial Truck and Tractor Operators,2012,3570,2022,3900,330,9.2,120
49,Utah,43-4199,Information and Record Clerks  All Other,2012,1380,2022,1200,-180,-13.3,30
49,Utah,15-1122,Information Security Analysts,2012,580,2022,880,300,50.8,40
49,Utah,51-9061,Inspectors  Testers  Sorters  Samplers  and Weighers,2012,4330,2022,5300,970,22.5,190
49,Utah,49-9099,Installation  Maintenance  and Repair Workers  All Other,2012,780,2022,930,150,18.5,30
49,Utah,25-9031,Instructional Coordinators,2012,1600,2022,2020,420,26.5,60
49,Utah,47-2131,Insulation Workers  Floor  Ceiling  and Wall,2012,310,2022,460,150,51.5,20
49,Utah,47-2132,Insulation Workers  Mechanical,2012,300,2022,460,160,52.7,20
49,Utah,13-1032,Insurance Appraisers  Auto Damage,2012,50,2022,60,10,11.1,0
49,Utah,43-9041,Insurance Claims and Policy Processing Clerks,2012,1690,2022,2070,380,23,80
49,Utah,41-3021,Insurance Sales Agents,2012,3250,2022,4120,870,26.9,170
49,Utah,13-2053,Insurance Underwriters,2012,270,2022,300,30,7.7,10
49,Utah,27-1025,Interior Designers,2012,260,2022,340,80,32.3,20
49,Utah,27-3091,Interpreters and Translators,2012,590,2022,940,350,59.5,40
49,Utah,43-4111,Interviewers  Except Eligibility and Loan,2012,2840,2022,3540,700,24.5,120
49,Utah,37-2011,Janitors and Cleaners  Except Maids and Housekeeping Cleaners,2012,18350,2022,22780,4430,24.1,790
49,Utah,51-9071,Jewelers and Precious Stone and Metal Workers,2012,430,2022,500,70,18.3,20
49,Utah,23-1023,Judges  Magistrate Judges  and Magistrates,2012,130,2022,150,20,13.4,0
49,Utah,23-1012,Judicial Law Clerks,2012,370,2022,410,40,10.5,10
49,Utah,25-2012,Kindergarten Teachers  Except Special Education,2012,1050,2022,1340,290,27.5,60
49,Utah,13-1075,Labor Relations Specialists,2012,480,2022,490,10,2.1,10
49,Utah,53-7062,Laborers and Freight  Stock  and Material Movers  Hand,2012,17700,2022,22700,5000,28.3,1050
49,Utah,17-1012,Landscape Architects,2012,160,2022,210,50,28.8,10
49,Utah,37-3011,Landscaping and Groundskeeping Workers,2012,11330,2022,14420,3090,27.2,590
49,Utah,51-4034,Lathe and Turning Machine Tool Setters  Operators  and Tenders  Metal and Plastic,2012,60,2022,60,0,1.7,0
49,Utah,51-6011,Laundry and Dry-Cleaning Workers,2012,1970,2022,2390,420,21,100
49,Utah,23-1011,Lawyers,2012,5890,2022,7470,1580,27,250
49,Utah,43-6012,Legal Secretaries,2012,1690,2022,1940,250,14.7,40
49,Utah,23-2099,Legal Support Workers  All Other,2012,160,2022,190,30,17.9,0
49,Utah,11-1031,Legislators,2012,590,2022,700,110,18.2,20
49,Utah,25-4021,Librarians,2012,810,2022,990,180,22.8,40
49,Utah,43-4121,Library Assistants  Clerical,2012,790,2022,1030,240,31,60
49,Utah,25-4031,Library Technicians,2012,740,2022,900,160,21.1,50
49,Utah,29-2061,Licensed Practical and Licensed Vocational Nurses,2012,2310,2022,3110,800,34.5,140
49,Utah,19-4099,Life  Physical  and Social Science Technicians  All Other,2012,260,2022,300,40,16,10
49,Utah,33-9092,Lifeguards  Ski Patrol  and Other Recreational Protective Service Workers,2012,1510,2022,1860,350,22.9,140
49,Utah,53-3033,Light Truck or Delivery Services Drivers,2012,7520,2022,9240,1720,22.8,290
49,Utah,53-7033,Loading Machine Operators  Underground Mining,2012,70,2022,60,-10,-7.7,0
49,Utah,43-4131,Loan Interviewers and Clerks,2012,2540,2022,3120,580,22.9,80
49,Utah,13-2072,Loan Officers,2012,4430,2022,5460,1030,23.1,180
49,Utah,39-3093,Locker Room  Coatroom  and Dressing Room Attendants,2012,90,2022,120,30,25.5,10
49,Utah,49-9094,Locksmiths and Safe Repairers,2012,270,2022,350,80,28.1,20
49,Utah,Nov-81,Lodging Managers,2012,630,2022,730,100,15.6,30
49,Utah,13-1081,Logisticians,2012,1800,2022,2230,430,23.7,60
49,Utah,53-7063,Machine Feeders and Offbearers,2012,980,2022,1270,290,29.9,50
49,Utah,51-4041,Machinists,2012,3680,2022,4590,910,24.6,170
49,Utah,29-2035,Magnetic Resonance Imaging Technologists,2012,150,2022,190,40,29.3,0
49,Utah,37-2012,Maids and Housekeeping Cleaners,2012,10880,2022,12410,1530,14,370
49,Utah,43-9051,Mail Clerks and Mail Machine Operators  Except Postal Service,2012,1460,2022,1440,-20,-1.5,40
49,Utah,49-9071,Maintenance and Repair Workers  General,2012,10050,2022,12220,2170,21.6,410
49,Utah,49-9043,Maintenance Workers  Machinery,2012,1030,2022,1310,280,27.1,40
49,Utah,13-1111,Management Analysts,2012,6190,2022,8470,2280,36.8,330
49,Utah,Nov-99,Managers  All Other,2012,5710,2022,7120,1410,24.6,270
49,Utah,39-5092,Manicurists and Pedicurists,2012,690,2022,910,220,32.3,30
49,Utah,13-1161,Market Research Analysts and Marketing Specialists,2012,4630,2022,7100,2470,53.2,310
49,Utah,Nov-21,Marketing Managers,2012,1360,2022,1800,440,32.4,70
49,Utah,21-1013,Marriage and Family Therapists,2012,230,2022,340,110,48.9,10
49,Utah,31-9011,Massage Therapists,2012,1750,2022,2410,660,37.6,80
49,Utah,17-2131,Materials Engineers,2012,380,2022,480,100,24.9,20
49,Utah,19-2032,Materials Scientists,2012,110,2022,130,20,22.4,0
49,Utah,25-1022,Mathematical Science Teachers  Postsecondary,2012,470,2022,620,150,30.7,20
49,Utah,51-3022,Meat  Poultry  and Fish Cutters and Trimmers,2012,1060,2022,1250,190,17.9,40
49,Utah,49-9011,Mechanical Door Repairers,2012,430,2022,570,140,33.3,30
49,Utah,17-3013,Mechanical Drafters,2012,570,2022,680,110,18.4,20
49,Utah,17-3027,Mechanical Engineering Technicians,2012,630,2022,720,90,14.5,20
49,Utah,17-2141,Mechanical Engineers,2012,2920,2022,3550,630,21.7,160
49,Utah,29-2012,Medical and Clinical Laboratory Technicians,2012,1570,2022,2240,670,42.4,110
49,Utah,29-2011,Medical and Clinical Laboratory Technologists,2012,2010,2022,2540,530,26.1,110
49,Utah,Nov-11,Medical and Health Services Managers,2012,2670,2022,3610,940,35.4,160
49,Utah,51-9082,Medical Appliance Technicians,2012,580,2022,790,210,36,40
49,Utah,31-9092,Medical Assistants,2012,6880,2022,9610,2730,39.7,410
49,Utah,31-9093,Medical Equipment Preparers,2012,110,2022,160,50,36.8,10
49,Utah,49-9062,Medical Equipment Repairers,2012,720,2022,1070,350,48.3,60
49,Utah,29-2071,Medical Records and Health Information Technicians,2012,2070,2022,2750,680,32.9,120
49,Utah,19-1042,Medical Scientists  Except Epidemiologists,2012,320,2022,430,110,34.7,20
49,Utah,43-6013,Medical Secretaries,2012,5720,2022,8320,2600,45.5,330
49,Utah,31-9094,Medical Transcriptionists,2012,790,2022,1010,220,27.7,40
49,Utah,13-1121,Meeting  Convention  and Event Planners,2012,850,2022,1280,430,50.5,60
49,Utah,21-1023,Mental Health and Substance Abuse Social Workers,2012,1580,2022,2140,560,35.2,90
49,Utah,21-1014,Mental Health Counselors,2012,1100,2022,1550,450,40.8,70
49,Utah,27-1026,Merchandise Displayers and Window Trimmers,2012,840,2022,1030,190,22.5,40
49,Utah,51-4051,Metal-Refining Furnace Operators and Tenders,2012,1120,2022,1440,320,28.6,50
49,Utah,43-5041,Meter Readers  Utilities,2012,250,2022,220,-30,-11.8,10
49,Utah,19-1022,Microbiologists,2012,150,2022,190,40,30.4,10
49,Utah,25-2022,Middle School Teachers  Except Special and Career/Technical Education,2012,4710,2022,6030,1320,28.1,240
49,Utah,51-4035,Milling and Planing Machine Setters  Operators  and Tenders  Metal and Plastic,2012,170,2022,170,0,-1.2,0
49,Utah,47-5042,Mine Cutting and Channeling Machine Operators,2012,420,2022,480,60,14.2,10
49,Utah,17-2151,Mining and Geological Engineers  Including Mining Safety Engineers,2012,210,2022,230,20,6.6,10
49,Utah,51-9023,Mixing and Blending Machine Setters  Operators  and Tenders,2012,1500,2022,1800,300,19.6,70
49,Utah,49-3042,Mobile Heavy Equipment Mechanics  Except Engines,2012,2130,2022,2550,420,19.3,100
49,Utah,51-4061,Model Makers  Metal and Plastic,2012,40,2022,40,0,22.9,0
49,Utah,51-9195,Molders  Shapers  and Casters  Except Metal and Plastic,2012,650,2022,770,120,18.1,30
49,Utah,51-4072,Molding  Coremaking  and Casting Machine Setters  Operators  and Tenders  Metal and Plastic,2012,1580,2022,1680,100,6.1,30
49,Utah,39-3021,Motion Picture Projectionists,2012,90,2022,80,-10,-7.7,0
49,Utah,53-3099,Motor Vehicle Operators  All Other,2012,200,2022,210,10,6.5,10
49,Utah,49-3051,Motorboat Mechanics and Service Technicians,2012,150,2022,170,20,18.5,10
49,Utah,49-3052,Motorcycle Mechanics,2012,150,2022,180,30,21.5,0
49,Utah,27-1014,Multimedia Artists and Animators,2012,260,2022,300,40,18.4,10
49,Utah,51-4081,Multiple Machine Tool Setters  Operators  and Tenders  Metal and Plastic,2012,1260,2022,1310,50,4.7,30
49,Utah,27-2041,Music Directors and Composers,2012,120,2022,140,20,19.5,0
49,Utah,27-2042,Musicians and Singers,2012,520,2022,640,120,23.3,30
49,Utah,Nov-21,Natural Sciences Managers,2012,450,2022,520,70,15.8,20
49,Utah,15-1142,Network and Computer Systems Administrators,2012,3190,2022,3990,800,25,130
49,Utah,43-4141,New Accounts Clerks,2012,490,2022,540,50,8.5,20
49,Utah,39-2021,Nonfarm Animal Caretakers,2012,1770,2022,2300,530,29.9,80
49,Utah,29-2033,Nuclear Medicine Technologists,2012,140,2022,190,50,30.1,0
49,Utah,29-1151,Nurse Anesthetists,2012,160,2022,220,60,38.7,10
49,Utah,29-1171,Nurse Practitioners,2012,1640,2022,2410,770,46.9,110
49,Utah,31-1014,Nursing Assistants,2012,10090,2022,13870,3780,37.5,570
49,Utah,25-1072,Nursing Instructors and Teachers  Postsecondary,2012,640,2022,990,350,54.8,40
49,Utah,29-1064,Obstetricians and Gynecologists,2012,250,2022,320,70,25.9,10
49,Utah,29-9011,Occupational Health and Safety Specialists,2012,810,2022,940,130,15.3,30
49,Utah,29-9012,Occupational Health and Safety Technicians,2012,130,2022,160,30,24.8,10
49,Utah,29-1122,Occupational Therapists,2012,610,2022,820,210,34,30
49,Utah,31-2011,Occupational Therapy Assistants,2012,110,2022,140,30,37.1,10
49,Utah,43-9199,Office and Administrative Support Workers  All Other,2012,1930,2022,2430,500,25.9,100
49,Utah,43-9061,Office Clerks  General,2012,26700,2022,31850,5150,19.3,1080
49,Utah,43-9071,Office Machine Operators  Except Computer,2012,470,2022,470,0,-0.2,10
49,Utah,47-2073,Operating Engineers and Other Construction Equipment Operators,2012,6210,2022,7540,1330,21.3,270
49,Utah,15-2031,Operations Research Analysts,2012,580,2022,820,240,40.5,40
49,Utah,51-9083,Ophthalmic Laboratory Technicians,2012,210,2022,280,70,31.1,10
49,Utah,29-2057,Ophthalmic Medical Technicians,2012,170,2022,240,70,36.4,10
49,Utah,29-2081,Opticians  Dispensing,2012,810,2022,1020,210,26.8,50
49,Utah,29-1041,Optometrists,2012,240,2022,310,70,28.3,10
49,Utah,43-4151,Order Clerks,2012,1680,2022,1880,200,12.1,60
49,Utah,29-2091,Orthotists and Prosthetists,2012,70,2022,110,40,62.3,0
49,Utah,49-3053,Outdoor Power Equipment and Other Small Engine Mechanics,2012,170,2022,210,40,19.8,10
49,Utah,51-9111,Packaging and Filling Machine Operators and Tenders,2012,4180,2022,5030,850,20.5,190
49,Utah,53-7064,Packers and Packagers  Hand,2012,6350,2022,7800,1450,22.8,310
49,Utah,47-2141,Painters  Construction and Maintenance,2012,3560,2022,5010,1450,40.7,200
49,Utah,51-9122,Painters  Transportation Equipment,2012,310,2022,510,200,65.9,20
49,Utah,51-9123,Painting  Coating  and Decorating Workers,2012,160,2022,190,30,19,0
49,Utah,51-9196,Paper Goods Machine Setters  Operators  and Tenders,2012,890,2022,990,100,11.8,20
49,Utah,23-2011,Paralegals and Legal Assistants,2012,1930,2022,2530,600,30.9,90
49,Utah,33-3041,Parking Enforcement Workers,2012,60,2022,70,10,22,0
49,Utah,53-6021,Parking Lot Attendants,2012,450,2022,540,90,20.9,30
49,Utah,41-2022,Parts Salespersons,2012,2410,2022,2950,540,22.4,120
49,Utah,47-2071,Paving  Surfacing  and Tamping Equipment Operators,2012,240,2022,290,50,20.1,10
49,Utah,43-3051,Payroll and Timekeeping Clerks,2012,1410,2022,1790,380,27,70
49,Utah,29-1065,Pediatricians  General,2012,170,2022,220,50,29.5,10
49,Utah,39-9021,Personal Care Aides,2012,4660,2022,6610,1950,41.8,230
49,Utah,39-9099,Personal Care and Service Workers  All Other,2012,120,2022,130,10,4.9,0
49,Utah,13-2052,Personal Financial Advisors,2012,1820,2022,2030,210,11.3,50
49,Utah,37-3012,Pesticide Handlers  Sprayers  and Applicators  Vegetation,2012,240,2022,310,70,26,10
49,Utah,17-2171,Petroleum Engineers,2012,180,2022,230,50,28.7,10
49,Utah,51-8093,Petroleum Pump System Operators  Refinery Operators  and Gaugers,2012,610,2022,760,150,24.2,40
49,Utah,29-1051,Pharmacists,2012,2330,2022,2900,570,24.6,110
49,Utah,31-9095,Pharmacy Aides,2012,260,2022,300,40,18,10
49,Utah,29-2052,Pharmacy Technicians,2012,3160,2022,4110,950,30.2,130
49,Utah,25-1126,Philosophy and Religion Teachers  Postsecondary,2012,390,2022,500,110,26.4,20
49,Utah,31-9097,Phlebotomists,2012,1010,2022,1510,500,50.4,70
49,Utah,27-4021,Photographers,2012,1300,2022,1580,280,21.4,40
49,Utah,51-9151,Photographic Process Workers and Processing Machine Operators,2012,260,2022,280,20,8.9,10
49,Utah,19-2099,Physical Scientists  All Other,2012,170,2022,180,10,8.9,0
49,Utah,31-2022,Physical Therapist Aides,2012,950,2022,1360,410,43.6,60
49,Utah,31-2021,Physical Therapist Assistants,2012,420,2022,600,180,42.3,30
49,Utah,29-1123,Physical Therapists,2012,1610,2022,2270,660,40.3,100
49,Utah,29-1071,Physician Assistants,2012,1060,2022,1600,540,50.4,70
49,Utah,29-1069,Physicians and Surgeons  All Other,2012,2320,2022,3000,680,29.4,130
49,Utah,25-1054,Physics Teachers  Postsecondary,2012,160,2022,210,50,31.2,10
49,Utah,47-2151,Pipelayers,2012,540,2022,690,150,29,20
49,Utah,51-8099,Plant and System Operators  All Other,2012,60,2022,70,10,15.5,0
49,Utah,47-2161,Plasterers and Stucco Masons,2012,650,2022,950,300,47.9,30
49,Utah,51-4193,Plating and Coating Machine Setters  Operators  and Tenders  Metal and Plastic,2012,330,2022,330,0,-1.2,10
49,Utah,47-2152,Plumbers  Pipefitters  and Steamfitters,2012,4400,2022,5640,1240,28.2,180
49,Utah,29-1081,Podiatrists,2012,130,2022,160,30,27.8,10
49,Utah,33-3051,Police and Sheriff's Patrol Officers,2012,5310,2022,6330,1020,19.4,270
49,Utah,43-5031,Police  Fire  and Ambulance Dispatchers,2012,730,2022,860,130,18,30
49,Utah,25-1065,Political Science Teachers  Postsecondary,2012,150,2022,200,50,33.3,10
49,Utah,43-5051,Postal Service Clerks,2012,550,2022,530,-20,-4.3,10
49,Utah,43-5052,Postal Service Mail Carriers,2012,2100,2022,2160,60,2.8,90
49,Utah,43-5053,Postal Service Mail Sorters  Processors  and Processing Machine Operators,2012,720,2022,750,30,5.3,10
49,Utah,Nov-31,Postmasters and Mail Superintendents,2012,130,2022,140,10,3.7,0
49,Utah,51-8012,Power Distributors and Dispatchers,2012,150,2022,160,10,6.8,10
49,Utah,51-8013,Power Plant Operators,2012,360,2022,360,0,-1.7,10
49,Utah,49-9069,Precision Instrument and Equipment Repairers  All Other,2012,130,2022,140,10,11.6,10
49,Utah,51-5111,Prepress Technicians and Workers,2012,360,2022,350,-10,-2.5,10
49,Utah,25-2011,Preschool Teachers  Except Special Education,2012,1460,2022,1760,300,20.8,70
49,Utah,51-6021,Pressers  Textile  Garment  and Related Materials,2012,280,2022,320,40,13.3,10
49,Utah,51-5113,Print Binding and Finishing Workers,2012,1060,2022,990,-70,-6.3,20
49,Utah,51-5112,Printing Press Operators,2012,1860,2022,1900,40,2.2,40
49,Utah,33-9021,Private Detectives and Investigators,2012,140,2022,180,40,25,10
49,Utah,21-1092,Probation Officers and Correctional Treatment Specialists,2012,530,2022,550,20,4,10
49,Utah,43-3061,Procurement Clerks,2012,760,2022,860,100,13.2,40
49,Utah,27-2012,Producers and Directors,2012,540,2022,680,140,27.1,30
49,Utah,51-9199,Production Workers  All Other,2012,1120,2022,1410,290,26.2,60
49,Utah,43-5061,Production  Planning  and Expediting Clerks,2012,3230,2022,3620,390,12.3,120
49,Utah,43-9081,Proofreaders and Copy Markers,2012,240,2022,250,10,6.4,10
49,Utah,Nov-41,Property  Real Estate  and Community Association Managers,2012,3440,2022,4500,1060,30.8,180
49,Utah,33-9099,Protective Service Workers  All Other,2012,820,2022,990,170,20.6,80
49,Utah,29-2053,Psychiatric Technicians,2012,810,2022,980,170,21.5,30
49,Utah,29-1066,Psychiatrists,2012,340,2022,470,130,35.2,20
49,Utah,19-3039,Psychologists  All Other,2012,60,2022,70,10,24.1,0
49,Utah,25-1066,Psychology Teachers  Postsecondary,2012,310,2022,420,110,35,10
49,Utah,Nov-31,Public Relations and Fundraising Managers,2012,330,2022,410,80,23.1,10
49,Utah,27-3031,Public Relations Specialists,2012,1730,2022,2210,480,27.6,70
49,Utah,13-1023,Purchasing Agents  Except Wholesale  Retail  and Farm Products,2012,2350,2022,2700,350,14.9,80
49,Utah,Nov-61,Purchasing Managers,2012,450,2022,510,60,13.4,20
49,Utah,27-3011,Radio and Television Announcers,2012,430,2022,460,30,6.5,10
49,Utah,29-2034,Radiologic Technologists,2012,1510,2022,2010,500,32.5,70
49,Utah,49-3043,Rail Car Repairers,2012,80,2022,90,10,12.5,0
49,Utah,47-4061,Rail-Track Laying and Maintenance Equipment Operators,2012,130,2022,150,20,15.9,10
49,Utah,41-9021,Real Estate Brokers,2012,370,2022,500,130,36.4,20
49,Utah,41-9022,Real Estate Sales Agents,2012,3940,2022,5200,1260,31.9,160
49,Utah,43-4171,Receptionists and Information Clerks,2012,11440,2022,14210,2770,24.2,580
49,Utah,25-1193,Recreation and Fitness Studies Teachers  Postsecondary,2012,390,2022,520,130,35.4,20
49,Utah,39-9032,Recreation Workers,2012,2920,2022,3810,890,30.5,120
49,Utah,29-1125,Recreational Therapists,2012,280,2022,360,80,31.2,10
49,Utah,49-3092,Recreational Vehicle Service Technicians,2012,110,2022,140,30,26.5,10
49,Utah,53-7081,Refuse and Recyclable Material Collectors,2012,680,2022,840,160,24.3,30
49,Utah,29-1141,Registered Nurses,2012,19160,2022,25160,6000,31.4,970
49,Utah,21-1015,Rehabilitation Counselors,2012,1080,2022,1360,280,26,50
49,Utah,47-2171,Reinforcing Iron and Rebar Workers,2012,160,2022,210,50,29.6,10
49,Utah,27-3022,Reporters and Correspondents,2012,610,2022,570,-40,-7.7,20
49,Utah,43-4181,Reservation and Transportation Ticket Agents and Travel Clerks,2012,4060,2022,4100,40,0.9,60
49,Utah,39-9041,Residential Advisors,2012,1710,2022,2310,600,35,130
49,Utah,29-1126,Respiratory Therapists,2012,740,2022,950,210,28.4,30
49,Utah,29-2054,Respiratory Therapy Technicians,2012,110,2022,160,50,45.5,10
49,Utah,41-2031,Retail Salespersons,2012,43320,2022,52130,8810,20.3,2360
49,Utah,49-9096,Riggers,2012,220,2022,290,70,34.9,10
49,Utah,51-4023,Rolling Machine Setters  Operators  and Tenders  Metal and Plastic,2012,90,2022,100,10,8.7,0
49,Utah,47-5061,Roof Bolters  Mining,2012,80,2022,70,-10,-18.5,0
49,Utah,47-2181,Roofers,2012,1500,2022,1910,410,27.3,70
49,Utah,47-5012,Rotary Drill Operators  Oil and Gas,2012,260,2022,340,80,29.3,20
49,Utah,47-5071,Roustabouts  Oil and Gas,2012,1900,2022,2450,550,28.9,100
49,Utah,41-9099,Sales and Related Workers  All Other,2012,850,2022,1080,230,27.6,40
49,Utah,41-9031,Sales Engineers,2012,410,2022,510,100,23.7,20
49,Utah,Nov-22,Sales Managers,2012,3390,2022,4150,760,22.4,150
49,Utah,41-3099,Sales Representatives  Services  All Other,2012,11610,2022,15060,3450,29.7,660
49,Utah,41-4012,Sales Representatives  Wholesale and Manufacturing  Except Technical and Scientific Products,2012,14700,2022,17100,2400,16.3,520
49,Utah,41-4011,Sales Representatives  Wholesale and Manufacturing  Technical and Scientific Products,2012,4960,2022,6150,1190,23.8,220
49,Utah,51-7041,Sawing Machine Setters  Operators  and Tenders  Wood,2012,200,2022,260,60,32,10
49,Utah,25-2031,Secondary School Teachers  Except Special and Career/Technical Education,2012,6960,2022,8470,1510,21.8,340
49,Utah,43-6014,Secretaries and Administrative Assistants  Except Legal  Medical  and Executive,2012,22760,2022,29380,6620,29.1,940
49,Utah,41-3031,Securities  Commodities  and Financial Services Sales Agents,2012,2460,2022,2570,110,4.4,70
49,Utah,49-2098,Security and Fire Alarm Systems Installers,2012,520,2022,670,150,29.4,30
49,Utah,33-9032,Security Guards,2012,5670,2022,7190,1520,27,240
49,Utah,25-3021,Self-Enrichment Education Teachers,2012,3670,2022,4960,1290,35.4,190
49,Utah,51-9141,Semiconductor Processors,2012,660,2022,660,0,-0.3,20
49,Utah,51-9012,Separating  Filtering  Clarifying  Precipitating  and Still Machine Setters  Operators  and Tenders,2012,190,2022,220,30,16.7,10
49,Utah,47-4071,Septic Tank Servicers and Sewer Pipe Cleaners,2012,340,2022,450,110,29.7,20
49,Utah,47-5013,Service Unit Operators  Oil  Gas  and Mining,2012,1000,2022,1340,340,33.3,70
49,Utah,27-1027,Set and Exhibit Designers,2012,100,2022,130,30,30.6,10
49,Utah,51-6031,Sewing Machine Operators,2012,1340,2022,1470,130,9.6,20
49,Utah,47-2211,Sheet Metal Workers,2012,1880,2022,2210,330,17.4,70
49,Utah,43-5071,Shipping  Receiving  and Traffic Clerks,2012,6510,2022,7840,1330,20.4,300
49,Utah,51-6041,Shoe and Leather Workers and Repairers,2012,70,2022,80,10,10.3,0
49,Utah,39-5094,Skincare Specialists,2012,470,2022,740,270,56.8,30
49,Utah,51-3023,Slaughterers and Meat Packers,2012,1150,2022,1260,110,9.3,40
49,Utah,Nov-51,Social and Community Service Managers,2012,1040,2022,1330,290,28.7,50
49,Utah,21-1093,Social and Human Service Assistants,2012,6150,2022,8400,2250,36.7,380
49,Utah,19-4061,Social Science Research Assistants,2012,150,2022,210,60,36.4,10
49,Utah,19-3099,Social Scientists and Related Workers  All Other,2012,70,2022,70,0,0,0
49,Utah,21-1029,Social Workers  All Other,2012,470,2022,510,40,8.4,10
49,Utah,25-1067,Sociology Teachers  Postsecondary,2012,170,2022,220,50,30.4,10
49,Utah,15-1132,Software Developers  Applications,2012,6440,2022,9080,2640,41,350
49,Utah,15-1133,Software Developers  Systems Software,2012,3120,2022,4240,1120,35.6,150
49,Utah,19-1013,Soil and Plant Scientists,2012,80,2022,90,10,7.5,0
49,Utah,27-4014,Sound Engineering Technicians,2012,140,2022,190,50,29.4,10
49,Utah,25-2052,Special Education Teachers  Kindergarten and Elementary School,2012,1980,2022,2390,410,20.6,80
49,Utah,25-2053,Special Education Teachers  Middle School,2012,530,2022,630,100,19.8,20
49,Utah,25-2054,Special Education Teachers  Secondary School,2012,890,2022,1060,170,18.8,30
49,Utah,29-1127,Speech-Language Pathologists,2012,950,2022,1200,250,26.6,40
49,Utah,51-8021,Stationary Engineers and Boiler Operators,2012,200,2022,210,10,5,10
49,Utah,43-9111,Statistical Assistants,2012,210,2022,250,40,23.3,10
49,Utah,15-2041,Statisticians,2012,180,2022,260,80,41.7,10
49,Utah,43-5081,Stock Clerks and Order Fillers,2012,15330,2022,16850,1520,9.9,620
49,Utah,47-2022,Stonemasons,2012,50,2022,70,20,36.7,0
49,Utah,47-2221,Structural Iron and Steel Workers,2012,1220,2022,1690,470,38.2,90
49,Utah,51-2041,Structural Metal Fabricators and Fitters,2012,1320,2022,1650,330,25.6,90
49,Utah,21-1011,Substance Abuse and Behavioral Disorder Counselors,2012,420,2022,580,160,37.5,20
49,Utah,29-1067,Surgeons,2012,340,2022,470,130,37.3,20
49,Utah,29-2055,Surgical Technologists,2012,1020,2022,1450,430,41.8,50
49,Utah,19-3022,Survey Researchers,2012,120,2022,160,40,33.3,10
49,Utah,17-3031,Surveying and Mapping Technicians,2012,340,2022,430,90,27.8,20
49,Utah,17-1022,Surveyors,2012,400,2022,490,90,21.3,20
49,Utah,43-2011,Switchboard Operators  Including Answering Service,2012,470,2022,430,-40,-6.9,10
49,Utah,51-6052,Tailors  Dressmakers  and Custom Sewers,2012,520,2022,620,100,20.2,20
49,Utah,47-2082,Tapers,2012,320,2022,450,130,39.4,20
49,Utah,13-2081,Tax Examiners and Collectors  and Revenue Agents,2012,2290,2022,2040,-250,-10.6,80
49,Utah,13-2082,Tax Preparers,2012,850,2022,1120,270,31.3,40
49,Utah,53-3041,Taxi Drivers and Chauffeurs,2012,1680,2022,2260,580,34.6,80
49,Utah,25-9041,Teacher Assistants,2012,12410,2022,15050,2640,21.3,550
49,Utah,25-3099,Teachers and Instructors  All Other,2012,7990,2022,9620,1630,20.4,300
49,Utah,51-2092,Team Assemblers,2012,11320,2022,13560,2240,19.7,400
49,Utah,27-3042,Technical Writers,2012,730,2022,890,160,21.6,40
49,Utah,49-2022,Telecommunications Equipment Installers and Repairers  Except Line Installers,2012,2140,2022,2410,270,12.8,60
49,Utah,49-9052,Telecommunications Line Installers and Repairers,2012,1030,2022,1330,300,29.7,60
49,Utah,41-9041,Telemarketers,2012,4560,2022,5670,1110,24.2,210
49,Utah,43-3071,Tellers,2012,5000,2022,5910,910,18.2,330
49,Utah,51-6061,Textile Bleaching and Dyeing Machine Operators and Tenders,2012,70,2022,70,0,-1.5,0
49,Utah,51-6062,Textile Cutting Machine Setters  Operators  and Tenders,2012,250,2022,260,10,6.9,10
49,Utah,51-6063,Textile Knitting and Weaving Machine Setters  Operators  and Tenders,2012,70,2022,80,10,8.3,0
49,Utah,51-6099,Textile  Apparel  and Furnishings Workers  All Other,2012,140,2022,190,50,29.2,0
49,Utah,47-2044,Tile and Marble Setters,2012,980,2022,1340,360,36.7,50
49,Utah,49-3093,Tire Repairers and Changers,2012,1320,2022,1620,300,22.5,80
49,Utah,23-2093,Title Examiners  Abstractors  and Searchers,2012,790,2022,970,180,23.6,30
49,Utah,51-4111,Tool and Die Makers,2012,300,2022,350,50,15.5,10
49,Utah,00-0000,Total  All Occupations,2012,1309800,2022,1627770,317970,24.3,62730
49,Utah,Nov-31,Training and Development Managers,2012,240,2022,290,50,21.1,10
49,Utah,13-1151,Training and Development Specialists,2012,2740,2022,3560,820,30,130
49,Utah,33-9093,Transportation Security Screeners,2012,410,2022,460,50,12.9,10
49,Utah,53-6099,Transportation Workers  All Other,2012,260,2022,330,70,26.1,20
49,Utah,Nov-71,Transportation  Storage  and Distribution Managers,2012,1000,2022,1180,180,17,40
49,Utah,41-3041,Travel Agents,2012,650,2022,660,10,2.2,10
49,Utah,37-3013,Tree Trimmers and Pruners,2012,230,2022,300,70,34.1,10
49,Utah,27-2023,Umpires  Referees  and Other Sports Officials,2012,450,2022,570,120,25.8,30
49,Utah,51-6093,Upholsterers,2012,140,2022,180,40,28.5,10
49,Utah,19-3051,Urban and Regional Planners,2012,490,2022,600,110,22.1,30
49,Utah,39-3031,Ushers  Lobby Attendants  and Ticket Takers,2012,1880,2022,2360,480,25.6,150
49,Utah,29-1131,Veterinarians,2012,460,2022,590,130,27.2,30
49,Utah,31-9096,Veterinary Assistants and Laboratory Animal Caretakers,2012,240,2022,290,50,20.7,10
49,Utah,29-2056,Veterinary Technologists and Technicians,2012,750,2022,1080,330,44.2,40
49,Utah,25-1194,Vocational Education Teachers  Postsecondary,2012,2370,2022,3080,710,30,110
49,Utah,35-3031,Waiters and Waitresses,2012,16990,2022,20130,3140,18.5,1130
49,Utah,51-8031,Water and Wastewater Treatment Plant and System Operators,2012,1340,2022,1600,260,18.9,70
49,Utah,15-1134,Web Developers,2012,2480,2022,3440,960,38.6,130
49,Utah,43-5111,Weighers  Measurers  Checkers  and Samplers  Recordkeeping,2012,620,2022,770,150,25.1,30
49,Utah,51-4121,Welders  Cutters  Solderers  and Brazers,2012,4480,2022,5500,1020,22.7,210
49,Utah,51-4122,Welding  Soldering  and Brazing Machine Setters  Operators  and Tenders,2012,200,2022,280,80,42,10
49,Utah,53-7073,Wellhead Pumpers,2012,290,2022,370,80,27.1,20
49,Utah,13-1022,Wholesale and Retail Buyers  Except Farm Products,2012,1250,2022,1540,290,22.7,60
49,Utah,51-7042,Woodworking Machine Setters  Operators  and Tenders  Except Sawing,2012,600,2022,760,160,26.1,20
49,Utah,43-9022,Word Processors and Typists,2012,640,2022,620,-20,-3,0
49,Utah,27-3043,Writers and Authors,2012,1110,2022,1370,260,23.3,50
49,Utah,19-1023,Zoologists and Wildlife Biologists,2012,330,2022,370,40,11.8,10
