STFIPS,AreaName,OccupationCode,OccupationName,BaseYear,Base,ProjYear,Proj,Change,PercentChange,AvgAnnualOpenings
50,Vermont,13-2011,Accountants and Auditors,2012,3470,2022,3780,310,8.9,130
50,Vermont,15-2011,Actuaries,2012,50,2022,60,10,23.4,0
50,Vermont,23-1021,Administrative Law Judges  Adjudicators  and Hearing Officers,2012,40,2022,40,0,11.4,0
50,Vermont,Nov-11,Administrative Services Managers,2012,240,2022,270,30,9.8,10
50,Vermont,25-3011,Adult Basic and Secondary Education and Literacy Teachers and Instructors,2012,260,2022,270,10,2.3,10
50,Vermont,Nov-11,Advertising and Promotions Managers,2012,70,2022,80,10,9.6,0
50,Vermont,41-3011,Advertising Sales Agents,2012,510,2022,490,-20,-3.6,20
50,Vermont,19-4011,Agricultural and Food Science Technicians,2012,90,2022,100,10,11.6,0
50,Vermont,45-2011,Agricultural Inspectors,2012,30,2022,40,10,15.6,0
50,Vermont,25-1041,Agricultural Sciences Teachers  Postsecondary,2012,10,2022,10,0,0,0
50,Vermont,49-3011,Aircraft Mechanics and Service Technicians,2012,150,2022,160,10,5.2,10
50,Vermont,53-2022,Airfield Operations Specialists,2012,20,2022,20,0,0,0
50,Vermont,39-3091,Amusement and Recreation Attendants,2012,410,2022,450,40,9.2,30
50,Vermont,29-1061,Anesthesiologists,2012,120,2022,140,20,12.2,10
50,Vermont,33-9011,Animal Control Workers,2012,30,2022,40,10,12.5,0
50,Vermont,19-1011,Animal Scientists,2012,20,2022,20,0,0,0
50,Vermont,39-2011,Animal Trainers,2012,80,2022,90,10,17.9,0
50,Vermont,19-3091,Anthropologists and Archeologists,2012,20,2022,20,0,5.3,0
50,Vermont,25-1061,Anthropology and Archeology Teachers  Postsecondary,2012,20,2022,20,0,5.3,0
50,Vermont,13-2021,Appraisers and Assessors of Real Estate,2012,410,2022,440,30,7.4,10
50,Vermont,17-1011,Architects  Except Landscape and Naval,2012,430,2022,470,40,9.7,10
50,Vermont,17-3011,Architectural and Civil Drafters,2012,170,2022,160,-10,-6.5,0
50,Vermont,25-4011,Archivists,2012,20,2022,30,10,8.3,0
50,Vermont,25-1062,Area  Ethnic  and Cultural Studies Teachers  Postsecondary,2012,30,2022,40,10,6.1,0
50,Vermont,27-1011,Art Directors,2012,490,2022,500,10,1.2,10
50,Vermont,25-1121,Art  Drama  and Music Teachers  Postsecondary,2012,340,2022,360,20,6.5,10
50,Vermont,27-2021,Athletes and Sports Competitors,2012,20,2022,30,10,4.2,0
50,Vermont,29-9091,Athletic Trainers,2012,80,2022,100,20,14.3,0
50,Vermont,19-2021,Atmospheric and Space Scientists,2012,30,2022,30,0,17.9,0
50,Vermont,27-4011,Audio and Video Equipment Technicians,2012,70,2022,70,0,6,0
50,Vermont,29-1181,Audiologists,2012,30,2022,30,0,6.9,0
50,Vermont,25-9011,Audio-Visual and Multimedia Collections Specialists,2012,30,2022,30,0,0,0
50,Vermont,49-3021,Automotive Body and Related Repairers,2012,660,2022,680,20,3,20
50,Vermont,49-3022,Automotive Glass Installers and Repairers,2012,110,2022,110,0,1.9,0
50,Vermont,49-3023,Automotive Service Technicians and Mechanics,2012,2660,2022,2700,40,1.3,70
50,Vermont,49-2091,Avionics Technicians,2012,10,2022,10,0,0,0
50,Vermont,39-6011,Baggage Porters and Bellhops,2012,130,2022,140,10,9.5,0
50,Vermont,33-3011,Bailiffs,2012,20,2022,30,10,12.5,0
50,Vermont,51-3011,Bakers,2012,820,2022,870,50,7,30
50,Vermont,35-3011,Bartenders,2012,1810,2022,1970,160,8.8,80
50,Vermont,49-3091,Bicycle Repairers,2012,120,2022,150,30,24.6,10
50,Vermont,43-3011,Bill and Account Collectors,2012,450,2022,500,50,10.7,20
50,Vermont,43-3021,Billing and Posting Clerks,2012,950,2022,1060,110,11.4,30
50,Vermont,19-1021,Biochemists and Biophysicists,2012,70,2022,80,10,27.7,0
50,Vermont,19-1029,Biological Scientists  All Other,2012,40,2022,50,10,11.9,0
50,Vermont,19-4021,Biological Technicians,2012,100,2022,120,20,15.7,10
50,Vermont,17-2031,Biomedical Engineers,2012,20,2022,20,0,5.9,0
50,Vermont,47-2011,Boilermakers,2012,70,2022,60,-10,-16.4,0
50,Vermont,43-3031,Bookkeeping  Accounting  and Auditing Clerks,2012,6150,2022,6640,490,8.1,110
50,Vermont,47-2021,Brickmasons and Blockmasons,2012,110,2022,130,20,18.9,0
50,Vermont,27-4012,Broadcast Technicians,2012,110,2022,110,0,-2.7,0
50,Vermont,43-4011,Brokerage Clerks,2012,100,2022,90,-10,-11.2,0
50,Vermont,13-2031,Budget Analysts,2012,100,2022,120,20,18.6,10
50,Vermont,49-3031,Bus and Truck Mechanics and Diesel Engine Specialists,2012,620,2022,710,90,15.4,20
50,Vermont,53-3022,Bus Drivers  School or Special Client,2012,1250,2022,1280,30,2.3,30
50,Vermont,53-3021,Bus Drivers  Transit and Intercity,2012,680,2022,720,40,5.8,20
50,Vermont,13-1199,Business Operations Specialists  All Other,2012,1000,2022,1070,70,7.3,20
50,Vermont,25-1011,Business Teachers  Postsecondary,2012,230,2022,250,20,5.1,10
50,Vermont,51-3021,Butchers and Meat Cutters,2012,220,2022,230,10,1.8,10
50,Vermont,13-1021,Buyers and Purchasing Agents  Farm Products,2012,130,2022,130,0,4,0
50,Vermont,51-7011,Cabinetmakers and Bench Carpenters,2012,370,2022,430,60,16.8,10
50,Vermont,27-4031,Camera Operators  Television  Video  and Motion Picture,2012,100,2022,110,10,5.8,0
50,Vermont,29-2031,Cardiovascular Technologists and Technicians,2012,40,2022,50,10,28.6,0
50,Vermont,25-2023,Career/Technical Education Teachers  Middle School,2012,10,2022,10,0,0,0
50,Vermont,25-2032,Career/Technical Education Teachers  Secondary School,2012,270,2022,260,-10,-3.3,10
50,Vermont,43-5011,Cargo and Freight Agents,2012,60,2022,50,-10,-3.6,0
50,Vermont,47-2031,Carpenters,2012,7000,2022,8250,1250,17.9,210
50,Vermont,47-2041,Carpet Installers,2012,170,2022,180,10,7,0
50,Vermont,41-2011,Cashiers,2012,9380,2022,9480,100,1,420
50,Vermont,47-2051,Cement Masons and Concrete Finishers,2012,190,2022,220,30,17,10
50,Vermont,35-1011,Chefs and Head Cooks,2012,770,2022,810,40,4.5,20
50,Vermont,17-2041,Chemical Engineers,2012,20,2022,20,0,4.8,0
50,Vermont,51-8091,Chemical Plant and System Operators,2012,0,2022,0,0,0,0
50,Vermont,19-4031,Chemical Technicians,2012,110,2022,110,0,5.6,0
50,Vermont,25-1052,Chemistry Teachers  Postsecondary,2012,30,2022,30,0,6.9,0
50,Vermont,19-2031,Chemists,2012,110,2022,130,20,12.4,0
50,Vermont,11-1011,Chief Executives,2012,620,2022,650,30,4.8,20
50,Vermont,21-1021,Child  Family  and School Social Workers,2012,840,2022,980,140,16.3,30
50,Vermont,39-9011,Childcare Workers,2012,3750,2022,4260,510,13.6,160
50,Vermont,29-1011,Chiropractors,2012,210,2022,220,10,7.8,10
50,Vermont,17-3022,Civil Engineering Technicians,2012,310,2022,310,0,0.3,10
50,Vermont,17-2051,Civil Engineers,2012,470,2022,540,70,15.6,20
50,Vermont,13-1031,Claims Adjusters  Examiners  and Investigators,2012,280,2022,300,20,5.4,10
50,Vermont,53-7061,Cleaners of Vehicles and Equipment,2012,570,2022,600,30,5.6,20
50,Vermont,51-9192,Cleaning  Washing  and Metal Pickling Equipment Operators and Tenders,2012,10,2022,20,10,14.3,0
50,Vermont,21-2011,Clergy,2012,1260,2022,1290,30,2.9,30
50,Vermont,19-3031,Clinical  Counseling  and School Psychologists,2012,660,2022,690,30,5.5,20
50,Vermont,27-2022,Coaches and Scouts,2012,1810,2022,1940,130,7.3,70
50,Vermont,51-9121,Coating  Painting  and Spraying Machine Setters  Operators  and Tenders,2012,230,2022,240,10,2.2,0
50,Vermont,49-9091,Coin  Vending  and Amusement Machine Servicers and Repairers,2012,140,2022,120,-20,-10.1,0
50,Vermont,35-3021,Combined Food Preparation and Serving Workers  Including Fast Food,2012,5450,2022,6090,640,11.6,270
50,Vermont,27-1021,Commercial and Industrial Designers,2012,300,2022,320,20,6.3,10
50,Vermont,53-2012,Commercial Pilots,2012,40,2022,40,0,4.9,0
50,Vermont,25-1122,Communications Teachers  Postsecondary,2012,120,2022,120,0,3.4,0
50,Vermont,21-1099,Community and Social Service Specialists  All Other,2012,240,2022,280,40,17.1,10
50,Vermont,21-1094,Community Health Workers,2012,490,2022,580,90,18.6,20
50,Vermont,Nov-11,Compensation and Benefits Managers,2012,20,2022,20,0,10.5,0
50,Vermont,13-1141,Compensation  Benefits  and Job Analysis Specialists,2012,240,2022,250,10,4.7,10
50,Vermont,13-1041,Compliance Officers,2012,1960,2022,2170,210,10.6,60
50,Vermont,Nov-21,Computer and Information Systems Managers,2012,570,2022,590,20,4.4,10
50,Vermont,15-1143,Computer Network Architects,2012,170,2022,170,0,4.8,0
50,Vermont,15-1152,Computer Network Support Specialists,2012,430,2022,430,0,1.4,10
50,Vermont,51-4012,Computer Numerically Controlled Machine Tool Programmers  Metal and Plastic,2012,120,2022,150,30,22.5,10
50,Vermont,15-1199,Computer Occupations  All Other,2012,320,2022,320,0,-0.3,10
50,Vermont,43-9011,Computer Operators,2012,140,2022,110,-30,-19.9,0
50,Vermont,15-1131,Computer Programmers,2012,360,2022,350,-10,-2.8,10
50,Vermont,15-1121,Computer Systems Analysts,2012,370,2022,440,70,17.5,10
50,Vermont,15-1151,Computer User Support Specialists,2012,1560,2022,1780,220,13.7,50
50,Vermont,49-2011,Computer  Automated Teller  and Office Machine Repairers,2012,200,2022,200,0,1,0
50,Vermont,51-4011,Computer-Controlled Machine Tool Operators  Metal and Plastic,2012,550,2022,610,60,12.1,20
50,Vermont,39-6012,Concierges,2012,20,2022,30,10,21.7,0
50,Vermont,19-1031,Conservation Scientists,2012,60,2022,70,10,9.8,0
50,Vermont,47-4011,Construction and Building Inspectors,2012,250,2022,270,20,10.5,10
50,Vermont,47-2061,Construction Laborers,2012,2200,2022,2490,290,13.1,80
50,Vermont,Nov-21,Construction Managers,2012,2520,2022,2760,240,9.5,60
50,Vermont,49-9012,Control and Valve Installers and Repairers  Except Mechanical Door,2012,160,2022,170,10,7.7,10
50,Vermont,53-7011,Conveyor Operators and Tenders,2012,30,2022,30,0,14.8,0
50,Vermont,35-2011,Cooks  Fast Food,2012,390,2022,380,-10,-2.1,10
50,Vermont,35-2012,Cooks  Institution and Cafeteria,2012,1180,2022,1310,130,10.4,40
50,Vermont,35-2013,Cooks  Private Household,2012,10,2022,10,0,0,0
50,Vermont,35-2014,Cooks  Restaurant,2012,2440,2022,2730,290,11.8,80
50,Vermont,35-2015,Cooks  Short Order,2012,490,2022,490,0,-0.6,10
50,Vermont,13-1051,Cost Estimators,2012,510,2022,600,90,16.3,20
50,Vermont,21-1019,Counselors  All Other,2012,30,2022,30,0,28,0
50,Vermont,41-2021,Counter and Rental Clerks,2012,690,2022,720,30,4.5,20
50,Vermont,35-3022,Counter Attendants  Cafeteria  Food Concession  and Coffee Shop,2012,1180,2022,1150,-30,-2.8,70
50,Vermont,43-4031,Court  Municipal  and License Clerks,2012,910,2022,1080,170,18.1,30
50,Vermont,53-7021,Crane and Tower Operators,2012,80,2022,90,10,17.3,0
50,Vermont,13-2041,Credit Analysts,2012,100,2022,110,10,7.8,0
50,Vermont,43-4041,Credit Authorizers  Checkers  and Clerks,2012,40,2022,40,0,-11.4,0
50,Vermont,13-2071,Credit Counselors,2012,40,2022,50,10,16.3,0
50,Vermont,25-1111,Criminal Justice and Law Enforcement Teachers  Postsecondary,2012,20,2022,30,10,4.2,0
50,Vermont,33-9091,Crossing Guards,2012,310,2022,350,40,14.7,10
50,Vermont,51-9021,Crushing  Grinding  and Polishing Machine Setters  Operators  and Tenders,2012,210,2022,190,-20,-6.8,10
50,Vermont,25-4012,Curators,2012,40,2022,40,0,10.5,0
50,Vermont,43-4051,Customer Service Representatives,2012,3050,2022,3250,200,6.6,100
50,Vermont,51-9031,Cutters and Trimmers  Hand,2012,90,2022,70,-20,-17.2,0
50,Vermont,51-9032,Cutting and Slicing Machine Setters  Operators  and Tenders,2012,260,2022,240,-20,-5.9,0
50,Vermont,51-4031,Cutting  Punching  and Press Machine Setters  Operators  and Tenders  Metal and Plastic,2012,180,2022,170,-10,-8.3,0
50,Vermont,43-9021,Data Entry Keyers,2012,360,2022,280,-80,-21,0
50,Vermont,15-1141,Database Administrators,2012,230,2022,250,20,10.1,10
50,Vermont,41-9011,Demonstrators and Product Promoters,2012,140,2022,140,0,3.7,0
50,Vermont,31-9091,Dental Assistants,2012,520,2022,580,60,11.5,20
50,Vermont,29-2021,Dental Hygienists,2012,540,2022,640,100,18.6,20
50,Vermont,51-9081,Dental Laboratory Technicians,2012,30,2022,30,0,17.2,0
50,Vermont,29-1021,Dentists  General,2012,600,2022,610,10,1.8,20
50,Vermont,43-9031,Desktop Publishers,2012,50,2022,50,0,-9.8,0
50,Vermont,33-3021,Detectives and Criminal Investigators,2012,240,2022,280,40,19.1,10
50,Vermont,29-2032,Diagnostic Medical Sonographers,2012,100,2022,140,40,35,10
50,Vermont,29-2051,Dietetic Technicians,2012,70,2022,80,10,15.5,0
50,Vermont,29-1031,Dietitians and Nutritionists,2012,190,2022,220,30,15.3,10
50,Vermont,35-9011,Dining Room and Cafeteria Attendants and Bartender Helpers,2012,590,2022,620,30,5.2,30
50,Vermont,35-9021,Dishwashers,2012,1650,2022,1720,70,3.9,80
50,Vermont,43-5032,Dispatchers  Except Police  Fire  and Ambulance,2012,380,2022,400,20,5,10
50,Vermont,41-9091,Door-to-Door Sales Workers  News and Street Vendors  and Related Workers,2012,10,2022,10,0,-14.3,0
50,Vermont,17-3019,Drafters  All Other,2012,10,2022,10,0,0,0
50,Vermont,51-4032,Drilling and Boring Machine Tool Setters  Operators  and Tenders  Metal and Plastic,2012,120,2022,100,-20,-19.5,0
50,Vermont,53-3031,Driver/Sales Workers,2012,1660,2022,1760,100,6,40
50,Vermont,47-2081,Drywall and Ceiling Tile Installers,2012,330,2022,340,10,5.5,10
50,Vermont,47-5021,Earth Drillers  Except Oil and Gas,2012,70,2022,80,10,9.6,0
50,Vermont,19-3011,Economists,2012,60,2022,70,10,18.6,0
50,Vermont,27-3041,Editors,2012,350,2022,340,-10,-1.4,10
50,Vermont,Nov-39,Education Administrators  All Other,2012,90,2022,100,10,4.3,0
50,Vermont,Nov-32,Education Administrators  Elementary and Secondary School,2012,810,2022,790,-20,-1.9,20
50,Vermont,Nov-33,Education Administrators  Postsecondary,2012,610,2022,640,30,5.2,20
50,Vermont,Nov-31,Education Administrators  Preschool and Childcare Center/Program,2012,330,2022,350,20,6.7,10
50,Vermont,25-1081,Education Teachers  Postsecondary,2012,210,2022,220,10,5.2,0
50,Vermont,21-1012,Educational  Guidance  School  and Vocational Counselors,2012,780,2022,830,50,6.8,20
50,Vermont,49-2094,Electrical and Electronics Repairers  Commercial and Industrial Equipment,2012,120,2022,130,10,2.4,0
50,Vermont,17-2071,Electrical Engineers,2012,500,2022,490,-10,-1.2,10
50,Vermont,49-9051,Electrical Power-Line Installers and Repairers,2012,400,2022,400,0,1.8,20
50,Vermont,47-2111,Electricians,2012,1150,2022,1280,130,10.8,30
50,Vermont,51-2023,Electromechanical Equipment Assemblers,2012,180,2022,160,-20,-9,0
50,Vermont,17-3024,Electro-Mechanical Technicians,2012,50,2022,50,0,-8,0
50,Vermont,49-2096,Electronic Equipment Installers and Repairers  Motor Vehicles,2012,40,2022,40,0,-2.3,0
50,Vermont,49-2097,Electronic Home Entertainment Equipment Installers and Repairers,2012,110,2022,100,-10,-9.7,0
50,Vermont,17-2072,Electronics Engineers  Except Computer,2012,200,2022,200,0,2,0
50,Vermont,25-2021,Elementary School Teachers  Except Special Education,2012,3080,2022,3170,90,3.1,80
50,Vermont,43-4061,Eligibility Interviewers  Government Programs,2012,110,2022,130,20,24.5,10
50,Vermont,Nov-61,Emergency Management Directors,2012,40,2022,40,0,10.8,0
50,Vermont,29-2041,Emergency Medical Technicians and Paramedics,2012,580,2022,690,110,19.4,30
50,Vermont,17-3029,Engineering Technicians  Except Drafters  All Other,2012,50,2022,50,0,2.1,0
50,Vermont,17-2199,Engineers  All Other,2012,70,2022,70,0,-1.4,0
50,Vermont,25-1123,English Language and Literature Teachers  Postsecondary,2012,250,2022,260,10,3.2,10
50,Vermont,17-3025,Environmental Engineering Technicians,2012,80,2022,90,10,11.8,0
50,Vermont,17-2081,Environmental Engineers,2012,230,2022,270,40,13.2,10
50,Vermont,19-2041,Environmental Scientists and Specialists  Including Health,2012,710,2022,790,80,10.4,30
50,Vermont,19-1041,Epidemiologists,2012,20,2022,20,0,5.9,0
50,Vermont,53-7032,Excavating and Loading Machine and Dragline Operators,2012,110,2022,120,10,11.4,0
50,Vermont,43-6011,Executive Secretaries and Executive Administrative Assistants,2012,2260,2022,2210,-50,-2.5,30
50,Vermont,51-4021,Extruding and Drawing Machine Setters  Operators  and Tenders  Metal and Plastic,2012,220,2022,200,-20,-8.6,0
50,Vermont,51-9041,Extruding  Forming  Pressing  and Compacting Machine Setters  Operators  and Tenders,2012,200,2022,220,20,10.9,10
50,Vermont,29-1062,Family and General Practitioners,2012,350,2022,370,20,3.1,10
50,Vermont,49-3041,Farm Equipment Mechanics and Service Technicians,2012,130,2022,150,20,9.8,10
50,Vermont,Nov-13,Farmers  Ranchers  and Other Agricultural Managers,2012,4750,2022,5230,480,10.2,130
50,Vermont,27-1022,Fashion Designers,2012,80,2022,80,0,2.7,0
50,Vermont,47-4031,Fence Erectors,2012,200,2022,230,30,18.8,10
50,Vermont,43-4071,File Clerks,2012,210,2022,190,-20,-9.7,10
50,Vermont,13-2051,Financial Analysts,2012,400,2022,410,10,2.5,10
50,Vermont,13-2061,Financial Examiners,2012,70,2022,70,0,12.1,0
50,Vermont,Nov-31,Financial Managers,2012,890,2022,950,60,5.7,20
50,Vermont,13-2099,Financial Specialists  All Other,2012,90,2022,100,10,8.8,0
50,Vermont,33-2021,Fire Inspectors and Investigators,2012,40,2022,40,0,13.2,0
50,Vermont,33-2011,Firefighters,2012,360,2022,410,50,12.5,10
50,Vermont,47-1011,First-Line Supervisors of Construction Trades and Extraction Workers,2012,2130,2022,2430,300,13.8,50
50,Vermont,33-1011,First-Line Supervisors of Correctional Officers,2012,60,2022,70,10,13.3,0
50,Vermont,45-1011,First-Line Supervisors of Farming  Fishing  and Forestry Workers,2012,140,2022,140,0,-0.7,0
50,Vermont,33-1021,First-Line Supervisors of Fire Fighting and Prevention Workers,2012,40,2022,40,0,15.8,0
50,Vermont,35-1012,First-Line Supervisors of Food Preparation and Serving Workers,2012,1720,2022,1880,160,9.3,70
50,Vermont,53-1021,First-Line Supervisors of Helpers  Laborers  and Material Movers  Hand,2012,260,2022,280,20,5.7,10
50,Vermont,37-1011,First-Line Supervisors of Housekeeping and Janitorial Workers,2012,1030,2022,1150,120,11.3,40
50,Vermont,37-1012,First-Line Supervisors of Landscaping  Lawn Service  and Groundskeeping Workers,2012,1060,2022,1190,130,13.2,30
50,Vermont,49-1011,First-Line Supervisors of Mechanics  Installers  and Repairers,2012,1150,2022,1200,50,4.7,40
50,Vermont,41-1012,First-Line Supervisors of Non-Retail Sales Workers,2012,1350,2022,1260,-90,-6.8,20
50,Vermont,43-1011,First-Line Supervisors of Office and Administrative Support Workers,2012,2320,2022,2500,180,7.9,70
50,Vermont,39-1021,First-Line Supervisors of Personal Service Workers,2012,1350,2022,1420,70,5.6,30
50,Vermont,33-1012,First-Line Supervisors of Police and Detectives,2012,150,2022,170,20,12.7,10
50,Vermont,51-1011,First-Line Supervisors of Production and Operating Workers,2012,1610,2022,1660,50,3,30
50,Vermont,33-1099,First-Line Supervisors of Protective Service Workers  All Other,2012,150,2022,160,10,1.9,0
50,Vermont,41-1011,First-Line Supervisors of Retail Sales Workers,2012,4650,2022,4540,-110,-2.4,100
50,Vermont,53-1031,First-Line Supervisors of Transportation and Material-Moving Machine and Vehicle Operators,2012,560,2022,590,30,4.5,20
50,Vermont,33-3031,Fish and Game Wardens,2012,40,2022,40,0,-5.1,0
50,Vermont,39-9031,Fitness Trainers and Aerobics Instructors,2012,900,2022,1000,100,10.4,20
50,Vermont,47-2042,Floor Layers  Except Carpet  Wood  and Hard Tiles,2012,100,2022,110,10,10.1,0
50,Vermont,51-3091,Food and Tobacco Roasting  Baking  and Drying Machine Operators and Tenders,2012,100,2022,120,20,15.5,10
50,Vermont,51-3092,Food Batchmakers,2012,430,2022,490,60,15.3,20
50,Vermont,51-3093,Food Cooking Machine Operators and Tenders,2012,60,2022,60,0,12.3,0
50,Vermont,35-9099,Food Preparation and Serving Related Workers  All Other,2012,150,2022,170,20,16.9,10
50,Vermont,35-2021,Food Preparation Workers,2012,1720,2022,1750,30,1.5,50
50,Vermont,51-3099,Food Processing Workers  All Other,2012,170,2022,200,30,13.3,10
50,Vermont,19-1012,Food Scientists and Technologists,2012,60,2022,70,10,14.1,0
50,Vermont,35-3041,Food Servers  Nonrestaurant,2012,390,2022,450,60,16.4,20
50,Vermont,Nov-51,Food Service Managers,2012,960,2022,950,-10,-0.4,20
50,Vermont,25-1124,Foreign Language and Literature Teachers  Postsecondary,2012,60,2022,70,10,6.5,0
50,Vermont,19-4093,Forest and Conservation Technicians,2012,40,2022,50,10,15.4,0
50,Vermont,19-1032,Foresters,2012,90,2022,100,10,13.5,0
50,Vermont,13-1131,Fundraisers,2012,250,2022,280,30,11.6,10
50,Vermont,39-4021,Funeral Attendants,2012,50,2022,50,0,0,0
50,Vermont,51-9051,Furnace  Kiln  Oven  Drier  and Kettle Operators and Tenders,2012,20,2022,20,0,5.6,0
50,Vermont,51-7021,Furniture Finishers,2012,350,2022,400,50,13.9,10
50,Vermont,11-1021,General and Operations Managers,2012,3250,2022,3520,270,8.2,90
50,Vermont,19-2042,Geoscientists  Except Hydrologists and Geographers,2012,50,2022,50,0,11.1,0
50,Vermont,47-2121,Glaziers,2012,40,2022,40,0,4.8,0
50,Vermont,45-2041,Graders and Sorters  Agricultural Products,2012,320,2022,320,0,0.6,10
50,Vermont,27-1024,Graphic Designers,2012,970,2022,1010,40,4.2,30
50,Vermont,51-9022,Grinding and Polishing Workers  Hand,2012,140,2022,140,0,-0.7,0
50,Vermont,51-4033,Grinding  Lapping  Polishing  and Buffing Machine Tool Setters  Operators  and Tenders  Metal and Plastic,2012,230,2022,200,-30,-15.6,10
50,Vermont,39-5012,Hairdressers  Hairstylists  and Cosmetologists,2012,2210,2022,2470,260,12,80
50,Vermont,47-4041,Hazardous Materials Removal Workers,2012,40,2022,40,0,-2.7,0
50,Vermont,17-2111,Health and Safety Engineers  Except Mining Safety Engineers and Inspectors,2012,60,2022,60,0,3.5,0
50,Vermont,29-1199,Health Diagnosing and Treating Practitioners  All Other,2012,120,2022,130,10,8.1,0
50,Vermont,21-1091,Health Educators,2012,300,2022,350,50,15.4,10
50,Vermont,29-2099,Health Technologists and Technicians  All Other,2012,180,2022,230,50,23.9,10
50,Vermont,29-9099,Healthcare Practitioners and Technical Workers  All Other,2012,50,2022,50,0,4.2,0
50,Vermont,21-1022,Healthcare Social Workers,2012,320,2022,400,80,24.9,20
50,Vermont,31-9099,Healthcare Support Workers  All Other,2012,180,2022,210,30,14.2,10
50,Vermont,49-9021,Heating  Air Conditioning  and Refrigeration Mechanics and Installers,2012,690,2022,710,20,2.8,20
50,Vermont,53-3032,Heavy and Tractor-Trailer Truck Drivers,2012,4780,2022,4980,200,4.4,100
50,Vermont,47-3019,Helpers  Construction Trades  All Other,2012,20,2022,20,0,22.2,0
50,Vermont,47-3011,Helpers--Brickmasons  Blockmasons  Stonemasons  and Tile and Marble Setters,2012,70,2022,90,20,29.2,0
50,Vermont,47-3012,Helpers--Carpenters,2012,230,2022,270,40,17.4,10
50,Vermont,47-3013,Helpers--Electricians,2012,250,2022,310,60,25.1,10
50,Vermont,49-9098,Helpers--Installation  Maintenance  and Repair Workers,2012,200,2022,220,20,5.9,10
50,Vermont,47-3015,Helpers--Pipelayers  Plumbers  Pipefitters  and Steamfitters,2012,110,2022,120,10,16.2,0
50,Vermont,51-9198,Helpers--Production Workers,2012,420,2022,470,50,12.7,10
50,Vermont,47-3016,Helpers--Roofers,2012,10,2022,20,10,7.1,0
50,Vermont,47-4051,Highway Maintenance Workers,2012,1410,2022,1590,180,13,40
50,Vermont,25-1125,History Teachers  Postsecondary,2012,60,2022,60,0,3.6,0
50,Vermont,49-9031,Home Appliance Repairers,2012,220,2022,210,-10,-4.1,10
50,Vermont,31-1011,Home Health Aides,2012,570,2022,770,200,35.1,30
50,Vermont,35-9031,Hosts and Hostesses  Restaurant  Lounge  and Coffee Shop,2012,540,2022,560,20,3.2,40
50,Vermont,43-4081,Hotel  Motel  and Resort Desk Clerks,2012,1200,2022,1360,160,13.6,70
50,Vermont,43-4161,Human Resources Assistants  Except Payroll and Timekeeping,2012,190,2022,200,10,1,10
50,Vermont,Nov-21,Human Resources Managers,2012,130,2022,150,20,10.7,0
50,Vermont,13-1071,Human Resources Specialists,2012,870,2022,900,30,3.2,20
50,Vermont,19-2043,Hydrologists,2012,20,2022,20,0,6.7,0
50,Vermont,17-3026,Industrial Engineering Technicians,2012,110,2022,110,0,0,0
50,Vermont,17-2112,Industrial Engineers,2012,430,2022,450,20,4.9,10
50,Vermont,49-9041,Industrial Machinery Mechanics,2012,470,2022,590,120,24.4,30
50,Vermont,Nov-51,Industrial Production Managers,2012,460,2022,490,30,5,10
50,Vermont,53-7051,Industrial Truck and Tractor Operators,2012,660,2022,650,-10,-1.8,20
50,Vermont,43-4199,Information and Record Clerks  All Other,2012,300,2022,300,0,0.3,10
50,Vermont,15-1122,Information Security Analysts,2012,40,2022,50,10,30.6,0
50,Vermont,51-9061,Inspectors  Testers  Sorters  Samplers  and Weighers,2012,1000,2022,1100,100,9.6,30
50,Vermont,49-9099,Installation  Maintenance  and Repair Workers  All Other,2012,160,2022,170,10,7.7,0
50,Vermont,25-9031,Instructional Coordinators,2012,520,2022,550,30,7.2,10
50,Vermont,47-2131,Insulation Workers  Floor  Ceiling  and Wall,2012,80,2022,90,10,13.3,0
50,Vermont,13-1032,Insurance Appraisers  Auto Damage,2012,20,2022,20,0,-4.8,0
50,Vermont,43-9041,Insurance Claims and Policy Processing Clerks,2012,360,2022,370,10,2.8,10
50,Vermont,41-3021,Insurance Sales Agents,2012,1150,2022,1220,70,5.8,30
50,Vermont,13-2053,Insurance Underwriters,2012,170,2022,150,-20,-9.4,10
50,Vermont,27-1025,Interior Designers,2012,160,2022,170,10,7,10
50,Vermont,29-1063,Internists  General,2012,210,2022,210,0,2.4,10
50,Vermont,27-3091,Interpreters and Translators,2012,160,2022,190,30,22.9,10
50,Vermont,43-4111,Interviewers  Except Eligibility and Loan,2012,300,2022,320,20,3.6,10
50,Vermont,37-2011,Janitors and Cleaners  Except Maids and Housekeeping Cleaners,2012,4850,2022,5320,470,9.7,140
50,Vermont,51-9071,Jewelers and Precious Stone and Metal Workers,2012,150,2022,140,-10,-8,0
50,Vermont,23-1023,Judges  Magistrate Judges  and Magistrates,2012,30,2022,30,0,17.9,0
50,Vermont,25-2012,Kindergarten Teachers  Except Special Education,2012,310,2022,320,10,3.3,10
50,Vermont,13-1075,Labor Relations Specialists,2012,150,2022,140,-10,-6,0
50,Vermont,53-7062,Laborers and Freight  Stock  and Material Movers  Hand,2012,2030,2022,2230,200,9.6,80
50,Vermont,37-3011,Landscaping and Groundskeeping Workers,2012,4490,2022,5060,570,12.8,170
50,Vermont,51-4034,Lathe and Turning Machine Tool Setters  Operators  and Tenders  Metal and Plastic,2012,110,2022,100,-10,-11.9,0
50,Vermont,51-6011,Laundry and Dry-Cleaning Workers,2012,500,2022,540,40,8.2,20
50,Vermont,23-1011,Lawyers,2012,2110,2022,2220,110,5.5,50
50,Vermont,43-6012,Legal Secretaries,2012,290,2022,250,-40,-11.9,0
50,Vermont,23-2099,Legal Support Workers  All Other,2012,200,2022,230,30,12.7,10
50,Vermont,25-4021,Librarians,2012,620,2022,640,20,3.2,20
50,Vermont,43-4121,Library Assistants  Clerical,2012,370,2022,420,50,13.2,20
50,Vermont,25-4031,Library Technicians,2012,260,2022,280,20,6.4,20
50,Vermont,29-2061,Licensed Practical and Licensed Vocational Nurses,2012,1400,2022,1640,240,16.8,60
50,Vermont,33-9092,Lifeguards  Ski Patrol  and Other Recreational Protective Service Workers,2012,240,2022,260,20,7.5,20
50,Vermont,53-3033,Light Truck or Delivery Services Drivers,2012,2050,2022,2090,40,2,40
50,Vermont,43-4131,Loan Interviewers and Clerks,2012,220,2022,230,10,5,0
50,Vermont,13-2072,Loan Officers,2012,440,2022,460,20,4.8,10
50,Vermont,39-3093,Locker Room  Coatroom  and Dressing Room Attendants,2012,40,2022,40,0,10.5,0
50,Vermont,Nov-81,Lodging Managers,2012,540,2022,520,-20,-3.7,20
50,Vermont,45-4022,Logging Equipment Operators,2012,150,2022,170,20,12.2,0
50,Vermont,13-1081,Logisticians,2012,100,2022,130,30,28.7,0
50,Vermont,53-7063,Machine Feeders and Offbearers,2012,120,2022,120,0,2.6,0
50,Vermont,51-4041,Machinists,2012,620,2022,670,50,9.4,20
50,Vermont,37-2012,Maids and Housekeeping Cleaners,2012,4990,2022,5590,600,12,160
50,Vermont,43-9051,Mail Clerks and Mail Machine Operators  Except Postal Service,2012,330,2022,310,-20,-7.6,10
50,Vermont,49-9071,Maintenance and Repair Workers  General,2012,3090,2022,3360,270,8.7,90
50,Vermont,49-9043,Maintenance Workers  Machinery,2012,60,2022,70,10,20,0
50,Vermont,13-1111,Management Analysts,2012,850,2022,1020,170,19.2,30
50,Vermont,Nov-99,Managers  All Other,2012,2680,2022,2900,220,7.9,80
50,Vermont,13-1161,Market Research Analysts and Marketing Specialists,2012,1280,2022,1610,330,26.3,50
50,Vermont,Nov-21,Marketing Managers,2012,420,2022,460,40,11.8,10
50,Vermont,31-9011,Massage Therapists,2012,850,2022,920,70,7.5,20
50,Vermont,17-2131,Materials Engineers,2012,40,2022,30,-10,-8.6,0
50,Vermont,25-1022,Mathematical Science Teachers  Postsecondary,2012,100,2022,100,0,3.1,0
50,Vermont,51-3022,Meat  Poultry  and Fish Cutters and Trimmers,2012,130,2022,130,0,-1.5,0
50,Vermont,49-9011,Mechanical Door Repairers,2012,30,2022,40,10,18.2,0
50,Vermont,17-3013,Mechanical Drafters,2012,140,2022,120,-20,-15.3,0
50,Vermont,17-3027,Mechanical Engineering Technicians,2012,70,2022,70,0,-2.9,0
50,Vermont,17-2141,Mechanical Engineers,2012,390,2022,390,0,0.5,10
50,Vermont,27-4099,Media and Communication Equipment Workers  All Other,2012,30,2022,30,0,8,0
50,Vermont,29-2012,Medical and Clinical Laboratory Technicians,2012,300,2022,370,70,21.7,10
50,Vermont,29-2011,Medical and Clinical Laboratory Technologists,2012,430,2022,460,30,8.5,20
50,Vermont,Nov-11,Medical and Health Services Managers,2012,830,2022,1010,180,21.7,40
50,Vermont,51-9082,Medical Appliance Technicians,2012,20,2022,20,0,20,0
50,Vermont,31-9092,Medical Assistants,2012,670,2022,780,110,16.1,20
50,Vermont,31-9093,Medical Equipment Preparers,2012,120,2022,140,20,15.6,0
50,Vermont,49-9062,Medical Equipment Repairers,2012,60,2022,70,10,11.9,0
50,Vermont,29-2071,Medical Records and Health Information Technicians,2012,540,2022,640,100,18.4,20
50,Vermont,19-1042,Medical Scientists  Except Epidemiologists,2012,240,2022,250,10,5.5,10
50,Vermont,43-6013,Medical Secretaries,2012,980,2022,1230,250,24.8,40
50,Vermont,31-9094,Medical Transcriptionists,2012,390,2022,400,10,2,10
50,Vermont,13-1121,Meeting  Convention  and Event Planners,2012,420,2022,530,110,27.2,20
50,Vermont,21-1023,Mental Health and Substance Abuse Social Workers,2012,870,2022,1040,170,19.1,40
50,Vermont,21-1014,Mental Health Counselors,2012,810,2022,1040,230,28.9,40
50,Vermont,27-1026,Merchandise Displayers and Window Trimmers,2012,190,2022,200,10,4.8,10
50,Vermont,51-4199,Metal Workers and Plastic Workers  All Other,2012,110,2022,110,0,1.9,0
50,Vermont,43-5041,Meter Readers  Utilities,2012,80,2022,60,-20,-24.7,0
50,Vermont,19-1022,Microbiologists,2012,20,2022,20,0,4.5,0
50,Vermont,25-2022,Middle School Teachers  Except Special and Career/Technical Education,2012,1360,2022,1400,40,3.2,30
50,Vermont,49-9044,Millwrights,2012,30,2022,30,0,-3.3,0
50,Vermont,51-9023,Mixing and Blending Machine Setters  Operators  and Tenders,2012,160,2022,170,10,9.4,10
50,Vermont,49-3042,Mobile Heavy Equipment Mechanics  Except Engines,2012,220,2022,240,20,10.1,10
50,Vermont,51-9195,Molders  Shapers  and Casters  Except Metal and Plastic,2012,250,2022,270,20,7.1,10
50,Vermont,51-4072,Molding  Coremaking  and Casting Machine Setters  Operators  and Tenders  Metal and Plastic,2012,410,2022,390,-20,-3.9,10
50,Vermont,39-4031,Morticians  Undertakers  and Funeral Directors,2012,110,2022,120,10,10.3,0
50,Vermont,39-3021,Motion Picture Projectionists,2012,20,2022,20,0,-22.7,0
50,Vermont,49-3051,Motorboat Mechanics and Service Technicians,2012,130,2022,130,0,-0.8,0
50,Vermont,49-3052,Motorcycle Mechanics,2012,80,2022,80,0,1.2,0
50,Vermont,25-4013,Museum Technicians and Conservators,2012,40,2022,40,0,13.2,0
50,Vermont,15-1142,Network and Computer Systems Administrators,2012,1380,2022,1490,110,8.2,30
50,Vermont,43-4141,New Accounts Clerks,2012,70,2022,60,-10,-9.2,0
50,Vermont,39-2021,Nonfarm Animal Caretakers,2012,570,2022,650,80,14.5,20
50,Vermont,29-2033,Nuclear Medicine Technologists,2012,30,2022,30,0,14.8,0
50,Vermont,29-1151,Nurse Anesthetists,2012,70,2022,80,10,9.6,0
50,Vermont,29-1161,Nurse Midwives,2012,30,2022,40,10,15.2,0
50,Vermont,29-1171,Nurse Practitioners,2012,410,2022,490,80,21,20
50,Vermont,31-1014,Nursing Assistants,2012,3150,2022,3640,490,15.5,110
50,Vermont,29-1064,Obstetricians and Gynecologists,2012,90,2022,90,0,2.3,0
50,Vermont,29-9011,Occupational Health and Safety Specialists,2012,110,2022,120,10,7.2,0
50,Vermont,29-9012,Occupational Health and Safety Technicians,2012,20,2022,30,10,8.7,0
50,Vermont,29-1122,Occupational Therapists,2012,240,2022,280,40,16.8,10
50,Vermont,31-2012,Occupational Therapy Aides,2012,10,2022,20,10,25,0
50,Vermont,31-2011,Occupational Therapy Assistants,2012,30,2022,30,0,17.9,0
50,Vermont,43-9199,Office and Administrative Support Workers  All Other,2012,130,2022,130,0,1.5,0
50,Vermont,43-9061,Office Clerks  General,2012,2040,2022,2070,30,1.5,50
50,Vermont,43-9071,Office Machine Operators  Except Computer,2012,100,2022,90,-10,-15.8,0
50,Vermont,47-2073,Operating Engineers and Other Construction Equipment Operators,2012,1250,2022,1430,180,14.4,50
50,Vermont,51-9083,Ophthalmic Laboratory Technicians,2012,30,2022,30,0,10.3,0
50,Vermont,29-2057,Ophthalmic Medical Technicians,2012,80,2022,90,10,16,0
50,Vermont,29-2081,Opticians  Dispensing,2012,140,2022,160,20,11.5,10
50,Vermont,29-1041,Optometrists,2012,70,2022,70,0,10.6,0
50,Vermont,43-4151,Order Clerks,2012,1140,2022,1120,-20,-2.1,30
50,Vermont,31-1015,Orderlies,2012,120,2022,140,20,15.1,0
50,Vermont,29-2091,Orthotists and Prosthetists,2012,10,2022,20,10,36.4,0
50,Vermont,49-3053,Outdoor Power Equipment and Other Small Engine Mechanics,2012,180,2022,180,0,-1.1,0
50,Vermont,51-9111,Packaging and Filling Machine Operators and Tenders,2012,1660,2022,1850,190,11.1,60
50,Vermont,53-7064,Packers and Packagers  Hand,2012,820,2022,910,90,10.9,30
50,Vermont,47-2141,Painters  Construction and Maintenance,2012,1680,2022,1950,270,16.1,50
50,Vermont,51-9122,Painters  Transportation Equipment,2012,60,2022,60,0,8.8,0
50,Vermont,51-9123,Painting  Coating  and Decorating Workers,2012,20,2022,20,0,0,0
50,Vermont,51-9196,Paper Goods Machine Setters  Operators  and Tenders,2012,220,2022,210,-10,-2.8,0
50,Vermont,23-2011,Paralegals and Legal Assistants,2012,630,2022,700,70,9.6,20
50,Vermont,33-3041,Parking Enforcement Workers,2012,20,2022,20,0,0,0
50,Vermont,53-6021,Parking Lot Attendants,2012,120,2022,130,10,6.8,10
50,Vermont,41-2022,Parts Salespersons,2012,550,2022,570,20,3.3,20
50,Vermont,47-2071,Paving  Surfacing  and Tamping Equipment Operators,2012,260,2022,290,30,11.2,10
50,Vermont,43-3051,Payroll and Timekeeping Clerks,2012,460,2022,500,40,8.7,10
50,Vermont,29-1065,Pediatricians  General,2012,200,2022,200,0,3.6,10
50,Vermont,39-9021,Personal Care Aides,2012,8540,2022,12660,4120,48.3,470
50,Vermont,39-9099,Personal Care and Service Workers  All Other,2012,40,2022,50,10,11.9,0
50,Vermont,13-2052,Personal Financial Advisors,2012,280,2022,310,30,13.8,10
50,Vermont,37-2021,Pest Control Workers,2012,50,2022,60,10,23.1,0
50,Vermont,17-2171,Petroleum Engineers,2012,0,2022,0,0,0,0
50,Vermont,29-1051,Pharmacists,2012,640,2022,720,80,12.2,20
50,Vermont,31-9095,Pharmacy Aides,2012,200,2022,220,20,5.9,10
50,Vermont,29-2052,Pharmacy Technicians,2012,670,2022,760,90,14.4,20
50,Vermont,25-1126,Philosophy and Religion Teachers  Postsecondary,2012,80,2022,90,10,9.5,0
50,Vermont,31-9097,Phlebotomists,2012,310,2022,360,50,17,10
50,Vermont,27-4021,Photographers,2012,530,2022,550,20,3.4,10
50,Vermont,31-2022,Physical Therapist Aides,2012,40,2022,60,20,27.9,0
50,Vermont,31-2021,Physical Therapist Assistants,2012,140,2022,180,40,29.8,10
50,Vermont,29-1123,Physical Therapists,2012,720,2022,920,200,27.8,40
50,Vermont,29-1071,Physician Assistants,2012,320,2022,390,70,23.2,10
50,Vermont,29-1069,Physicians and Surgeons  All Other,2012,1410,2022,1500,90,6.1,40
50,Vermont,19-2012,Physicists,2012,20,2022,20,0,5.6,0
50,Vermont,25-1054,Physics Teachers  Postsecondary,2012,10,2022,20,10,7.1,0
50,Vermont,47-2151,Pipelayers,2012,260,2022,300,40,14.8,10
50,Vermont,51-4193,Plating and Coating Machine Setters  Operators  and Tenders  Metal and Plastic,2012,60,2022,60,0,-6.3,0
50,Vermont,47-2152,Plumbers  Pipefitters  and Steamfitters,2012,1140,2022,1300,160,13.9,30
50,Vermont,33-3051,Police and Sheriff's Patrol Officers,2012,1500,2022,1700,200,13.3,70
50,Vermont,43-5031,Police  Fire  and Ambulance Dispatchers,2012,300,2022,350,50,16.7,10
50,Vermont,25-1065,Political Science Teachers  Postsecondary,2012,30,2022,40,10,5.9,0
50,Vermont,43-5051,Postal Service Clerks,2012,270,2022,180,-90,-33.2,0
50,Vermont,43-5052,Postal Service Mail Carriers,2012,750,2022,540,-210,-28.1,30
50,Vermont,43-5053,Postal Service Mail Sorters  Processors  and Processing Machine Operators,2012,330,2022,230,-100,-31.2,0
50,Vermont,Nov-31,Postmasters and Mail Superintendents,2012,220,2022,170,-50,-25.9,10
50,Vermont,51-8013,Power Plant Operators,2012,150,2022,130,-20,-12.5,10
50,Vermont,49-9069,Precision Instrument and Equipment Repairers  All Other,2012,20,2022,20,0,0,0
50,Vermont,51-5111,Prepress Technicians and Workers,2012,150,2022,130,-20,-12.8,0
50,Vermont,25-2011,Preschool Teachers  Except Special Education,2012,1060,2022,1150,90,9.3,40
50,Vermont,51-6021,Pressers  Textile  Garment  and Related Materials,2012,40,2022,40,0,2.3,0
50,Vermont,51-5113,Print Binding and Finishing Workers,2012,290,2022,280,-10,-2.8,10
50,Vermont,51-5112,Printing Press Operators,2012,320,2022,310,-10,-0.9,10
50,Vermont,21-1092,Probation Officers and Correctional Treatment Specialists,2012,250,2022,270,20,8.1,10
50,Vermont,43-3061,Procurement Clerks,2012,170,2022,170,0,0.6,10
50,Vermont,27-2012,Producers and Directors,2012,360,2022,380,20,5.3,10
50,Vermont,51-9199,Production Workers  All Other,2012,410,2022,460,50,12.9,20
50,Vermont,43-5061,Production  Planning  and Expediting Clerks,2012,560,2022,570,10,2.9,20
50,Vermont,43-9081,Proofreaders and Copy Markers,2012,50,2022,40,-10,-12.8,0
50,Vermont,Nov-41,Property  Real Estate  and Community Association Managers,2012,1250,2022,1380,130,10.9,40
50,Vermont,33-9099,Protective Service Workers  All Other,2012,70,2022,70,0,10.8,10
50,Vermont,29-1066,Psychiatrists,2012,120,2022,120,0,5.2,0
50,Vermont,19-3039,Psychologists  All Other,2012,60,2022,70,10,16.1,0
50,Vermont,25-1066,Psychology Teachers  Postsecondary,2012,140,2022,150,10,5.1,0
50,Vermont,27-3012,Public Address System and Other Announcers,2012,110,2022,120,10,15.2,0
50,Vermont,Nov-31,Public Relations and Fundraising Managers,2012,100,2022,110,10,8.8,0
50,Vermont,27-3031,Public Relations Specialists,2012,850,2022,920,70,8.5,20
50,Vermont,53-7072,Pump Operators  Except Wellhead Pumpers,2012,0,2022,0,0,0,0
50,Vermont,13-1023,Purchasing Agents  Except Wholesale  Retail  and Farm Products,2012,660,2022,690,30,4.1,20
50,Vermont,Nov-61,Purchasing Managers,2012,170,2022,170,0,0,0
50,Vermont,29-1124,Radiation Therapists,2012,100,2022,120,20,18.8,0
50,Vermont,27-3011,Radio and Television Announcers,2012,270,2022,270,0,-0.7,10
50,Vermont,49-2021,Radio  Cellular  and Tower Equipment Installers and Repairs,2012,30,2022,30,0,11.1,0
50,Vermont,47-4061,Rail-Track Laying and Maintenance Equipment Operators,2012,20,2022,20,0,6.7,0
50,Vermont,41-9022,Real Estate Sales Agents,2012,480,2022,530,50,9.8,10
50,Vermont,43-4171,Receptionists and Information Clerks,2012,2140,2022,2260,120,5.5,70
50,Vermont,25-1193,Recreation and Fitness Studies Teachers  Postsecondary,2012,60,2022,70,10,3.1,0
50,Vermont,39-9032,Recreation Workers,2012,1470,2022,1630,160,10.5,30
50,Vermont,29-1125,Recreational Therapists,2012,40,2022,50,10,9.3,0
50,Vermont,53-7081,Refuse and Recyclable Material Collectors,2012,820,2022,840,20,3.1,20
50,Vermont,29-1141,Registered Nurses,2012,6540,2022,7610,1070,16.3,230
50,Vermont,21-1015,Rehabilitation Counselors,2012,520,2022,640,120,24.1,20
50,Vermont,27-3022,Reporters and Correspondents,2012,320,2022,290,-30,-8.8,10
50,Vermont,43-4181,Reservation and Transportation Ticket Agents and Travel Clerks,2012,200,2022,190,-10,-4.6,0
50,Vermont,39-9041,Residential Advisors,2012,250,2022,280,30,11.3,10
50,Vermont,29-1126,Respiratory Therapists,2012,190,2022,230,40,18.2,10
50,Vermont,29-2054,Respiratory Therapy Technicians,2012,100,2022,110,10,20,0
50,Vermont,41-2031,Retail Salespersons,2012,9710,2022,10350,640,6.5,400
50,Vermont,47-2181,Roofers,2012,440,2022,460,20,4.8,10
50,Vermont,47-5012,Rotary Drill Operators  Oil and Gas,2012,0,2022,0,0,0,0
50,Vermont,41-9099,Sales and Related Workers  All Other,2012,130,2022,150,20,13.1,0
50,Vermont,41-9031,Sales Engineers,2012,120,2022,110,-10,-5,0
50,Vermont,Nov-22,Sales Managers,2012,560,2022,590,30,5.4,20
50,Vermont,41-3099,Sales Representatives  Services  All Other,2012,680,2022,770,90,12.1,30
50,Vermont,41-4012,Sales Representatives  Wholesale and Manufacturing  Except Technical and Scientific Products,2012,2740,2022,2990,250,9.1,80
50,Vermont,41-4011,Sales Representatives  Wholesale and Manufacturing  Technical and Scientific Products,2012,580,2022,610,30,4,10
50,Vermont,51-7041,Sawing Machine Setters  Operators  and Tenders  Wood,2012,200,2022,230,30,20,10
50,Vermont,25-2031,Secondary School Teachers  Except Special and Career/Technical Education,2012,2560,2022,2480,-80,-3,70
50,Vermont,43-6014,Secretaries and Administrative Assistants  Except Legal  Medical  and Executive,2012,6590,2022,7170,580,8.8,140
50,Vermont,41-3031,Securities  Commodities  and Financial Services Sales Agents,2012,690,2022,700,10,0.1,20
50,Vermont,49-2098,Security and Fire Alarm Systems Installers,2012,90,2022,100,10,12.1,0
50,Vermont,33-9032,Security Guards,2012,1410,2022,1560,150,10.7,40
50,Vermont,25-3021,Self-Enrichment Education Teachers,2012,1020,2022,1100,80,7.9,30
50,Vermont,51-9012,Separating  Filtering  Clarifying  Precipitating  and Still Machine Setters  Operators  and Tenders,2012,320,2022,350,30,11,20
50,Vermont,47-4071,Septic Tank Servicers and Sewer Pipe Cleaners,2012,60,2022,70,10,6.6,0
50,Vermont,27-1027,Set and Exhibit Designers,2012,20,2022,30,10,13.6,0
50,Vermont,51-6031,Sewing Machine Operators,2012,290,2022,250,-40,-12.5,0
50,Vermont,47-2211,Sheet Metal Workers,2012,400,2022,440,40,9.7,10
50,Vermont,43-5071,Shipping  Receiving  and Traffic Clerks,2012,1580,2022,1600,20,1.5,40
50,Vermont,51-3023,Slaughterers and Meat Packers,2012,40,2022,50,10,11.6,0
50,Vermont,Nov-51,Social and Community Service Managers,2012,700,2022,810,110,15.8,30
50,Vermont,21-1093,Social and Human Service Assistants,2012,2420,2022,2900,480,19.9,110
50,Vermont,19-4061,Social Science Research Assistants,2012,10,2022,10,0,10,0
50,Vermont,25-1069,Social Sciences Teachers  Postsecondary  All Other,2012,10,2022,10,0,7.7,0
50,Vermont,19-3099,Social Scientists and Related Workers  All Other,2012,60,2022,60,0,12.5,0
50,Vermont,25-1113,Social Work Teachers  Postsecondary,2012,30,2022,30,0,3.3,0
50,Vermont,21-1029,Social Workers  All Other,2012,60,2022,70,10,13.8,0
50,Vermont,25-1067,Sociology Teachers  Postsecondary,2012,70,2022,70,0,2.9,0
50,Vermont,15-1132,Software Developers  Applications,2012,910,2022,1070,160,18.1,30
50,Vermont,15-1133,Software Developers  Systems Software,2012,770,2022,850,80,11.3,20
50,Vermont,19-1013,Soil and Plant Scientists,2012,30,2022,30,0,11.1,0
50,Vermont,25-2052,Special Education Teachers  Kindergarten and Elementary School,2012,690,2022,670,-20,-3.2,10
50,Vermont,25-2053,Special Education Teachers  Middle School,2012,290,2022,280,-10,-3.2,10
50,Vermont,25-2054,Special Education Teachers  Secondary School,2012,680,2022,650,-30,-3.7,10
50,Vermont,29-1127,Speech-Language Pathologists,2012,540,2022,540,0,0.6,10
50,Vermont,51-8021,Stationary Engineers and Boiler Operators,2012,70,2022,70,0,12.3,0
50,Vermont,15-2041,Statisticians,2012,50,2022,60,10,22,0
50,Vermont,43-5081,Stock Clerks and Order Fillers,2012,3060,2022,2970,-90,-3,90
50,Vermont,47-2022,Stonemasons,2012,210,2022,250,40,19.9,10
50,Vermont,47-2221,Structural Iron and Steel Workers,2012,40,2022,50,10,9.8,0
50,Vermont,51-2041,Structural Metal Fabricators and Fitters,2012,70,2022,70,0,7.7,0
50,Vermont,21-1011,Substance Abuse and Behavioral Disorder Counselors,2012,310,2022,410,100,30.6,20
50,Vermont,29-1067,Surgeons,2012,200,2022,220,20,10.4,10
50,Vermont,29-2055,Surgical Technologists,2012,120,2022,160,40,27.4,0
50,Vermont,19-3022,Survey Researchers,2012,30,2022,30,0,7.4,0
50,Vermont,17-3031,Surveying and Mapping Technicians,2012,130,2022,130,0,6.4,0
50,Vermont,17-1022,Surveyors,2012,160,2022,160,0,2.6,0
50,Vermont,43-2011,Switchboard Operators  Including Answering Service,2012,450,2022,400,-50,-11.1,10
50,Vermont,13-2081,Tax Examiners and Collectors  and Revenue Agents,2012,110,2022,120,10,13,10
50,Vermont,13-2082,Tax Preparers,2012,130,2022,130,0,5.6,0
50,Vermont,53-3041,Taxi Drivers and Chauffeurs,2012,890,2022,920,30,4.4,10
50,Vermont,25-9041,Teacher Assistants,2012,5600,2022,5540,-60,-1.2,130
50,Vermont,51-2092,Team Assemblers,2012,1670,2022,1820,150,8.9,40
50,Vermont,27-3042,Technical Writers,2012,110,2022,130,20,14.3,10
50,Vermont,49-2022,Telecommunications Equipment Installers and Repairers  Except Line Installers,2012,360,2022,370,10,2.5,10
50,Vermont,49-9052,Telecommunications Line Installers and Repairers,2012,430,2022,410,-20,-5.5,10
50,Vermont,41-9041,Telemarketers,2012,130,2022,140,10,9.2,0
50,Vermont,43-3071,Tellers,2012,1330,2022,1310,-20,-1.7,60
50,Vermont,51-6063,Textile Knitting and Weaving Machine Setters  Operators  and Tenders,2012,30,2022,20,-10,-25,0
50,Vermont,51-6099,Textile  Apparel  and Furnishings Workers  All Other,2012,20,2022,20,0,5.9,0
50,Vermont,29-1129,Therapists  All Other,2012,100,2022,130,30,33.7,0
50,Vermont,47-2044,Tile and Marble Setters,2012,50,2022,50,0,8.7,0
50,Vermont,49-3093,Tire Repairers and Changers,2012,100,2022,110,10,4,0
50,Vermont,51-4111,Tool and Die Makers,2012,160,2022,160,0,4.5,0
50,Vermont,51-4194,Tool Grinders  Filers  and Sharpeners,2012,60,2022,60,0,1.6,0
50,Vermont,00-0000,Total  All Occupations,2012,363320,2022,394220,30900,8.5,11530
50,Vermont,39-7011,Tour Guides and Escorts,2012,370,2022,380,10,5.2,20
50,Vermont,Nov-31,Training and Development Managers,2012,40,2022,50,10,9.1,0
50,Vermont,13-1151,Training and Development Specialists,2012,640,2022,720,80,12.4,20
50,Vermont,53-6061,Transportation Attendants  Except Flight Attendants,2012,40,2022,30,-10,-2.9,0
50,Vermont,53-6051,Transportation Inspectors,2012,30,2022,40,10,12.1,0
50,Vermont,33-9093,Transportation Security Screeners,2012,120,2022,150,30,22.3,10
50,Vermont,Nov-71,Transportation  Storage  and Distribution Managers,2012,170,2022,180,10,5.2,10
50,Vermont,41-3041,Travel Agents,2012,240,2022,220,-20,-6.8,0
50,Vermont,51-6093,Upholsterers,2012,80,2022,80,0,0,0
50,Vermont,19-3051,Urban and Regional Planners,2012,240,2022,270,30,13.5,10
50,Vermont,29-1131,Veterinarians,2012,390,2022,400,10,3.1,10
50,Vermont,31-9096,Veterinary Assistants and Laboratory Animal Caretakers,2012,80,2022,80,0,0,0
50,Vermont,29-2056,Veterinary Technologists and Technicians,2012,460,2022,540,80,18.6,10
50,Vermont,25-1194,Vocational Education Teachers  Postsecondary,2012,160,2022,170,10,3.7,0
50,Vermont,35-3031,Waiters and Waitresses,2012,4610,2022,4820,210,4.5,240
50,Vermont,51-8031,Water and Wastewater Treatment Plant and System Operators,2012,210,2022,240,30,12.7,10
50,Vermont,15-1134,Web Developers,2012,700,2022,820,120,18.4,20
50,Vermont,43-5111,Weighers  Measurers  Checkers  and Samplers  Recordkeeping,2012,150,2022,170,20,13.2,10
50,Vermont,51-4121,Welders  Cutters  Solderers  and Brazers,2012,390,2022,400,10,2.6,10
50,Vermont,51-4122,Welding  Soldering  and Brazing Machine Setters  Operators  and Tenders,2012,250,2022,240,-10,-1.2,10
50,Vermont,13-1022,Wholesale and Retail Buyers  Except Farm Products,2012,500,2022,530,30,6,20
50,Vermont,51-7099,Woodworkers  All Other,2012,230,2022,240,10,6.7,10
50,Vermont,51-7042,Woodworking Machine Setters  Operators  and Tenders  Except Sawing,2012,670,2022,790,120,18.6,20
50,Vermont,43-9022,Word Processors and Typists,2012,110,2022,90,-20,-17.1,0
50,Vermont,27-3043,Writers and Authors,2012,910,2022,930,20,1.8,20
50,Vermont,19-1023,Zoologists and Wildlife Biologists,2012,170,2022,190,20,12,10
