STFIPS,AreaName,OccupationCode,OccupationName,BaseYear,Base,ProjYear,Proj,Change,PercentChange,AvgAnnualOpenings
51,Virginia,13-2011,Accountants and Auditors,2012,42020,2022,48790,6770,16.1,1920
51,Virginia,51-9191,Adhesive Bonding Machine Operators and Tenders,2012,620,2022,610,-10,-1.4,20
51,Virginia,23-1021,Administrative Law Judges  Adjudicators  and Hearing Officers,2012,450,2022,440,-10,-1.3,10
51,Virginia,Nov-11,Administrative Services Managers,2012,4750,2022,5470,720,15.2,150
51,Virginia,25-3011,Adult Basic and Secondary Education and Literacy Teachers and Instructors,2012,2980,2022,3380,400,13.4,90
51,Virginia,Nov-11,Advertising and Promotions Managers,2012,390,2022,430,40,9.4,20
51,Virginia,41-3011,Advertising Sales Agents,2012,3110,2022,3250,140,4.3,110
51,Virginia,17-3021,Aerospace Engineering and Operations Technicians,2012,350,2022,390,40,9.3,10
51,Virginia,17-2011,Aerospace Engineers,2012,4320,2022,5220,900,20.9,190
51,Virginia,13-1011,Agents and Business Managers of Artists  Performers  and Athletes,2012,310,2022,390,80,25.2,20
51,Virginia,19-4011,Agricultural and Food Science Technicians,2012,240,2022,230,-10,-4.6,10
51,Virginia,45-2091,Agricultural Equipment Operators,2012,2190,2022,2020,-170,-7.6,70
51,Virginia,45-2011,Agricultural Inspectors,2012,760,2022,810,50,5.6,30
51,Virginia,25-1041,Agricultural Sciences Teachers  Postsecondary,2012,500,2022,570,70,13.9,20
51,Virginia,45-2099,Agricultural Workers  All Other,2012,590,2022,560,-30,-4.3,20
51,Virginia,53-2021,Air Traffic Controllers,2012,1240,2022,1330,90,6.9,60
51,Virginia,53-1011,Aircraft Cargo Handling Supervisors,2012,130,2022,130,0,0,0
51,Virginia,49-3011,Aircraft Mechanics and Service Technicians,2012,1840,2022,1880,40,1.9,50
51,Virginia,53-2011,Airline Pilots  Copilots  and Flight Engineers,2012,2810,2022,2840,30,1.2,80
51,Virginia,53-3011,Ambulance Drivers and Attendants  Except Emergency Medical Technicians,2012,190,2022,320,130,72.7,20
51,Virginia,39-3091,Amusement and Recreation Attendants,2012,5890,2022,6780,890,15.1,380
51,Virginia,29-1061,Anesthesiologists,2012,870,2022,1150,280,32.7,50
51,Virginia,45-2021,Animal Breeders,2012,110,2022,90,-20,-24.6,0
51,Virginia,33-9011,Animal Control Workers,2012,450,2022,520,70,16.1,20
51,Virginia,39-2011,Animal Trainers,2012,1770,2022,2340,570,31.8,130
51,Virginia,19-3091,Anthropologists and Archeologists,2012,270,2022,340,70,22.7,10
51,Virginia,25-1061,Anthropology and Archeology Teachers  Postsecondary,2012,100,2022,120,20,18.6,0
51,Virginia,13-2021,Appraisers and Assessors of Real Estate,2012,1700,2022,1860,160,9.5,30
51,Virginia,17-1011,Architects  Except Landscape and Naval,2012,3440,2022,3980,540,15.7,140
51,Virginia,17-3011,Architectural and Civil Drafters,2012,1480,2022,1450,-30,-2.1,20
51,Virginia,Nov-41,Architectural and Engineering Managers,2012,5830,2022,6660,830,14.2,230
51,Virginia,25-1031,Architecture Teachers  Postsecondary,2012,220,2022,270,50,20.5,10
51,Virginia,25-4011,Archivists,2012,130,2022,160,30,17.9,10
51,Virginia,25-1062,Area  Ethnic  and Cultural Studies Teachers  Postsecondary,2012,210,2022,250,40,22.3,10
51,Virginia,27-1011,Art Directors,2012,1540,2022,1600,60,4.4,40
51,Virginia,25-1121,Art  Drama  and Music Teachers  Postsecondary,2012,2210,2022,2710,500,22.5,80
51,Virginia,27-1019,Artists and Related Workers  All Other,2012,310,2022,300,-10,-2.9,10
51,Virginia,51-2099,Assemblers and Fabricators  All Other,2012,5790,2022,6380,590,10.2,150
51,Virginia,27-2021,Athletes and Sports Competitors,2012,140,2022,170,30,15.3,10
51,Virginia,29-9091,Athletic Trainers,2012,650,2022,870,220,33.2,40
51,Virginia,19-2021,Atmospheric and Space Scientists,2012,430,2022,650,220,49.4,30
51,Virginia,25-1051,Atmospheric  Earth  Marine  and Space Sciences Teachers  Postsecondary,2012,250,2022,300,50,17.5,10
51,Virginia,27-4011,Audio and Video Equipment Technicians,2012,1480,2022,1750,270,18.5,50
51,Virginia,29-1181,Audiologists,2012,370,2022,560,190,51.3,30
51,Virginia,25-9011,Audio-Visual and Multimedia Collections Specialists,2012,180,2022,190,10,3.9,0
51,Virginia,53-6031,Automotive and Watercraft Service Attendants,2012,2530,2022,3130,600,24.1,130
51,Virginia,49-3022,Automotive Glass Installers and Repairers,2012,240,2022,270,30,15.3,10
51,Virginia,49-3023,Automotive Service Technicians and Mechanics,2012,22650,2022,25170,2520,11.1,830
51,Virginia,49-2091,Avionics Technicians,2012,220,2022,230,10,6.4,10
51,Virginia,39-6011,Baggage Porters and Bellhops,2012,2040,2022,2000,-40,-1.9,50
51,Virginia,33-3011,Bailiffs,2012,440,2022,510,70,16.1,20
51,Virginia,51-3011,Bakers,2012,2880,2022,3200,320,11.3,100
51,Virginia,35-3011,Bartenders,2012,8350,2022,9790,1440,17.2,450
51,Virginia,49-3091,Bicycle Repairers,2012,270,2022,320,50,18.5,10
51,Virginia,43-3011,Bill and Account Collectors,2012,9160,2022,10410,1250,13.7,380
51,Virginia,43-3021,Billing and Posting Clerks,2012,12840,2022,15550,2710,21.2,510
51,Virginia,19-1021,Biochemists and Biophysicists,2012,580,2022,740,160,27.1,30
51,Virginia,25-1042,Biological Science Teachers  Postsecondary,2012,1460,2022,1830,370,25.3,60
51,Virginia,19-1029,Biological Scientists  All Other,2012,790,2022,830,40,5.2,30
51,Virginia,19-4021,Biological Technicians,2012,1090,2022,1330,240,22.4,60
51,Virginia,17-2031,Biomedical Engineers,2012,460,2022,590,130,30,30
51,Virginia,47-2011,Boilermakers,2012,350,2022,350,0,1.1,20
51,Virginia,43-3031,Bookkeeping  Accounting  and Auditing Clerks,2012,49950,2022,57350,7400,14.8,1200
51,Virginia,47-2021,Brickmasons and Blockmasons,2012,2920,2022,3880,960,33,130
51,Virginia,27-4012,Broadcast Technicians,2012,1330,2022,1430,100,7.5,30
51,Virginia,43-4011,Brokerage Clerks,2012,1370,2022,1530,160,11.3,50
51,Virginia,13-2031,Budget Analysts,2012,3110,2022,3520,410,13.3,170
51,Virginia,49-3031,Bus and Truck Mechanics and Diesel Engine Specialists,2012,7240,2022,7950,710,9.9,230
51,Virginia,53-3022,Bus Drivers  School or Special Client,2012,17260,2022,18120,860,5,400
51,Virginia,53-3021,Bus Drivers  Transit and Intercity,2012,3640,2022,4210,570,15.6,120
51,Virginia,13-1199,Business Operations Specialists  All Other,2012,35340,2022,37360,2020,5.7,690
51,Virginia,25-1011,Business Teachers  Postsecondary,2012,2420,2022,2930,510,21,90
51,Virginia,51-3021,Butchers and Meat Cutters,2012,3230,2022,3510,280,8.8,110
51,Virginia,51-7011,Cabinetmakers and Bench Carpenters,2012,2510,2022,2380,-130,-5.5,20
51,Virginia,49-9061,Camera and Photographic Equipment Repairers,2012,160,2022,160,0,0,0
51,Virginia,27-4031,Camera Operators  Television  Video  and Motion Picture,2012,310,2022,330,20,8.9,10
51,Virginia,53-5021,Captains  Mates  and Pilots of Water Vessels,2012,1880,2022,2100,220,11.6,110
51,Virginia,29-2031,Cardiovascular Technologists and Technicians,2012,1580,2022,1970,390,25.3,60
51,Virginia,25-2023,Career/Technical Education Teachers  Middle School,2012,420,2022,470,50,11.3,10
51,Virginia,25-2032,Career/Technical Education Teachers  Secondary School,2012,3500,2022,3880,380,10.9,130
51,Virginia,43-5011,Cargo and Freight Agents,2012,1790,2022,1940,150,8.9,60
51,Virginia,47-2031,Carpenters,2012,24830,2022,30670,5840,23.5,890
51,Virginia,47-2041,Carpet Installers,2012,870,2022,940,70,7,20
51,Virginia,17-1021,Cartographers and Photogrammetrists,2012,470,2022,560,90,19.8,20
51,Virginia,41-2011,Cashiers,2012,91900,2022,96510,4610,5,4430
51,Virginia,47-2051,Cement Masons and Concrete Finishers,2012,4480,2022,5650,1170,26,170
51,Virginia,35-1011,Chefs and Head Cooks,2012,2840,2022,3080,240,8.4,70
51,Virginia,17-2041,Chemical Engineers,2012,1280,2022,1280,0,-0.2,30
51,Virginia,51-9011,Chemical Equipment Operators and Tenders,2012,1380,2022,1270,-110,-7.8,50
51,Virginia,51-8091,Chemical Plant and System Operators,2012,890,2022,790,-100,-11.6,30
51,Virginia,19-4031,Chemical Technicians,2012,1170,2022,1290,120,10.6,40
51,Virginia,25-1052,Chemistry Teachers  Postsecondary,2012,610,2022,730,120,20,20
51,Virginia,19-2031,Chemists,2012,1410,2022,1480,70,4.6,40
51,Virginia,11-1011,Chief Executives,2012,8480,2022,9300,820,9.6,260
51,Virginia,21-1021,Child  Family  and School Social Workers,2012,7790,2022,9370,1580,20.3,320
51,Virginia,39-9011,Childcare Workers,2012,28520,2022,33980,5460,19.1,1380
51,Virginia,29-1011,Chiropractors,2012,1260,2022,1710,450,36.3,70
51,Virginia,27-2032,Choreographers,2012,100,2022,130,30,31,10
51,Virginia,17-3022,Civil Engineering Technicians,2012,2830,2022,2960,130,4.5,70
51,Virginia,17-2051,Civil Engineers,2012,8720,2022,10500,1780,20.4,390
51,Virginia,13-1031,Claims Adjusters  Examiners  and Investigators,2012,4140,2022,4360,220,5.3,120
51,Virginia,53-7061,Cleaners of Vehicles and Equipment,2012,8820,2022,10130,1310,14.9,380
51,Virginia,51-9192,Cleaning  Washing  and Metal Pickling Equipment Operators and Tenders,2012,160,2022,150,-10,-1.3,0
51,Virginia,21-2011,Clergy,2012,1020,2022,1190,170,16.7,40
51,Virginia,19-3031,Clinical  Counseling  and School Psychologists,2012,3360,2022,3920,560,16.7,150
51,Virginia,27-2022,Coaches and Scouts,2012,6910,2022,8280,1370,19.8,340
51,Virginia,51-9121,Coating  Painting  and Spraying Machine Setters  Operators  and Tenders,2012,1240,2022,1240,0,0.5,20
51,Virginia,51-2021,Coil Winders  Tapers  and Finishers,2012,540,2022,460,-80,-13.4,10
51,Virginia,49-9091,Coin  Vending  and Amusement Machine Servicers and Repairers,2012,590,2022,560,-30,-3.6,10
51,Virginia,35-3021,Combined Food Preparation and Serving Workers  Including Fast Food,2012,92860,2022,110770,17910,19.3,5340
51,Virginia,27-1021,Commercial and Industrial Designers,2012,590,2022,600,10,2.9,20
51,Virginia,49-9092,Commercial Divers,2012,130,2022,150,20,21.6,10
51,Virginia,53-2012,Commercial Pilots,2012,740,2022,770,30,5,30
51,Virginia,25-1122,Communications Teachers  Postsecondary,2012,580,2022,690,110,19.1,20
51,Virginia,21-1099,Community and Social Service Specialists  All Other,2012,2460,2022,2770,310,12.7,100
51,Virginia,21-1094,Community Health Workers,2012,960,2022,1210,250,26.7,50
51,Virginia,Nov-11,Compensation and Benefits Managers,2012,520,2022,550,30,5.4,20
51,Virginia,13-1141,Compensation  Benefits  and Job Analysis Specialists,2012,2430,2022,2730,300,12.2,70
51,Virginia,13-1041,Compliance Officers,2012,6850,2022,7620,770,11.2,200
51,Virginia,15-1111,Computer and Information Research Scientists,2012,1900,2022,2220,320,16.7,60
51,Virginia,Nov-21,Computer and Information Systems Managers,2012,16730,2022,20180,3450,20.6,580
51,Virginia,17-2061,Computer Hardware Engineers,2012,1980,2022,2320,340,17.1,80
51,Virginia,15-1143,Computer Network Architects,2012,11380,2022,14170,2790,24.5,460
51,Virginia,15-1152,Computer Network Support Specialists,2012,8860,2022,10240,1380,15.5,280
51,Virginia,51-4012,Computer Numerically Controlled Machine Tool Programmers  Metal and Plastic,2012,340,2022,410,70,20.2,20
51,Virginia,15-1199,Computer Occupations  All Other,2012,10300,2022,9930,-370,-3.5,160
51,Virginia,43-9011,Computer Operators,2012,1660,2022,1400,-260,-15.7,20
51,Virginia,15-1131,Computer Programmers,2012,10330,2022,11530,1200,11.6,390
51,Virginia,25-1021,Computer Science Teachers  Postsecondary,2012,1370,2022,1630,260,18.9,50
51,Virginia,15-1121,Computer Systems Analysts,2012,31020,2022,40200,9180,29.6,1410
51,Virginia,15-1151,Computer User Support Specialists,2012,18400,2022,23050,4650,25.2,750
51,Virginia,49-2011,Computer  Automated Teller  and Office Machine Repairers,2012,3630,2022,3910,280,7.7,100
51,Virginia,51-4011,Computer-Controlled Machine Tool Operators  Metal and Plastic,2012,1510,2022,1790,280,18.5,70
51,Virginia,39-6012,Concierges,2012,1320,2022,1600,280,20.7,60
51,Virginia,19-1031,Conservation Scientists,2012,430,2022,490,60,13.7,20
51,Virginia,47-4011,Construction and Building Inspectors,2012,3300,2022,3810,510,15.5,130
51,Virginia,47-4099,Construction and Related Workers  All Other,2012,1450,2022,1510,60,4.6,30
51,Virginia,47-2061,Construction Laborers,2012,26860,2022,32560,5700,21.2,1150
51,Virginia,Nov-21,Construction Managers,2012,12260,2022,13930,1670,13.6,360
51,Virginia,47-5041,Continuous Mining Machine Operators,2012,1090,2022,1030,-60,-5.2,20
51,Virginia,49-9012,Control and Valve Installers and Repairers  Except Mechanical Door,2012,950,2022,1020,70,7.1,40
51,Virginia,53-7011,Conveyor Operators and Tenders,2012,570,2022,570,0,-0.4,20
51,Virginia,35-2011,Cooks  Fast Food,2012,7730,2022,8090,360,4.7,190
51,Virginia,35-2012,Cooks  Institution and Cafeteria,2012,8310,2022,9620,1310,15.7,300
51,Virginia,35-2014,Cooks  Restaurant,2012,28230,2022,33800,5570,19.7,1110
51,Virginia,35-2015,Cooks  Short Order,2012,1790,2022,1900,110,6.1,50
51,Virginia,33-3012,Correctional Officers and Jailers,2012,18150,2022,20590,2440,13.4,730
51,Virginia,43-4021,Correspondence Clerks,2012,250,2022,280,30,11.6,10
51,Virginia,13-1051,Cost Estimators,2012,7770,2022,9800,2030,26,450
51,Virginia,41-2021,Counter and Rental Clerks,2012,9570,2022,10380,810,8.5,330
51,Virginia,35-3022,Counter Attendants  Cafeteria  Food Concession  and Coffee Shop,2012,11740,2022,12180,440,3.7,760
51,Virginia,43-5021,Couriers and Messengers,2012,1980,2022,1740,-240,-12.2,30
51,Virginia,23-2091,Court Reporters,2012,230,2022,280,50,21.1,10
51,Virginia,43-4031,Court  Municipal  and License Clerks,2012,2120,2022,2450,330,15.6,70
51,Virginia,27-1012,Craft Artists,2012,280,2022,280,0,0.4,10
51,Virginia,53-7021,Crane and Tower Operators,2012,1690,2022,2060,370,22.4,100
51,Virginia,13-2041,Credit Analysts,2012,1640,2022,1790,150,9.5,60
51,Virginia,43-4041,Credit Authorizers  Checkers  and Clerks,2012,960,2022,930,-30,-3.6,10
51,Virginia,13-2071,Credit Counselors,2012,670,2022,870,200,28.8,30
51,Virginia,25-1111,Criminal Justice and Law Enforcement Teachers  Postsecondary,2012,300,2022,360,60,19.4,10
51,Virginia,33-9091,Crossing Guards,2012,670,2022,730,60,9.7,20
51,Virginia,51-9021,Crushing  Grinding  and Polishing Machine Setters  Operators  and Tenders,2012,1080,2022,1080,0,0,30
51,Virginia,25-4012,Curators,2012,330,2022,360,30,11,10
51,Virginia,43-4051,Customer Service Representatives,2012,50700,2022,57850,7150,14.1,2100
51,Virginia,51-9031,Cutters and Trimmers  Hand,2012,100,2022,90,-10,-11.8,0
51,Virginia,51-9032,Cutting and Slicing Machine Setters  Operators  and Tenders,2012,1250,2022,1140,-110,-9,20
51,Virginia,51-4031,Cutting  Punching  and Press Machine Setters  Operators  and Tenders  Metal and Plastic,2012,2200,2022,1960,-240,-10.8,20
51,Virginia,43-9021,Data Entry Keyers,2012,5990,2022,4590,-1400,-23.3,70
51,Virginia,15-1141,Database Administrators,2012,6220,2022,7760,1540,24.9,270
51,Virginia,41-9011,Demonstrators and Product Promoters,2012,3100,2022,3710,610,19.9,150
51,Virginia,31-9091,Dental Assistants,2012,8460,2022,11610,3150,37.3,490
51,Virginia,29-2021,Dental Hygienists,2012,4300,2022,6360,2060,48,320
51,Virginia,51-9081,Dental Laboratory Technicians,2012,720,2022,740,20,2.9,30
51,Virginia,29-1029,Dentists  All Other Specialists,2012,130,2022,150,20,12.4,10
51,Virginia,29-1021,Dentists  General,2012,3460,2022,4430,970,28.2,180
51,Virginia,27-1029,Designers  All Other,2012,180,2022,190,10,6.3,10
51,Virginia,43-9031,Desktop Publishers,2012,530,2022,530,0,-0.2,10
51,Virginia,33-3021,Detectives and Criminal Investigators,2012,3770,2022,3940,170,4.6,100
51,Virginia,29-2032,Diagnostic Medical Sonographers,2012,1350,2022,1960,610,44.7,80
51,Virginia,29-2051,Dietetic Technicians,2012,560,2022,640,80,13.6,10
51,Virginia,29-1031,Dietitians and Nutritionists,2012,1270,2022,1510,240,18.8,40
51,Virginia,35-9011,Dining Room and Cafeteria Attendants and Bartender Helpers,2012,8870,2022,9890,1020,11.6,490
51,Virginia,35-9021,Dishwashers,2012,11710,2022,12880,1170,10,630
51,Virginia,43-5032,Dispatchers  Except Police  Fire  and Ambulance,2012,4190,2022,4650,460,11.1,170
51,Virginia,41-9091,Door-to-Door Sales Workers  News and Street Vendors  and Related Workers,2012,3300,2022,3820,520,15.7,90
51,Virginia,17-3019,Drafters  All Other,2012,240,2022,280,40,17,10
51,Virginia,51-4032,Drilling and Boring Machine Tool Setters  Operators  and Tenders  Metal and Plastic,2012,250,2022,190,-60,-23.9,10
51,Virginia,53-3031,Driver/Sales Workers,2012,13670,2022,15080,1410,10.3,360
51,Virginia,47-2081,Drywall and Ceiling Tile Installers,2012,3720,2022,4300,580,15.7,90
51,Virginia,47-5021,Earth Drillers  Except Oil and Gas,2012,590,2022,700,110,19.4,30
51,Virginia,25-1063,Economics Teachers  Postsecondary,2012,330,2022,400,70,20.7,10
51,Virginia,19-3011,Economists,2012,920,2022,1120,200,22.4,50
51,Virginia,27-3041,Editors,2012,3780,2022,4060,280,7.6,120
51,Virginia,Nov-39,Education Administrators  All Other,2012,1270,2022,1370,100,7.9,40
51,Virginia,Nov-32,Education Administrators  Elementary and Secondary School,2012,6490,2022,7210,720,11.1,240
51,Virginia,Nov-33,Education Administrators  Postsecondary,2012,2530,2022,3060,530,20.7,120
51,Virginia,Nov-31,Education Administrators  Preschool and Childcare Center/Program,2012,1010,2022,1190,180,17.8,50
51,Virginia,25-1081,Education Teachers  Postsecondary,2012,1430,2022,1730,300,21,50
51,Virginia,25-9099,Education  Training  and Library Workers  All Other,2012,1460,2022,1530,70,4.6,20
51,Virginia,21-1012,Educational  Guidance  School  and Vocational Counselors,2012,6480,2022,7660,1180,18.1,260
51,Virginia,49-2092,Electric Motor  Power Tool  and Related Repairers,2012,600,2022,580,-20,-3.3,10
51,Virginia,51-2022,Electrical and Electronic Equipment Assemblers,2012,3870,2022,3580,-290,-7.4,50
51,Virginia,17-3012,Electrical and Electronics Drafters,2012,790,2022,880,90,11.3,20
51,Virginia,17-3023,Electrical and Electronics Engineering Technicians,2012,5030,2022,5460,430,8.4,150
51,Virginia,49-2093,Electrical and Electronics Installers and Repairers  Transportation Equipment,2012,1080,2022,1180,100,9.3,30
51,Virginia,49-2094,Electrical and Electronics Repairers  Commercial and Industrial Equipment,2012,1610,2022,1690,80,4.9,40
51,Virginia,49-2095,Electrical and Electronics Repairers  Powerhouse  Substation  and Relay,2012,1070,2022,1050,-20,-2.4,20
51,Virginia,17-2071,Electrical Engineers,2012,6220,2022,6870,650,10.4,200
51,Virginia,49-9051,Electrical Power-Line Installers and Repairers,2012,2920,2022,3210,290,9.8,130
51,Virginia,47-2111,Electricians,2012,18680,2022,21580,2900,15.5,640
51,Virginia,51-2023,Electromechanical Equipment Assemblers,2012,1110,2022,1030,-80,-7.6,10
51,Virginia,17-3024,Electro-Mechanical Technicians,2012,410,2022,460,50,13.6,10
51,Virginia,49-2096,Electronic Equipment Installers and Repairers  Motor Vehicles,2012,630,2022,640,10,1.7,10
51,Virginia,49-2097,Electronic Home Entertainment Equipment Installers and Repairers,2012,950,2022,1040,90,8.6,40
51,Virginia,17-2072,Electronics Engineers  Except Computer,2012,5180,2022,5640,460,8.8,160
51,Virginia,25-2021,Elementary School Teachers  Except Special Education,2012,35070,2022,41570,6500,18.5,1420
51,Virginia,43-4061,Eligibility Interviewers  Government Programs,2012,3710,2022,4260,550,15,130
51,Virginia,39-4011,Embalmers,2012,250,2022,210,-40,-16.8,10
51,Virginia,Nov-61,Emergency Management Directors,2012,390,2022,430,40,11.1,10
51,Virginia,29-2041,Emergency Medical Technicians and Paramedics,2012,4450,2022,6560,2110,47.5,330
51,Virginia,51-2031,Engine and Other Machine Assemblers,2012,670,2022,710,40,4.9,10
51,Virginia,25-1032,Engineering Teachers  Postsecondary,2012,1170,2022,1380,210,17.9,40
51,Virginia,17-3029,Engineering Technicians  Except Drafters  All Other,2012,3540,2022,3610,70,1.9,80
51,Virginia,17-2199,Engineers  All Other,2012,5080,2022,5290,210,4.1,120
51,Virginia,25-1123,English Language and Literature Teachers  Postsecondary,2012,2110,2022,2500,390,18.4,70
51,Virginia,17-3025,Environmental Engineering Technicians,2012,440,2022,540,100,22,20
51,Virginia,17-2081,Environmental Engineers,2012,2480,2022,2930,450,17.9,100
51,Virginia,19-4091,Environmental Science and Protection Technicians  Including Health,2012,690,2022,810,120,16.5,40
51,Virginia,19-2041,Environmental Scientists and Specialists  Including Health,2012,3420,2022,3900,480,14.1,150
51,Virginia,51-9194,Etchers and Engravers,2012,190,2022,180,-10,-6.7,10
51,Virginia,53-7032,Excavating and Loading Machine and Dragline Operators,2012,1360,2022,1640,280,20.5,40
51,Virginia,43-6011,Executive Secretaries and Executive Administrative Assistants,2012,21250,2022,21570,320,1.5,290
51,Virginia,29-1128,Exercise Physiologists,2012,180,2022,190,10,3.3,0
51,Virginia,47-5031,Explosives Workers  Ordnance Handling Experts  and Blasters,2012,230,2022,270,40,21.8,10
51,Virginia,51-4021,Extruding and Drawing Machine Setters  Operators  and Tenders  Metal and Plastic,2012,2190,2022,1800,-390,-17.5,40
51,Virginia,51-6091,Extruding and Forming Machine Setters  Operators  and Tenders  Synthetic and Glass Fibers,2012,490,2022,420,-70,-15.1,10
51,Virginia,51-9041,Extruding  Forming  Pressing  and Compacting Machine Setters  Operators  and Tenders,2012,2200,2022,2170,-30,-1.6,60
51,Virginia,45-4021,Fallers,2012,480,2022,350,-130,-27.1,10
51,Virginia,29-1062,Family and General Practitioners,2012,4030,2022,4990,960,23.7,200
51,Virginia,25-9021,Farm and Home Management Advisors,2012,410,2022,480,70,15,10
51,Virginia,49-3041,Farm Equipment Mechanics and Service Technicians,2012,390,2022,430,40,7.9,10
51,Virginia,Nov-13,Farmers  Ranchers  and Other Agricultural Managers,2012,31650,2022,22340,-9310,-29.4,510
51,Virginia,45-2092,Farmworkers and Laborers  Crop  Nursery  and Greenhouse,2012,24130,2022,20130,-4000,-16.6,730
51,Virginia,45-2093,Farmworkers  Farm  Ranch  and Aquacultural Animals,2012,3910,2022,3660,-250,-6.4,120
51,Virginia,47-4031,Fence Erectors,2012,880,2022,1140,260,28.9,50
51,Virginia,43-4071,File Clerks,2012,3460,2022,3450,-10,-0.3,80
51,Virginia,27-4032,Film and Video Editors,2012,380,2022,400,20,4.4,10
51,Virginia,13-2051,Financial Analysts,2012,9430,2022,11350,1920,20.4,420
51,Virginia,13-2061,Financial Examiners,2012,1480,2022,1670,190,12.6,60
51,Virginia,Nov-31,Financial Managers,2012,14750,2022,16140,1390,9.4,420
51,Virginia,13-2099,Financial Specialists  All Other,2012,5080,2022,5180,100,2.1,60
51,Virginia,33-2021,Fire Inspectors and Investigators,2012,180,2022,210,30,16.4,10
51,Virginia,33-2011,Firefighters,2012,8640,2022,9860,1220,14.1,360
51,Virginia,47-1011,First-Line Supervisors of Construction Trades and Extraction Workers,2012,21410,2022,26160,4750,22.2,710
51,Virginia,33-1011,First-Line Supervisors of Correctional Officers,2012,2610,2022,2840,230,8.7,110
51,Virginia,45-1011,First-Line Supervisors of Farming  Fishing  and Forestry Workers,2012,1990,2022,1850,-140,-7.1,40
51,Virginia,33-1021,First-Line Supervisors of Fire Fighting and Prevention Workers,2012,1630,2022,1870,240,14.2,90
51,Virginia,35-1012,First-Line Supervisors of Food Preparation and Serving Workers,2012,23920,2022,28210,4290,17.9,1100
51,Virginia,53-1021,First-Line Supervisors of Helpers  Laborers  and Material Movers  Hand,2012,3740,2022,4140,400,10.6,140
51,Virginia,37-1011,First-Line Supervisors of Housekeeping and Janitorial Workers,2012,8880,2022,10070,1190,13.4,330
51,Virginia,37-1012,First-Line Supervisors of Landscaping  Lawn Service  and Groundskeeping Workers,2012,6450,2022,7370,920,14.2,170
51,Virginia,49-1011,First-Line Supervisors of Mechanics  Installers  and Repairers,2012,12910,2022,14300,1390,10.7,490
51,Virginia,41-1012,First-Line Supervisors of Non-Retail Sales Workers,2012,10400,2022,10510,110,1.1,140
51,Virginia,43-1011,First-Line Supervisors of Office and Administrative Support Workers,2012,40100,2022,46210,6110,15.2,1560
51,Virginia,39-1021,First-Line Supervisors of Personal Service Workers,2012,7230,2022,8120,890,12.4,220
51,Virginia,33-1012,First-Line Supervisors of Police and Detectives,2012,2570,2022,2750,180,7,90
51,Virginia,51-1011,First-Line Supervisors of Production and Operating Workers,2012,13850,2022,14000,150,1.1,210
51,Virginia,33-1099,First-Line Supervisors of Protective Service Workers  All Other,2012,2270,2022,2690,420,18.4,90
51,Virginia,41-1011,First-Line Supervisors of Retail Sales Workers,2012,43510,2022,45850,2340,5.4,1180
51,Virginia,53-1031,First-Line Supervisors of Transportation and Material-Moving Machine and Vehicle Operators,2012,5620,2022,6150,530,9.3,210
51,Virginia,33-3031,Fish and Game Wardens,2012,280,2022,280,0,1.8,10
51,Virginia,45-3011,Fishers and Related Fishing Workers,2012,650,2022,590,-60,-9,10
51,Virginia,39-9031,Fitness Trainers and Aerobics Instructors,2012,8910,2022,10340,1430,16.1,250
51,Virginia,47-2042,Floor Layers  Except Carpet  Wood  and Hard Tiles,2012,160,2022,180,20,9.2,10
51,Virginia,47-2043,Floor Sanders and Finishers,2012,300,2022,330,30,10,10
51,Virginia,27-1023,Floral Designers,2012,1560,2022,1480,-80,-5.4,40
51,Virginia,51-3091,Food and Tobacco Roasting  Baking  and Drying Machine Operators and Tenders,2012,660,2022,600,-60,-9,20
51,Virginia,51-3092,Food Batchmakers,2012,1950,2022,1840,-110,-5.9,60
51,Virginia,51-3093,Food Cooking Machine Operators and Tenders,2012,340,2022,330,-10,-2.4,10
51,Virginia,35-9099,Food Preparation and Serving Related Workers  All Other,2012,620,2022,670,50,8.9,40
51,Virginia,35-2021,Food Preparation Workers,2012,19900,2022,21570,1670,8.4,740
51,Virginia,51-3099,Food Processing Workers  All Other,2012,1860,2022,1970,110,5.9,60
51,Virginia,19-1012,Food Scientists and Technologists,2012,260,2022,240,-20,-7.8,10
51,Virginia,35-3041,Food Servers  Nonrestaurant,2012,5470,2022,6590,1120,20.4,270
51,Virginia,Nov-51,Food Service Managers,2012,5000,2022,5270,270,5.3,120
51,Virginia,25-1124,Foreign Language and Literature Teachers  Postsecondary,2012,1340,2022,1630,290,21.7,50
51,Virginia,19-4092,Forensic Science Technicians,2012,390,2022,410,20,4.9,20
51,Virginia,19-4093,Forest and Conservation Technicians,2012,360,2022,380,20,5.6,20
51,Virginia,19-1032,Foresters,2012,260,2022,290,30,10,10
51,Virginia,25-1043,Forestry and Conservation Science Teachers  Postsecondary,2012,160,2022,180,20,16,0
51,Virginia,51-4022,Forging Machine Setters  Operators  and Tenders  Metal and Plastic,2012,210,2022,180,-30,-11.1,0
51,Virginia,13-1131,Fundraisers,2012,1750,2022,2210,460,26.5,80
51,Virginia,39-4021,Funeral Attendants,2012,1460,2022,1460,0,-0.5,30
51,Virginia,51-9051,Furnace  Kiln  Oven  Drier  and Kettle Operators and Tenders,2012,470,2022,470,0,-0.4,10
51,Virginia,51-7021,Furniture Finishers,2012,490,2022,480,-10,-1.6,10
51,Virginia,53-7071,Gas Compressor and Gas Pumping Station Operators,2012,170,2022,160,-10,-5.9,10
51,Virginia,11-1021,General and Operations Managers,2012,55380,2022,63700,8320,15,1870
51,Virginia,19-3092,Geographers,2012,110,2022,130,20,21,0
51,Virginia,19-2042,Geoscientists  Except Hydrologists and Geographers,2012,550,2022,620,70,13,20
51,Virginia,47-2121,Glaziers,2012,1100,2022,1280,180,16.3,40
51,Virginia,45-2041,Graders and Sorters  Agricultural Products,2012,1650,2022,1320,-330,-19.7,30
51,Virginia,25-1191,Graduate Teaching Assistants,2012,3930,2022,4580,650,16.4,120
51,Virginia,27-1024,Graphic Designers,2012,6940,2022,7740,800,11.5,260
51,Virginia,51-9022,Grinding and Polishing Workers  Hand,2012,520,2022,520,0,1.4,20
51,Virginia,51-4033,Grinding  Lapping  Polishing  and Buffing Machine Tool Setters  Operators  and Tenders  Metal and Plastic,2012,620,2022,530,-90,-14.6,10
51,Virginia,37-3019,Grounds Maintenance Workers  All Other,2012,370,2022,400,30,9.5,10
51,Virginia,39-5012,Hairdressers  Hairstylists  and Cosmetologists,2012,21830,2022,24210,2380,10.9,750
51,Virginia,47-4041,Hazardous Materials Removal Workers,2012,980,2022,1160,180,19,40
51,Virginia,17-2111,Health and Safety Engineers  Except Mining Safety Engineers and Inspectors,2012,530,2022,580,50,9.6,20
51,Virginia,29-1199,Health Diagnosing and Treating Practitioners  All Other,2012,500,2022,490,-10,-1.8,10
51,Virginia,21-1091,Health Educators,2012,1150,2022,1330,180,16.4,50
51,Virginia,25-1071,Health Specialties Teachers  Postsecondary,2012,3200,2022,4590,1390,43.1,190
51,Virginia,29-2099,Health Technologists and Technicians  All Other,2012,2440,2022,2800,360,14.6,60
51,Virginia,29-9099,Healthcare Practitioners and Technical Workers  All Other,2012,1230,2022,1450,220,17.2,60
51,Virginia,21-1022,Healthcare Social Workers,2012,2740,2022,3380,640,23.5,120
51,Virginia,31-9099,Healthcare Support Workers  All Other,2012,2630,2022,3210,580,22,110
51,Virginia,51-4191,Heat Treating Equipment Setters  Operators  and Tenders  Metal and Plastic,2012,200,2022,200,0,-2,0
51,Virginia,49-9021,Heating  Air Conditioning  and Refrigeration Mechanics and Installers,2012,9170,2022,10810,1640,17.9,400
51,Virginia,53-3032,Heavy and Tractor-Trailer Truck Drivers,2012,39720,2022,43400,3680,9.3,1000
51,Virginia,47-3019,Helpers  Construction Trades  All Other,2012,870,2022,1070,200,22.6,30
51,Virginia,47-3011,Helpers--Brickmasons  Blockmasons  Stonemasons  and Tile and Marble Setters,2012,1430,2022,1980,550,38.8,80
51,Virginia,47-3012,Helpers--Carpenters,2012,2260,2022,2850,590,26.4,100
51,Virginia,47-3013,Helpers--Electricians,2012,3020,2022,4050,1030,34.3,150
51,Virginia,47-5081,Helpers--Extraction Workers,2012,400,2022,460,60,15.1,20
51,Virginia,49-9098,Helpers--Installation  Maintenance  and Repair Workers,2012,4620,2022,5430,810,17.5,220
51,Virginia,47-3014,Helpers--Painters  Paperhangers  Plasterers  and Stucco Masons,2012,470,2022,490,20,6,10
51,Virginia,47-3015,Helpers--Pipelayers  Plumbers  Pipefitters  and Steamfitters,2012,1890,2022,2360,470,25.1,80
51,Virginia,51-9198,Helpers--Production Workers,2012,8450,2022,8820,370,4.4,180
51,Virginia,47-3016,Helpers--Roofers,2012,580,2022,670,90,14.8,20
51,Virginia,47-4051,Highway Maintenance Workers,2012,4460,2022,4730,270,6.2,90
51,Virginia,19-3093,Historians,2012,160,2022,160,0,4.5,0
51,Virginia,25-1125,History Teachers  Postsecondary,2012,800,2022,960,160,19.8,30
51,Virginia,49-9031,Home Appliance Repairers,2012,1410,2022,1490,80,5.4,50
51,Virginia,31-1011,Home Health Aides,2012,10380,2022,15250,4870,46.9,680
51,Virginia,35-9031,Hosts and Hostesses  Restaurant  Lounge  and Coffee Shop,2012,10240,2022,11240,1000,9.8,870
51,Virginia,43-4081,Hotel  Motel  and Resort Desk Clerks,2012,6710,2022,7080,370,5.5,360
51,Virginia,43-4161,Human Resources Assistants  Except Payroll and Timekeeping,2012,4430,2022,4320,-110,-2.5,110
51,Virginia,Nov-21,Human Resources Managers,2012,2950,2022,3410,460,15.6,120
51,Virginia,13-1071,Human Resources Specialists,2012,17530,2022,18680,1150,6.6,440
51,Virginia,17-3026,Industrial Engineering Technicians,2012,1220,2022,1290,70,5.7,30
51,Virginia,17-2112,Industrial Engineers,2012,3870,2022,4240,370,9.6,150
51,Virginia,49-9041,Industrial Machinery Mechanics,2012,8030,2022,9690,1660,20.6,400
51,Virginia,Nov-51,Industrial Production Managers,2012,2650,2022,2650,0,-0.1,50
51,Virginia,53-7051,Industrial Truck and Tractor Operators,2012,11820,2022,11510,-310,-2.6,270
51,Virginia,19-3032,Industrial-Organizational Psychologists,2012,80,2022,110,30,42.9,10
51,Virginia,43-4199,Information and Record Clerks  All Other,2012,8470,2022,7850,-620,-7.3,180
51,Virginia,15-1122,Information Security Analysts,2012,10030,2022,15070,5040,50.3,660
51,Virginia,51-9061,Inspectors  Testers  Sorters  Samplers  and Weighers,2012,8210,2022,8760,550,6.7,240
51,Virginia,49-9099,Installation  Maintenance  and Repair Workers  All Other,2012,4120,2022,4390,270,6.4,100
51,Virginia,25-9031,Instructional Coordinators,2012,4090,2022,4730,640,15.6,100
51,Virginia,47-2131,Insulation Workers  Floor  Ceiling  and Wall,2012,790,2022,950,160,21.3,30
51,Virginia,47-2132,Insulation Workers  Mechanical,2012,1550,2022,2090,540,35.3,80
51,Virginia,13-1032,Insurance Appraisers  Auto Damage,2012,220,2022,210,-10,-2.3,10
51,Virginia,43-9041,Insurance Claims and Policy Processing Clerks,2012,4820,2022,5310,490,10.2,180
51,Virginia,41-3021,Insurance Sales Agents,2012,9840,2022,11100,1260,12.8,360
51,Virginia,13-2053,Insurance Underwriters,2012,1790,2022,1710,-80,-4.9,50
51,Virginia,27-1025,Interior Designers,2012,1470,2022,1610,140,9,50
51,Virginia,29-1063,Internists  General,2012,1030,2022,1250,220,22.2,50
51,Virginia,27-3091,Interpreters and Translators,2012,4910,2022,8130,3220,65.6,390
51,Virginia,43-4111,Interviewers  Except Eligibility and Loan,2012,2430,2022,2750,320,13.2,80
51,Virginia,37-2011,Janitors and Cleaners  Except Maids and Housekeeping Cleaners,2012,62880,2022,72300,9420,15,2120
51,Virginia,51-9071,Jewelers and Precious Stone and Metal Workers,2012,350,2022,330,-20,-5.5,10
51,Virginia,23-1012,Judicial Law Clerks,2012,150,2022,180,30,15.8,0
51,Virginia,25-2012,Kindergarten Teachers  Except Special Education,2012,4090,2022,4850,760,18.8,190
51,Virginia,13-1075,Labor Relations Specialists,2012,1410,2022,1510,100,7.1,40
51,Virginia,53-7062,Laborers and Freight  Stock  and Material Movers  Hand,2012,46880,2022,51260,4380,9.3,1890
51,Virginia,17-1012,Landscape Architects,2012,800,2022,910,110,14.1,30
51,Virginia,37-3011,Landscaping and Groundskeeping Workers,2012,32490,2022,36600,4110,12.7,1230
51,Virginia,51-4034,Lathe and Turning Machine Tool Setters  Operators  and Tenders  Metal and Plastic,2012,320,2022,280,-40,-12.8,10
51,Virginia,51-6011,Laundry and Dry-Cleaning Workers,2012,6440,2022,6850,410,6.4,230
51,Virginia,25-1112,Law Teachers  Postsecondary,2012,470,2022,580,110,24.1,20
51,Virginia,23-1011,Lawyers,2012,20430,2022,23030,2600,12.7,590
51,Virginia,51-4192,Layout Workers  Metal and Plastic,2012,590,2022,580,-10,-0.7,10
51,Virginia,43-6012,Legal Secretaries,2012,3430,2022,3470,40,1.3,50
51,Virginia,23-2099,Legal Support Workers  All Other,2012,10550,2022,10320,-230,-2.2,170
51,Virginia,11-1031,Legislators,2012,740,2022,860,120,15.9,30
51,Virginia,25-4021,Librarians,2012,4600,2022,5240,640,14,170
51,Virginia,43-4121,Library Assistants  Clerical,2012,2650,2022,3220,570,21.7,170
51,Virginia,25-4031,Library Technicians,2012,2480,2022,2860,380,15.3,170
51,Virginia,29-2061,Licensed Practical and Licensed Vocational Nurses,2012,21880,2022,27720,5840,26.7,1120
51,Virginia,19-1099,Life Scientists  All Other,2012,180,2022,200,20,9.9,10
51,Virginia,19-4099,Life  Physical  and Social Science Technicians  All Other,2012,1800,2022,1930,130,7.6,90
51,Virginia,33-9092,Lifeguards  Ski Patrol  and Other Recreational Protective Service Workers,2012,4740,2022,5500,760,16.2,400
51,Virginia,53-3033,Light Truck or Delivery Services Drivers,2012,19390,2022,20200,810,4.2,390
51,Virginia,43-4131,Loan Interviewers and Clerks,2012,5140,2022,5620,480,9.2,80
51,Virginia,13-2072,Loan Officers,2012,7090,2022,7740,650,9.2,200
51,Virginia,39-3093,Locker Room  Coatroom  and Dressing Room Attendants,2012,250,2022,280,30,10.8,20
51,Virginia,49-9094,Locksmiths and Safe Repairers,2012,620,2022,760,140,21.8,40
51,Virginia,53-4011,Locomotive Engineers,2012,1230,2022,1180,-50,-4.2,40
51,Virginia,Nov-81,Lodging Managers,2012,1500,2022,1460,-40,-2.7,50
51,Virginia,45-4023,Log Graders and Scalers,2012,100,2022,70,-30,-28.7,0
51,Virginia,45-4022,Logging Equipment Operators,2012,1220,2022,1530,310,25.1,50
51,Virginia,13-1081,Logisticians,2012,6680,2022,8540,1860,28,260
51,Virginia,53-7063,Machine Feeders and Offbearers,2012,2050,2022,2120,70,3.2,50
51,Virginia,51-4041,Machinists,2012,7460,2022,8280,820,11.1,250
51,Virginia,29-2035,Magnetic Resonance Imaging Technologists,2012,850,2022,1030,180,20.4,30
51,Virginia,37-2012,Maids and Housekeeping Cleaners,2012,33910,2022,37300,3390,10,1010
51,Virginia,43-9051,Mail Clerks and Mail Machine Operators  Except Postal Service,2012,3740,2022,3490,-250,-6.7,90
51,Virginia,49-9071,Maintenance and Repair Workers  General,2012,32440,2022,36050,3610,11.1,980
51,Virginia,49-9043,Maintenance Workers  Machinery,2012,2200,2022,2530,330,15.2,60
51,Virginia,13-1111,Management Analysts,2012,53610,2022,65220,11610,21.7,1990
51,Virginia,Nov-99,Managers  All Other,2012,42030,2022,42940,910,2.2,1010
51,Virginia,39-5092,Manicurists and Pedicurists,2012,1210,2022,1380,170,13.8,30
51,Virginia,49-9095,Manufactured Building and Mobile Home Installers,2012,210,2022,210,0,-1.9,10
51,Virginia,17-2121,Marine Engineers and Naval Architects,2012,920,2022,1100,180,19,40
51,Virginia,13-1161,Market Research Analysts and Marketing Specialists,2012,14350,2022,19890,5540,38.7,750
51,Virginia,Nov-21,Marketing Managers,2012,4580,2022,5430,850,18.5,180
51,Virginia,21-1013,Marriage and Family Therapists,2012,1880,2022,2420,540,29,90
51,Virginia,31-9011,Massage Therapists,2012,3500,2022,4730,1230,35.2,160
51,Virginia,53-7199,Material Moving Workers  All Other,2012,480,2022,500,20,4.4,20
51,Virginia,17-2131,Materials Engineers,2012,430,2022,450,20,4.2,20
51,Virginia,19-2032,Materials Scientists,2012,180,2022,200,20,6.5,10
51,Virginia,15-2099,Mathematical Science Occupations  All Other,2012,460,2022,610,150,32.1,30
51,Virginia,25-1022,Mathematical Science Teachers  Postsecondary,2012,1840,2022,2160,320,17.7,60
51,Virginia,15-2021,Mathematicians,2012,580,2022,670,90,16.7,20
51,Virginia,51-3022,Meat  Poultry  and Fish Cutters and Trimmers,2012,5170,2022,5290,120,2.4,140
51,Virginia,49-9011,Mechanical Door Repairers,2012,650,2022,810,160,25.4,40
51,Virginia,17-3013,Mechanical Drafters,2012,2650,2022,2590,-60,-2,40
51,Virginia,17-3027,Mechanical Engineering Technicians,2012,1440,2022,1410,-30,-2.3,30
51,Virginia,17-2141,Mechanical Engineers,2012,7900,2022,8500,600,7.6,330
51,Virginia,27-4099,Media and Communication Equipment Workers  All Other,2012,610,2022,590,-20,-4.4,10
51,Virginia,27-3099,Media and Communication Workers  All Other,2012,470,2022,560,90,19.8,20
51,Virginia,29-2012,Medical and Clinical Laboratory Technicians,2012,3830,2022,5260,1430,37.5,240
51,Virginia,29-2011,Medical and Clinical Laboratory Technologists,2012,4130,2022,4950,820,19.9,190
51,Virginia,Nov-11,Medical and Health Services Managers,2012,6760,2022,8190,1430,21.1,310
51,Virginia,51-9082,Medical Appliance Technicians,2012,210,2022,230,20,10.1,10
51,Virginia,31-9092,Medical Assistants,2012,10460,2022,14630,4170,39.9,620
51,Virginia,31-9093,Medical Equipment Preparers,2012,1060,2022,1230,170,16.1,40
51,Virginia,49-9062,Medical Equipment Repairers,2012,870,2022,1110,240,28.2,50
51,Virginia,29-2071,Medical Records and Health Information Technicians,2012,3700,2022,4490,790,21.4,180
51,Virginia,19-1042,Medical Scientists  Except Epidemiologists,2012,1130,2022,1410,280,25.4,50
51,Virginia,43-6013,Medical Secretaries,2012,7000,2022,9870,2870,41,370
51,Virginia,31-9094,Medical Transcriptionists,2012,1870,2022,2070,200,10.2,60
51,Virginia,13-1121,Meeting  Convention  and Event Planners,2012,4200,2022,6060,1860,44.1,240
51,Virginia,21-1023,Mental Health and Substance Abuse Social Workers,2012,3190,2022,3870,680,21.1,140
51,Virginia,21-1014,Mental Health Counselors,2012,7640,2022,9830,2190,28.6,380
51,Virginia,27-1026,Merchandise Displayers and Window Trimmers,2012,2370,2022,2680,310,13,90
51,Virginia,51-4199,Metal Workers and Plastic Workers  All Other,2012,360,2022,360,0,1.1,0
51,Virginia,51-4051,Metal-Refining Furnace Operators and Tenders,2012,230,2022,220,-10,-4.7,0
51,Virginia,43-5041,Meter Readers  Utilities,2012,680,2022,580,-100,-15,20
51,Virginia,19-1022,Microbiologists,2012,380,2022,420,40,11.2,20
51,Virginia,25-2022,Middle School Teachers  Except Special and Career/Technical Education,2012,16090,2022,19070,2980,18.5,650
51,Virginia,51-4035,Milling and Planing Machine Setters  Operators  and Tenders  Metal and Plastic,2012,300,2022,260,-40,-11.7,10
51,Virginia,49-9044,Millwrights,2012,720,2022,820,100,12.7,20
51,Virginia,47-5042,Mine Cutting and Channeling Machine Operators,2012,210,2022,210,0,-3.3,0
51,Virginia,53-7111,Mine Shuttle Car Operators,2012,380,2022,350,-30,-8.2,10
51,Virginia,51-9023,Mixing and Blending Machine Setters  Operators  and Tenders,2012,1920,2022,1870,-50,-2.4,50
51,Virginia,49-3042,Mobile Heavy Equipment Mechanics  Except Engines,2012,3210,2022,3540,330,10.2,130
51,Virginia,51-4061,Model Makers  Metal and Plastic,2012,150,2022,160,10,12.4,10
51,Virginia,51-9195,Molders  Shapers  and Casters  Except Metal and Plastic,2012,1070,2022,1150,80,7.8,40
51,Virginia,51-4072,Molding  Coremaking  and Casting Machine Setters  Operators  and Tenders  Metal and Plastic,2012,1840,2022,1540,-300,-16.7,20
51,Virginia,39-4031,Morticians  Undertakers  and Funeral Directors,2012,540,2022,590,50,9.9,20
51,Virginia,53-3099,Motor Vehicle Operators  All Other,2012,1240,2022,1330,90,6.9,40
51,Virginia,49-3051,Motorboat Mechanics and Service Technicians,2012,610,2022,660,50,8.5,20
51,Virginia,49-3052,Motorcycle Mechanics,2012,360,2022,390,30,9.2,10
51,Virginia,27-1014,Multimedia Artists and Animators,2012,1150,2022,1330,180,15.5,50
51,Virginia,51-4081,Multiple Machine Tool Setters  Operators  and Tenders  Metal and Plastic,2012,1080,2022,990,-90,-8.6,20
51,Virginia,25-4013,Museum Technicians and Conservators,2012,370,2022,400,30,10.4,10
51,Virginia,27-2041,Music Directors and Composers,2012,580,2022,640,60,11.1,20
51,Virginia,49-9063,Musical Instrument Repairers and Tuners,2012,120,2022,130,10,4.1,0
51,Virginia,27-2042,Musicians and Singers,2012,700,2022,820,120,16.3,30
51,Virginia,Nov-21,Natural Sciences Managers,2012,1280,2022,1310,30,2,30
51,Virginia,15-1142,Network and Computer Systems Administrators,2012,20150,2022,24270,4120,20.5,730
51,Virginia,43-4141,New Accounts Clerks,2012,910,2022,870,-40,-4.1,20
51,Virginia,39-2021,Nonfarm Animal Caretakers,2012,6790,2022,8420,1630,24,250
51,Virginia,17-2161,Nuclear Engineers,2012,2370,2022,2430,60,2.6,70
51,Virginia,29-2033,Nuclear Medicine Technologists,2012,440,2022,500,60,13,10
51,Virginia,51-8011,Nuclear Power Reactor Operators,2012,170,2022,170,0,-5.2,10
51,Virginia,29-1151,Nurse Anesthetists,2012,1920,2022,2660,740,38.3,110
51,Virginia,29-1161,Nurse Midwives,2012,150,2022,190,40,26.8,10
51,Virginia,29-1171,Nurse Practitioners,2012,2680,2022,3750,1070,40,160
51,Virginia,31-1014,Nursing Assistants,2012,37500,2022,48220,10720,28.6,1790
51,Virginia,25-1072,Nursing Instructors and Teachers  Postsecondary,2012,1380,2022,1960,580,41.7,80
51,Virginia,29-1064,Obstetricians and Gynecologists,2012,730,2022,910,180,24.5,40
51,Virginia,29-9011,Occupational Health and Safety Specialists,2012,2360,2022,2450,90,3.5,70
51,Virginia,29-9012,Occupational Health and Safety Technicians,2012,310,2022,390,80,24.9,20
51,Virginia,29-1122,Occupational Therapists,2012,2480,2022,3290,810,32.8,120
51,Virginia,31-2012,Occupational Therapy Aides,2012,170,2022,230,60,35.5,10
51,Virginia,31-2011,Occupational Therapy Assistants,2012,610,2022,1000,390,62.1,50
51,Virginia,43-9199,Office and Administrative Support Workers  All Other,2012,8200,2022,8440,240,2.9,250
51,Virginia,43-9061,Office Clerks  General,2012,88070,2022,96000,7930,9,2640
51,Virginia,43-9071,Office Machine Operators  Except Computer,2012,1040,2022,910,-130,-12.3,30
51,Virginia,47-2073,Operating Engineers and Other Construction Equipment Operators,2012,9530,2022,11390,1860,19.5,400
51,Virginia,15-2031,Operations Research Analysts,2012,4790,2022,6550,1760,36.7,280
51,Virginia,51-9083,Ophthalmic Laboratory Technicians,2012,930,2022,1030,100,10.1,40
51,Virginia,29-2057,Ophthalmic Medical Technicians,2012,570,2022,820,250,44.1,30
51,Virginia,29-2081,Opticians  Dispensing,2012,2170,2022,2750,580,26.8,120
51,Virginia,29-1041,Optometrists,2012,1020,2022,1470,450,43.2,70
51,Virginia,29-1022,Oral and Maxillofacial Surgeons,2012,250,2022,320,70,28.8,10
51,Virginia,43-4151,Order Clerks,2012,4180,2022,4080,-100,-2.4,110
51,Virginia,31-1015,Orderlies,2012,1050,2022,1120,70,7.1,30
51,Virginia,29-2091,Orthotists and Prosthetists,2012,180,2022,250,70,33.7,10
51,Virginia,49-3053,Outdoor Power Equipment and Other Small Engine Mechanics,2012,940,2022,1010,70,7.8,30
51,Virginia,51-9111,Packaging and Filling Machine Operators and Tenders,2012,8400,2022,8370,-30,-0.4,200
51,Virginia,53-7064,Packers and Packagers  Hand,2012,13170,2022,13760,590,4.5,400
51,Virginia,47-2141,Painters  Construction and Maintenance,2012,10250,2022,11750,1500,14.7,310
51,Virginia,51-9122,Painters  Transportation Equipment,2012,1250,2022,1460,210,16.7,40
51,Virginia,51-9123,Painting  Coating  and Decorating Workers,2012,270,2022,270,0,0.4,10
51,Virginia,51-9196,Paper Goods Machine Setters  Operators  and Tenders,2012,2160,2022,1970,-190,-8.9,20
51,Virginia,23-2011,Paralegals and Legal Assistants,2012,8980,2022,10710,1730,19.3,320
51,Virginia,53-6021,Parking Lot Attendants,2012,2990,2022,3220,230,7.7,170
51,Virginia,51-4062,Patternmakers  Metal and Plastic,2012,100,2022,110,10,16.3,0
51,Virginia,47-2071,Paving  Surfacing  and Tamping Equipment Operators,2012,2140,2022,2640,500,23.3,80
51,Virginia,43-3051,Payroll and Timekeeping Clerks,2012,3780,2022,4280,500,13.1,130
51,Virginia,29-1065,Pediatricians  General,2012,960,2022,1170,210,21.7,50
51,Virginia,39-9021,Personal Care Aides,2012,32420,2022,51220,18800,58,2110
51,Virginia,39-9099,Personal Care and Service Workers  All Other,2012,1490,2022,1650,160,11,60
51,Virginia,13-2052,Personal Financial Advisors,2012,5070,2022,6910,1840,36.3,270
51,Virginia,37-3012,Pesticide Handlers  Sprayers  and Applicators  Vegetation,2012,520,2022,570,50,8.6,20
51,Virginia,17-2171,Petroleum Engineers,2012,1150,2022,1100,-50,-3.8,30
51,Virginia,51-8093,Petroleum Pump System Operators  Refinery Operators  and Gaugers,2012,220,2022,210,-10,-4.5,10
51,Virginia,29-1051,Pharmacists,2012,7360,2022,8240,880,11.9,260
51,Virginia,31-9095,Pharmacy Aides,2012,1100,2022,1220,120,10.5,30
51,Virginia,29-2052,Pharmacy Technicians,2012,8920,2022,10630,1710,19.2,260
51,Virginia,25-1126,Philosophy and Religion Teachers  Postsecondary,2012,690,2022,870,180,26.2,30
51,Virginia,31-9097,Phlebotomists,2012,3150,2022,4540,1390,44.1,200
51,Virginia,27-4021,Photographers,2012,2960,2022,3490,530,17.9,80
51,Virginia,51-9151,Photographic Process Workers and Processing Machine Operators,2012,2740,2022,2740,0,0,80
51,Virginia,19-2099,Physical Scientists  All Other,2012,1420,2022,1430,10,0.7,30
51,Virginia,31-2022,Physical Therapist Aides,2012,1630,2022,2680,1050,64.1,140
51,Virginia,31-2021,Physical Therapist Assistants,2012,1900,2022,2950,1050,54.9,150
51,Virginia,29-1123,Physical Therapists,2012,5130,2022,7590,2460,48,370
51,Virginia,29-1071,Physician Assistants,2012,2090,2022,3100,1010,48.2,140
51,Virginia,29-1069,Physicians and Surgeons  All Other,2012,8420,2022,10270,1850,22,400
51,Virginia,19-2012,Physicists,2012,1110,2022,1170,60,5.5,30
51,Virginia,25-1054,Physics Teachers  Postsecondary,2012,370,2022,450,80,20.2,10
51,Virginia,47-2072,Pile-Driver Operators,2012,120,2022,160,40,26.8,10
51,Virginia,47-2151,Pipelayers,2012,1800,2022,2230,430,23.9,70
51,Virginia,51-8099,Plant and System Operators  All Other,2012,340,2022,280,-60,-15.5,10
51,Virginia,47-2161,Plasterers and Stucco Masons,2012,270,2022,300,30,11.2,0
51,Virginia,51-4193,Plating and Coating Machine Setters  Operators  and Tenders  Metal and Plastic,2012,540,2022,480,-60,-11.1,10
51,Virginia,47-2152,Plumbers  Pipefitters  and Steamfitters,2012,12980,2022,15120,2140,16.5,380
51,Virginia,29-1081,Podiatrists,2012,220,2022,310,90,42.1,10
51,Virginia,33-3051,Police and Sheriff's Patrol Officers,2012,18310,2022,20640,2330,12.7,810
51,Virginia,43-5031,Police  Fire  and Ambulance Dispatchers,2012,3040,2022,3550,510,16.7,140
51,Virginia,25-1065,Political Science Teachers  Postsecondary,2012,520,2022,630,110,21,20
51,Virginia,19-3094,Political Scientists,2012,700,2022,870,170,23.9,30
51,Virginia,43-5051,Postal Service Clerks,2012,1850,2022,1380,-470,-25.7,30
51,Virginia,43-5052,Postal Service Mail Carriers,2012,7120,2022,5670,-1450,-20.3,250
51,Virginia,43-5053,Postal Service Mail Sorters  Processors  and Processing Machine Operators,2012,2950,2022,2250,-700,-23.5,20
51,Virginia,Nov-31,Postmasters and Mail Superintendents,2012,630,2022,520,-110,-17.4,10
51,Virginia,25-1199,Postsecondary Teachers  All Other,2012,3030,2022,3610,580,19.2,100
51,Virginia,51-8012,Power Distributors and Dispatchers,2012,540,2022,520,-20,-4.4,20
51,Virginia,51-8013,Power Plant Operators,2012,580,2022,520,-60,-10.8,20
51,Virginia,49-9069,Precision Instrument and Equipment Repairers  All Other,2012,220,2022,230,10,4.1,10
51,Virginia,51-5111,Prepress Technicians and Workers,2012,1030,2022,900,-130,-12.2,30
51,Virginia,25-2011,Preschool Teachers  Except Special Education,2012,8680,2022,10400,1720,19.7,420
51,Virginia,51-6021,Pressers  Textile  Garment  and Related Materials,2012,1750,2022,1800,50,3,20
51,Virginia,51-5113,Print Binding and Finishing Workers,2012,1840,2022,1950,110,5.6,40
51,Virginia,51-5112,Printing Press Operators,2012,5670,2022,6190,520,9.2,150
51,Virginia,33-9021,Private Detectives and Investigators,2012,800,2022,990,190,24.8,40
51,Virginia,21-1092,Probation Officers and Correctional Treatment Specialists,2012,3120,2022,3160,40,1.2,90
51,Virginia,43-3061,Procurement Clerks,2012,2280,2022,2290,10,0.5,80
51,Virginia,27-2012,Producers and Directors,2012,1890,2022,2030,140,7.6,80
51,Virginia,51-9199,Production Workers  All Other,2012,6880,2022,7160,280,4,210
51,Virginia,43-5061,Production  Planning  and Expediting Clerks,2012,7870,2022,8520,650,8.3,260
51,Virginia,43-9081,Proofreaders and Copy Markers,2012,390,2022,390,0,-0.8,10
51,Virginia,Nov-41,Property  Real Estate  and Community Association Managers,2012,4380,2022,4890,510,11.7,150
51,Virginia,33-9099,Protective Service Workers  All Other,2012,2360,2022,2710,350,15.2,200
51,Virginia,31-1013,Psychiatric Aides,2012,1120,2022,1140,20,1.2,20
51,Virginia,29-2053,Psychiatric Technicians,2012,4370,2022,4320,-50,-1.1,40
51,Virginia,29-1066,Psychiatrists,2012,430,2022,480,50,13.1,20
51,Virginia,19-3039,Psychologists  All Other,2012,380,2022,440,60,16.3,20
51,Virginia,25-1066,Psychology Teachers  Postsecondary,2012,1040,2022,1260,220,20.5,40
51,Virginia,Nov-31,Public Relations and Fundraising Managers,2012,1550,2022,1800,250,15.7,60
51,Virginia,27-3031,Public Relations Specialists,2012,7460,2022,8850,1390,18.6,240
51,Virginia,53-7072,Pump Operators  Except Wellhead Pumpers,2012,240,2022,270,30,11.6,10
51,Virginia,13-1023,Purchasing Agents  Except Wholesale  Retail  and Farm Products,2012,12180,2022,12860,680,5.6,290
51,Virginia,Nov-61,Purchasing Managers,2012,2910,2022,3090,180,6.5,80
51,Virginia,29-1124,Radiation Therapists,2012,370,2022,420,50,11.3,10
51,Virginia,27-3011,Radio and Television Announcers,2012,840,2022,870,30,3,20
51,Virginia,49-2021,Radio  Cellular  and Tower Equipment Installers and Repairs,2012,990,2022,1030,40,4,20
51,Virginia,29-2034,Radiologic Technologists,2012,4990,2022,5940,950,19,170
51,Virginia,49-3043,Rail Car Repairers,2012,490,2022,490,0,0.4,10
51,Virginia,53-4031,Railroad Conductors and Yardmasters,2012,900,2022,870,-30,-4.2,30
51,Virginia,47-4061,Rail-Track Laying and Maintenance Equipment Operators,2012,340,2022,350,10,5,10
51,Virginia,41-9021,Real Estate Brokers,2012,2620,2022,3040,420,16,70
51,Virginia,41-9022,Real Estate Sales Agents,2012,20380,2022,22960,2580,12.7,450
51,Virginia,43-4171,Receptionists and Information Clerks,2012,30180,2022,36490,6310,20.9,1440
51,Virginia,25-1193,Recreation and Fitness Studies Teachers  Postsecondary,2012,590,2022,700,110,18.4,20
51,Virginia,39-9032,Recreation Workers,2012,12630,2022,14830,2200,17.5,370
51,Virginia,29-1125,Recreational Therapists,2012,360,2022,380,20,5.8,10
51,Virginia,53-7081,Refuse and Recyclable Material Collectors,2012,3800,2022,4580,780,20.7,160
51,Virginia,29-1141,Registered Nurses,2012,59450,2022,66990,7540,12.7,1910
51,Virginia,21-1015,Rehabilitation Counselors,2012,3900,2022,4950,1050,26.7,190
51,Virginia,47-2171,Reinforcing Iron and Rebar Workers,2012,350,2022,420,70,20.6,10
51,Virginia,27-3022,Reporters and Correspondents,2012,960,2022,890,-70,-7.2,30
51,Virginia,43-4181,Reservation and Transportation Ticket Agents and Travel Clerks,2012,4120,2022,3510,-610,-14.6,60
51,Virginia,39-9041,Residential Advisors,2012,2290,2022,2810,520,22.4,150
51,Virginia,29-1126,Respiratory Therapists,2012,2330,2022,2540,210,9,60
51,Virginia,29-2054,Respiratory Therapy Technicians,2012,180,2022,200,20,12.5,0
51,Virginia,41-2031,Retail Salespersons,2012,125220,2022,138050,12830,10.2,5570
51,Virginia,47-5051,Rock Splitters  Quarry,2012,180,2022,200,20,14.3,0
51,Virginia,51-4023,Rolling Machine Setters  Operators  and Tenders  Metal and Plastic,2012,590,2022,510,-80,-12.5,10
51,Virginia,47-5061,Roof Bolters  Mining,2012,340,2022,320,-20,-8.4,10
51,Virginia,47-2181,Roofers,2012,3280,2022,3560,280,8.3,100
51,Virginia,47-5012,Rotary Drill Operators  Oil and Gas,2012,140,2022,150,10,14.1,10
51,Virginia,47-5071,Roustabouts  Oil and Gas,2012,130,2022,140,10,7,0
51,Virginia,53-5011,Sailors and Marine Oilers,2012,2720,2022,3140,420,15.1,160
51,Virginia,41-9099,Sales and Related Workers  All Other,2012,2140,2022,2540,400,18.9,80
51,Virginia,Nov-22,Sales Managers,2012,6190,2022,6870,680,10.9,200
51,Virginia,41-3099,Sales Representatives  Services  All Other,2012,8980,2022,10400,1420,15.9,390
51,Virginia,41-4012,Sales Representatives  Wholesale and Manufacturing  Except Technical and Scientific Products,2012,30260,2022,33340,3080,10.2,900
51,Virginia,41-4011,Sales Representatives  Wholesale and Manufacturing  Technical and Scientific Products,2012,8230,2022,9550,1320,16,290
51,Virginia,51-7041,Sawing Machine Setters  Operators  and Tenders  Wood,2012,1530,2022,1780,250,16.4,70
51,Virginia,25-2031,Secondary School Teachers  Except Special and Career/Technical Education,2012,22890,2022,25480,2590,11.3,880
51,Virginia,43-6014,Secretaries and Administrative Assistants  Except Legal  Medical  and Executive,2012,37330,2022,42900,5570,14.9,1010
51,Virginia,41-3031,Securities  Commodities  and Financial Services Sales Agents,2012,5380,2022,6250,870,16.1,210
51,Virginia,49-2098,Security and Fire Alarm Systems Installers,2012,2180,2022,2770,590,27.3,100
51,Virginia,33-9032,Security Guards,2012,32660,2022,40710,8050,24.6,1310
51,Virginia,25-3021,Self-Enrichment Education Teachers,2012,5790,2022,7040,1250,21.6,220
51,Virginia,51-9141,Semiconductor Processors,2012,310,2022,210,-100,-32.8,10
51,Virginia,51-9012,Separating  Filtering  Clarifying  Precipitating  and Still Machine Setters  Operators  and Tenders,2012,700,2022,630,-70,-10.2,20
51,Virginia,47-4071,Septic Tank Servicers and Sewer Pipe Cleaners,2012,630,2022,840,210,33.2,30
51,Virginia,47-5013,Service Unit Operators  Oil  Gas  and Mining,2012,130,2022,140,10,9.2,10
51,Virginia,27-1027,Set and Exhibit Designers,2012,230,2022,250,20,9.3,10
51,Virginia,51-6031,Sewing Machine Operators,2012,2640,2022,2220,-420,-16.1,10
51,Virginia,39-5093,Shampooers,2012,1480,2022,1430,-50,-3.5,10
51,Virginia,47-2211,Sheet Metal Workers,2012,5440,2022,6200,760,13.9,180
51,Virginia,53-5031,Ship Engineers,2012,1540,2022,1720,180,11.6,90
51,Virginia,43-5071,Shipping  Receiving  and Traffic Clerks,2012,14490,2022,14780,290,2,410
51,Virginia,51-6041,Shoe and Leather Workers and Repairers,2012,260,2022,270,10,2.7,10
51,Virginia,39-5094,Skincare Specialists,2012,1220,2022,1810,590,48.4,70
51,Virginia,51-3023,Slaughterers and Meat Packers,2012,360,2022,350,-10,-3.6,10
51,Virginia,Nov-51,Social and Community Service Managers,2012,2700,2022,3210,510,18.9,110
51,Virginia,21-1093,Social and Human Service Assistants,2012,6230,2022,7570,1340,21.6,300
51,Virginia,19-4061,Social Science Research Assistants,2012,710,2022,840,130,18.7,40
51,Virginia,25-1069,Social Sciences Teachers  Postsecondary  All Other,2012,100,2022,120,20,19.2,0
51,Virginia,19-3099,Social Scientists and Related Workers  All Other,2012,3370,2022,3620,250,7.5,80
51,Virginia,25-1113,Social Work Teachers  Postsecondary,2012,270,2022,330,60,19.4,10
51,Virginia,25-1067,Sociology Teachers  Postsecondary,2012,360,2022,430,70,18.9,10
51,Virginia,15-1132,Software Developers  Applications,2012,33370,2022,43910,10540,31.6,1480
51,Virginia,15-1133,Software Developers  Systems Software,2012,31320,2022,41870,10550,33.7,1460
51,Virginia,19-1013,Soil and Plant Scientists,2012,190,2022,190,0,-0.5,10
51,Virginia,25-2059,Special Education Teachers  All Other,2012,1650,2022,1850,200,11.9,50
51,Virginia,25-2052,Special Education Teachers  Kindergarten and Elementary School,2012,6040,2022,6710,670,11.1,170
51,Virginia,25-2053,Special Education Teachers  Middle School,2012,2960,2022,3290,330,11.1,80
51,Virginia,25-2051,Special Education Teachers  Preschool,2012,520,2022,580,60,11.2,20
51,Virginia,25-2054,Special Education Teachers  Secondary School,2012,3770,2022,4160,390,10.4,100
51,Virginia,29-1127,Speech-Language Pathologists,2012,2880,2022,3590,710,24.9,120
51,Virginia,51-8021,Stationary Engineers and Boiler Operators,2012,550,2022,570,20,4.2,20
51,Virginia,43-9111,Statistical Assistants,2012,90,2022,110,20,17.4,0
51,Virginia,15-2041,Statisticians,2012,640,2022,840,200,31,40
51,Virginia,43-5081,Stock Clerks and Order Fillers,2012,48280,2022,49190,910,1.9,1550
51,Virginia,47-2022,Stonemasons,2012,310,2022,390,80,25.4,10
51,Virginia,47-2221,Structural Iron and Steel Workers,2012,1960,2022,2290,330,16.7,100
51,Virginia,51-2041,Structural Metal Fabricators and Fitters,2012,1480,2022,1620,140,9.4,70
51,Virginia,21-1011,Substance Abuse and Behavioral Disorder Counselors,2012,2390,2022,2980,590,24.8,110
51,Virginia,29-1067,Surgeons,2012,990,2022,1310,320,32,60
51,Virginia,29-2055,Surgical Technologists,2012,2220,2022,2720,500,22.9,70
51,Virginia,19-3022,Survey Researchers,2012,350,2022,390,40,9.9,10
51,Virginia,17-3031,Surveying and Mapping Technicians,2012,1600,2022,1820,220,14.3,50
51,Virginia,17-1022,Surveyors,2012,1380,2022,1540,160,11.7,50
51,Virginia,43-2011,Switchboard Operators  Including Answering Service,2012,2470,2022,2150,-320,-13,50
51,Virginia,51-6052,Tailors  Dressmakers  and Custom Sewers,2012,1790,2022,1790,0,0.1,20
51,Virginia,47-2082,Tapers,2012,150,2022,190,40,25.2,10
51,Virginia,13-2081,Tax Examiners and Collectors  and Revenue Agents,2012,1760,2022,1870,110,6,70
51,Virginia,13-2082,Tax Preparers,2012,2750,2022,3100,350,12.6,90
51,Virginia,53-3041,Taxi Drivers and Chauffeurs,2012,5790,2022,6670,880,15.4,160
51,Virginia,25-9041,Teacher Assistants,2012,29370,2022,33290,3920,13.3,1060
51,Virginia,25-3099,Teachers and Instructors  All Other,2012,39420,2022,44290,4870,12.4,1160
51,Virginia,51-2092,Team Assemblers,2012,10450,2022,10740,290,2.7,190
51,Virginia,27-3042,Technical Writers,2012,3090,2022,3830,740,24.2,170
51,Virginia,49-2022,Telecommunications Equipment Installers and Repairers  Except Line Installers,2012,4910,2022,5280,370,7.7,110
51,Virginia,49-9052,Telecommunications Line Installers and Repairers,2012,6130,2022,6290,160,2.6,170
51,Virginia,41-9041,Telemarketers,2012,5510,2022,5960,450,8.3,160
51,Virginia,43-3071,Tellers,2012,12900,2022,13260,360,2.8,640
51,Virginia,51-6061,Textile Bleaching and Dyeing Machine Operators and Tenders,2012,330,2022,250,-80,-24.6,10
51,Virginia,51-6062,Textile Cutting Machine Setters  Operators  and Tenders,2012,310,2022,250,-60,-19.6,10
51,Virginia,51-6063,Textile Knitting and Weaving Machine Setters  Operators  and Tenders,2012,1090,2022,840,-250,-23.6,20
51,Virginia,51-6064,Textile Winding  Twisting  and Drawing Out Machine Setters  Operators  and Tenders,2012,930,2022,740,-190,-19.6,20
51,Virginia,51-6099,Textile  Apparel  and Furnishings Workers  All Other,2012,620,2022,540,-80,-12.3,0
51,Virginia,29-1129,Therapists  All Other,2012,210,2022,250,40,16,10
51,Virginia,47-2044,Tile and Marble Setters,2012,600,2022,670,70,11.7,20
51,Virginia,51-9197,Tire Builders,2012,920,2022,840,-80,-8.2,20
51,Virginia,49-3093,Tire Repairers and Changers,2012,2020,2022,2270,250,12.4,100
51,Virginia,23-2093,Title Examiners  Abstractors  and Searchers,2012,1500,2022,1720,220,15,50
51,Virginia,51-4111,Tool and Die Makers,2012,1040,2022,1050,10,1.2,10
51,Virginia,51-4194,Tool Grinders  Filers  and Sharpeners,2012,160,2022,180,20,8.6,0
51,Virginia,00-0000,Total  All Occupations,2012,3947720,2022,4481930,534210,13.5,147680
51,Virginia,39-7011,Tour Guides and Escorts,2012,1780,2022,1920,140,7.6,100
51,Virginia,53-6041,Traffic Technicians,2012,130,2022,150,20,15,10
51,Virginia,Nov-31,Training and Development Managers,2012,1160,2022,1340,180,16.2,50
51,Virginia,13-1151,Training and Development Specialists,2012,10010,2022,12550,2540,25.3,440
51,Virginia,53-6061,Transportation Attendants  Except Flight Attendants,2012,940,2022,1030,90,10.2,30
51,Virginia,53-6051,Transportation Inspectors,2012,410,2022,440,30,7.7,20
51,Virginia,33-9093,Transportation Security Screeners,2012,2010,2022,2250,240,12.1,70
51,Virginia,53-6099,Transportation Workers  All Other,2012,1980,2022,2060,80,4.2,90
51,Virginia,Nov-71,Transportation  Storage  and Distribution Managers,2012,2340,2022,2440,100,4.3,60
51,Virginia,41-3041,Travel Agents,2012,1900,2022,1650,-250,-13.2,30
51,Virginia,37-3013,Tree Trimmers and Pruners,2012,910,2022,1080,170,17.9,40
51,Virginia,27-2023,Umpires  Referees  and Other Sports Officials,2012,770,2022,880,110,14.6,30
51,Virginia,51-6093,Upholsterers,2012,530,2022,510,-20,-3.6,10
51,Virginia,19-3051,Urban and Regional Planners,2012,1390,2022,1600,210,14.8,80
51,Virginia,39-3031,Ushers  Lobby Attendants  and Ticket Takers,2012,2380,2022,2630,250,10.6,150
51,Virginia,29-1131,Veterinarians,2012,2410,2022,3250,840,35.2,160
51,Virginia,31-9096,Veterinary Assistants and Laboratory Animal Caretakers,2012,3530,2022,4610,1080,30.6,180
51,Virginia,29-2056,Veterinary Technologists and Technicians,2012,1420,2022,2230,810,56.6,100
51,Virginia,25-1194,Vocational Education Teachers  Postsecondary,2012,1430,2022,1640,210,14.6,40
51,Virginia,35-3031,Waiters and Waitresses,2012,64750,2022,71210,6460,10,3760
51,Virginia,51-8031,Water and Wastewater Treatment Plant and System Operators,2012,3180,2022,3620,440,13.7,160
51,Virginia,15-1134,Web Developers,2012,5290,2022,6380,1090,20.6,190
51,Virginia,43-5111,Weighers  Measurers  Checkers  and Samplers  Recordkeeping,2012,1510,2022,1640,130,8.5,50
51,Virginia,51-4121,Welders  Cutters  Solderers  and Brazers,2012,9130,2022,9900,770,8.4,300
51,Virginia,51-4122,Welding  Soldering  and Brazing Machine Setters  Operators  and Tenders,2012,1450,2022,1840,390,26.4,70
51,Virginia,13-1022,Wholesale and Retail Buyers  Except Farm Products,2012,2820,2022,2980,160,5.7,90
51,Virginia,51-7099,Woodworkers  All Other,2012,780,2022,790,10,1.2,30
51,Virginia,51-7042,Woodworking Machine Setters  Operators  and Tenders  Except Sawing,2012,2630,2022,2850,220,8.3,40
51,Virginia,43-9022,Word Processors and Typists,2012,1430,2022,1050,-380,-26.9,10
51,Virginia,27-3043,Writers and Authors,2012,3980,2022,4210,230,5.9,110
51,Virginia,19-1023,Zoologists and Wildlife Biologists,2012,300,2022,320,20,7.3,10
