STFIPS,AreaName,OccupationCode,OccupationName,BaseYear,Base,ProjYear,Proj,Change,PercentChange,AvgAnnualOpenings
53,Washington,13-2011,Accountants and Auditors,2012,30340,2022,36850,6510,21.5,1640
53,Washington,27-2011,Actors,2012,320,2022,370,50,16.5,20
53,Washington,15-2011,Actuaries,2012,600,2022,770,170,26.9,40
53,Washington,51-9191,Adhesive Bonding Machine Operators and Tenders,2012,460,2022,480,20,4.6,10
53,Washington,23-1021,Administrative Law Judges  Adjudicators  and Hearing Officers,2012,420,2022,430,10,1.7,10
53,Washington,Nov-11,Administrative Services Managers,2012,5000,2022,5850,850,17,170
53,Washington,25-3011,Adult Basic and Secondary Education and Literacy Teachers and Instructors,2012,8320,2022,9890,1570,18.8,310
53,Washington,Nov-11,Advertising and Promotions Managers,2012,970,2022,1170,200,20.6,50
53,Washington,41-3011,Advertising Sales Agents,2012,2650,2022,2850,200,7.4,100
53,Washington,17-3021,Aerospace Engineering and Operations Technicians,2012,880,2022,830,-50,-5.5,10
53,Washington,17-2011,Aerospace Engineers,2012,8140,2022,7930,-210,-2.7,160
53,Washington,13-1011,Agents and Business Managers of Artists  Performers  and Athletes,2012,130,2022,140,10,13.4,10
53,Washington,19-4011,Agricultural and Food Science Technicians,2012,440,2022,500,60,14.5,20
53,Washington,17-2021,Agricultural Engineers,2012,90,2022,110,20,12.9,0
53,Washington,45-2091,Agricultural Equipment Operators,2012,5280,2022,5610,330,6.3,200
53,Washington,45-2011,Agricultural Inspectors,2012,560,2022,600,40,6.8,20
53,Washington,25-1041,Agricultural Sciences Teachers  Postsecondary,2012,30,2022,40,10,18.8,0
53,Washington,45-2099,Agricultural Workers  All Other,2012,360,2022,390,30,9.9,20
53,Washington,53-2021,Air Traffic Controllers,2012,750,2022,780,30,3.3,40
53,Washington,53-1011,Aircraft Cargo Handling Supervisors,2012,110,2022,110,0,0.9,0
53,Washington,49-3011,Aircraft Mechanics and Service Technicians,2012,3690,2022,3710,20,0.6,100
53,Washington,51-2011,Aircraft Structure  Surfaces  Rigging  and Systems Assemblers,2012,13970,2022,14200,230,1.6,250
53,Washington,53-2022,Airfield Operations Specialists,2012,280,2022,290,10,4,10
53,Washington,53-2011,Airline Pilots  Copilots  and Flight Engineers,2012,2150,2022,2370,220,10.2,90
53,Washington,53-3011,Ambulance Drivers and Attendants  Except Emergency Medical Technicians,2012,910,2022,1130,220,24.4,40
53,Washington,39-3091,Amusement and Recreation Attendants,2012,4990,2022,5700,710,14.2,340
53,Washington,29-1061,Anesthesiologists,2012,850,2022,1040,190,22.2,40
53,Washington,45-2021,Animal Breeders,2012,1110,2022,1160,50,5.1,40
53,Washington,33-9011,Animal Control Workers,2012,190,2022,210,20,7.3,10
53,Washington,19-1011,Animal Scientists,2012,30,2022,30,0,11.5,0
53,Washington,39-2011,Animal Trainers,2012,1080,2022,1410,330,30.7,90
53,Washington,19-3091,Anthropologists and Archeologists,2012,210,2022,240,30,14.6,10
53,Washington,25-1061,Anthropology and Archeology Teachers  Postsecondary,2012,190,2022,230,40,18.8,10
53,Washington,13-2021,Appraisers and Assessors of Real Estate,2012,1750,2022,1890,140,8.1,30
53,Washington,23-1022,Arbitrators  Mediators  and Conciliators,2012,140,2022,160,20,12,0
53,Washington,17-1011,Architects  Except Landscape and Naval,2012,4230,2022,5350,1120,26.6,230
53,Washington,17-3011,Architectural and Civil Drafters,2012,1780,2022,2030,250,14.1,50
53,Washington,Nov-41,Architectural and Engineering Managers,2012,6060,2022,6820,760,12.5,240
53,Washington,25-1031,Architecture Teachers  Postsecondary,2012,90,2022,100,10,17.6,0
53,Washington,25-4011,Archivists,2012,330,2022,450,120,36.6,20
53,Washington,25-1062,Area  Ethnic  and Cultural Studies Teachers  Postsecondary,2012,170,2022,200,30,17.9,10
53,Washington,27-1011,Art Directors,2012,1960,2022,2500,540,27.5,110
53,Washington,25-1121,Art  Drama  and Music Teachers  Postsecondary,2012,2020,2022,2530,510,25.5,90
53,Washington,27-1019,Artists and Related Workers  All Other,2012,140,2022,140,0,1.4,0
53,Washington,51-2099,Assemblers and Fabricators  All Other,2012,5500,2022,6570,1070,19.4,200
53,Washington,19-2011,Astronomers,2012,30,2022,40,10,18.2,0
53,Washington,27-2021,Athletes and Sports Competitors,2012,470,2022,550,80,17.2,20
53,Washington,29-9091,Athletic Trainers,2012,240,2022,290,50,19.5,10
53,Washington,19-2021,Atmospheric and Space Scientists,2012,230,2022,270,40,16.7,10
53,Washington,25-1051,Atmospheric  Earth  Marine  and Space Sciences Teachers  Postsecondary,2012,300,2022,360,60,18.5,10
53,Washington,27-4011,Audio and Video Equipment Technicians,2012,1210,2022,1430,220,18,50
53,Washington,29-1181,Audiologists,2012,380,2022,480,100,24.7,20
53,Washington,25-9011,Audio-Visual and Multimedia Collections Specialists,2012,130,2022,140,10,7.1,0
53,Washington,53-6031,Automotive and Watercraft Service Attendants,2012,2330,2022,2690,360,15.5,110
53,Washington,49-3021,Automotive Body and Related Repairers,2012,2720,2022,2940,220,8.1,80
53,Washington,49-3022,Automotive Glass Installers and Repairers,2012,1390,2022,1520,130,9.2,50
53,Washington,49-3023,Automotive Service Technicians and Mechanics,2012,14070,2022,15810,1740,12.4,550
53,Washington,49-2091,Avionics Technicians,2012,1200,2022,1080,-120,-9.5,10
53,Washington,39-6011,Baggage Porters and Bellhops,2012,770,2022,830,60,7.7,30
53,Washington,33-3011,Bailiffs,2012,190,2022,200,10,3.6,10
53,Washington,51-3011,Bakers,2012,5610,2022,6280,670,11.8,210
53,Washington,39-5011,Barbers,2012,4920,2022,6000,1080,21.9,250
53,Washington,35-3011,Bartenders,2012,13850,2022,16350,2500,18,810
53,Washington,49-3091,Bicycle Repairers,2012,360,2022,430,70,19.7,20
53,Washington,43-3011,Bill and Account Collectors,2012,5350,2022,6390,1040,19.4,270
53,Washington,43-3021,Billing and Posting Clerks,2012,12540,2022,15310,2770,22.1,530
53,Washington,19-1021,Biochemists and Biophysicists,2012,480,2022,600,120,25.7,30
53,Washington,25-1042,Biological Science Teachers  Postsecondary,2012,1070,2022,1270,200,18.4,40
53,Washington,19-1029,Biological Scientists  All Other,2012,1180,2022,1260,80,7.1,40
53,Washington,19-4021,Biological Technicians,2012,3340,2022,3790,450,13.5,150
53,Washington,17-2031,Biomedical Engineers,2012,390,2022,480,90,23,20
53,Washington,47-2011,Boilermakers,2012,360,2022,480,120,32.8,30
53,Washington,43-3031,Bookkeeping  Accounting  and Auditing Clerks,2012,44950,2022,53480,8530,19,1310
53,Washington,47-2021,Brickmasons and Blockmasons,2012,960,2022,1340,380,39.8,50
53,Washington,53-6011,Bridge and Lock Tenders,2012,60,2022,60,0,1.8,0
53,Washington,27-3021,Broadcast News Analysts,2012,20,2022,30,10,23.8,0
53,Washington,27-4012,Broadcast Technicians,2012,730,2022,850,120,16.9,30
53,Washington,43-4011,Brokerage Clerks,2012,890,2022,910,20,1.9,30
53,Washington,13-2031,Budget Analysts,2012,2240,2022,2260,20,0.7,90
53,Washington,37-2019,Building Cleaning Workers  All Other,2012,340,2022,440,100,31,20
53,Washington,49-3031,Bus and Truck Mechanics and Diesel Engine Specialists,2012,5960,2022,6680,720,12,210
53,Washington,53-3022,Bus Drivers  School or Special Client,2012,9760,2022,10580,820,8.5,270
53,Washington,53-3021,Bus Drivers  Transit and Intercity,2012,6470,2022,6830,360,5.4,160
53,Washington,13-1199,Business Operations Specialists  All Other,2012,28150,2022,32020,3870,13.7,800
53,Washington,25-1011,Business Teachers  Postsecondary,2012,1530,2022,1820,290,18.4,50
53,Washington,51-3021,Butchers and Meat Cutters,2012,3060,2022,3350,290,9.4,110
53,Washington,13-1021,Buyers and Purchasing Agents  Farm Products,2012,320,2022,360,40,12.5,10
53,Washington,51-7011,Cabinetmakers and Bench Carpenters,2012,1860,2022,2080,220,11.6,40
53,Washington,49-9061,Camera and Photographic Equipment Repairers,2012,40,2022,40,0,10.8,0
53,Washington,27-4031,Camera Operators  Television  Video  and Motion Picture,2012,610,2022,770,160,25.6,20
53,Washington,53-5021,Captains  Mates  and Pilots of Water Vessels,2012,1570,2022,1870,300,19.7,110
53,Washington,29-2031,Cardiovascular Technologists and Technicians,2012,1090,2022,1350,260,23.9,40
53,Washington,25-2023,Career/Technical Education Teachers  Middle School,2012,170,2022,190,20,14.3,10
53,Washington,25-2032,Career/Technical Education Teachers  Secondary School,2012,2620,2022,2980,360,13.7,110
53,Washington,43-5011,Cargo and Freight Agents,2012,1880,2022,2270,390,20.7,100
53,Washington,47-2031,Carpenters,2012,36640,2022,49230,12590,34.4,1790
53,Washington,47-2041,Carpet Installers,2012,920,2022,1170,250,27.1,40
53,Washington,17-1021,Cartographers and Photogrammetrists,2012,430,2022,500,70,16.2,20
53,Washington,41-2011,Cashiers,2012,66530,2022,73420,6890,10.4,3700
53,Washington,47-2051,Cement Masons and Concrete Finishers,2012,2460,2022,3450,990,40.4,130
53,Washington,35-1011,Chefs and Head Cooks,2012,3120,2022,3690,570,18.4,110
53,Washington,17-2041,Chemical Engineers,2012,510,2022,600,90,18.3,20
53,Washington,51-9011,Chemical Equipment Operators and Tenders,2012,360,2022,400,40,10.8,20
53,Washington,51-8091,Chemical Plant and System Operators,2012,320,2022,350,30,9.4,20
53,Washington,19-4031,Chemical Technicians,2012,740,2022,890,150,19.6,30
53,Washington,25-1052,Chemistry Teachers  Postsecondary,2012,480,2022,590,110,23.1,20
53,Washington,19-2031,Chemists,2012,1860,2022,2200,340,18.1,90
53,Washington,11-1011,Chief Executives,2012,4720,2022,5530,810,17.1,190
53,Washington,21-1021,Child  Family  and School Social Workers,2012,4870,2022,5550,680,13.9,180
53,Washington,39-9011,Childcare Workers,2012,40350,2022,45270,4920,12.2,1740
53,Washington,29-1011,Chiropractors,2012,1530,2022,2030,500,32.9,90
53,Washington,27-2032,Choreographers,2012,490,2022,570,80,17.6,20
53,Washington,17-3022,Civil Engineering Technicians,2012,2060,2022,2200,140,6.9,60
53,Washington,17-2051,Civil Engineers,2012,12980,2022,16080,3100,23.9,660
53,Washington,13-1031,Claims Adjusters  Examiners  and Investigators,2012,7250,2022,7860,610,8.4,240
53,Washington,53-7061,Cleaners of Vehicles and Equipment,2012,7480,2022,8560,1080,14.4,330
53,Washington,51-9192,Cleaning  Washing  and Metal Pickling Equipment Operators and Tenders,2012,750,2022,820,70,10.6,30
53,Washington,21-2011,Clergy,2012,4310,2022,4530,220,5.1,110
53,Washington,19-3031,Clinical  Counseling  and School Psychologists,2012,2700,2022,3210,510,18.8,130
53,Washington,27-2022,Coaches and Scouts,2012,10860,2022,13700,2840,26.2,640
53,Washington,51-9121,Coating  Painting  and Spraying Machine Setters  Operators  and Tenders,2012,2120,2022,2660,540,25.6,100
53,Washington,51-2021,Coil Winders  Tapers  and Finishers,2012,300,2022,340,40,15.6,10
53,Washington,49-9091,Coin  Vending  and Amusement Machine Servicers and Repairers,2012,860,2022,950,90,10.6,20
53,Washington,35-3021,Combined Food Preparation and Serving Workers  Including Fast Food,2012,56700,2022,67250,10550,18.6,3400
53,Washington,27-1021,Commercial and Industrial Designers,2012,820,2022,1020,200,25,50
53,Washington,49-9092,Commercial Divers,2012,130,2022,150,20,16.3,10
53,Washington,53-2012,Commercial Pilots,2012,880,2022,970,90,10.3,40
53,Washington,43-2099,Communications Equipment Operators  All Other,2012,30,2022,30,0,12,0
53,Washington,25-1122,Communications Teachers  Postsecondary,2012,520,2022,610,90,18.4,20
53,Washington,21-1099,Community and Social Service Specialists  All Other,2012,1350,2022,1610,260,19.5,70
53,Washington,21-1094,Community Health Workers,2012,720,2022,840,120,17.3,30
53,Washington,Nov-11,Compensation and Benefits Managers,2012,280,2022,330,50,18.5,10
53,Washington,13-1141,Compensation  Benefits  and Job Analysis Specialists,2012,1640,2022,1870,230,13.6,60
53,Washington,13-1041,Compliance Officers,2012,6520,2022,7080,560,8.6,180
53,Washington,15-1111,Computer and Information Research Scientists,2012,1090,2022,1300,210,18.9,40
53,Washington,Nov-21,Computer and Information Systems Managers,2012,9510,2022,12010,2500,26.3,400
53,Washington,17-2061,Computer Hardware Engineers,2012,1560,2022,1860,300,19,70
53,Washington,15-1143,Computer Network Architects,2012,4330,2022,4810,480,11.3,120
53,Washington,15-1152,Computer Network Support Specialists,2012,4570,2022,5520,950,20.6,170
53,Washington,51-4012,Computer Numerically Controlled Machine Tool Programmers  Metal and Plastic,2012,800,2022,860,60,8.1,30
53,Washington,15-1199,Computer Occupations  All Other,2012,4880,2022,5960,1080,22.2,190
53,Washington,43-9011,Computer Operators,2012,800,2022,880,80,9.5,20
53,Washington,15-1131,Computer Programmers,2012,16710,2022,20700,3990,23.9,890
53,Washington,25-1021,Computer Science Teachers  Postsecondary,2012,480,2022,560,80,18.2,20
53,Washington,15-1121,Computer Systems Analysts,2012,15380,2022,18900,3520,22.9,620
53,Washington,15-1151,Computer User Support Specialists,2012,13080,2022,16400,3320,25.3,560
53,Washington,49-2011,Computer  Automated Teller  and Office Machine Repairers,2012,2770,2022,3050,280,10,90
53,Washington,51-4011,Computer-Controlled Machine Tool Operators  Metal and Plastic,2012,2530,2022,2990,460,18.2,130
53,Washington,39-6012,Concierges,2012,540,2022,650,110,19.5,30
53,Washington,19-1031,Conservation Scientists,2012,950,2022,1000,50,4.6,30
53,Washington,47-4011,Construction and Building Inspectors,2012,2580,2022,2890,310,12,100
53,Washington,47-4099,Construction and Related Workers  All Other,2012,1110,2022,1430,320,27.9,60
53,Washington,47-2061,Construction Laborers,2012,22740,2022,30730,7990,35.1,1380
53,Washington,Nov-21,Construction Managers,2012,13220,2022,17210,3990,30.2,650
53,Washington,47-5041,Continuous Mining Machine Operators,2012,140,2022,140,0,-0.7,0
53,Washington,49-9012,Control and Valve Installers and Repairers  Except Mechanical Door,2012,950,2022,1170,220,23.1,60
53,Washington,53-7011,Conveyor Operators and Tenders,2012,890,2022,950,60,6.9,30
53,Washington,35-2019,Cooks  All Other,2012,450,2022,530,80,17.7,20
53,Washington,35-2011,Cooks  Fast Food,2012,7430,2022,8860,1430,19.2,300
53,Washington,35-2012,Cooks  Institution and Cafeteria,2012,10560,2022,12500,1940,18.4,420
53,Washington,35-2013,Cooks  Private Household,2012,160,2022,170,10,9,10
53,Washington,35-2014,Cooks  Restaurant,2012,22400,2022,26630,4230,18.9,910
53,Washington,35-2015,Cooks  Short Order,2012,3190,2022,3770,580,18.3,130
53,Washington,51-9193,Cooling and Freezing Equipment Operators and Tenders,2012,190,2022,210,20,8.8,10
53,Washington,33-3012,Correctional Officers and Jailers,2012,6400,2022,6700,300,4.7,200
53,Washington,43-4021,Correspondence Clerks,2012,50,2022,60,10,9.8,0
53,Washington,13-1051,Cost Estimators,2012,5440,2022,7300,1860,34.1,390
53,Washington,39-3092,Costume Attendants,2012,80,2022,90,10,15,10
53,Washington,21-1019,Counselors  All Other,2012,250,2022,300,50,20.2,10
53,Washington,41-2021,Counter and Rental Clerks,2012,14720,2022,16530,1810,12.3,580
53,Washington,35-3022,Counter Attendants  Cafeteria  Food Concession  and Coffee Shop,2012,14510,2022,17140,2630,18.1,1200
53,Washington,43-5021,Couriers and Messengers,2012,2130,2022,2280,150,7,40
53,Washington,23-2091,Court Reporters,2012,280,2022,320,40,14.7,10
53,Washington,43-4031,Court  Municipal  and License Clerks,2012,3150,2022,3260,110,3.5,60
53,Washington,27-1012,Craft Artists,2012,560,2022,670,110,21.2,30
53,Washington,53-7021,Crane and Tower Operators,2012,1530,2022,1750,220,14.9,80
53,Washington,13-2041,Credit Analysts,2012,1020,2022,1210,190,18.1,50
53,Washington,43-4041,Credit Authorizers  Checkers  and Clerks,2012,490,2022,560,70,14.3,10
53,Washington,13-2071,Credit Counselors,2012,460,2022,560,100,21.2,20
53,Washington,25-1111,Criminal Justice and Law Enforcement Teachers  Postsecondary,2012,150,2022,180,30,22.3,10
53,Washington,33-9091,Crossing Guards,2012,990,2022,1280,290,28.5,50
53,Washington,51-9021,Crushing  Grinding  and Polishing Machine Setters  Operators  and Tenders,2012,680,2022,760,80,11.4,30
53,Washington,25-4012,Curators,2012,230,2022,270,40,17.6,10
53,Washington,43-4051,Customer Service Representatives,2012,41130,2022,48760,7630,18.6,1990
53,Washington,51-9031,Cutters and Trimmers  Hand,2012,280,2022,320,40,13,10
53,Washington,51-9032,Cutting and Slicing Machine Setters  Operators  and Tenders,2012,1360,2022,1460,100,7.2,30
53,Washington,51-4031,Cutting  Punching  and Press Machine Setters  Operators  and Tenders  Metal and Plastic,2012,2750,2022,3370,620,22.6,90
53,Washington,27-2031,Dancers,2012,100,2022,110,10,12.2,0
53,Washington,43-9021,Data Entry Keyers,2012,2870,2022,2850,-20,-0.6,30
53,Washington,15-1141,Database Administrators,2012,2830,2022,3250,420,14.9,100
53,Washington,41-9011,Demonstrators and Product Promoters,2012,3640,2022,4630,990,27.2,220
53,Washington,31-9091,Dental Assistants,2012,9560,2022,11470,1910,19.9,410
53,Washington,29-2021,Dental Hygienists,2012,5900,2022,7270,1370,23.1,310
53,Washington,51-9081,Dental Laboratory Technicians,2012,1150,2022,1300,150,13.2,60
53,Washington,29-1029,Dentists  All Other Specialists,2012,140,2022,150,10,7.9,10
53,Washington,29-1021,Dentists  General,2012,3410,2022,4180,770,22.6,170
53,Washington,27-1029,Designers  All Other,2012,190,2022,240,50,24.6,10
53,Washington,43-9031,Desktop Publishers,2012,250,2022,280,30,12.4,10
53,Washington,33-3021,Detectives and Criminal Investigators,2012,1970,2022,2090,120,6,60
53,Washington,29-2032,Diagnostic Medical Sonographers,2012,1440,2022,1970,530,36.8,80
53,Washington,29-2051,Dietetic Technicians,2012,690,2022,800,110,15.9,20
53,Washington,29-1031,Dietitians and Nutritionists,2012,1790,2022,2160,370,20.7,60
53,Washington,35-9011,Dining Room and Cafeteria Attendants and Bartender Helpers,2012,8730,2022,10350,1620,18.5,580
53,Washington,21-2021,Directors  Religious Activities and Education,2012,1490,2022,1550,60,4.1,60
53,Washington,35-9021,Dishwashers,2012,10540,2022,12480,1940,18.4,690
53,Washington,43-5032,Dispatchers  Except Police  Fire  and Ambulance,2012,4000,2022,4740,740,18.5,200
53,Washington,41-9091,Door-to-Door Sales Workers  News and Street Vendors  and Related Workers,2012,800,2022,980,180,23.1,30
53,Washington,17-3019,Drafters  All Other,2012,700,2022,910,210,29.8,30
53,Washington,53-7031,Dredge Operators,2012,30,2022,40,10,42.3,0
53,Washington,51-4032,Drilling and Boring Machine Tool Setters  Operators  and Tenders  Metal and Plastic,2012,220,2022,250,30,15.8,10
53,Washington,53-3031,Driver/Sales Workers,2012,8250,2022,9450,1200,14.5,260
53,Washington,47-2081,Drywall and Ceiling Tile Installers,2012,3130,2022,4240,1110,35.6,150
53,Washington,47-5021,Earth Drillers  Except Oil and Gas,2012,540,2022,680,140,25.7,30
53,Washington,25-1063,Economics Teachers  Postsecondary,2012,210,2022,250,40,18.8,10
53,Washington,19-3011,Economists,2012,350,2022,390,40,13.9,20
53,Washington,27-3041,Editors,2012,3280,2022,3670,390,11.8,120
53,Washington,Nov-39,Education Administrators  All Other,2012,830,2022,980,150,17.7,40
53,Washington,Nov-32,Education Administrators  Elementary and Secondary School,2012,4660,2022,5510,850,18.4,220
53,Washington,Nov-33,Education Administrators  Postsecondary,2012,2360,2022,2800,440,18.4,110
53,Washington,Nov-31,Education Administrators  Preschool and Childcare Center/Program,2012,1200,2022,1440,240,20.1,60
53,Washington,25-1081,Education Teachers  Postsecondary,2012,1410,2022,1750,340,24.1,60
53,Washington,25-9099,Education  Training  and Library Workers  All Other,2012,3810,2022,4470,660,17.4,100
53,Washington,21-1012,Educational  Guidance  School  and Vocational Counselors,2012,5400,2022,6310,910,16.9,220
53,Washington,49-2092,Electric Motor  Power Tool  and Related Repairers,2012,470,2022,490,20,5.6,10
53,Washington,51-2022,Electrical and Electronic Equipment Assemblers,2012,4530,2022,5200,670,15,130
53,Washington,17-3012,Electrical and Electronics Drafters,2012,1070,2022,1110,40,3.5,20
53,Washington,17-3023,Electrical and Electronics Engineering Technicians,2012,2590,2022,2940,350,13.7,90
53,Washington,49-2093,Electrical and Electronics Installers and Repairers  Transportation Equipment,2012,550,2022,570,20,3.1,10
53,Washington,49-2094,Electrical and Electronics Repairers  Commercial and Industrial Equipment,2012,1460,2022,1560,100,6.4,40
53,Washington,49-2095,Electrical and Electronics Repairers  Powerhouse  Substation  and Relay,2012,240,2022,260,20,4.9,10
53,Washington,17-2071,Electrical Engineers,2012,6010,2022,6650,640,10.7,200
53,Washington,49-9051,Electrical Power-Line Installers and Repairers,2012,2240,2022,2590,350,15.7,120
53,Washington,47-2111,Electricians,2012,14950,2022,19730,4780,32,810
53,Washington,51-2023,Electromechanical Equipment Assemblers,2012,680,2022,770,90,12.5,20
53,Washington,17-3024,Electro-Mechanical Technicians,2012,190,2022,220,30,14.1,10
53,Washington,49-2096,Electronic Equipment Installers and Repairers  Motor Vehicles,2012,380,2022,410,30,8.1,10
53,Washington,49-2097,Electronic Home Entertainment Equipment Installers and Repairers,2012,480,2022,540,60,12.9,20
53,Washington,17-2072,Electronics Engineers  Except Computer,2012,3410,2022,3790,380,11.3,120
53,Washington,25-2021,Elementary School Teachers  Except Special Education,2012,28410,2022,33650,5240,18.4,1200
53,Washington,47-4021,Elevator Installers and Repairers,2012,50,2022,70,20,42.6,0
53,Washington,43-4061,Eligibility Interviewers  Government Programs,2012,3320,2022,3400,80,2.6,80
53,Washington,39-4011,Embalmers,2012,40,2022,30,-10,-14.3,0
53,Washington,Nov-61,Emergency Management Directors,2012,180,2022,190,10,8.5,0
53,Washington,29-2041,Emergency Medical Technicians and Paramedics,2012,3310,2022,3800,490,14.8,150
53,Washington,51-2031,Engine and Other Machine Assemblers,2012,1090,2022,1530,440,39.9,70
53,Washington,25-1032,Engineering Teachers  Postsecondary,2012,780,2022,940,160,21,30
53,Washington,17-3029,Engineering Technicians  Except Drafters  All Other,2012,1990,2022,2050,60,2.9,50
53,Washington,17-2199,Engineers  All Other,2012,3780,2022,4210,430,11.4,120
53,Washington,25-1123,English Language and Literature Teachers  Postsecondary,2012,1540,2022,1830,290,18.9,50
53,Washington,27-2099,Entertainers and Performers  Sports and Related Workers  All Other,2012,460,2022,540,80,17.5,20
53,Washington,39-3099,Entertainment Attendants and Related Workers  All Other,2012,200,2022,220,20,10.7,10
53,Washington,17-3025,Environmental Engineering Technicians,2012,480,2022,540,60,12.2,20
53,Washington,17-2081,Environmental Engineers,2012,1600,2022,1900,300,18.6,70
53,Washington,19-4091,Environmental Science and Protection Technicians  Including Health,2012,1210,2022,1420,210,17.2,70
53,Washington,25-1053,Environmental Science Teachers  Postsecondary,2012,70,2022,80,10,18.3,0
53,Washington,19-2041,Environmental Scientists and Specialists  Including Health,2012,4220,2022,5040,820,19.4,220
53,Washington,19-1041,Epidemiologists,2012,340,2022,390,50,17,10
53,Washington,51-9194,Etchers and Engravers,2012,290,2022,330,40,12.4,10
53,Washington,53-7032,Excavating and Loading Machine and Dragline Operators,2012,850,2022,1040,190,23.6,30
53,Washington,43-6011,Executive Secretaries and Executive Administrative Assistants,2012,12850,2022,13730,880,6.9,250
53,Washington,29-1128,Exercise Physiologists,2012,40,2022,50,10,26.3,0
53,Washington,47-5031,Explosives Workers  Ordnance Handling Experts  and Blasters,2012,120,2022,110,-10,-8.2,0
53,Washington,47-5099,Extraction Workers  All Other,2012,50,2022,50,0,8.9,0
53,Washington,51-4021,Extruding and Drawing Machine Setters  Operators  and Tenders  Metal and Plastic,2012,1030,2022,1200,170,16.9,40
53,Washington,51-6091,Extruding and Forming Machine Setters  Operators  and Tenders  Synthetic and Glass Fibers,2012,390,2022,490,100,26.3,20
53,Washington,51-9041,Extruding  Forming  Pressing  and Compacting Machine Setters  Operators  and Tenders,2012,970,2022,1200,230,23.5,50
53,Washington,51-6092,Fabric and Apparel Patternmakers,2012,40,2022,50,10,9.1,0
53,Washington,45-4021,Fallers,2012,610,2022,650,40,7,10
53,Washington,29-1062,Family and General Practitioners,2012,2170,2022,2600,430,19.9,100
53,Washington,25-9021,Farm and Home Management Advisors,2012,220,2022,270,50,18.8,10
53,Washington,49-3041,Farm Equipment Mechanics and Service Technicians,2012,1320,2022,1450,130,9.9,50
53,Washington,13-1074,Farm Labor Contractors,2012,420,2022,440,20,5.5,10
53,Washington,Nov-13,Farmers  Ranchers  and Other Agricultural Managers,2012,3790,2022,4010,220,5.9,90
53,Washington,45-2092,Farmworkers and Laborers  Crop  Nursery  and Greenhouse,2012,60650,2022,64500,3850,6.3,2280
53,Washington,45-2093,Farmworkers  Farm  Ranch  and Aquacultural Animals,2012,5710,2022,6070,360,6.2,210
53,Washington,27-1022,Fashion Designers,2012,300,2022,380,80,26.2,20
53,Washington,47-4031,Fence Erectors,2012,1200,2022,1720,520,43.2,90
53,Washington,51-2091,Fiberglass Laminators and Fabricators,2012,990,2022,950,-40,-3.9,10
53,Washington,43-4071,File Clerks,2012,2480,2022,2800,320,12.7,90
53,Washington,27-4032,Film and Video Editors,2012,340,2022,430,90,28.2,10
53,Washington,13-2051,Financial Analysts,2012,3210,2022,3850,640,20,150
53,Washington,43-3099,Financial Clerks  All Other,2012,920,2022,1060,140,14.9,40
53,Washington,13-2061,Financial Examiners,2012,450,2022,480,30,6.4,20
53,Washington,Nov-31,Financial Managers,2012,11650,2022,13600,1950,16.7,430
53,Washington,13-2099,Financial Specialists  All Other,2012,2360,2022,2650,290,12.6,60
53,Washington,27-1013,Fine Artists  Including Painters  Sculptors  and Illustrators,2012,1740,2022,2010,270,15.4,70
53,Washington,33-2021,Fire Inspectors and Investigators,2012,240,2022,260,20,6.1,10
53,Washington,33-2011,Firefighters,2012,8020,2022,8270,250,3.1,250
53,Washington,47-1011,First-Line Supervisors of Construction Trades and Extraction Workers,2012,15030,2022,19910,4880,32.5,680
53,Washington,33-1011,First-Line Supervisors of Correctional Officers,2012,1060,2022,1110,50,4.6,40
53,Washington,45-1011,First-Line Supervisors of Farming  Fishing  and Forestry Workers,2012,4270,2022,4550,280,6.4,120
53,Washington,33-1021,First-Line Supervisors of Fire Fighting and Prevention Workers,2012,2040,2022,2110,70,3.2,100
53,Washington,35-1012,First-Line Supervisors of Food Preparation and Serving Workers,2012,15420,2022,18180,2760,18,750
53,Washington,53-1021,First-Line Supervisors of Helpers  Laborers  and Material Movers  Hand,2012,3030,2022,3480,450,14.8,140
53,Washington,37-1011,First-Line Supervisors of Housekeeping and Janitorial Workers,2012,4060,2022,4840,780,19.3,190
53,Washington,37-1012,First-Line Supervisors of Landscaping  Lawn Service  and Groundskeeping Workers,2012,5090,2022,6520,1430,28.2,210
53,Washington,49-1011,First-Line Supervisors of Mechanics  Installers  and Repairers,2012,9460,2022,10790,1330,14.1,410
53,Washington,41-1012,First-Line Supervisors of Non-Retail Sales Workers,2012,10960,2022,12700,1740,15.9,330
53,Washington,43-1011,First-Line Supervisors of Office and Administrative Support Workers,2012,24830,2022,28830,4000,16.1,1040
53,Washington,39-1021,First-Line Supervisors of Personal Service Workers,2012,7200,2022,8430,1230,17.2,270
53,Washington,33-1012,First-Line Supervisors of Police and Detectives,2012,2200,2022,2270,70,3.1,70
53,Washington,51-1011,First-Line Supervisors of Production and Operating Workers,2012,12570,2022,13910,1340,10.6,320
53,Washington,33-1099,First-Line Supervisors of Protective Service Workers  All Other,2012,1880,2022,2260,380,20.5,90
53,Washington,41-1011,First-Line Supervisors of Retail Sales Workers,2012,32140,2022,36550,4410,13.7,1190
53,Washington,53-1031,First-Line Supervisors of Transportation and Material-Moving Machine and Vehicle Operators,2012,4740,2022,5350,610,12.8,200
53,Washington,33-3031,Fish and Game Wardens,2012,120,2022,130,10,3.3,0
53,Washington,45-3011,Fishers and Related Fishing Workers,2012,6240,2022,6100,-140,-2.3,110
53,Washington,39-9031,Fitness Trainers and Aerobics Instructors,2012,8370,2022,9750,1380,16.4,250
53,Washington,53-2031,Flight Attendants,2012,2170,2022,2280,110,5.5,50
53,Washington,47-2042,Floor Layers  Except Carpet  Wood  and Hard Tiles,2012,710,2022,980,270,37.8,40
53,Washington,47-2043,Floor Sanders and Finishers,2012,310,2022,420,110,37.6,20
53,Washington,27-1023,Floral Designers,2012,1650,2022,1800,150,8.6,60
53,Washington,51-3091,Food and Tobacco Roasting  Baking  and Drying Machine Operators and Tenders,2012,510,2022,550,40,9.1,20
53,Washington,51-3092,Food Batchmakers,2012,2720,2022,2990,270,9.8,120
53,Washington,51-3093,Food Cooking Machine Operators and Tenders,2012,580,2022,630,50,9,20
53,Washington,35-9099,Food Preparation and Serving Related Workers  All Other,2012,1150,2022,1370,220,18.8,90
53,Washington,35-2021,Food Preparation Workers,2012,19420,2022,22460,3040,15.6,900
53,Washington,51-3099,Food Processing Workers  All Other,2012,610,2022,710,100,17,30
53,Washington,19-1012,Food Scientists and Technologists,2012,310,2022,340,30,10.7,10
53,Washington,35-3041,Food Servers  Nonrestaurant,2012,6420,2022,7940,1520,23.7,360
53,Washington,Nov-51,Food Service Managers,2012,6290,2022,7510,1220,19.3,250
53,Washington,25-1124,Foreign Language and Literature Teachers  Postsecondary,2012,640,2022,800,160,24.8,30
53,Washington,19-4092,Forensic Science Technicians,2012,270,2022,290,20,4.4,10
53,Washington,19-4093,Forest and Conservation Technicians,2012,1330,2022,1380,50,3.8,60
53,Washington,45-4011,Forest and Conservation Workers,2012,1260,2022,1340,80,6.2,30
53,Washington,19-1032,Foresters,2012,750,2022,790,40,4.5,30
53,Washington,25-1043,Forestry and Conservation Science Teachers  Postsecondary,2012,80,2022,100,20,18.1,0
53,Washington,51-4022,Forging Machine Setters  Operators  and Tenders  Metal and Plastic,2012,160,2022,170,10,11.5,10
53,Washington,51-4071,Foundry Mold and Coremakers,2012,450,2022,460,10,2.4,10
53,Washington,13-1131,Fundraisers,2012,2580,2022,3040,460,17.6,100
53,Washington,39-4021,Funeral Attendants,2012,160,2022,170,10,6.2,10
53,Washington,Nov-61,Funeral Service Managers,2012,70,2022,70,0,6,0
53,Washington,51-9051,Furnace  Kiln  Oven  Drier  and Kettle Operators and Tenders,2012,970,2022,1160,190,20,50
53,Washington,51-7021,Furniture Finishers,2012,350,2022,350,0,1.1,10
53,Washington,39-3012,Gaming and Sports Book Writers and Runners,2012,740,2022,810,70,10.1,20
53,Washington,43-3041,Gaming Cage Workers,2012,860,2022,910,50,6,20
53,Washington,41-2012,Gaming Change Persons and Booth Cashiers,2012,860,2022,880,20,3.3,40
53,Washington,39-3011,Gaming Dealers,2012,6140,2022,6990,850,13.9,200
53,Washington,Nov-71,Gaming Managers,2012,240,2022,250,10,5.9,10
53,Washington,39-3019,Gaming Service Workers  All Other,2012,120,2022,130,10,3.2,0
53,Washington,39-1011,Gaming Supervisors,2012,1930,2022,2100,170,8.6,60
53,Washington,33-9031,Gaming Surveillance Officers and Gaming Investigators,2012,650,2022,700,50,8.7,20
53,Washington,53-7071,Gas Compressor and Gas Pumping Station Operators,2012,10,2022,20,10,30.8,0
53,Washington,51-8092,Gas Plant Operators,2012,380,2022,430,50,12.5,20
53,Washington,11-1021,General and Operations Managers,2012,32270,2022,37640,5370,16.7,1200
53,Washington,29-9092,Genetic Counselors,2012,40,2022,50,10,21.1,0
53,Washington,19-3092,Geographers,2012,60,2022,80,20,20.3,0
53,Washington,25-1064,Geography Teachers  Postsecondary,2012,110,2022,130,20,17.9,0
53,Washington,19-4041,Geological and Petroleum Technicians,2012,80,2022,100,20,25.9,10
53,Washington,19-2042,Geoscientists  Except Hydrologists and Geographers,2012,1220,2022,1520,300,24.3,70
53,Washington,47-2121,Glaziers,2012,1610,2022,2180,570,36,100
53,Washington,45-2041,Graders and Sorters  Agricultural Products,2012,5050,2022,5380,330,6.7,130
53,Washington,25-1191,Graduate Teaching Assistants,2012,730,2022,860,130,18.4,30
53,Washington,27-1024,Graphic Designers,2012,6950,2022,8240,1290,18.6,330
53,Washington,51-9022,Grinding and Polishing Workers  Hand,2012,820,2022,860,40,5.8,30
53,Washington,51-4033,Grinding  Lapping  Polishing  and Buffing Machine Tool Setters  Operators  and Tenders  Metal and Plastic,2012,1110,2022,1310,200,18.1,50
53,Washington,37-3019,Grounds Maintenance Workers  All Other,2012,180,2022,210,30,14.8,10
53,Washington,39-5012,Hairdressers  Hairstylists  and Cosmetologists,2012,17650,2022,21100,3450,19.5,800
53,Washington,47-4041,Hazardous Materials Removal Workers,2012,1530,2022,1770,240,15.5,60
53,Washington,17-2111,Health and Safety Engineers  Except Mining Safety Engineers and Inspectors,2012,550,2022,670,120,22.1,30
53,Washington,29-1199,Health Diagnosing and Treating Practitioners  All Other,2012,1630,2022,1910,280,17.2,70
53,Washington,21-1091,Health Educators,2012,1410,2022,1640,230,16.6,60
53,Washington,25-1071,Health Specialties Teachers  Postsecondary,2012,3550,2022,4500,950,26.7,160
53,Washington,29-2099,Health Technologists and Technicians  All Other,2012,3360,2022,4020,660,19.5,100
53,Washington,29-9099,Healthcare Practitioners and Technical Workers  All Other,2012,1310,2022,1570,260,20.1,70
53,Washington,21-1022,Healthcare Social Workers,2012,3290,2022,3970,680,20.8,150
53,Washington,31-9099,Healthcare Support Workers  All Other,2012,4070,2022,4760,690,16.9,150
53,Washington,29-2092,Hearing Aid Specialists,2012,260,2022,310,50,20.2,10
53,Washington,51-4191,Heat Treating Equipment Setters  Operators  and Tenders  Metal and Plastic,2012,250,2022,280,30,10.7,10
53,Washington,49-9021,Heating  Air Conditioning  and Refrigeration Mechanics and Installers,2012,4540,2022,6020,1480,32.5,280
53,Washington,53-3032,Heavy and Tractor-Trailer Truck Drivers,2012,33270,2022,38890,5620,16.9,1140
53,Washington,47-3019,Helpers  Construction Trades  All Other,2012,350,2022,470,120,35.2,20
53,Washington,47-3011,Helpers--Brickmasons  Blockmasons  Stonemasons  and Tile and Marble Setters,2012,410,2022,570,160,39.7,20
53,Washington,47-3012,Helpers--Carpenters,2012,330,2022,440,110,33.4,20
53,Washington,47-3013,Helpers--Electricians,2012,470,2022,660,190,39.7,30
53,Washington,47-5081,Helpers--Extraction Workers,2012,30,2022,40,10,31,0
53,Washington,49-9098,Helpers--Installation  Maintenance  and Repair Workers,2012,1990,2022,2240,250,12.3,90
53,Washington,47-3014,Helpers--Painters  Paperhangers  Plasterers  and Stucco Masons,2012,80,2022,90,10,21.3,0
53,Washington,47-3015,Helpers--Pipelayers  Plumbers  Pipefitters  and Steamfitters,2012,670,2022,910,240,36.7,40
53,Washington,51-9198,Helpers--Production Workers,2012,4710,2022,5360,650,13.8,150
53,Washington,47-3016,Helpers--Roofers,2012,200,2022,260,60,29.9,10
53,Washington,47-4051,Highway Maintenance Workers,2012,2450,2022,2550,100,3.9,50
53,Washington,19-3093,Historians,2012,50,2022,50,0,5.9,0
53,Washington,25-1125,History Teachers  Postsecondary,2012,410,2022,490,80,18.5,20
53,Washington,53-7041,Hoist and Winch Operators,2012,70,2022,80,10,14.5,0
53,Washington,49-9031,Home Appliance Repairers,2012,1050,2022,1140,90,8.4,40
53,Washington,25-1192,Home Economics Teachers  Postsecondary,2012,100,2022,120,20,18.8,0
53,Washington,31-1011,Home Health Aides,2012,8890,2022,11670,2780,31.4,470
53,Washington,35-9031,Hosts and Hostesses  Restaurant  Lounge  and Coffee Shop,2012,5650,2022,6700,1050,18.5,560
53,Washington,43-4081,Hotel  Motel  and Resort Desk Clerks,2012,4600,2022,5620,1020,22,340
53,Washington,43-4161,Human Resources Assistants  Except Payroll and Timekeeping,2012,3000,2022,3310,310,10.4,110
53,Washington,Nov-21,Human Resources Managers,2012,3280,2022,3880,600,18.4,160
53,Washington,13-1071,Human Resources Specialists,2012,11830,2022,14040,2210,18.8,460
53,Washington,19-2043,Hydrologists,2012,450,2022,530,80,19.2,20
53,Washington,17-3026,Industrial Engineering Technicians,2012,2720,2022,2660,-60,-2.2,50
53,Washington,17-2112,Industrial Engineers,2012,6120,2022,6480,360,5.8,220
53,Washington,49-9041,Industrial Machinery Mechanics,2012,6990,2022,8440,1450,20.7,370
53,Washington,Nov-51,Industrial Production Managers,2012,2870,2022,3150,280,9.8,80
53,Washington,53-7051,Industrial Truck and Tractor Operators,2012,12490,2022,13940,1450,11.6,450
53,Washington,43-4199,Information and Record Clerks  All Other,2012,3810,2022,4240,430,11.3,130
53,Washington,15-1122,Information Security Analysts,2012,2310,2022,2680,370,16.2,80
53,Washington,51-9061,Inspectors  Testers  Sorters  Samplers  and Weighers,2012,11100,2022,12420,1320,11.8,390
53,Washington,49-9099,Installation  Maintenance  and Repair Workers  All Other,2012,4120,2022,4520,400,9.7,110
53,Washington,25-9031,Instructional Coordinators,2012,2540,2022,3080,540,21,80
53,Washington,47-2131,Insulation Workers  Floor  Ceiling  and Wall,2012,750,2022,1030,280,36.9,40
53,Washington,47-2132,Insulation Workers  Mechanical,2012,1000,2022,1360,360,36.1,50
53,Washington,13-1032,Insurance Appraisers  Auto Damage,2012,130,2022,140,10,11.9,10
53,Washington,43-9041,Insurance Claims and Policy Processing Clerks,2012,6880,2022,7700,820,11.9,280
53,Washington,41-3021,Insurance Sales Agents,2012,10080,2022,11240,1160,11.5,370
53,Washington,13-2053,Insurance Underwriters,2012,2610,2022,2910,300,11.4,110
53,Washington,27-1025,Interior Designers,2012,1860,2022,2320,460,24.5,100
53,Washington,29-1063,Internists  General,2012,740,2022,890,150,20.8,40
53,Washington,27-3091,Interpreters and Translators,2012,1480,2022,1990,510,34.8,80
53,Washington,43-4111,Interviewers  Except Eligibility and Loan,2012,5640,2022,6770,1130,20.1,230
53,Washington,37-2011,Janitors and Cleaners  Except Maids and Housekeeping Cleaners,2012,43100,2022,52040,8940,20.8,1790
53,Washington,51-9071,Jewelers and Precious Stone and Metal Workers,2012,750,2022,840,90,11.8,30
53,Washington,23-1023,Judges  Magistrate Judges  and Magistrates,2012,840,2022,850,10,1.3,20
53,Washington,23-1012,Judicial Law Clerks,2012,270,2022,280,10,3,10
53,Washington,25-2012,Kindergarten Teachers  Except Special Education,2012,4020,2022,4770,750,18.6,200
53,Washington,13-1075,Labor Relations Specialists,2012,2010,2022,2210,200,9.7,60
53,Washington,53-7062,Laborers and Freight  Stock  and Material Movers  Hand,2012,43440,2022,49750,6310,14.5,2080
53,Washington,17-1012,Landscape Architects,2012,1180,2022,1490,310,26.6,60
53,Washington,37-3011,Landscaping and Groundskeeping Workers,2012,29100,2022,36380,7280,25,1550
53,Washington,51-4034,Lathe and Turning Machine Tool Setters  Operators  and Tenders  Metal and Plastic,2012,410,2022,470,60,13.8,20
53,Washington,51-6011,Laundry and Dry-Cleaning Workers,2012,3100,2022,3370,270,8.9,120
53,Washington,25-1112,Law Teachers  Postsecondary,2012,220,2022,270,50,18.8,10
53,Washington,23-1011,Lawyers,2012,16290,2022,20070,3780,23.2,670
53,Washington,51-4192,Layout Workers  Metal and Plastic,2012,820,2022,850,30,3.8,20
53,Washington,43-6012,Legal Secretaries,2012,4140,2022,4550,410,9.9,90
53,Washington,23-2099,Legal Support Workers  All Other,2012,1120,2022,1250,130,11.9,30
53,Washington,11-1031,Legislators,2012,1080,2022,1110,30,3.4,30
53,Washington,25-4021,Librarians,2012,3260,2022,3660,400,12.4,120
53,Washington,43-4121,Library Assistants  Clerical,2012,2100,2022,2260,160,7.5,110
53,Washington,25-1082,Library Science Teachers  Postsecondary,2012,80,2022,90,10,19.2,0
53,Washington,25-4031,Library Technicians,2012,2730,2022,2910,180,6.7,170
53,Washington,29-2061,Licensed Practical and Licensed Vocational Nurses,2012,8750,2022,10210,1460,16.8,380
53,Washington,19-1099,Life Scientists  All Other,2012,170,2022,180,10,7.7,10
53,Washington,19-4099,Life  Physical  and Social Science Technicians  All Other,2012,1180,2022,1300,120,10.1,60
53,Washington,33-9092,Lifeguards  Ski Patrol  and Other Recreational Protective Service Workers,2012,2770,2022,3090,320,11.4,230
53,Washington,53-3033,Light Truck or Delivery Services Drivers,2012,18990,2022,20970,1980,10.4,520
53,Washington,43-4131,Loan Interviewers and Clerks,2012,4600,2022,5200,600,13.1,90
53,Washington,13-2072,Loan Officers,2012,6340,2022,7170,830,13,210
53,Washington,39-3093,Locker Room  Coatroom  and Dressing Room Attendants,2012,350,2022,390,40,11.2,20
53,Washington,49-9094,Locksmiths and Safe Repairers,2012,430,2022,550,120,28,30
53,Washington,53-4011,Locomotive Engineers,2012,880,2022,1030,150,18.2,50
53,Washington,Nov-81,Lodging Managers,2012,1040,2022,1230,190,18.4,50
53,Washington,45-4023,Log Graders and Scalers,2012,300,2022,310,10,4.1,10
53,Washington,45-4022,Logging Equipment Operators,2012,2490,2022,2920,430,17.2,90
53,Washington,45-4029,Logging Workers  All Other,2012,410,2022,440,30,6.8,10
53,Washington,13-1081,Logisticians,2012,6220,2022,5980,-240,-3.9,50
53,Washington,53-7063,Machine Feeders and Offbearers,2012,1870,2022,2110,240,13,70
53,Washington,51-4041,Machinists,2012,6850,2022,8460,1610,23.6,340
53,Washington,29-2035,Magnetic Resonance Imaging Technologists,2012,910,2022,1100,190,21.2,30
53,Washington,37-2012,Maids and Housekeeping Cleaners,2012,53480,2022,60600,7120,13.3,1830
53,Washington,43-9051,Mail Clerks and Mail Machine Operators  Except Postal Service,2012,1100,2022,1120,20,2.2,30
53,Washington,49-9071,Maintenance and Repair Workers  General,2012,28920,2022,33260,4340,15,1040
53,Washington,49-9043,Maintenance Workers  Machinery,2012,1480,2022,1640,160,10.8,40
53,Washington,39-5091,Makeup Artists  Theatrical and Performance,2012,20,2022,30,10,12.5,0
53,Washington,13-1111,Management Analysts,2012,19110,2022,22870,3760,19.6,700
53,Washington,Nov-99,Managers  All Other,2012,24430,2022,28150,3720,15.2,950
53,Washington,39-5092,Manicurists and Pedicurists,2012,4150,2022,5240,1090,26.2,150
53,Washington,49-9095,Manufactured Building and Mobile Home Installers,2012,220,2022,270,50,23.4,10
53,Washington,17-2121,Marine Engineers and Naval Architects,2012,590,2022,690,100,16,30
53,Washington,13-1161,Market Research Analysts and Marketing Specialists,2012,14390,2022,17960,3570,24.8,580
53,Washington,Nov-21,Marketing Managers,2012,4570,2022,5750,1180,26,230
53,Washington,21-1013,Marriage and Family Therapists,2012,560,2022,730,170,31.5,30
53,Washington,31-9011,Massage Therapists,2012,9230,2022,13640,4410,47.8,560
53,Washington,53-7199,Material Moving Workers  All Other,2012,1000,2022,1200,200,19.7,50
53,Washington,17-2131,Materials Engineers,2012,1150,2022,1160,10,0.7,40
53,Washington,19-2032,Materials Scientists,2012,360,2022,380,20,5.6,10
53,Washington,15-2099,Mathematical Science Occupations  All Other,2012,40,2022,50,10,35,0
53,Washington,25-1022,Mathematical Science Teachers  Postsecondary,2012,810,2022,960,150,18.4,30
53,Washington,15-2091,Mathematical Technicians,2012,20,2022,30,10,16.7,0
53,Washington,15-2021,Mathematicians,2012,140,2022,140,0,2.2,0
53,Washington,51-3022,Meat  Poultry  and Fish Cutters and Trimmers,2012,3780,2022,4160,380,10.2,140
53,Washington,49-9011,Mechanical Door Repairers,2012,580,2022,840,260,45.3,50
53,Washington,17-3013,Mechanical Drafters,2012,3060,2022,3190,130,4.2,60
53,Washington,17-3027,Mechanical Engineering Technicians,2012,970,2022,1090,120,12.4,30
53,Washington,17-2141,Mechanical Engineers,2012,6150,2022,6990,840,13.7,310
53,Washington,27-4099,Media and Communication Equipment Workers  All Other,2012,140,2022,150,10,4.9,0
53,Washington,27-3099,Media and Communication Workers  All Other,2012,600,2022,700,100,17.1,20
53,Washington,29-2012,Medical and Clinical Laboratory Technicians,2012,2880,2022,3500,620,21.6,150
53,Washington,29-2011,Medical and Clinical Laboratory Technologists,2012,4090,2022,4920,830,20.2,200
53,Washington,Nov-11,Medical and Health Services Managers,2012,7870,2022,9480,1610,20.5,370
53,Washington,51-9082,Medical Appliance Technicians,2012,230,2022,260,30,13,10
53,Washington,31-9092,Medical Assistants,2012,14290,2022,17750,3460,24.2,650
53,Washington,31-9093,Medical Equipment Preparers,2012,1680,2022,2000,320,18.8,70
53,Washington,49-9062,Medical Equipment Repairers,2012,1510,2022,1900,390,26.1,90
53,Washington,29-2071,Medical Records and Health Information Technicians,2012,5000,2022,6010,1010,20.3,250
53,Washington,19-1042,Medical Scientists  Except Epidemiologists,2012,4420,2022,5200,780,17.8,180
53,Washington,43-6013,Medical Secretaries,2012,11850,2022,15160,3310,27.9,490
53,Washington,31-9094,Medical Transcriptionists,2012,2210,2022,2550,340,15.4,80
53,Washington,13-1121,Meeting  Convention  and Event Planners,2012,2470,2022,3370,900,36.2,130
53,Washington,21-1023,Mental Health and Substance Abuse Social Workers,2012,1900,2022,2140,240,12.7,70
53,Washington,21-1014,Mental Health Counselors,2012,3090,2022,3580,490,15.7,120
53,Washington,27-1026,Merchandise Displayers and Window Trimmers,2012,3150,2022,3720,570,18.1,150
53,Washington,51-4199,Metal Workers and Plastic Workers  All Other,2012,1040,2022,1240,200,19.4,30
53,Washington,51-4051,Metal-Refining Furnace Operators and Tenders,2012,830,2022,860,30,3.6,10
53,Washington,43-5041,Meter Readers  Utilities,2012,440,2022,400,-40,-10.4,10
53,Washington,19-1022,Microbiologists,2012,670,2022,780,110,15.5,30
53,Washington,25-2022,Middle School Teachers  Except Special and Career/Technical Education,2012,10820,2022,12820,2000,18.4,460
53,Washington,51-4035,Milling and Planing Machine Setters  Operators  and Tenders  Metal and Plastic,2012,500,2022,560,60,12.3,20
53,Washington,49-9044,Millwrights,2012,1510,2022,1800,290,19.3,60
53,Washington,47-5042,Mine Cutting and Channeling Machine Operators,2012,100,2022,90,-10,-1.1,0
53,Washington,17-2151,Mining and Geological Engineers  Including Mining Safety Engineers,2012,120,2022,140,20,18.2,10
53,Washington,51-9023,Mixing and Blending Machine Setters  Operators  and Tenders,2012,1310,2022,1500,190,14.2,60
53,Washington,49-3042,Mobile Heavy Equipment Mechanics  Except Engines,2012,2860,2022,3340,480,16.7,140
53,Washington,51-4061,Model Makers  Metal and Plastic,2012,110,2022,120,10,8.5,0
53,Washington,51-7031,Model Makers  Wood,2012,30,2022,30,0,8,0
53,Washington,41-9012,Models,2012,40,2022,50,10,21.1,0
53,Washington,51-9195,Molders  Shapers  and Casters  Except Metal and Plastic,2012,1700,2022,2140,440,26.1,110
53,Washington,51-4072,Molding  Coremaking  and Casting Machine Setters  Operators  and Tenders  Metal and Plastic,2012,1780,2022,2010,230,13.1,50
53,Washington,39-4031,Morticians  Undertakers  and Funeral Directors,2012,390,2022,410,20,5.7,10
53,Washington,39-3021,Motion Picture Projectionists,2012,150,2022,150,0,0.7,10
53,Washington,53-3099,Motor Vehicle Operators  All Other,2012,820,2022,990,170,20.8,40
53,Washington,49-3051,Motorboat Mechanics and Service Technicians,2012,680,2022,770,90,13.3,30
53,Washington,53-5022,Motorboat Operators,2012,50,2022,50,0,-1.9,0
53,Washington,49-3052,Motorcycle Mechanics,2012,360,2022,440,80,22.7,20
53,Washington,27-1014,Multimedia Artists and Animators,2012,6010,2022,8050,2040,33.9,370
53,Washington,51-4081,Multiple Machine Tool Setters  Operators  and Tenders  Metal and Plastic,2012,700,2022,830,130,18,30
53,Washington,25-4013,Museum Technicians and Conservators,2012,210,2022,250,40,15.4,10
53,Washington,27-2041,Music Directors and Composers,2012,850,2022,920,70,8,30
53,Washington,49-9063,Musical Instrument Repairers and Tuners,2012,210,2022,240,30,12.9,10
53,Washington,27-2042,Musicians and Singers,2012,2260,2022,2540,280,12.3,90
53,Washington,Nov-21,Natural Sciences Managers,2012,1870,2022,2120,250,13.8,70
53,Washington,15-1142,Network and Computer Systems Administrators,2012,8760,2022,10570,1810,20.7,330
53,Washington,43-4141,New Accounts Clerks,2012,1370,2022,1430,60,4.6,40
53,Washington,39-2021,Nonfarm Animal Caretakers,2012,5420,2022,6390,970,17.8,170
53,Washington,17-2161,Nuclear Engineers,2012,1060,2022,1100,40,3.7,30
53,Washington,29-2033,Nuclear Medicine Technologists,2012,440,2022,540,100,21.3,20
53,Washington,51-8011,Nuclear Power Reactor Operators,2012,40,2022,40,0,5.3,0
53,Washington,19-4051,Nuclear Technicians,2012,280,2022,350,70,25.6,20
53,Washington,29-1151,Nurse Anesthetists,2012,400,2022,480,80,19.8,20
53,Washington,29-1161,Nurse Midwives,2012,110,2022,140,30,26.5,10
53,Washington,29-1171,Nurse Practitioners,2012,2550,2022,3070,520,20.4,110
53,Washington,31-1014,Nursing Assistants,2012,26990,2022,31650,4660,17.3,1020
53,Washington,25-1072,Nursing Instructors and Teachers  Postsecondary,2012,1230,2022,1800,570,46,80
53,Washington,29-1064,Obstetricians and Gynecologists,2012,630,2022,770,140,22.2,30
53,Washington,29-9011,Occupational Health and Safety Specialists,2012,2500,2022,2830,330,13.3,110
53,Washington,29-9012,Occupational Health and Safety Technicians,2012,340,2022,390,50,12.2,20
53,Washington,29-1122,Occupational Therapists,2012,2540,2022,3220,680,27.1,110
53,Washington,31-2012,Occupational Therapy Aides,2012,100,2022,120,20,25.3,10
53,Washington,31-2011,Occupational Therapy Assistants,2012,390,2022,490,100,27,20
53,Washington,43-9199,Office and Administrative Support Workers  All Other,2012,8330,2022,10020,1690,20.3,430
53,Washington,43-9061,Office Clerks  General,2012,46010,2022,52920,6910,15,1730
53,Washington,43-9071,Office Machine Operators  Except Computer,2012,1090,2022,1120,30,3.1,30
53,Washington,47-2073,Operating Engineers and Other Construction Equipment Operators,2012,7050,2022,9080,2030,28.9,390
53,Washington,15-2031,Operations Research Analysts,2012,2060,2022,2250,190,9.1,70
53,Washington,51-9083,Ophthalmic Laboratory Technicians,2012,820,2022,930,110,13.3,40
53,Washington,29-2057,Ophthalmic Medical Technicians,2012,810,2022,1020,210,25.2,30
53,Washington,29-2081,Opticians  Dispensing,2012,1460,2022,1810,350,23.8,80
53,Washington,29-1041,Optometrists,2012,600,2022,760,160,26.6,40
53,Washington,29-1022,Oral and Maxillofacial Surgeons,2012,250,2022,310,60,23.2,10
53,Washington,43-4151,Order Clerks,2012,5700,2022,6660,960,16.9,260
53,Washington,31-1015,Orderlies,2012,450,2022,540,90,20.4,20
53,Washington,29-1023,Orthodontists,2012,140,2022,180,40,23.1,10
53,Washington,29-2091,Orthotists and Prosthetists,2012,140,2022,170,30,26.1,10
53,Washington,49-3053,Outdoor Power Equipment and Other Small Engine Mechanics,2012,480,2022,550,70,14.9,20
53,Washington,51-9111,Packaging and Filling Machine Operators and Tenders,2012,6380,2022,7100,720,11.2,230
53,Washington,53-7064,Packers and Packagers  Hand,2012,19170,2022,21150,1980,10.4,730
53,Washington,47-2141,Painters  Construction and Maintenance,2012,14480,2022,19290,4810,33.2,740
53,Washington,51-9122,Painters  Transportation Equipment,2012,2170,2022,2220,50,2.2,50
53,Washington,51-9123,Painting  Coating  and Decorating Workers,2012,260,2022,320,60,21.6,10
53,Washington,51-9196,Paper Goods Machine Setters  Operators  and Tenders,2012,1780,2022,1640,-140,-7.8,0
53,Washington,47-2142,Paperhangers,2012,50,2022,60,10,25,0
53,Washington,23-2011,Paralegals and Legal Assistants,2012,5960,2022,7900,1940,32.6,310
53,Washington,33-3041,Parking Enforcement Workers,2012,210,2022,210,0,-0.5,10
53,Washington,53-6021,Parking Lot Attendants,2012,3340,2022,3640,300,9,200
53,Washington,41-2022,Parts Salespersons,2012,5630,2022,6620,990,17.6,260
53,Washington,51-4062,Patternmakers  Metal and Plastic,2012,110,2022,150,40,39.1,10
53,Washington,47-2071,Paving  Surfacing  and Tamping Equipment Operators,2012,630,2022,830,200,32.1,30
53,Washington,43-3051,Payroll and Timekeeping Clerks,2012,4000,2022,4810,810,20.4,180
53,Washington,29-1065,Pediatricians  General,2012,420,2022,520,100,22,20
53,Washington,39-9021,Personal Care Aides,2012,29960,2022,37370,7410,24.7,980
53,Washington,39-9099,Personal Care and Service Workers  All Other,2012,2020,2022,2390,370,18,100
53,Washington,13-2052,Personal Financial Advisors,2012,5480,2022,6680,1200,21.9,220
53,Washington,37-2021,Pest Control Workers,2012,700,2022,940,240,33.9,50
53,Washington,37-3012,Pesticide Handlers  Sprayers  and Applicators  Vegetation,2012,1390,2022,1690,300,21.3,70
53,Washington,17-2171,Petroleum Engineers,2012,200,2022,230,30,15.7,10
53,Washington,51-8093,Petroleum Pump System Operators  Refinery Operators  and Gaugers,2012,1090,2022,1250,160,15.1,60
53,Washington,29-1051,Pharmacists,2012,5760,2022,6770,1010,17.7,250
53,Washington,31-9095,Pharmacy Aides,2012,1030,2022,1160,130,12.9,30
53,Washington,29-2052,Pharmacy Technicians,2012,7120,2022,8500,1380,19.3,220
53,Washington,25-1126,Philosophy and Religion Teachers  Postsecondary,2012,650,2022,840,190,29.5,30
53,Washington,31-9097,Phlebotomists,2012,1830,2022,2230,400,21.9,80
53,Washington,27-4021,Photographers,2012,3980,2022,4710,730,18.3,120
53,Washington,51-9151,Photographic Process Workers and Processing Machine Operators,2012,880,2022,960,80,9.8,40
53,Washington,19-2099,Physical Scientists  All Other,2012,480,2022,520,40,7.9,10
53,Washington,31-2022,Physical Therapist Aides,2012,800,2022,1000,200,25.5,40
53,Washington,31-2021,Physical Therapist Assistants,2012,1260,2022,1650,390,30.9,70
53,Washington,29-1123,Physical Therapists,2012,4680,2022,5940,1260,26.9,260
53,Washington,29-1071,Physician Assistants,2012,2060,2022,2530,470,22.9,90
53,Washington,29-1069,Physicians and Surgeons  All Other,2012,4890,2022,5770,880,17.9,220
53,Washington,19-2012,Physicists,2012,770,2022,950,180,22.2,40
53,Washington,25-1054,Physics Teachers  Postsecondary,2012,370,2022,460,90,23.3,20
53,Washington,47-2072,Pile-Driver Operators,2012,210,2022,290,80,40.2,10
53,Washington,47-2151,Pipelayers,2012,1750,2022,2090,340,19.2,60
53,Washington,51-8099,Plant and System Operators  All Other,2012,480,2022,550,70,14.4,30
53,Washington,47-2161,Plasterers and Stucco Masons,2012,360,2022,460,100,27.5,10
53,Washington,51-4193,Plating and Coating Machine Setters  Operators  and Tenders  Metal and Plastic,2012,440,2022,550,110,25.9,20
53,Washington,47-2152,Plumbers  Pipefitters  and Steamfitters,2012,9200,2022,12060,2860,31,420
53,Washington,29-1081,Podiatrists,2012,160,2022,210,50,25.6,10
53,Washington,33-3051,Police and Sheriff's Patrol Officers,2012,8390,2022,8670,280,3.4,300
53,Washington,43-5031,Police  Fire  and Ambulance Dispatchers,2012,2190,2022,2380,190,8.8,90
53,Washington,25-1065,Political Science Teachers  Postsecondary,2012,440,2022,520,80,18.7,20
53,Washington,19-3094,Political Scientists,2012,140,2022,170,30,16,10
53,Washington,43-5051,Postal Service Clerks,2012,1440,2022,1340,-100,-6.5,10
53,Washington,43-5052,Postal Service Mail Carriers,2012,6110,2022,5720,-390,-6.4,160
53,Washington,43-5053,Postal Service Mail Sorters  Processors  and Processing Machine Operators,2012,2370,2022,2210,-160,-6.4,10
53,Washington,Nov-31,Postmasters and Mail Superintendents,2012,340,2022,310,-30,-6.6,10
53,Washington,25-1199,Postsecondary Teachers  All Other,2012,1000,2022,1190,190,18.5,40
53,Washington,51-4052,Pourers and Casters  Metal,2012,120,2022,120,0,-2.5,0
53,Washington,51-8012,Power Distributors and Dispatchers,2012,380,2022,390,10,1.6,10
53,Washington,51-8013,Power Plant Operators,2012,350,2022,370,20,5.2,10
53,Washington,49-9069,Precision Instrument and Equipment Repairers  All Other,2012,270,2022,280,10,4.8,10
53,Washington,51-5111,Prepress Technicians and Workers,2012,630,2022,570,-60,-9,10
53,Washington,25-2011,Preschool Teachers  Except Special Education,2012,7810,2022,9330,1520,19.4,390
53,Washington,51-6021,Pressers  Textile  Garment  and Related Materials,2012,1050,2022,1060,10,1.4,10
53,Washington,51-5113,Print Binding and Finishing Workers,2012,610,2022,510,-100,-15.5,0
53,Washington,51-5112,Printing Press Operators,2012,2720,2022,2500,-220,-8,30
53,Washington,33-9021,Private Detectives and Investigators,2012,490,2022,580,90,19.5,30
53,Washington,21-1092,Probation Officers and Correctional Treatment Specialists,2012,2150,2022,2170,20,0.9,60
53,Washington,43-3061,Procurement Clerks,2012,1290,2022,1410,120,9.5,60
53,Washington,27-2012,Producers and Directors,2012,2010,2022,2510,500,24.7,130
53,Washington,51-9199,Production Workers  All Other,2012,4970,2022,6020,1050,21.2,250
53,Washington,43-5061,Production  Planning  and Expediting Clerks,2012,5590,2022,6560,970,17.4,250
53,Washington,43-9081,Proofreaders and Copy Markers,2012,300,2022,260,-40,-11.7,0
53,Washington,Nov-41,Property  Real Estate  and Community Association Managers,2012,8910,2022,10420,1510,17,370
53,Washington,33-9099,Protective Service Workers  All Other,2012,3010,2022,3440,430,14.4,260
53,Washington,31-1013,Psychiatric Aides,2012,420,2022,510,90,21.9,20
53,Washington,29-2053,Psychiatric Technicians,2012,480,2022,570,90,20.4,20
53,Washington,29-1066,Psychiatrists,2012,370,2022,430,60,17.1,20
53,Washington,19-3039,Psychologists  All Other,2012,560,2022,600,40,7.4,20
53,Washington,25-1066,Psychology Teachers  Postsecondary,2012,930,2022,1140,210,23.5,40
53,Washington,27-3012,Public Address System and Other Announcers,2012,180,2022,210,30,15.6,10
53,Washington,Nov-31,Public Relations and Fundraising Managers,2012,2410,2022,2800,390,16.3,100
53,Washington,27-3031,Public Relations Specialists,2012,5600,2022,6400,800,14.2,160
53,Washington,53-7072,Pump Operators  Except Wellhead Pumpers,2012,90,2022,110,20,31.8,10
53,Washington,13-1023,Purchasing Agents  Except Wholesale  Retail  and Farm Products,2012,9970,2022,10850,880,8.9,280
53,Washington,Nov-61,Purchasing Managers,2012,1850,2022,2100,250,13.8,70
53,Washington,29-1124,Radiation Therapists,2012,260,2022,310,50,20.8,10
53,Washington,27-3011,Radio and Television Announcers,2012,930,2022,1100,170,18,40
53,Washington,49-2021,Radio  Cellular  and Tower Equipment Installers and Repairs,2012,630,2022,710,80,11.8,20
53,Washington,29-2034,Radiologic Technologists,2012,3980,2022,4820,840,21.2,150
53,Washington,49-3043,Rail Car Repairers,2012,470,2022,570,100,20.6,30
53,Washington,53-4099,Rail Transportation Workers  All Other,2012,80,2022,80,0,9.3,0
53,Washington,53-4013,Rail Yard Engineers  Dinkey Operators  and Hostlers,2012,10,2022,10,0,16.7,0
53,Washington,53-4021,Railroad Brake  Signal  and Switch Operators,2012,220,2022,250,30,17.7,10
53,Washington,53-4031,Railroad Conductors and Yardmasters,2012,1310,2022,1560,250,18.5,70
53,Washington,47-4061,Rail-Track Laying and Maintenance Equipment Operators,2012,210,2022,250,40,21.2,10
53,Washington,41-9021,Real Estate Brokers,2012,2040,2022,2250,210,10.3,40
53,Washington,41-9022,Real Estate Sales Agents,2012,10200,2022,11600,1400,13.8,240
53,Washington,43-4171,Receptionists and Information Clerks,2012,21100,2022,25080,3980,18.9,1020
53,Washington,25-1193,Recreation and Fitness Studies Teachers  Postsecondary,2012,540,2022,650,110,21.3,20
53,Washington,39-9032,Recreation Workers,2012,6420,2022,7100,680,10.6,150
53,Washington,29-1125,Recreational Therapists,2012,390,2022,450,60,15.3,20
53,Washington,49-3092,Recreational Vehicle Service Technicians,2012,400,2022,480,80,20.9,20
53,Washington,49-9045,Refractory Materials Repairers  Except Brickmasons,2012,80,2022,90,10,4.8,0
53,Washington,53-7081,Refuse and Recyclable Material Collectors,2012,2120,2022,2640,520,24.7,100
53,Washington,29-1141,Registered Nurses,2012,54550,2022,65210,10660,19.6,2230
53,Washington,21-1015,Rehabilitation Counselors,2012,8090,2022,9080,990,12.2,280
53,Washington,47-2171,Reinforcing Iron and Rebar Workers,2012,940,2022,1320,380,40.5,60
53,Washington,21-2099,Religious Workers  All Other,2012,1780,2022,1850,70,3.8,50
53,Washington,27-3022,Reporters and Correspondents,2012,1000,2022,910,-90,-8.5,20
53,Washington,43-4181,Reservation and Transportation Ticket Agents and Travel Clerks,2012,1130,2022,1150,20,1.8,20
53,Washington,39-9041,Residential Advisors,2012,560,2022,690,130,23.3,40
53,Washington,29-1126,Respiratory Therapists,2012,1840,2022,2230,390,21,70
53,Washington,29-2054,Respiratory Therapy Technicians,2012,200,2022,240,40,19.1,10
53,Washington,41-2031,Retail Salespersons,2012,104060,2022,118020,13960,13.4,5180
53,Washington,49-9096,Riggers,2012,530,2022,560,30,4.7,20
53,Washington,47-5051,Rock Splitters  Quarry,2012,90,2022,90,0,3.4,0
53,Washington,51-4023,Rolling Machine Setters  Operators  and Tenders  Metal and Plastic,2012,460,2022,540,80,18.1,20
53,Washington,47-2181,Roofers,2012,5000,2022,7000,2000,39.9,330
53,Washington,47-5012,Rotary Drill Operators  Oil and Gas,2012,30,2022,30,0,13.3,0
53,Washington,47-5071,Roustabouts  Oil and Gas,2012,30,2022,30,0,0,0
53,Washington,53-5011,Sailors and Marine Oilers,2012,2200,2022,2510,310,14.2,140
53,Washington,41-9099,Sales and Related Workers  All Other,2012,3210,2022,3780,570,17.7,130
53,Washington,41-9031,Sales Engineers,2012,1370,2022,1740,370,26.6,60
53,Washington,Nov-22,Sales Managers,2012,8830,2022,10550,1720,19.5,380
53,Washington,41-3099,Sales Representatives  Services  All Other,2012,15270,2022,19300,4030,26.4,880
53,Washington,41-4012,Sales Representatives  Wholesale and Manufacturing  Except Technical and Scientific Products,2012,36940,2022,43890,6950,18.8,1490
53,Washington,41-4011,Sales Representatives  Wholesale and Manufacturing  Technical and Scientific Products,2012,6270,2022,7380,1110,17.6,240
53,Washington,51-7041,Sawing Machine Setters  Operators  and Tenders  Wood,2012,1910,2022,2340,430,22.9,100
53,Washington,25-2031,Secondary School Teachers  Except Special and Career/Technical Education,2012,13750,2022,15690,1940,14.1,590
53,Washington,43-6014,Secretaries and Administrative Assistants  Except Legal  Medical  and Executive,2012,42100,2022,50210,8110,19.3,1370
53,Washington,41-3031,Securities  Commodities  and Financial Services Sales Agents,2012,6110,2022,6620,510,8.3,200
53,Washington,49-2098,Security and Fire Alarm Systems Installers,2012,1290,2022,1750,460,35.9,80
53,Washington,33-9032,Security Guards,2012,17430,2022,21490,4060,23.3,700
53,Washington,47-4091,Segmental Pavers,2012,170,2022,230,60,37.9,10
53,Washington,25-3021,Self-Enrichment Education Teachers,2012,8610,2022,10900,2290,26.5,390
53,Washington,51-9141,Semiconductor Processors,2012,1070,2022,1050,-20,-2,20
53,Washington,51-9012,Separating  Filtering  Clarifying  Precipitating  and Still Machine Setters  Operators  and Tenders,2012,1330,2022,1470,140,10.7,60
53,Washington,47-4071,Septic Tank Servicers and Sewer Pipe Cleaners,2012,820,2022,990,170,20.8,40
53,Washington,27-1027,Set and Exhibit Designers,2012,70,2022,80,10,18.8,0
53,Washington,51-6051,Sewers  Hand,2012,100,2022,110,10,12,0
53,Washington,51-6031,Sewing Machine Operators,2012,2750,2022,3000,250,9.4,40
53,Washington,39-5093,Shampooers,2012,100,2022,120,20,21.6,0
53,Washington,47-2211,Sheet Metal Workers,2012,3570,2022,4660,1090,30.4,190
53,Washington,53-5031,Ship Engineers,2012,740,2022,850,110,16.1,50
53,Washington,43-5071,Shipping  Receiving  and Traffic Clerks,2012,13730,2022,15030,1300,9.5,510
53,Washington,51-6041,Shoe and Leather Workers and Repairers,2012,270,2022,290,20,8.2,10
53,Washington,51-6042,Shoe Machine Operators and Tenders,2012,20,2022,20,0,23.5,0
53,Washington,49-9097,Signal and Track Switch Repairers,2012,200,2022,230,30,15.3,10
53,Washington,39-5094,Skincare Specialists,2012,1380,2022,1740,360,26.5,50
53,Washington,51-3023,Slaughterers and Meat Packers,2012,940,2022,1000,60,6.4,30
53,Washington,39-1012,Slot Supervisors,2012,180,2022,180,0,3.4,10
53,Washington,Nov-51,Social and Community Service Managers,2012,3930,2022,4680,750,19.1,160
53,Washington,21-1093,Social and Human Service Assistants,2012,10430,2022,12960,2530,24.3,560
53,Washington,19-4061,Social Science Research Assistants,2012,360,2022,410,50,16.3,20
53,Washington,25-1069,Social Sciences Teachers  Postsecondary  All Other,2012,90,2022,110,20,18.3,0
53,Washington,19-3099,Social Scientists and Related Workers  All Other,2012,810,2022,880,70,8.1,20
53,Washington,25-1113,Social Work Teachers  Postsecondary,2012,190,2022,230,40,22.1,10
53,Washington,21-1029,Social Workers  All Other,2012,1310,2022,1510,200,15.3,50
53,Washington,19-3041,Sociologists,2012,140,2022,160,20,16.8,10
53,Washington,25-1067,Sociology Teachers  Postsecondary,2012,320,2022,380,60,18.5,10
53,Washington,15-1132,Software Developers  Applications,2012,53200,2022,67380,14180,26.7,2200
53,Washington,15-1133,Software Developers  Systems Software,2012,8670,2022,10420,1750,20.2,300
53,Washington,19-1013,Soil and Plant Scientists,2012,420,2022,480,60,13.8,20
53,Washington,27-4014,Sound Engineering Technicians,2012,250,2022,290,40,15.1,10
53,Washington,25-2059,Special Education Teachers  All Other,2012,130,2022,150,20,16.8,0
53,Washington,25-2052,Special Education Teachers  Kindergarten and Elementary School,2012,3320,2022,3940,620,18.6,120
53,Washington,25-2053,Special Education Teachers  Middle School,2012,1290,2022,1530,240,18.4,50
53,Washington,25-2051,Special Education Teachers  Preschool,2012,580,2022,670,90,15.7,20
53,Washington,25-2054,Special Education Teachers  Secondary School,2012,2020,2022,2390,370,18.2,70
53,Washington,29-1127,Speech-Language Pathologists,2012,2790,2022,3430,640,22.7,110
53,Washington,51-8021,Stationary Engineers and Boiler Operators,2012,740,2022,810,70,9.6,30
53,Washington,43-9111,Statistical Assistants,2012,770,2022,940,170,21.7,40
53,Washington,15-2041,Statisticians,2012,1000,2022,1230,230,22.8,60
53,Washington,43-5081,Stock Clerks and Order Fillers,2012,35650,2022,40580,4930,13.8,1640
53,Washington,47-2022,Stonemasons,2012,190,2022,260,70,38.4,10
53,Washington,47-2221,Structural Iron and Steel Workers,2012,1410,2022,1940,530,37.2,110
53,Washington,51-2041,Structural Metal Fabricators and Fitters,2012,1350,2022,1720,370,27.2,100
53,Washington,21-1011,Substance Abuse and Behavioral Disorder Counselors,2012,2660,2022,3330,670,24.8,130
53,Washington,53-4041,Subway and Streetcar Operators,2012,70,2022,70,0,4.3,0
53,Washington,29-1067,Surgeons,2012,1050,2022,1280,230,22,50
53,Washington,29-2055,Surgical Technologists,2012,2290,2022,2790,500,22.1,80
53,Washington,19-3022,Survey Researchers,2012,120,2022,160,40,30.9,10
53,Washington,17-3031,Surveying and Mapping Technicians,2012,1370,2022,1680,310,22.3,60
53,Washington,17-1022,Surveyors,2012,850,2022,980,130,15.2,30
53,Washington,43-2011,Switchboard Operators  Including Answering Service,2012,1700,2022,1760,60,3.7,40
53,Washington,51-6052,Tailors  Dressmakers  and Custom Sewers,2012,1820,2022,2030,210,11.1,40
53,Washington,53-7121,Tank Car  Truck  and Ship Loaders,2012,380,2022,440,60,14.9,20
53,Washington,47-2082,Tapers,2012,1870,2022,2540,670,35.5,90
53,Washington,13-2081,Tax Examiners and Collectors  and Revenue Agents,2012,1290,2022,1310,20,1.6,50
53,Washington,13-2082,Tax Preparers,2012,2000,2022,2550,550,27.4,100
53,Washington,53-3041,Taxi Drivers and Chauffeurs,2012,5750,2022,6690,940,16.4,170
53,Washington,25-9041,Teacher Assistants,2012,36150,2022,42870,6720,18.6,1560
53,Washington,25-3099,Teachers and Instructors  All Other,2012,25150,2022,29700,4550,18.1,920
53,Washington,51-2092,Team Assemblers,2012,7760,2022,9010,1250,16,260
53,Washington,27-3042,Technical Writers,2012,1280,2022,1580,300,24.1,80
53,Washington,49-2022,Telecommunications Equipment Installers and Repairers  Except Line Installers,2012,4600,2022,5550,950,20.7,160
53,Washington,49-9052,Telecommunications Line Installers and Repairers,2012,1270,2022,1740,470,37.6,90
53,Washington,41-9041,Telemarketers,2012,5440,2022,6600,1160,21.3,240
53,Washington,43-2021,Telephone Operators,2012,60,2022,80,20,21,0
53,Washington,43-3071,Tellers,2012,10410,2022,10850,440,4.2,540
53,Washington,47-2053,Terrazzo Workers and Finishers,2012,20,2022,30,10,40,0
53,Washington,51-6061,Textile Bleaching and Dyeing Machine Operators and Tenders,2012,20,2022,20,0,-6.3,0
53,Washington,51-6062,Textile Cutting Machine Setters  Operators  and Tenders,2012,100,2022,120,20,12.5,0
53,Washington,51-6063,Textile Knitting and Weaving Machine Setters  Operators  and Tenders,2012,210,2022,250,40,20,10
53,Washington,51-6064,Textile Winding  Twisting  and Drawing Out Machine Setters  Operators  and Tenders,2012,170,2022,200,30,16.1,10
53,Washington,51-6099,Textile  Apparel  and Furnishings Workers  All Other,2012,370,2022,400,30,10.7,10
53,Washington,29-1129,Therapists  All Other,2012,210,2022,270,60,27.4,10
53,Washington,47-2044,Tile and Marble Setters,2012,1520,2022,2110,590,39.1,90
53,Washington,49-3093,Tire Repairers and Changers,2012,2970,2022,3450,480,16,160
53,Washington,23-2093,Title Examiners  Abstractors  and Searchers,2012,1970,2022,2290,320,16,70
53,Washington,51-4111,Tool and Die Makers,2012,1580,2022,1630,50,3.3,20
53,Washington,51-4194,Tool Grinders  Filers  and Sharpeners,2012,430,2022,500,70,14.3,20
53,Washington,00-0000,Total  All Occupations,2012,3347210,2022,3925430,578220,17.3,141600
53,Washington,39-7011,Tour Guides and Escorts,2012,440,2022,530,90,18.8,30
53,Washington,53-6041,Traffic Technicians,2012,130,2022,130,0,3.9,10
53,Washington,Nov-31,Training and Development Managers,2012,610,2022,730,120,18.8,30
53,Washington,13-1151,Training and Development Specialists,2012,3900,2022,4430,530,13.7,130
53,Washington,33-3052,Transit and Railroad Police,2012,60,2022,70,10,6.3,0
53,Washington,53-6061,Transportation Attendants  Except Flight Attendants,2012,940,2022,1000,60,7,20
53,Washington,53-6051,Transportation Inspectors,2012,1000,2022,1050,50,4.7,40
53,Washington,33-9093,Transportation Security Screeners,2012,1140,2022,1140,0,-0.3,30
53,Washington,53-6099,Transportation Workers  All Other,2012,750,2022,880,130,17.8,50
53,Washington,Nov-71,Transportation  Storage  and Distribution Managers,2012,3060,2022,3460,400,13.3,120
53,Washington,41-3041,Travel Agents,2012,1630,2022,2010,380,23.2,70
53,Washington,39-7012,Travel Guides,2012,270,2022,320,50,21.3,20
53,Washington,37-3013,Tree Trimmers and Pruners,2012,920,2022,1160,240,26.7,50
53,Washington,27-2023,Umpires  Referees  and Other Sports Officials,2012,660,2022,760,100,15.7,30
53,Washington,51-6093,Upholsterers,2012,690,2022,700,10,2.6,20
53,Washington,19-3051,Urban and Regional Planners,2012,2560,2022,2780,220,8.4,140
53,Washington,39-3031,Ushers  Lobby Attendants  and Ticket Takers,2012,2940,2022,3540,600,20.7,230
53,Washington,29-1131,Veterinarians,2012,1980,2022,2410,430,21.5,110
53,Washington,31-9096,Veterinary Assistants and Laboratory Animal Caretakers,2012,1940,2022,2360,420,21.7,80
53,Washington,29-2056,Veterinary Technologists and Technicians,2012,1780,2022,2270,490,27.5,70
53,Washington,25-1194,Vocational Education Teachers  Postsecondary,2012,5380,2022,6380,1000,18.6,190
53,Washington,35-3031,Waiters and Waitresses,2012,42250,2022,50130,7880,18.7,3010
53,Washington,49-9064,Watch Repairers,2012,20,2022,20,0,13.3,0
53,Washington,51-8031,Water and Wastewater Treatment Plant and System Operators,2012,2010,2022,2150,140,6.7,90
53,Washington,15-1134,Web Developers,2012,7850,2022,10110,2260,28.8,370
53,Washington,43-5111,Weighers  Measurers  Checkers  and Samplers  Recordkeeping,2012,950,2022,1090,140,14.2,40
53,Washington,51-4121,Welders  Cutters  Solderers  and Brazers,2012,6970,2022,8330,1360,19.4,330
53,Washington,51-4122,Welding  Soldering  and Brazing Machine Setters  Operators  and Tenders,2012,570,2022,800,230,39.1,40
53,Washington,13-1022,Wholesale and Retail Buyers  Except Farm Products,2012,4770,2022,5760,990,20.9,230
53,Washington,49-9081,Wind Turbine Service Technicians,2012,60,2022,60,0,6.7,0
53,Washington,51-7099,Woodworkers  All Other,2012,470,2022,550,80,18,30
53,Washington,51-7042,Woodworking Machine Setters  Operators  and Tenders  Except Sawing,2012,1730,2022,2010,280,16.2,40
53,Washington,43-9022,Word Processors and Typists,2012,640,2022,580,-60,-8.3,0
53,Washington,27-3043,Writers and Authors,2012,3560,2022,4150,590,16.4,140
53,Washington,19-1023,Zoologists and Wildlife Biologists,2012,1840,2022,2020,180,9.7,70
